Effective_Date,Symbol
2019-09-24,JETAIRWAYS
2019-09-24,TTKPRESTIG
2019-09-24,AAVAS
2019-09-24,ALBK
2019-09-24,CESC
2019-09-24,CORPBANK
2019-09-24,DEEPAKFERT
2019-09-24,FORTIS
2019-09-24,GDL
2019-09-24,IOB
2019-09-24,INDOCO
2019-09-24,INOXWIND
2019-09-24,JPASSOCIAT
2019-09-24,ORIENTBANK
2019-09-24,DCBBANK
2019-09-24,RKFORGE
2019-09-24,RHFL
2019-09-24,RUPA
2019-09-24,SHANKARA
2019-09-24,SHARDACROP
2019-09-24,SCI
2019-09-24,SPTL
2019-09-24,SREINFRA
2019-09-24,TNPL
2019-09-24,TATACOFFEE
2019-09-24,TRITURBINE
2019-09-24,UCOBANK
2019-09-24,VINATIORGA
2019-09-24,CGPOWER
2019-09-24,RCOM
2019-09-24,COFFEEDAY
2019-09-24,LALPATHLAB
2019-09-24,GET&D
2019-09-24,SCHAEFFLER
2019-09-24,SYNDIBANK
2019-09-24,HATHWAY
2019-09-24,SUVEN
2019-09-24,ADANIGREEN
2019-09-24,AKZOINDIA
2019-09-24,CHALET
2019-09-24,CREDITACC
2019-09-24,FLFL
2019-09-24,GAYAPROJ
2019-09-24,IBULISL
2019-09-24,ITDCEM
2019-09-24,JKCEMENT
2019-09-24,JISLJALEQS
2019-09-24,KIRLOSENG
2019-09-24,LAKSHVILAS
2019-09-24,MAGMA
2019-09-24,UNOMINDA
2019-09-24,NETWORK18
2019-09-24,COFORGE
2019-09-24,PARAGMILK
2019-09-24,PCJEWELLER
2019-09-24,SHK
2019-09-24,SHILPAMED
2019-09-24,SUNCLAYLTD
2019-09-24,WABAG
2019-09-24,REPCOHOME
2019-09-24,ASTRAZEN
2019-09-24,MAXINDIA
2019-09-24,ANDHRABANK
2019-09-24,HIMATSEIDE
2019-09-24,COX&KINGS
2019-09-24,ITDC
2019-09-24,INTELLECT
2019-09-24,OMAXE
2019-09-24,ITI
2019-09-24,KPRMILL
2019-09-24,NBVENTURES
2019-09-24,NAVINFLUOR
2019-09-24,SADBHAV
2019-09-24,SFL
2019-09-24,TAKE
2019-09-24,TIMETECHNO
2019-09-24,TIINDIA
2019-09-24,ZYDUSWELL
2019-09-24,ALLCARGO
2019-09-24,INFIBEAM
2019-09-24,RENUKA
2019-09-24,JAGRAN
2019-09-24,CARERATING
2019-09-24,CHENNPETRO
2019-09-24,DBCORP
2019-09-24,DEEPAKNTR
2019-09-24,DIXON
2019-09-24,GMDCLTD
2019-09-24,HERITGFOOD
2019-09-24,ICRA
2019-09-24,KOLTEPATIL
2019-09-24,JAICORPLTD
2019-09-24,J&KBANK
2019-09-24,BOMDYEING
2019-09-24,KTKBANK
2019-09-24,INDOSTAR
2019-09-24,BAJAJCON
2019-09-24,LAURUSLABS
2019-09-24,ORIENTCEM
2019-09-24,PRAJIND
2019-09-24,PGHL
2019-09-24,PTC
2019-09-24,TATAELXSI
2019-09-24,TVTODAY
2019-09-24,VRLLOG
2019-09-24,GHCL
2019-09-24,APLAPOLLO
2019-09-24,BALMLAWRIE
2019-09-24,BLISSGVS
2019-09-24,DCAL
2019-09-24,GULFOILLUB
2019-09-24,HSCL
2019-09-24,HINDCOPPER
2019-09-24,HUHTAMAKI
2019-09-24,KAJARIACER
2019-09-24,LINDEINDIA
2019-09-24,MAHSCOOTER
2019-09-24,MAHSEAMLES
2019-09-24,MASFIN
2019-09-24,RAYMOND
2019-09-24,SHOPERSTOP
2019-09-24,SWANENERGY
2019-09-24,TATAINVEST
2019-09-24,VAIBHAVGBL
2019-09-24,VSTIND
2019-09-24,IFCI
2019-09-24,ASHOKA
2019-09-24,PERSISTENT
2019-09-24,GEPIL
2019-09-24,BIRLACORPN
2019-09-24,SOUTHBANK
2019-09-24,SWANCORP
2019-09-24,HEIDELBERG
2019-09-24,IEX
2019-09-24,JINDALSAW
2019-09-24,JKTYRE
2019-09-24,KSCL
2019-09-24,LEMONTREE
2019-09-24,MINDACORP
2019-09-24,NFL
2019-09-24,NILKAMAL
2019-09-24,STARCEMENT
2019-09-24,TRIDENT
2019-09-24,UJJIVAN
2019-09-24,BEML
2019-09-24,JSLHISAR
2019-09-24,ADVENZYMES
2019-09-24,IRCON
2019-09-24,NESCO
2019-09-24,STAR
2019-09-24,VAKRANGEE
2019-09-24,VENKEYS
2019-09-24,EQUITAS
2019-09-24,PVRINOX
2019-09-24,CAPLIPOINT
2019-09-24,FINEORG
2019-09-24,MOIL
2019-09-24,SIS
2019-09-24,SUDARSCHEM
2019-09-24,THYROCARE
2019-09-24,TIMKEN
2019-09-24,WOCKPHARMA
2019-09-24,BAJAJELEC
2019-09-24,MAHABANK
2019-09-24,IRB
2019-09-24,GREAVESCOT
2019-09-24,BDL
2019-09-24,CARBORUNIV
2019-09-24,IFBIND
2019-09-24,IBREALEST
2019-09-24,JSL
2019-09-24,MAHLOG
2019-09-24,TCNSBRANDS
2019-09-24,UFLEX
2019-09-24,DELTACORP
2019-09-24,EPIGRAL
2019-09-24,GALAXYSURF
2019-09-24,GUJALKALI
2019-09-24,JAMNAAUTO
2019-09-24,KEI
2019-09-24,LAXMIMACH
2019-09-24,LUXIND
2019-09-24,ORIENTELEC
2019-09-24,RAIN
2019-09-24,RALLIS
2019-09-24,SUPRAJIT
2019-09-24,SUZLON
2019-09-24,TEAMLEASE
2019-09-24,VMART
2019-09-24,BSE
2019-09-24,COCHINSHIP
2019-09-24,DCMSHRIRAM
2019-09-24,EPL
2019-09-24,FDC
2019-09-24,BASF
2019-09-24,GRINDWELL
2019-09-24,JKPAPER
2019-09-24,SUNTECK
2019-09-24,IDFC
2019-09-24,TV18BRDCST
2019-09-24,AVANTIFEED
2019-09-24,BLUESTARCO
2019-09-24,CIEINDIA
2019-09-24,GVT&D
2019-09-24,GSFC
2019-09-24,JKLAKSHMI
2019-09-24,VIPIND
2019-09-24,GODFRYPHLP
2019-09-24,GNFC
2019-09-24,GPPL
2019-09-24,KNRCON
2019-09-24,PNCINFRA
2019-09-24,CENTURYPLY
2019-09-24,CERA
2019-09-24,FINPIPE
2019-09-24,JYOTHYLAB
2019-09-24,RADICO
2019-09-24,RCF
2019-09-24,CHAMBLFERT
2019-09-24,ANGELONE
2019-09-24,SONATSOFTW
2019-09-24,JSWDULUX
2019-09-24,CANFINHOME
2019-09-24,GRANULES
2019-09-24,WELCORP
2019-09-24,MHRIL
2019-09-24,EIDPARRY
2019-09-24,ABREL
2019-09-24,FSL
2019-09-24,JUSTDIAL
2019-09-24,NCC
2019-09-24,CEATLTD
2019-09-24,STLTECH
2019-09-24,HFCL
2019-09-24,AEGISLOG
2019-09-24,KPIL
2019-09-24,MMTC
2019-09-24,PCBL
2019-09-24,REDINGTON
2019-09-24,JBCHEPHARM
2019-09-24,COHANCE
2019-09-24,RHIM
2019-09-24,HBLENGINE
2019-09-24,CCL
2019-09-24,SOBHA
2019-09-24,INDIACEM
2019-09-24,KEC
2019-09-24,WELSPUNLIV
2019-09-24,RITES
2019-09-24,ZENSARTECH
2019-09-24,KARURVYSYA
2019-09-24,ELGIEQUIP
2019-09-24,VTL
2019-09-24,NH
2019-09-24,ASTERDM
2019-09-24,CDSL
2019-09-24,GESHIP
2019-09-24,ECLERX
2019-09-24,CYIENT
2019-09-24,BRIGADE
2019-09-24,BALRAMCHIN
2019-09-27,TTKPRESTIG
2019-09-27,ALBK
2019-09-27,CESC
2019-09-27,GDL
2019-09-27,CORPBANK
2019-09-27,DEEPAKFERT
2019-09-27,AAVAS
2019-09-27,SCI
2019-09-27,IOB
2019-09-27,INDOCO
2019-09-27,INOXWIND
2019-09-27,JPASSOCIAT
2019-09-27,DCBBANK
2019-09-27,ORIENTBANK
2019-09-27,RCOM
2019-09-27,RHFL
2019-09-27,SREINFRA
2019-09-27,SHANKARA
2019-09-27,RKFORGE
2019-09-27,SHARDACROP
2019-09-27,SPTL
2019-09-27,TNPL
2019-09-27,TATACOFFEE
2019-09-27,TRITURBINE
2019-09-27,RUPA
2019-09-27,UCOBANK
2019-09-27,CGPOWER
2019-09-27,COFFEEDAY
2019-09-27,COX&KINGS
2019-09-27,ANDHRABANK
2019-09-27,LALPATHLAB
2019-09-27,MAXINDIA
2019-09-27,VINATIORGA
2019-09-27,POLYCAB
2019-09-27,GAYAPROJ
2019-09-27,SYNDIBANK
2019-09-27,CREDITACC
2019-09-27,HATHWAY
2019-09-27,SUVEN
2019-09-27,ADANIGREEN
2019-09-27,AKZOINDIA
2019-09-27,CHALET
2019-09-27,DEN
2019-09-27,DHFL
2019-09-27,FMGOETZE
2019-09-27,FLFL
2019-09-27,IBULISL
2019-09-27,ITDCEM
2019-09-27,KPITTECH
2019-09-27,JKCEMENT
2019-09-27,JISLJALEQS
2019-09-27,SCHAEFFLER
2019-09-27,KIRLOSENG
2019-09-27,ARVINDFASN
2019-09-27,RELINFRA
2019-09-27,UNOMINDA
2019-09-27,NETWORK18
2019-09-27,COFORGE
2019-09-27,PARAGMILK
2019-09-27,PCJEWELLER
2019-09-27,MAGMA
2019-09-27,RELCAPITAL
2019-09-27,LAKSHVILAS
2019-09-27,SHK
2019-09-27,SHILPAMED
2019-09-27,SUNCLAYLTD
2019-09-27,TECHNOE
2019-09-27,WABAG
2019-09-27,RPOWER
2019-09-27,REPCOHOME
2019-09-27,GMDCLTD
2019-09-27,GET&D
2019-09-27,TIINDIA
2019-09-27,TIMETECHNO
2019-09-27,TAKE
2019-09-27,RENUKA
2019-09-27,SFL
2019-09-27,SADBHAV
2019-09-27,ITDC
2019-09-27,NAVINFLUOR
2019-09-27,METROPOLIS
2019-09-27,KPRMILL
2019-09-27,JMFINANCIL
2019-09-27,INTELLECT
2019-09-27,INDOSTAR
2019-09-27,IFCI
2019-09-27,NBVENTURES
2019-09-27,LAURUSLABS
2019-09-27,ALLCARGO
2019-09-27,ZYDUSWELL
2019-09-27,CGCL
2019-09-27,DEEPAKNTR
2019-09-27,DBCORP
2019-09-27,INFIBEAM
2019-09-27,CHENNPETRO
2019-09-27,CARERATING
2019-09-27,KTKBANK
2019-09-27,BOMDYEING
2019-09-27,HIMATSEIDE
2019-09-27,HERITGFOOD
2019-09-27,ICRA
2019-09-27,JAGRAN
2019-09-27,JAICORPLTD
2019-09-27,J&KBANK
2019-09-27,DIXON
2019-09-27,KOLTEPATIL
2019-09-27,VAIBHAVGBL
2019-09-27,OMAXE
2019-09-27,PERSISTENT
2019-09-27,PRAJIND
2019-09-27,PGHL
2019-09-27,PTC
2019-09-27,SOUTHBANK
2019-09-27,TATAELXSI
2019-09-27,TVTODAY
2019-09-27,VRLLOG
2019-09-27,GHCL
2019-09-27,APLAPOLLO
2019-09-27,BALMLAWRIE
2019-09-27,BLISSGVS
2019-09-27,DISHTV
2019-09-27,DCAL
2019-09-27,GEPIL
2019-09-27,ORIENTCEM
2019-09-27,GULFOILLUB
2019-09-27,HINDCOPPER
2019-09-27,RAYMOND
2019-09-27,HUHTAMAKI
2019-09-27,KAJARIACER
2019-09-27,LINDEINDIA
2019-09-27,MAHSCOOTER
2019-09-27,MAHSEAMLES
2019-09-27,MASFIN
2019-09-27,SHOPERSTOP
2019-09-27,HSCL
2019-09-27,SWANENERGY
2019-09-27,TATAINVEST
2019-09-27,VSTIND
2019-09-27,ASHOKA
2019-09-27,BAJAJCON
2019-09-27,ASTRAZEN
2019-09-27,FORTIS
2019-09-27,ITI
2019-09-27,HBLENGINE
2019-09-27,TV18BRDCST
2019-09-27,MINDACORP
2019-09-27,HEIDELBERG
2019-09-27,SUNTECK
2019-09-27,IEX
2019-09-27,JINDALSAW
2019-09-27,JKTYRE
2019-09-27,IRCON
2019-09-27,LEMONTREE
2019-09-27,ADVENZYMES
2019-09-27,NILKAMAL
2019-09-27,STARCEMENT
2019-09-27,TRIDENT
2019-09-27,UJJIVAN
2019-09-27,BEML
2019-09-27,NFL
2019-09-27,JSLHISAR
2019-09-27,NESCO
2019-09-27,MAHABANK
2019-09-27,VAKRANGEE
2019-09-27,VENKEYS
2019-09-27,EQUITAS
2019-09-27,PVRINOX
2019-09-27,CAPLIPOINT
2019-09-27,DBL
2019-09-27,STAR
2019-09-27,FINEORG
2019-09-27,SIS
2019-09-27,SUDARSCHEM
2019-09-27,THYROCARE
2019-09-27,TIMKEN
2019-09-27,WOCKPHARMA
2019-09-27,BAJAJELEC
2019-09-27,MOIL
2019-09-27,BASF
2019-09-27,KSCL
2019-09-27,CARBORUNIV
2019-09-27,LAXMIMACH
2019-09-27,JSL
2019-09-27,RVNL
2019-09-27,TCIEXP
2019-09-27,TCNSBRANDS
2019-09-27,IFBIND
2019-09-27,UFLEX
2019-09-27,MAHLOG
2019-09-27,JAMNAAUTO
2019-09-27,KEI
2019-09-27,EPIGRAL
2019-09-27,IBREALEST
2019-09-27,GUJALKALI
2019-09-27,GALAXYSURF
2019-09-27,GREAVESCOT
2019-09-27,LUXIND
2019-09-27,IRB
2019-09-27,RAIN
2019-09-27,COCHINSHIP
2019-09-27,RALLIS
2019-09-27,SUPRAJIT
2019-09-27,SUZLON
2019-09-27,TEAMLEASE
2019-09-27,VMART
2019-09-27,BSE
2019-09-27,DCMSHRIRAM
2019-09-27,ORIENTELEC
2019-09-27,EPL
2019-09-27,FDC
2019-09-27,JKPAPER
2019-09-27,STLTECH
2019-09-27,GARFIBRES
2019-09-27,MHRIL
2019-09-27,BDL
2019-09-27,IDFC
2019-09-27,DELTACORP
2019-09-27,AVANTIFEED
2019-09-27,RATNAMANI
2019-09-27,BIRLACORPN
2019-09-27,BLUESTARCO
2019-09-27,CIEINDIA
2019-09-27,GVT&D
2019-09-27,GSFC
2019-09-27,CENTURYPLY
2019-09-27,JKLAKSHMI
2019-09-27,PNCINFRA
2019-09-27,VIPIND
2019-09-27,GODFRYPHLP
2019-09-27,GNFC
2019-09-27,GPPL
2019-09-27,JUSTDIAL
2019-09-27,SPARC
2019-09-27,KNRCON
2019-09-27,CERA
2019-09-27,FSL
2019-09-27,RITES
2019-09-27,JYOTHYLAB
2019-09-27,MCX
2019-09-27,RADICO
2019-09-27,CHAMBLFERT
2019-09-27,ANGELONE
2019-09-27,FINPIPE
2019-09-27,SONATSOFTW
2019-09-27,CANFINHOME
2019-09-27,GRANULES
2019-09-27,WELCORP
2019-09-27,EIDPARRY
2019-09-27,ABREL
2019-09-27,SWANCORP
2019-09-27,JSWDULUX
2019-09-27,WELSPUNLIV
2019-09-27,RCF
2019-09-27,CEATLTD
2019-09-27,JBCHEPHARM
2019-09-27,AEGISLOG
2019-09-27,KPIL
2019-09-27,MMTC
2019-09-27,PCBL
2019-09-27,REDINGTON
2019-09-27,HFCL
2019-09-27,NCC
2019-09-27,BRIGADE
2019-09-27,RHIM
2019-09-27,INDIACEM
2019-09-27,KEC
2019-09-27,SOBHA
2019-09-27,BALRAMCHIN
2019-09-27,COHANCE
2019-09-27,CYIENT
2019-09-27,CCL
2019-09-27,GRINDWELL
2019-09-27,GESHIP
2019-09-27,CDSL
2019-09-27,VTL
2019-09-27,ASTERDM
2019-09-27,ELGIEQUIP
2019-09-27,KARURVYSYA
2019-09-27,NH
2019-09-27,ECLERX
2019-09-27,ORIENTREF
2019-09-27,IIFL
2019-09-27,JCHAC
2019-09-27,FINCABLES
2019-09-27,ZENSARTECH
2019-09-27,BSOFT
2019-09-27,AMBER
2019-12-26,ADANIGREEN
2019-12-26,NETWORK18
2019-12-26,COFFEEDAY
2019-12-26,COX&KINGS
2019-12-26,LALPATHLAB
2019-12-26,MAXINDIA
2019-12-26,POLYCAB
2019-12-26,SCHAEFFLER
2019-12-26,SYNDIBANK
2019-12-26,DEN
2019-12-26,HATHWAY
2019-12-26,SUVEN
2019-12-26,CGPOWER
2019-12-26,ANDHRABANK
2019-12-26,GAYAPROJ
2019-12-26,CHALET
2019-12-26,CREDITACC
2019-12-26,DHFL
2019-12-26,FMGOETZE
2019-12-26,FLFL
2019-12-26,IBULISL
2019-12-26,ITDCEM
2019-12-26,JKCEMENT
2019-12-26,JISLJALEQS
2019-12-26,KIRLOSENG
2019-12-26,LAKSHVILAS
2019-12-26,MAGMA
2019-12-26,UNOMINDA
2019-12-26,COFORGE
2019-12-26,AKZOINDIA
2019-12-26,PARAGMILK
2019-12-26,IFCI
2019-12-26,PCJEWELLER
2019-12-26,RELCAPITAL
2019-12-26,ZYDUSWELL
2019-12-26,RELINFRA
2019-12-26,RPOWER
2019-12-26,RESPONIND
2019-12-26,SHK
2019-12-26,SHILPAMED
2019-12-26,SUNCLAYLTD
2019-12-26,TECHNOE
2019-12-26,WABAG
2019-12-26,ARVINDFASN
2019-12-26,KPITTECH
2019-12-26,REPCOHOME
2019-12-26,ASTRAZEN
2019-12-26,GET&D
2019-12-26,HIMATSEIDE
2019-12-26,ITDC
2019-12-26,INDOSTAR
2019-12-26,INTELLECT
2019-12-26,ITI
2019-12-26,KPRMILL
2019-12-26,METROPOLIS
2019-12-26,NBVENTURES
2019-12-26,NAVINFLUOR
2019-12-26,SADBHAV
2019-12-26,SFL
2019-12-26,RENUKA
2019-12-26,TAKE
2019-12-26,TIMETECHNO
2019-12-26,TIINDIA
2019-12-26,NILKAMAL
2019-12-26,BOMDYEING
2019-12-26,GULFOILLUB
2019-12-26,CHENNPETRO
2019-12-26,DBCORP
2019-12-26,DEEPAKNTR
2019-12-26,DIXON
2019-12-26,GMDCLTD
2019-12-26,HERITGFOOD
2019-12-26,ICRA
2019-12-26,JAGRAN
2019-12-26,JAICORPLTD
2019-12-26,J&KBANK
2019-12-26,KTKBANK
2019-12-26,KOLTEPATIL
2019-12-26,LAURUSLABS
2019-12-26,CARERATING
2019-12-26,APLAPOLLO
2019-12-26,OMAXE
2019-12-26,BALMLAWRIE
2019-12-26,AFFLE
2019-12-26,GHCL
2019-12-26,VRLLOG
2019-12-26,TATAELXSI
2019-12-26,TVTODAY
2019-12-26,PTC
2019-12-26,PGHL
2019-12-26,PRAJIND
2019-12-26,PERSISTENT
2019-12-26,ORIENTCEM
2019-12-26,SOUTHBANK
2019-12-26,NFL
2019-12-26,DISHTV
2019-12-26,INFIBEAM
2019-12-26,BLISSGVS
2019-12-26,DCAL
2019-12-26,HSCL
2019-12-26,HINDCOPPER
2019-12-26,HUHTAMAKI
2019-12-26,KAJARIACER
2019-12-26,LINDEINDIA
2019-12-26,MAHSCOOTER
2019-12-26,MAHSEAMLES
2019-12-26,MASFIN
2019-12-26,RAYMOND
2019-12-26,SHOPERSTOP
2019-12-26,SWANENERGY
2019-12-26,VAIBHAVGBL
2019-12-26,VSTIND
2019-12-26,ASHOKA
2019-12-26,BAJAJCON
2019-12-26,CGCL
2019-12-26,DCBBANK
2019-12-26,GREAVESCOT
2019-12-26,GRINDWELL
2019-12-26,HEIDELBERG
2019-12-26,IEX
2019-12-26,JINDALSAW
2019-12-26,JKTYRE
2019-12-26,KSCL
2019-12-26,LEMONTREE
2019-12-26,MINDACORP
2019-12-26,MIDHANI
2019-12-26,ALLCARGO
2019-12-26,GEPIL
2019-12-26,TATAINVEST
2019-12-26,JMFINANCIL
2019-12-26,BAJAJELEC
2019-12-26,MCX
2019-12-26,UJJIVAN
2019-12-26,BIRLACORPN
2019-12-26,BEML
2019-12-26,JSLHISAR
2019-12-26,ADVENZYMES
2019-12-26,IRCON
2019-12-26,NESCO
2019-12-26,STAR
2019-12-26,VAKRANGEE
2019-12-26,VENKEYS
2019-12-26,EQUITAS
2019-12-26,PVRINOX
2019-12-26,CAPLIPOINT
2019-12-26,DBL
2019-12-26,FINEORG
2019-12-26,MOIL
2019-12-26,SUDARSCHEM
2019-12-26,THYROCARE
2019-12-26,TIMKEN
2019-12-26,WOCKPHARMA
2019-12-26,MAHABANK
2019-12-26,BASF
2019-12-26,BDL
2019-12-26,CARBORUNIV
2019-12-26,GARFIBRES
2019-12-26,IFBIND
2019-12-26,IBREALEST
2019-12-26,JSL
2019-12-26,RVNL
2019-12-26,MAHLOG
2019-12-26,BLUESTARCO
2019-12-26,SIS
2019-12-26,SUZLON
2019-12-26,DELTACORP
2019-12-26,EPIGRAL
2019-12-26,GALAXYSURF
2019-12-26,SUPRAJIT
2019-12-26,JAMNAAUTO
2019-12-26,KEI
2019-12-26,LAXMIMACH
2019-12-26,TCNSBRANDS
2019-12-26,LUXIND
2019-12-26,ORIENTELEC
2019-12-26,RAIN
2019-12-26,RALLIS
2019-12-26,UFLEX
2019-12-26,GUJALKALI
2019-12-26,VMART
2019-12-26,TEAMLEASE
2019-12-26,BSE
2019-12-26,COCHINSHIP
2019-12-26,DCMSHRIRAM
2019-12-26,EPL
2019-12-26,IRB
2019-12-26,JKPAPER
2019-12-26,MHRIL
2019-12-26,STLTECH
2019-12-26,SUNTECK
2019-12-26,IDFC
2019-12-26,TCIEXP
2019-12-26,TV18BRDCST
2019-12-26,AVANTIFEED
2019-12-26,FDC
2019-12-26,HFCL
2019-12-26,STARCEMENT
2019-12-26,MMTC
2019-12-26,JKLAKSHMI
2019-12-26,RATNAMANI
2019-12-26,SPARC
2019-12-26,VIPIND
2019-12-26,GODFRYPHLP
2019-12-26,GNFC
2019-12-26,GPPL
2019-12-26,JUSTDIAL
2019-12-26,KNRCON
2019-12-26,PNCINFRA
2019-12-26,CENTURYPLY
2019-12-26,CERA
2019-12-26,CIEINDIA
2019-12-26,JYOTHYLAB
2019-12-26,RADICO
2019-12-26,RCF
2019-12-26,CHAMBLFERT
2019-12-26,ANGELONE
2019-12-26,SONATSOFTW
2019-12-26,JSWDULUX
2019-12-26,CANFINHOME
2019-12-26,GRANULES
2019-12-26,WELCORP
2019-12-26,EIDPARRY
2019-12-26,ABREL
2019-12-26,SWANCORP
2019-12-26,FSL
2019-12-26,WELSPUNLIV
2019-12-26,GVT&D
2019-12-26,GSFC
2019-12-26,BALRAMCHIN
2019-12-26,FINPIPE
2019-12-26,AEGISLOG
2019-12-26,PCBL
2019-12-26,CEATLTD
2019-12-26,NCC
2019-12-26,JBCHEPHARM
2019-12-26,COHANCE
2019-12-26,RHIM
2019-12-26,HBLENGINE
2019-12-26,INDIACEM
2019-12-26,CCL
2019-12-26,SOBHA
2019-12-26,KEC
2019-12-26,BRIGADE
2019-12-26,CYIENT
2019-12-26,ECLERX
2019-12-26,GESHIP
2019-12-26,REDINGTON
2019-12-26,TRIDENT
2019-12-26,CDSL
2019-12-26,KPIL
2019-12-26,FINCABLES
2019-12-26,BSOFT
2019-12-26,AMBER
2019-12-26,RITES
2019-12-26,IIFL
2019-12-26,KARURVYSYA
2019-12-26,ELGIEQUIP
2019-12-26,ASTERDM
2019-12-26,VTL
2019-12-26,NH
2019-12-26,ZENSARTECH
2019-12-27,HATHWAY
2019-12-27,AKZOINDIA
2019-12-27,ADANIGREEN
2019-12-27,SUVEN
2019-12-27,DEN
2019-12-27,PCJEWELLER
2019-12-27,SCHAEFFLER
2019-12-27,POLYCAB
2019-12-27,MAXINDIA
2019-12-27,STARCEMENT
2019-12-27,CHALET
2019-12-27,ANDHRABANK
2019-12-27,SYNDIBANK
2019-12-27,CREDITACC
2019-12-27,JKCEMENT
2019-12-27,DHFL
2019-12-27,FLFL
2019-12-27,GAYAPROJ
2019-12-27,IBULISL
2019-12-27,ITDCEM
2019-12-27,JISLJALEQS
2019-12-27,KENNAMET
2019-12-27,KIRLOSENG
2019-12-27,LAKSHVILAS
2019-12-27,MAGMA
2019-12-27,UNOMINDA
2019-12-27,NETWORK18
2019-12-27,COFORGE
2019-12-27,PARAGMILK
2019-12-27,TIMETECHNO
2019-12-27,RELCAPITAL
2019-12-27,RESPONIND
2019-12-27,RPOWER
2019-12-27,NFL
2019-12-27,FMGOETZE
2019-12-27,SHK
2019-12-27,SHILPAMED
2019-12-27,SUNCLAYLTD
2019-12-27,TECHNOE
2019-12-27,TRITURBINE
2019-12-27,WABAG
2019-12-27,ASAHIINDIA
2019-12-27,ARVINDFASN
2019-12-27,KPITTECH
2019-12-27,REPCOHOME
2019-12-27,SPANDANA
2019-12-27,ASTRAZEN
2019-12-27,RELINFRA
2019-12-27,GET&D
2019-12-27,IFCI
2019-12-27,ITDC
2019-12-27,INDOSTAR
2019-12-27,INTELLECT
2019-12-27,ITI
2019-12-27,JMFINANCIL
2019-12-27,KPRMILL
2019-12-27,METROPOLIS
2019-12-27,NBVENTURES
2019-12-27,NAVINFLUOR
2019-12-27,SADBHAV
2019-12-27,SFL
2019-12-27,RENUKA
2019-12-27,TAKE
2019-12-27,HIMATSEIDE
2019-12-27,TIINDIA
2019-12-27,ZYDUSWELL
2019-12-27,ALLCARGO
2019-12-27,BOMDYEING
2019-12-27,CARERATING
2019-12-27,CHENNPETRO
2019-12-27,DBCORP
2019-12-27,DEEPAKNTR
2019-12-27,DIXON
2019-12-27,GMDCLTD
2019-12-27,BLISSGVS
2019-12-27,ICRA
2019-12-27,INDIAMART
2019-12-27,JAGRAN
2019-12-27,JAICORPLTD
2019-12-27,J&KBANK
2019-12-27,KTKBANK
2019-12-27,INFIBEAM
2019-12-27,HERITGFOOD
2019-12-27,KOLTEPATIL
2019-12-27,AFFLE
2019-12-27,GHCL
2019-12-27,VRLLOG
2019-12-27,TVTODAY
2019-12-27,TATAELXSI
2019-12-27,APLAPOLLO
2019-12-27,PTC
2019-12-27,PGHL
2019-12-27,PRAJIND
2019-12-27,PERSISTENT
2019-12-27,NILKAMAL
2019-12-27,OMAXE
2019-12-27,SOUTHBANK
2019-12-27,LAURUSLABS
2019-12-27,LALPATHLAB
2019-12-27,BALMLAWRIE
2019-12-27,DISHTV
2019-12-27,GEPIL
2019-12-27,GULFOILLUB
2019-12-27,HSCL
2019-12-27,HINDCOPPER
2019-12-27,HUHTAMAKI
2019-12-27,KAJARIACER
2019-12-27,LINDEINDIA
2019-12-27,MAHSCOOTER
2019-12-27,MAHSEAMLES
2019-12-27,MASFIN
2019-12-27,RAYMOND
2019-12-27,SHOPERSTOP
2019-12-27,SWANENERGY
2019-12-27,TATAINVEST
2019-12-27,MIDHANI
2019-12-27,DCAL
2019-12-27,ASHOKA
2019-12-27,BAJAJCON
2019-12-27,CGCL
2019-12-27,DCBBANK
2019-12-27,GREAVESCOT
2019-12-27,GRINDWELL
2019-12-27,HEIDELBERG
2019-12-27,IEX
2019-12-27,JINDALSAW
2019-12-27,JKTYRE
2019-12-27,KSCL
2019-12-27,LEMONTREE
2019-12-27,MINDACORP
2019-12-27,VSTIND
2019-12-27,VAIBHAVGBL
2019-12-27,ORIENTCEM
2019-12-27,AMBER
2019-12-27,FSL
2019-12-27,AVANTIFEED
2019-12-27,BEML
2019-12-27,JSLHISAR
2019-12-27,ADVENZYMES
2019-12-27,IRCON
2019-12-27,NESCO
2019-12-27,SPICEJET
2019-12-27,STAR
2019-12-27,VAKRANGEE
2019-12-27,VENKEYS
2019-12-27,EQUITAS
2019-12-27,PVRINOX
2019-12-27,CAPLIPOINT
2019-12-27,MAHLOG
2019-12-27,DBL
2019-12-27,MOIL
2019-12-27,SIS
2019-12-27,SUDARSCHEM
2019-12-27,THYROCARE
2019-12-27,TIMKEN
2019-12-27,WOCKPHARMA
2019-12-27,BAJAJELEC
2019-12-27,MAHABANK
2019-12-27,BASF
2019-12-27,BDL
2019-12-27,CARBORUNIV
2019-12-27,GARFIBRES
2019-12-27,IFBIND
2019-12-27,IBREALEST
2019-12-27,TRIDENT
2019-12-27,JSL
2019-12-27,UJJIVAN
2019-12-27,RVNL
2019-12-27,FINPIPE
2019-12-27,ORIENTELEC
2019-12-27,LUXIND
2019-12-27,LAXMIMACH
2019-12-27,JAMNAAUTO
2019-12-27,TCIEXP
2019-12-27,GALAXYSURF
2019-12-27,EPIGRAL
2019-12-27,DELTACORP
2019-12-27,UFLEX
2019-12-27,RAIN
2019-12-27,TCNSBRANDS
2019-12-27,GUJALKALI
2019-12-27,RALLIS
2019-12-27,FINEORG
2019-12-27,DCMSHRIRAM
2019-12-27,TEAMLEASE
2019-12-27,VMART
2019-12-27,BSE
2019-12-27,COCHINSHIP
2019-12-27,EPL
2019-12-27,FDC
2019-12-27,IRB
2019-12-27,JKPAPER
2019-12-27,MHRIL
2019-12-27,STLTECH
2019-12-27,SUNTECK
2019-12-27,IDFC
2019-12-27,TV18BRDCST
2019-12-27,SUPRAJIT
2019-12-27,SUZLON
2019-12-27,BIRLACORPN
2019-12-27,KEI
2019-12-27,CIEINDIA
2019-12-27,GVT&D
2019-12-27,GSFC
2019-12-27,JKLAKSHMI
2019-12-27,RATNAMANI
2019-12-27,SPARC
2019-12-27,VIPIND
2019-12-27,GODFRYPHLP
2019-12-27,GNFC
2019-12-27,GPPL
2019-12-27,JUSTDIAL
2019-12-27,KNRCON
2019-12-27,PNCINFRA
2019-12-27,WESTLIFE
2019-12-27,CENTURYPLY
2019-12-27,BALRAMCHIN
2019-12-27,CERA
2019-12-27,JYOTHYLAB
2019-12-27,MCX
2019-12-27,RADICO
2019-12-27,RCF
2019-12-27,CHAMBLFERT
2019-12-27,ANGELONE
2019-12-27,SONATSOFTW
2019-12-27,JSWDULUX
2019-12-27,CANFINHOME
2019-12-27,GRANULES
2019-12-27,WELCORP
2019-12-27,EIDPARRY
2019-12-27,SWANCORP
2019-12-27,WELSPUNLIV
2019-12-27,CEATLTD
2019-12-27,ABREL
2019-12-27,CYIENT
2019-12-27,AEGISLOG
2019-12-27,KPIL
2019-12-27,MMTC
2019-12-27,PCBL
2019-12-27,REDINGTON
2019-12-27,NCC
2019-12-27,JBCHEPHARM
2019-12-27,COHANCE
2019-12-27,BLUESTARCO
2019-12-27,HBLENGINE
2019-12-27,INDIACEM
2019-12-27,CCL
2019-12-27,SOBHA
2019-12-27,KEC
2019-12-27,HFCL
2019-12-27,RHIM
2019-12-27,ECLERX
2019-12-27,BRIGADE
2019-12-27,BSOFT
2019-12-27,TASTYBITE
2019-12-27,IIFL
2019-12-27,RITES
2019-12-27,ZENSARTECH
2019-12-27,FINCABLES
2019-12-27,ELGIEQUIP
2019-12-27,ASTERDM
2019-12-27,VTL
2019-12-27,NH
2019-12-27,CDSL
2019-12-27,GESHIP
2019-12-27,KARURVYSYA
2020-01-16,JKCEMENT
2020-01-16,ITDCEM
2020-01-16,IBULISL
2020-01-16,GAYAPROJ
2020-01-16,FLFL
2020-01-16,CHALET
2020-01-16,DHFL
2020-01-16,CREDITACC
2020-01-16,AKZOINDIA
2020-01-16,ADANIGREEN
2020-01-16,TECHNOE
2020-01-16,FMGOETZE
2020-01-16,JISLJALEQS
2020-01-16,SUNCLAYLTD
2020-01-16,KIRLOSENG
2020-01-16,LAKSHVILAS
2020-01-16,MAGMA
2020-01-16,UNOMINDA
2020-01-16,NETWORK18
2020-01-16,COFORGE
2020-01-16,PARAGMILK
2020-01-16,PCJEWELLER
2020-01-16,RELCAPITAL
2020-01-16,RELINFRA
2020-01-16,RPOWER
2020-01-16,RESPONIND
2020-01-16,SHK
2020-01-16,SHILPAMED
2020-01-16,KENNAMET
2020-01-16,WABAG
2020-01-16,NAVINFLUOR
2020-01-16,ASAHIINDIA
2020-01-16,TRITURBINE
2020-01-16,ARVINDFASN
2020-01-16,KPITTECH
2020-01-16,REPCOHOME
2020-01-16,SPANDANA
2020-01-16,ASTRAZEN
2020-01-16,GET&D
2020-01-16,HIMATSEIDE
2020-01-16,IFCI
2020-01-16,ITDC
2020-01-16,INDOSTAR
2020-01-16,INTELLECT
2020-01-16,ITI
2020-01-16,JMFINANCIL
2020-01-16,KPRMILL
2020-01-16,METROPOLIS
2020-01-16,NBVENTURES
2020-01-16,SADBHAV
2020-01-16,SFL
2020-01-16,RENUKA
2020-01-16,TAKE
2020-01-16,TIMETECHNO
2020-01-16,TIINDIA
2020-01-16,ZYDUSWELL
2020-01-16,ALLCARGO
2020-01-16,INFIBEAM
2020-01-16,UJJIVAN
2020-01-16,BOMDYEING
2020-01-16,CARERATING
2020-01-16,CHENNPETRO
2020-01-16,DBCORP
2020-01-16,BAJAJCON
2020-01-16,DIXON
2020-01-16,HERITGFOOD
2020-01-16,ICRA
2020-01-16,INDIAMART
2020-01-16,JAGRAN
2020-01-16,JAICORPLTD
2020-01-16,J&KBANK
2020-01-16,KOLTEPATIL
2020-01-16,LAURUSLABS
2020-01-16,OMAXE
2020-01-16,ORIENTCEM
2020-01-16,PERSISTENT
2020-01-16,PRAJIND
2020-01-16,KTKBANK
2020-01-16,PTC
2020-01-16,PGHL
2020-01-16,DCAL
2020-01-16,DISHTV
2020-01-16,BLISSGVS
2020-01-16,BALMLAWRIE
2020-01-16,APLAPOLLO
2020-01-16,AFFLE
2020-01-16,GEPIL
2020-01-16,GHCL
2020-01-16,VRLLOG
2020-01-16,TVTODAY
2020-01-16,TATAELXSI
2020-01-16,SOUTHBANK
2020-01-16,TATASTLBSL
2020-01-16,TRIDENT
2020-01-16,GMDCLTD
2020-01-16,SUVEN
2020-01-16,HSCL
2020-01-16,HINDCOPPER
2020-01-16,KAJARIACER
2020-01-16,LINDEINDIA
2020-01-16,MAHSCOOTER
2020-01-16,MAHSEAMLES
2020-01-16,RAYMOND
2020-01-16,SHOPERSTOP
2020-01-16,SWANENERGY
2020-01-16,TATAINVEST
2020-01-16,VAIBHAVGBL
2020-01-16,VSTIND
2020-01-16,ASHOKA
2020-01-16,DEEPAKNTR
2020-01-16,CGCL
2020-01-16,DCBBANK
2020-01-16,GREAVESCOT
2020-01-16,GRINDWELL
2020-01-16,HEIDELBERG
2020-01-16,IEX
2020-01-16,JINDALSAW
2020-01-16,JKTYRE
2020-01-16,KSCL
2020-01-16,LEMONTREE
2020-01-16,MINDACORP
2020-01-16,MIDHANI
2020-01-16,NFL
2020-01-16,NILKAMAL
2020-01-16,STARCEMENT
2020-01-16,TASTYBITE
2020-01-16,HUHTAMAKI
2020-01-16,GULFOILLUB
2020-01-16,SPARC
2020-01-16,MASFIN
2020-01-16,HFCL
2020-01-16,IRCON
2020-01-16,NESCO
2020-01-16,SPICEJET
2020-01-16,STAR
2020-01-16,VAKRANGEE
2020-01-16,VENKEYS
2020-01-16,EQUITAS
2020-01-16,PVRINOX
2020-01-16,CAPLIPOINT
2020-01-16,DBL
2020-01-16,FINEORG
2020-01-16,MOIL
2020-01-16,SIS
2020-01-16,ADVENZYMES
2020-01-16,SUDARSCHEM
2020-01-16,WOCKPHARMA
2020-01-16,BAJAJELEC
2020-01-16,MAHABANK
2020-01-16,BASF
2020-01-16,BDL
2020-01-16,CARBORUNIV
2020-01-16,GARFIBRES
2020-01-16,IFBIND
2020-01-16,IBREALEST
2020-01-16,BEML
2020-01-16,JSL
2020-01-16,MAHLOG
2020-01-16,RVNL
2020-01-16,THYROCARE
2020-01-16,BLUESTARCO
2020-01-16,TCIEXP
2020-01-16,TIMKEN
2020-01-16,RALLIS
2020-01-16,RAIN
2020-01-16,ORIENTELEC
2020-01-16,LUXIND
2020-01-16,GUJALKALI
2020-01-16,KEI
2020-01-16,JAMNAAUTO
2020-01-16,GALAXYSURF
2020-01-16,EPIGRAL
2020-01-16,DELTACORP
2020-01-16,LAXMIMACH
2020-01-16,SUZLON
2020-01-16,BIRLACORPN
2020-01-16,VMART
2020-01-16,BSE
2020-01-16,COCHINSHIP
2020-01-16,DCMSHRIRAM
2020-01-16,EPL
2020-01-16,FDC
2020-01-16,IRB
2020-01-16,JKPAPER
2020-01-16,MHRIL
2020-01-16,STLTECH
2020-01-16,SUNTECK
2020-01-16,IDFC
2020-01-16,TV18BRDCST
2020-01-16,AVANTIFEED
2020-01-16,TEAMLEASE
2020-01-16,UFLEX
2020-01-16,TCNSBRANDS
2020-01-16,CIEINDIA
2020-01-16,SUPRAJIT
2020-01-16,GSFC
2020-01-16,JKLAKSHMI
2020-01-16,RATNAMANI
2020-01-16,VIPIND
2020-01-16,GODFRYPHLP
2020-01-16,GNFC
2020-01-16,GPPL
2020-01-16,JUSTDIAL
2020-01-16,KNRCON
2020-01-16,PNCINFRA
2020-01-16,WESTLIFE
2020-01-16,CENTURYPLY
2020-01-16,CERA
2020-01-16,JYOTHYLAB
2020-01-16,MCX
2020-01-16,RADICO
2020-01-16,RCF
2020-01-16,CHAMBLFERT
2020-01-16,ANGELONE
2020-01-16,SONATSOFTW
2020-01-16,JSWDULUX
2020-01-16,CANFINHOME
2020-01-16,GRANULES
2020-01-16,WELCORP
2020-01-16,EIDPARRY
2020-01-16,ABREL
2020-01-16,SWANCORP
2020-01-16,FSL
2020-01-16,WELSPUNLIV
2020-01-16,CEATLTD
2020-01-16,BALRAMCHIN
2020-01-16,AEGISLOG
2020-01-16,FINPIPE
2020-01-16,KPIL
2020-01-16,GVT&D
2020-01-16,PCBL
2020-01-16,REDINGTON
2020-01-16,NCC
2020-01-16,JBCHEPHARM
2020-01-16,COHANCE
2020-01-16,RHIM
2020-01-16,HBLENGINE
2020-01-16,INDIACEM
2020-01-16,SOBHA
2020-01-16,KEC
2020-01-16,BRIGADE
2020-01-16,CYIENT
2020-01-16,ECLERX
2020-01-16,CCL
2020-01-16,CDSL
2020-01-16,JSLHISAR
2020-01-16,GESHIP
2020-01-16,BSOFT
2020-01-16,AMBER
2020-01-16,IIFL
2020-01-16,RITES
2020-01-16,ZENSARTECH
2020-01-16,FINCABLES
2020-01-16,ELGIEQUIP
2020-01-16,ASTERDM
2020-01-16,VTL
2020-01-16,NH
2020-01-16,MMTC
2020-01-16,KARURVYSYA
2020-03-27,JKCEMENT
2020-03-27,ITDCEM
2020-03-27,IBULISL
2020-03-27,GAYAPROJ
2020-03-27,FLFL
2020-03-27,CREDITACC
2020-03-27,DHFL
2020-03-27,CHALET
2020-03-27,AKZOINDIA
2020-03-27,ADANIGREEN
2020-03-27,JISLJALEQS
2020-03-27,FMGOETZE
2020-03-27,KENNAMET
2020-03-27,TECHNOE
2020-03-27,LAKSHVILAS
2020-03-27,MAGMA
2020-03-27,UNOMINDA
2020-03-27,NETWORK18
2020-03-27,COFORGE
2020-03-27,PARAGMILK
2020-03-27,PCJEWELLER
2020-03-27,RELCAPITAL
2020-03-27,RELINFRA
2020-03-27,RPOWER
2020-03-27,RESPONIND
2020-03-27,SHK
2020-03-27,SHILPAMED
2020-03-27,BEML
2020-03-27,KIRLOSENG
2020-03-27,SUNCLAYLTD
2020-03-27,ARVINDFASN
2020-03-27,DBCORP
2020-03-27,DEEPAKNTR
2020-03-27,KPITTECH
2020-03-27,REPCOHOME
2020-03-27,SPANDANA
2020-03-27,GET&D
2020-03-27,HIMATSEIDE
2020-03-27,IFCI
2020-03-27,ITDC
2020-03-27,INDOSTAR
2020-03-27,INTELLECT
2020-03-27,ITI
2020-03-27,JMFINANCIL
2020-03-27,KPRMILL
2020-03-27,METROPOLIS
2020-03-27,NBVENTURES
2020-03-27,NAVINFLUOR
2020-03-27,SADBHAV
2020-03-27,SFL
2020-03-27,RENUKA
2020-03-27,TAKE
2020-03-27,TIMETECHNO
2020-03-27,TIINDIA
2020-03-27,ZYDUSWELL
2020-03-27,ALLCARGO
2020-03-27,INFIBEAM
2020-03-27,BOMDYEING
2020-03-27,CARERATING
2020-03-27,CHENNPETRO
2020-03-27,ASAHIINDIA
2020-03-27,WABAG
2020-03-27,TRITURBINE
2020-03-27,HUHTAMAKI
2020-03-27,LINDEINDIA
2020-03-27,INDIAMART
2020-03-27,JAGRAN
2020-03-27,JAICORPLTD
2020-03-27,J&KBANK
2020-03-27,KTKBANK
2020-03-27,KOLTEPATIL
2020-03-27,OMAXE
2020-03-27,ORIENTCEM
2020-03-27,PERSISTENT
2020-03-27,PRAJIND
2020-03-27,PTC
2020-03-27,SOUTHBANK
2020-03-27,PGHL
2020-03-27,TATAELXSI
2020-03-27,HSCL
2020-03-27,GULFOILLUB
2020-03-27,GEPIL
2020-03-27,DCAL
2020-03-27,DISHTV
2020-03-27,BALMLAWRIE
2020-03-27,APLAPOLLO
2020-03-27,BLISSGVS
2020-03-27,AFFLE
2020-03-27,TATASTLBSL
2020-03-27,GHCL
2020-03-27,VRLLOG
2020-03-27,TVTODAY
2020-03-27,HERITGFOOD
2020-03-27,UJJIVAN
2020-03-27,HINDCOPPER
2020-03-27,GMDCLTD
2020-03-27,ICRA
2020-03-27,DCBBANK
2020-03-27,MAHSCOOTER
2020-03-27,MAHSEAMLES
2020-03-27,MASFIN
2020-03-27,RAYMOND
2020-03-27,SHOPERSTOP
2020-03-27,SWANENERGY
2020-03-27,TATAINVEST
2020-03-27,VAIBHAVGBL
2020-03-27,VSTIND
2020-03-27,ASHOKA
2020-03-27,BAJAJCON
2020-03-27,CGCL
2020-03-27,GREAVESCOT
2020-03-27,GRINDWELL
2020-03-27,HEIDELBERG
2020-03-27,IEX
2020-03-27,JINDALSAW
2020-03-27,JKTYRE
2020-03-27,KSCL
2020-03-27,LEMONTREE
2020-03-27,MINDACORP
2020-03-27,MIDHANI
2020-03-27,NFL
2020-03-27,NILKAMAL
2020-03-27,STARCEMENT
2020-03-27,TASTYBITE
2020-03-27,DIXON
2020-03-27,TRIDENT
2020-03-27,KAJARIACER
2020-03-27,LAURUSLABS
2020-03-27,VAKRANGEE
2020-03-27,ASTRAZEN
2020-03-27,AEGISLOG
2020-03-27,NESCO
2020-03-27,SPICEJET
2020-03-27,STAR
2020-03-27,VENKEYS
2020-03-27,EQUITAS
2020-03-27,PVRINOX
2020-03-27,CAPLIPOINT
2020-03-27,DBL
2020-03-27,FINEORG
2020-03-27,MOIL
2020-03-27,SIS
2020-03-27,SUDARSCHEM
2020-03-27,THYROCARE
2020-03-27,EPIGRAL
2020-03-27,TIMKEN
2020-03-27,BAJAJELEC
2020-03-27,MAHABANK
2020-03-27,BASF
2020-03-27,BDL
2020-03-27,CARBORUNIV
2020-03-27,GARFIBRES
2020-03-27,IFBIND
2020-03-27,IBREALEST
2020-03-27,JSL
2020-03-27,MAHLOG
2020-03-27,RVNL
2020-03-27,TCIEXP
2020-03-27,TCNSBRANDS
2020-03-27,UFLEX
2020-03-27,GSFC
2020-03-27,WOCKPHARMA
2020-03-27,DELTACORP
2020-03-27,DCMSHRIRAM
2020-03-27,JSLHISAR
2020-03-27,BSE
2020-03-27,VMART
2020-03-27,TEAMLEASE
2020-03-27,SUZLON
2020-03-27,SUPRAJIT
2020-03-27,RALLIS
2020-03-27,LAXMIMACH
2020-03-27,ORIENTELEC
2020-03-27,LUXIND
2020-03-27,KEI
2020-03-27,JAMNAAUTO
2020-03-27,GUJALKALI
2020-03-27,RAIN
2020-03-27,COCHINSHIP
2020-03-27,GVT&D
2020-03-27,EPL
2020-03-27,FDC
2020-03-27,IRB
2020-03-27,JKPAPER
2020-03-27,MHRIL
2020-03-27,STLTECH
2020-03-27,SUNTECK
2020-03-27,IDFC
2020-03-27,TV18BRDCST
2020-03-27,AVANTIFEED
2020-03-27,BIRLACORPN
2020-03-27,BLUESTARCO
2020-03-27,CIEINDIA
2020-03-27,GALAXYSURF
2020-03-27,JKLAKSHMI
2020-03-27,IRCON
2020-03-27,SPARC
2020-03-27,VIPIND
2020-03-27,GODFRYPHLP
2020-03-27,GNFC
2020-03-27,GPPL
2020-03-27,JUSTDIAL
2020-03-27,KNRCON
2020-03-27,PNCINFRA
2020-03-27,SWSOLAR
2020-03-27,WESTLIFE
2020-03-27,CENTURYPLY
2020-03-27,CERA
2020-03-27,FINPIPE
2020-03-27,JYOTHYLAB
2020-03-27,RADICO
2020-03-27,RCF
2020-03-27,CHAMBLFERT
2020-03-27,ANGELONE
2020-03-27,SONATSOFTW
2020-03-27,JSWDULUX
2020-03-27,CANFINHOME
2020-03-27,GRANULES
2020-03-27,WELCORP
2020-03-27,EIDPARRY
2020-03-27,ABREL
2020-03-27,SWANCORP
2020-03-27,FSL
2020-03-27,WELSPUNLIV
2020-03-27,CEATLTD
2020-03-27,BALRAMCHIN
2020-03-27,HFCL
2020-03-27,KPIL
2020-03-27,MCX
2020-03-27,CCL
2020-03-27,REDINGTON
2020-03-27,RATNAMANI
2020-03-27,NCC
2020-03-27,JBCHEPHARM
2020-03-27,COHANCE
2020-03-27,RHIM
2020-03-27,HBLENGINE
2020-03-27,INDIACEM
2020-03-27,SOBHA
2020-03-27,KEC
2020-03-27,BRIGADE
2020-03-27,CYIENT
2020-03-27,GESHIP
2020-03-27,CDSL
2020-03-27,ECLERX
2020-03-27,NH
2020-03-27,MMTC
2020-03-27,ADVENZYMES
2020-03-27,FSC
2020-03-27,FINCABLES
2020-03-27,BSOFT
2020-03-27,AMBER
2020-03-27,IIFL
2020-03-27,PCBL
2020-03-27,ZENSARTECH
2020-03-27,KARURVYSYA
2020-03-27,ELGIEQUIP
2020-03-27,ASTERDM
2020-03-27,VTL
2020-03-27,RITES
2020-06-26,AKZOINDIA
2020-06-26,BEML
2020-06-26,CREDITACC
2020-06-26,IBULISL
2020-06-26,DHFL
2020-06-26,FMGOETZE
2020-06-26,CHALET
2020-06-26,PARAGMILK
2020-06-26,ITDCEM
2020-06-26,JKCEMENT
2020-06-26,JISLJALEQS
2020-06-26,KENNAMET
2020-06-26,GAYAPROJ
2020-06-26,KIRLOSENG
2020-06-26,MAGMA
2020-06-26,UNOMINDA
2020-06-26,RELINFRA
2020-06-26,COFORGE
2020-06-26,LAKSHVILAS
2020-06-26,PCJEWELLER
2020-06-26,RELCAPITAL
2020-06-26,RPOWER
2020-06-26,RESPONIND
2020-06-26,SHK
2020-06-26,NETWORK18
2020-06-26,SHILPAMED
2020-06-26,TECHNOE
2020-06-26,TRITURBINE
2020-06-26,WABAG
2020-06-26,ASAHIINDIA
2020-06-26,ARVINDFASN
2020-06-26,KPITTECH
2020-06-26,SUNCLAYLTD
2020-06-26,REPCOHOME
2020-06-26,METROPOLIS
2020-06-26,ASTRAZEN
2020-06-26,JMFINANCIL
2020-06-26,HIMATSEIDE
2020-06-26,IFCI
2020-06-26,ITDC
2020-06-26,INDOSTAR
2020-06-26,INTELLECT
2020-06-26,GET&D
2020-06-26,ITI
2020-06-26,RENUKA
2020-06-26,MAHINDCIE
2020-06-26,NBVENTURES
2020-06-26,NAVINFLUOR
2020-06-26,SADBHAV
2020-06-26,ICRA
2020-06-26,KPRMILL
2020-06-26,SPANDANA
2020-06-26,TAKE
2020-06-26,HERITGFOOD
2020-06-26,CHENNPETRO
2020-06-26,VESUVIUS
2020-06-26,ZYDUSWELL
2020-06-26,ALLCARGO
2020-06-26,INFIBEAM
2020-06-26,BOMDYEING
2020-06-26,TIINDIA
2020-06-26,CARERATING
2020-06-26,TIMETECHNO
2020-06-26,DEEPAKNTR
2020-06-26,DIXON
2020-06-26,ESABINDIA
2020-06-26,GMDCLTD
2020-06-26,HATHWAY
2020-06-26,DBCORP
2020-06-26,INDIAMART
2020-06-26,FCONSUMER
2020-06-26,JAICORPLTD
2020-06-26,PERSISTENT
2020-06-26,MAHSEAMLES
2020-06-26,KTKBANK
2020-06-26,KOLTEPATIL
2020-06-26,J&KBANK
2020-06-26,OMAXE
2020-06-26,TATASTLBSL
2020-06-26,ORIENTCEM
2020-06-26,GHCL
2020-06-26,PGHL
2020-06-26,PTC
2020-06-26,SOUTHBANK
2020-06-26,TATAELXSI
2020-06-26,TVTODAY
2020-06-26,PRAJIND
2020-06-26,VRLLOG
2020-06-26,LAURUSLABS
2020-06-26,AFFLE
2020-06-26,SFL
2020-06-26,DISHTV
2020-06-26,LINDEINDIA
2020-06-26,DCAL
2020-06-26,BALMLAWRIE
2020-06-26,GRSE
2020-06-26,ALKYLAMINE
2020-06-26,APLAPOLLO
2020-06-26,GEPIL
2020-06-26,GULFOILLUB
2020-06-26,HSCL
2020-06-26,HINDCOPPER
2020-06-26,HUHTAMAKI
2020-06-26,KAJARIACER
2020-06-26,INDIANB
2020-06-26,MAHSCOOTER
2020-06-26,STARCEMENT
2020-06-26,MASFIN
2020-06-26,SHOPERSTOP
2020-06-26,SWANENERGY
2020-06-26,TATAINVEST
2020-06-26,VAIBHAVGBL
2020-06-26,VSTIND
2020-06-26,ASHOKA
2020-06-26,BAJAJCON
2020-06-26,BHARATRAS
2020-06-26,CGCL
2020-06-26,DCBBANK
2020-06-26,DHANUKA
2020-06-26,GREAVESCOT
2020-06-26,GRINDWELL
2020-06-26,FLUOROCHEM
2020-06-26,HEIDELBERG
2020-06-26,RAYMOND
2020-06-26,IEX
2020-06-26,JINDALSAW
2020-06-26,MIDHANI
2020-06-26,JKTYRE
2020-06-26,KSCL
2020-06-26,KSB
2020-06-26,LAOPALA
2020-06-26,LEMONTREE
2020-06-26,MINDACORP
2020-06-26,NFL
2020-06-26,INGERRAND
2020-06-26,NILKAMAL
2020-06-26,SCHNEIDER
2020-06-26,TASTYBITE
2020-06-26,TRIDENT
2020-06-26,UJJIVAN
2020-06-26,JAGRAN
2020-06-26,FLFL
2020-06-26,UJJIVANSFB
2020-06-26,BLISSGVS
2020-06-26,JSLHISAR
2020-06-26,VENKEYS
2020-06-26,GVT&D
2020-06-26,IRCON
2020-06-26,NESCO
2020-06-26,SEQUENT
2020-06-26,STAR
2020-06-26,UFLEX
2020-06-26,VAKRANGEE
2020-06-26,MOIL
2020-06-26,SCI
2020-06-26,PVRINOX
2020-06-26,CAPLIPOINT
2020-06-26,DBL
2020-06-26,FINEORG
2020-06-26,EQUITAS
2020-06-26,INDOCO
2020-06-26,SIS
2020-06-26,TCIEXP
2020-06-26,CARBORUNIV
2020-06-26,TIMKEN
2020-06-26,WOCKPHARMA
2020-06-26,BAJAJELEC
2020-06-26,MAHABANK
2020-06-26,BASF
2020-06-26,THYROCARE
2020-06-26,BDL
2020-06-26,SUDARSCHEM
2020-06-26,IFBIND
2020-06-26,IBREALEST
2020-06-26,JSL
2020-06-26,MAHLOG
2020-06-26,RVNL
2020-06-26,GARFIBRES
2020-06-26,TCNSBRANDS
2020-06-26,SPICEJET
2020-06-26,DELTACORP
2020-06-26,GALAXYSURF
2020-06-26,BSE
2020-06-26,GUJALKALI
2020-06-26,JAMNAAUTO
2020-06-26,KEI
2020-06-26,LAXMIMACH
2020-06-26,LUXIND
2020-06-26,CIEINDIA
2020-06-26,RALLIS
2020-06-26,ORIENTELEC
2020-06-26,SUPRAJIT
2020-06-26,SUZLON
2020-06-26,VMART
2020-06-26,HEG
2020-06-26,TEAMLEASE
2020-06-26,COCHINSHIP
2020-06-26,AVANTIFEED
2020-06-26,DCMSHRIRAM
2020-06-26,MHRIL
2020-06-26,EPL
2020-06-26,FDC
2020-06-26,GMMPFAUDLR
2020-06-26,IRB
2020-06-26,JKPAPER
2020-06-26,KRBL
2020-06-26,STLTECH
2020-06-26,CSBBANK
2020-06-26,SUNTECK
2020-06-26,IDFC
2020-06-26,TV18BRDCST
2020-06-26,BIRLACORPN
2020-06-26,BLUESTARCO
2020-06-26,EPIGRAL
2020-06-26,GSFC
2020-06-26,FINCABLES
2020-06-26,RAIN
2020-06-26,GESHIP
2020-06-26,MCX
2020-06-26,JUSTDIAL
2020-06-26,SPARC
2020-06-26,VIPIND
2020-06-26,VARROC
2020-06-26,GODFRYPHLP
2020-06-26,RADICO
2020-06-26,GNFC
2020-06-26,KNRCON
2020-06-26,JYOTHYLAB
2020-06-26,PNCINFRA
2020-06-26,SWSOLAR
2020-06-26,WESTLIFE
2020-06-26,CENTURYPLY
2020-06-26,GPPL
2020-06-26,CERA
2020-06-26,RCF
2020-06-26,CEATLTD
2020-06-26,RATNAMANI
2020-06-26,JKLAKSHMI
2020-06-26,CHAMBLFERT
2020-06-26,ANGELONE
2020-06-26,JSWDULUX
2020-06-26,CANFINHOME
2020-06-26,HFCL
2020-06-26,GRANULES
2020-06-26,EIDPARRY
2020-06-26,ABREL
2020-06-26,SWANCORP
2020-06-26,FSL
2020-06-26,WELSPUNLIV
2020-06-26,BALRAMCHIN
2020-06-26,WELCORP
2020-06-26,FINPIPE
2020-06-26,SONATSOFTW
2020-06-26,KPIL
2020-06-26,INDIACEM
2020-06-26,REDINGTON
2020-06-26,NCC
2020-06-26,JBCHEPHARM
2020-06-26,COHANCE
2020-06-26,RHIM
2020-06-26,PCBL
2020-06-26,HBLENGINE
2020-06-26,CDSL
2020-06-26,SOBHA
2020-06-26,ECLERX
2020-06-26,BRIGADE
2020-06-26,CYIENT
2020-06-26,AEGISLOG
2020-06-26,CCL
2020-06-26,NH
2020-06-26,KEC
2020-06-26,ADVENZYMES
2020-06-26,ASTERDM
2020-06-26,BSOFT
2020-06-26,KARURVYSYA
2020-06-26,ZENSARTECH
2020-06-26,RITES
2020-06-26,IIFL
2020-06-26,AMBER
2020-06-26,ELGIEQUIP
2020-06-26,VTL
2020-06-26,ENGINERSIN
2020-06-26,CENTURYTEX
2020-06-26,STRTECH
2020-06-26,NBCC
2020-06-26,MMTC
2020-06-26,POLYMED
2020-06-26,GRAPHITE
2020-09-14,INTELLECT
2020-09-14,ASAHIINDIA
2020-09-14,ARVINDFASN
2020-09-14,REPCOHOME
2020-09-14,SPANDANA
2020-09-14,ASTRAZEN
2020-09-14,INFIBEAM
2020-09-14,GET&D
2020-09-14,HIMATSEIDE
2020-09-14,IFCI
2020-09-14,ITDC
2020-09-14,INDOSTAR
2020-09-14,DBL
2020-09-14,KPITTECH
2020-09-14,SADBHAV
2020-09-14,JMFINANCIL
2020-09-14,KPRMILL
2020-09-14,MAHINDCIE
2020-09-14,METROPOLIS
2020-09-14,NBVENTURES
2020-09-14,NAVINFLUOR
2020-09-14,SFL
2020-09-14,RENUKA
2020-09-14,TAKE
2020-09-14,TIMETECHNO
2020-09-14,TIINDIA
2020-09-14,VESUVIUS
2020-09-14,ZYDUSWELL
2020-09-14,ALLCARGO
2020-09-14,ITI
2020-09-14,CHENNPETRO
2020-09-14,ORIENTCEM
2020-09-14,DBCORP
2020-09-14,DEEPAKNTR
2020-09-14,BOMDYEING
2020-09-14,DIXON
2020-09-14,ESABINDIA
2020-09-14,GMDCLTD
2020-09-14,HATHWAY
2020-09-14,HERITGFOOD
2020-09-14,ICRA
2020-09-14,INDIAMART
2020-09-14,JAGRAN
2020-09-14,JAICORPLTD
2020-09-14,J&KBANK
2020-09-14,KTKBANK
2020-09-14,KOLTEPATIL
2020-09-14,LAURUSLABS
2020-09-14,OMAXE
2020-09-14,PERSISTENT
2020-09-14,PRAJIND
2020-09-14,PGHL
2020-09-14,PSPPROJECT
2020-09-14,PTC
2020-09-14,SOUTHBANK
2020-09-14,SWARAJENG
2020-09-14,TATAELXSI
2020-09-14,TVTODAY
2020-09-14,VRLLOG
2020-09-14,GHCL
2020-09-14,TATASTLBSL
2020-09-14,AFFLE
2020-09-14,ALKYLAMINE
2020-09-14,APLAPOLLO
2020-09-14,DISHTV
2020-09-14,BLISSGVS
2020-09-14,DCAL
2020-09-14,FCONSUMER
2020-09-14,GRSE
2020-09-14,GEPIL
2020-09-14,GULFOILLUB
2020-09-14,HSCL
2020-09-14,HINDCOPPER
2020-09-14,HUHTAMAKI
2020-09-14,JTEKTINDIA
2020-09-14,KAJARIACER
2020-09-14,LINDEINDIA
2020-09-14,MAHSEAMLES
2020-09-14,MASFIN
2020-09-14,MAHSCOOTER
2020-09-14,BHARATRAS
2020-09-14,GREAVESCOT
2020-09-14,DHANUKA
2020-09-14,DCBBANK
2020-09-14,CGCL
2020-09-14,RAYMOND
2020-09-14,BAJAJCON
2020-09-14,GRINDWELL
2020-09-14,ASHOKA
2020-09-14,VAIBHAVGBL
2020-09-14,TATAINVEST
2020-09-14,SWANENERGY
2020-09-14,SHOPERSTOP
2020-09-14,VSTIND
2020-09-14,CAPLIPOINT
2020-09-14,HEIDELBERG
2020-09-14,INDIANB
2020-09-14,TASTYBITE
2020-09-14,IEX
2020-09-14,JINDALSAW
2020-09-14,JKTYRE
2020-09-14,KSCL
2020-09-14,KSB
2020-09-14,LAOPALA
2020-09-14,LEMONTREE
2020-09-14,MINDACORP
2020-09-14,MIDHANI
2020-09-14,NFL
2020-09-14,NILKAMAL
2020-09-14,SCHNEIDER
2020-09-14,STARCEMENT
2020-09-14,TRIDENT
2020-09-14,UJJIVAN
2020-09-14,CARERATING
2020-09-14,UJJIVANSFB
2020-09-14,JSLHISAR
2020-09-14,ADVENZYMES
2020-09-14,IRCON
2020-09-14,NESCO
2020-09-14,SEQUENT
2020-09-14,SPICEJET
2020-09-14,STAR
2020-09-14,VAKRANGEE
2020-09-14,VENKEYS
2020-09-14,EQUITAS
2020-09-14,SCI
2020-09-14,PVRINOX
2020-09-14,BALMLAWRIE
2020-09-14,INGERRAND
2020-09-14,BEML
2020-09-14,TATACOFFEE
2020-09-14,FLUOROCHEM
2020-09-14,CANFINHOME
2020-09-14,MOIL
2020-09-14,GODFRYPHLP
2020-09-14,SIS
2020-09-14,SUDARSCHEM
2020-09-14,THYROCARE
2020-09-14,TIMKEN
2020-09-14,WOCKPHARMA
2020-09-14,BAJAJELEC
2020-09-14,MAHABANK
2020-09-14,BASF
2020-09-14,BDL
2020-09-14,CARBORUNIV
2020-09-14,GARFIBRES
2020-09-14,IFBIND
2020-09-14,IBREALEST
2020-09-14,JSL
2020-09-14,NOCIL
2020-09-14,RVNL
2020-09-14,TCIEXP
2020-09-14,TCNSBRANDS
2020-09-14,UFLEX
2020-09-14,DELTACORP
2020-09-14,EPIGRAL
2020-09-14,GALAXYSURF
2020-09-14,GUJALKALI
2020-09-14,JAMNAAUTO
2020-09-14,KEI
2020-09-14,LAXMIMACH
2020-09-14,LUXIND
2020-09-14,ORIENTELEC
2020-09-14,RAIN
2020-09-14,MAHLOG
2020-09-14,VARROC
2020-09-14,FINEORG
2020-09-14,KRBL
2020-09-14,TEAMLEASE
2020-09-14,VMART
2020-09-14,COCHINSHIP
2020-09-14,CSBBANK
2020-09-14,DCMSHRIRAM
2020-09-14,SUPRAJIT
2020-09-14,EPL
2020-09-14,FDC
2020-09-14,GMMPFAUDLR
2020-09-14,IRB
2020-09-14,JKPAPER
2020-09-14,SUZLON
2020-09-14,BSE
2020-09-14,BLUESTARCO
2020-09-14,STLTECH
2020-09-14,SUNTECK
2020-09-14,IDFC
2020-09-14,TV18BRDCST
2020-09-14,AVANTIFEED
2020-09-14,BIRLACORPN
2020-09-14,CIEINDIA
2020-09-14,GVT&D
2020-09-14,GSFC
2020-09-14,JKLAKSHMI
2020-09-14,RATNAMANI
2020-09-14,SPARC
2020-09-14,VIPIND
2020-09-14,MHRIL
2020-09-14,GNFC
2020-09-14,RALLIS
2020-09-14,JUSTDIAL
2020-09-14,PNCINFRA
2020-09-14,SWSOLAR
2020-09-14,WESTLIFE
2020-09-14,CENTURYPLY
2020-09-14,CERA
2020-09-14,FINPIPE
2020-09-14,JYOTHYLAB
2020-09-14,MCX
2020-09-14,RADICO
2020-09-14,RCF
2020-09-14,CHAMBLFERT
2020-09-14,ANGELONE
2020-09-14,GPPL
2020-09-14,JSWDULUX
2020-09-14,GRANULES
2020-09-14,WELCORP
2020-09-14,EIDPARRY
2020-09-14,ABREL
2020-09-14,SWANCORP
2020-09-14,FSL
2020-09-14,WELSPUNLIV
2020-09-14,BALRAMCHIN
2020-09-14,CEATLTD
2020-09-14,HFCL
2020-09-14,AEGISLOG
2020-09-14,KPIL
2020-09-14,MMTC
2020-09-14,PCBL
2020-09-14,COHANCE
2020-09-14,KNRCON
2020-09-14,REDINGTON
2020-09-14,SONATSOFTW
2020-09-14,CDSL
2020-09-14,HBLENGINE
2020-09-14,NCC
2020-09-14,INDIACEM
2020-09-14,CCL
2020-09-14,SOBHA
2020-09-14,KEC
2020-09-14,BRIGADE
2020-09-14,CYIENT
2020-09-14,ECLERX
2020-09-14,GESHIP
2020-09-14,NH
2020-09-14,VTL
2020-09-14,ASTERDM
2020-09-14,KARURVYSYA
2020-09-14,ZENSARTECH
2020-09-14,ELGIEQUIP
2020-09-14,NBCC
2020-09-14,INDOCO
2020-09-14,POLYMED
2020-09-14,ENGINERSIN
2020-09-14,STRTECH
2020-09-14,RITES
2020-09-14,HEG
2020-09-14,RHIM
2020-09-14,GRAPHITE
2020-09-14,FINCABLES
2020-09-14,BSOFT
2020-09-14,AMBER
2020-09-14,IIFL
2020-09-14,CENTURYTEX
2020-09-14,JBCHEPHARM
2020-09-25,KPRMILL
2020-09-25,JMFINANCIL
2020-09-25,NBVENTURES
2020-09-25,METROPOLIS
2020-09-25,ITI
2020-09-25,MAHINDCIE
2020-09-25,INTELLECT
2020-09-25,TAKE
2020-09-25,ITDC
2020-09-25,IFCI
2020-09-25,HIMATSEIDE
2020-09-25,GET&D
2020-09-25,NAVINFLUOR
2020-09-25,ASTRAZEN
2020-09-25,SHILPAMED
2020-09-25,SADBHAV
2020-09-25,TIMETECHNO
2020-09-25,RENUKA
2020-09-25,ESABINDIA
2020-09-25,DIXON
2020-09-25,DEEPAKNTR
2020-09-25,DBCORP
2020-09-25,CHENNPETRO
2020-09-25,CARERATING
2020-09-25,HATHWAY
2020-09-25,BOMDYEING
2020-09-25,ALLCARGO
2020-09-25,ZYDUSWELL
2020-09-25,VESUVIUS
2020-09-25,TIINDIA
2020-09-25,GMDCLTD
2020-09-25,SFL
2020-09-25,HERITGFOOD
2020-09-25,INDIAMART
2020-09-25,TATASTLBSL
2020-09-25,INFIBEAM
2020-09-25,IDBI
2020-09-25,JAGRAN
2020-09-25,JAICORPLTD
2020-09-25,J&KBANK
2020-09-25,KTKBANK
2020-09-25,KOLTEPATIL
2020-09-25,LAURUSLABS
2020-09-25,NAVNETEDUL
2020-09-25,OMAXE
2020-09-25,ORIENTCEM
2020-09-25,PERSISTENT
2020-09-25,PRAJIND
2020-09-25,PGHL
2020-09-25,PSPPROJECT
2020-09-25,PTC
2020-09-25,SOUTHBANK
2020-09-25,SUVENPHAR
2020-09-25,SWARAJENG
2020-09-25,TATAELXSI
2020-09-25,TVTODAY
2020-09-25,VRLLOG
2020-09-25,GHCL
2020-09-25,DCAL
2020-09-25,AFFLE
2020-09-25,ALKYLAMINE
2020-09-25,APLAPOLLO
2020-09-25,BALMLAWRIE
2020-09-25,BLISSGVS
2020-09-25,BLUEDART
2020-09-25,DISHTV
2020-09-25,ICRA
2020-09-25,FCONSUMER
2020-09-25,GREAVESCOT
2020-09-25,GEPIL
2020-09-25,KAJARIACER
2020-09-25,KSCL
2020-09-25,HSCL
2020-09-25,GULFOILLUB
2020-09-25,HUHTAMAKI
2020-09-25,INDIANB
2020-09-25,VAIBHAVGBL
2020-09-25,JTEKTINDIA
2020-09-25,TATAINVEST
2020-09-25,MAHSCOOTER
2020-09-25,MAHSEAMLES
2020-09-25,MASFIN
2020-09-25,RAYMOND
2020-09-25,SHOPERSTOP
2020-09-25,LINDEINDIA
2020-09-25,SWANENERGY
2020-09-25,HINDCOPPER
2020-09-25,VSTIND
2020-09-25,DCBBANK
2020-09-25,CGCL
2020-09-25,BHARATRAS
2020-09-25,JINDALSAW
2020-09-25,BAJAJCON
2020-09-25,MOIL
2020-09-25,ALEMBICLTD
2020-09-25,ASHOKA
2020-09-25,IOLCP
2020-09-25,GRINDWELL
2020-09-25,FLUOROCHEM
2020-09-25,HEIDELBERG
2020-09-25,IEX
2020-09-25,INGERRAND
2020-09-25,DHANUKA
2020-09-25,INDOSTAR
2020-09-25,JKTYRE
2020-09-25,KSB
2020-09-25,JSLHISAR
2020-09-25,BEML
2020-09-25,SUPPETRO
2020-09-25,UJJIVANSFB
2020-09-25,UJJIVAN
2020-09-25,TRIDENT
2020-09-25,ADVENZYMES
2020-09-25,TASTYBITE
2020-09-25,SCHNEIDER
2020-09-25,NILKAMAL
2020-09-25,NFL
2020-09-25,MIDHANI
2020-09-25,MINDACORP
2020-09-25,LEMONTREE
2020-09-25,STARCEMENT
2020-09-25,CAPLIPOINT
2020-09-25,IRCON
2020-09-25,GRSE
2020-09-25,VENKEYS
2020-09-25,SEQUENT
2020-09-25,SOLARA
2020-09-25,SPICEJET
2020-09-25,STAR
2020-09-25,UCOBANK
2020-09-25,NESCO
2020-09-25,VAKRANGEE
2020-09-25,LAOPALA
2020-09-25,SCI
2020-09-25,PVRINOX
2020-09-25,ALOKINDS
2020-09-25,DBL
2020-09-25,FINEORG
2020-09-25,EQUITAS
2020-09-25,INDOCO
2020-09-25,EIDPARRY
2020-09-25,CEATLTD
2020-09-25,GODFRYPHLP
2020-09-25,THYROCARE
2020-09-25,WOCKPHARMA
2020-09-25,BAJAJELEC
2020-09-25,MAHABANK
2020-09-25,BASF
2020-09-25,BDL
2020-09-25,CARBORUNIV
2020-09-25,GARFIBRES
2020-09-25,IFBIND
2020-09-25,IBREALEST
2020-09-25,JSL
2020-09-25,MAHLOG
2020-09-25,NOCIL
2020-09-25,RVNL
2020-09-25,TCIEXP
2020-09-25,TCNSBRANDS
2020-09-25,UFLEX
2020-09-25,AARTIDRUGS
2020-09-25,DELTACORP
2020-09-25,EPIGRAL
2020-09-25,GALAXYSURF
2020-09-25,GUJALKALI
2020-09-25,SUPRAJIT
2020-09-25,KEI
2020-09-25,LAXMIMACH
2020-09-25,LUXIND
2020-09-25,ORIENTELEC
2020-09-25,POLYPLEX
2020-09-25,RAIN
2020-09-25,RALLIS
2020-09-25,SUZLON
2020-09-25,JAMNAAUTO
2020-09-25,TIMKEN
2020-09-25,SUNTECK
2020-09-25,IOB
2020-09-25,POWERINDIA
2020-09-25,KRBL
2020-09-25,JKPAPER
2020-09-25,GMMPFAUDLR
2020-09-25,SIS
2020-09-25,FDC
2020-09-25,QUESS
2020-09-25,DCMSHRIRAM
2020-09-25,CSBBANK
2020-09-25,COCHINSHIP
2020-09-25,CENTRALBK
2020-09-25,MHRIL
2020-09-25,BSE
2020-09-25,EPL
2020-09-25,STLTECH
2020-09-25,VARROC
2020-09-25,VMART
2020-09-25,VIPIND
2020-09-25,SPARC
2020-09-25,RATNAMANI
2020-09-25,JKLAKSHMI
2020-09-25,GSFC
2020-09-25,TEAMLEASE
2020-09-25,GAEL
2020-09-25,CIEINDIA
2020-09-25,BLUESTARCO
2020-09-25,BIRLACORPN
2020-09-25,AVANTIFEED
2020-09-25,TV18BRDCST
2020-09-25,IDFC
2020-09-25,GVT&D
2020-09-25,GNFC
2020-09-25,IRB
2020-09-25,JUSTDIAL
2020-09-25,SONATSOFTW
2020-09-25,ANGELONE
2020-09-25,CHAMBLFERT
2020-09-25,RCF
2020-09-25,RADICO
2020-09-25,MCX
2020-09-25,JSWDULUX
2020-09-25,JYOTHYLAB
2020-09-25,CERA
2020-09-25,CENTURYPLY
2020-09-25,WESTLIFE
2020-09-25,SWSOLAR
2020-09-25,PNCINFRA
2020-09-25,KNRCON
2020-09-25,FINPIPE
2020-09-25,COHANCE
2020-09-25,CANFINHOME
2020-09-25,POLYMED
2020-09-25,ABREL
2020-09-25,SWANCORP
2020-09-25,WELSPUNLIV
2020-09-25,BALRAMCHIN
2020-09-25,HFCL
2020-09-25,JBCHEPHARM
2020-09-25,GRANULES
2020-09-25,KPIL
2020-09-25,MMTC
2020-09-25,PCBL
2020-09-25,REDINGTON
2020-09-25,NCC
2020-09-25,WELCORP
2020-09-25,AEGISLOG
2020-09-25,RHIM
2020-09-25,FSL
2020-09-25,STRTECH
2020-09-25,INDIACEM
2020-09-25,CCL
2020-09-25,SOBHA
2020-09-25,KEC
2020-09-25,BRIGADE
2020-09-25,CYIENT
2020-09-25,ECLERX
2020-09-25,GESHIP
2020-09-25,CDSL
2020-09-25,NH
2020-09-25,VTL
2020-09-25,KARURVYSYA
2020-09-25,ELGIEQUIP
2020-09-25,GPPL
2020-09-25,ZENSARTECH
2020-09-25,HBLENGINE
2020-09-25,ASTERDM
2020-09-25,AMBER
2020-09-25,RITES
2020-09-25,CENTURYTEX
2020-09-25,GRAPHITE
2020-09-25,HEG
2020-09-25,NBCC
2020-09-25,ENGINERSIN
2020-09-25,FINCABLES
2020-09-25,SUDARSCHEM
2020-09-25,PNBHOUSING
2020-09-25,IIFL
2020-09-25,PAPERPROD
2020-09-25,BSOFT
2020-09-25,EIHOTEL
2020-09-25,CHALET
2020-09-25,TATACOFFEE
2020-11-02,ICRA
2020-11-02,HERITGFOOD
2020-11-02,HATHWAY
2020-11-02,GMDCLTD
2020-11-02,ESABINDIA
2020-11-02,DIXON
2020-11-02,DEEPAKNTR
2020-11-02,DBCORP
2020-11-02,CARERATING
2020-11-02,BOMDYEING
2020-11-02,INFIBEAM
2020-11-02,IDBI
2020-11-02,SOUTHBANK
2020-11-02,CHENNPETRO
2020-11-02,NAVNETEDUL
2020-11-02,JAICORPLTD
2020-11-02,J&KBANK
2020-11-02,KTKBANK
2020-11-02,KOLTEPATIL
2020-11-02,LAURUSLABS
2020-11-02,OMAXE
2020-11-02,ORIENTCEM
2020-11-02,PERSISTENT
2020-11-02,PRAJIND
2020-11-02,PGHL
2020-11-02,PSPPROJECT
2020-11-02,PTC
2020-11-02,JAGRAN
2020-11-02,SUVENPHAR
2020-11-02,SWARAJENG
2020-11-02,GRSE
2020-11-02,GEPIL
2020-11-02,TATAINVEST
2020-11-02,TVTODAY
2020-11-02,VRLLOG
2020-11-02,GHCL
2020-11-02,TATASTLBSL
2020-11-02,AFFLE
2020-11-02,ALKYLAMINE
2020-11-02,APLAPOLLO
2020-11-02,BALMLAWRIE
2020-11-02,BLISSGVS
2020-11-02,BLUEDART
2020-11-02,DISHTV
2020-11-02,DCAL
2020-11-02,SWANENERGY
2020-11-02,FCONSUMER
2020-11-02,GULFOILLUB
2020-11-02,HSCL
2020-11-02,HINDCOPPER
2020-11-02,HUHTAMAKI
2020-11-02,INDIANB
2020-11-02,JTEKTINDIA
2020-11-02,KAJARIACER
2020-11-02,LINDEINDIA
2020-11-02,MAHSCOOTER
2020-11-02,MAHSEAMLES
2020-11-02,MASFIN
2020-11-02,RAYMOND
2020-11-02,SHOPERSTOP
2020-11-02,TATAELXSI
2020-11-02,ALLCARGO
2020-11-02,ASHOKA
2020-11-02,JSLHISAR
2020-11-02,BHARATRAS
2020-11-02,CGCL
2020-11-02,DCBBANK
2020-11-02,DHANUKA
2020-11-02,GREAVESCOT
2020-11-02,GRINDWELL
2020-11-02,FLUOROCHEM
2020-11-02,HEIDELBERG
2020-11-02,IEX
2020-11-02,INGERRAND
2020-11-02,IOLCP
2020-11-02,ALEMBICLTD
2020-11-02,JKTYRE
2020-11-02,BAJAJCON
2020-11-02,JINDALSAW
2020-11-02,STARCEMENT
2020-11-02,SCHNEIDER
2020-11-02,NILKAMAL
2020-11-02,NFL
2020-11-02,TRIDENT
2020-11-02,MINDACORP
2020-11-02,LEMONTREE
2020-11-02,LAOPALA
2020-11-02,KSB
2020-11-02,BDL
2020-11-02,MIDHANI
2020-11-02,KSCL
2020-11-02,BASF
2020-11-02,TASTYBITE
2020-11-02,UJJIVANSFB
2020-11-02,UJJIVAN
2020-11-02,EQUITAS
2020-11-02,ADVENZYMES
2020-11-02,IRCON
2020-11-02,NESCO
2020-11-02,SEQUENT
2020-11-02,SOLARA
2020-11-02,SPICEJET
2020-11-02,STAR
2020-11-02,UCOBANK
2020-11-02,VAKRANGEE
2020-11-02,VENKEYS
2020-11-02,VAIBHAVGBL
2020-11-02,SCI
2020-11-02,BEML
2020-11-02,PVRINOX
2020-11-02,CAPLIPOINT
2020-11-02,DBL
2020-11-02,FINEORG
2020-11-02,INDOCO
2020-11-02,MOIL
2020-11-02,SHILPAMED
2020-11-02,SIS
2020-11-02,SUDARSCHEM
2020-11-02,THYROCARE
2020-11-02,TIMKEN
2020-11-02,WOCKPHARMA
2020-11-02,BAJAJELEC
2020-11-02,MAHABANK
2020-11-02,ALOKINDS
2020-11-02,SUPPETRO
2020-11-02,VSTIND
2020-11-02,TV18BRDCST
2020-11-02,INDIAMART
2020-11-02,PNCINFRA
2020-11-02,IFBIND
2020-11-02,IBREALEST
2020-11-02,JSL
2020-11-02,MAHLOG
2020-11-02,NOCIL
2020-11-02,RVNL
2020-11-02,TCIEXP
2020-11-02,TCNSBRANDS
2020-11-02,UFLEX
2020-11-02,AARTIDRUGS
2020-11-02,DELTACORP
2020-11-02,EPIGRAL
2020-11-02,CSBBANK
2020-11-02,KNRCON
2020-11-02,GALAXYSURF
2020-11-02,LAXMIMACH
2020-11-02,LUXIND
2020-11-02,ORIENTELEC
2020-11-02,POLYPLEX
2020-11-02,RAIN
2020-11-02,RALLIS
2020-11-02,SUPRAJIT
2020-11-02,SUZLON
2020-11-02,TEAMLEASE
2020-11-02,VMART
2020-11-02,BSE
2020-11-02,CENTRALBK
2020-11-02,GUJALKALI
2020-11-02,KEI
2020-11-02,NETWORK18
2020-11-02,COCHINSHIP
2020-11-02,DCMSHRIRAM
2020-11-02,IDFC
2020-11-02,SUNTECK
2020-11-02,STLTECH
2020-11-02,MHRIL
2020-11-02,KRBL
2020-11-02,JKPAPER
2020-11-02,IRB
2020-11-02,POWERINDIA
2020-11-02,GMMPFAUDLR
2020-11-02,FDC
2020-11-02,BIRLACORPN
2020-11-02,EPL
2020-11-02,IOB
2020-11-02,JAMNAAUTO
2020-11-02,RATNAMANI
2020-11-02,GVT&D
2020-11-02,GAEL
2020-11-02,GSFC
2020-11-02,JKLAKSHMI
2020-11-02,SPARC
2020-11-02,VIPIND
2020-11-02,VARROC
2020-11-02,QUESS
2020-11-02,GODFRYPHLP
2020-11-02,GNFC
2020-11-02,GPPL
2020-11-02,JUSTDIAL
2020-11-02,BLUESTARCO
2020-11-02,CIEINDIA
2020-11-02,HBLENGINE
2020-11-02,AVANTIFEED
2020-11-02,CCL
2020-11-02,CENTURYPLY
2020-11-02,CERA
2020-11-02,FINPIPE
2020-11-02,JYOTHYLAB
2020-11-02,MCX
2020-11-02,RADICO
2020-11-02,RCF
2020-11-02,CHAMBLFERT
2020-11-02,ANGELONE
2020-11-02,SONATSOFTW
2020-11-02,JSWDULUX
2020-11-02,SWSOLAR
2020-11-02,GRANULES
2020-11-02,WESTLIFE
2020-11-02,WELCORP
2020-11-02,ABREL
2020-11-02,SWANCORP
2020-11-02,FSL
2020-11-02,WELSPUNLIV
2020-11-02,BALRAMCHIN
2020-11-02,CEATLTD
2020-11-02,HFCL
2020-11-02,AEGISLOG
2020-11-02,KPIL
2020-11-02,MMTC
2020-11-02,PCBL
2020-11-02,REDINGTON
2020-11-02,NCC
2020-11-02,EIDPARRY
2020-11-02,JBCHEPHARM
2020-11-02,CANFINHOME
2020-11-02,RHIM
2020-11-02,COHANCE
2020-11-02,KEC
2020-11-02,BRIGADE
2020-11-02,CYIENT
2020-11-02,ECLERX
2020-11-02,GESHIP
2020-11-02,CDSL
2020-11-02,NH
2020-11-02,VTL
2020-11-02,ASTERDM
2020-11-02,ELGIEQUIP
2020-11-02,KARURVYSYA
2020-11-02,INDIACEM
2020-11-02,ZENSARTECH
2020-11-02,SOBHA
2020-11-02,IIFL
2020-11-02,CARBORUNIV
2020-11-02,GARFIBRES
2020-11-02,PNBHOUSING
2020-11-02,EIHOTEL
2020-11-02,CHALET
2020-11-02,POLYMED
2020-11-02,RITES
2020-11-02,NBCC
2020-11-02,HEG
2020-11-02,GRAPHITE
2020-11-02,FINCABLES
2020-11-02,BSOFT
2020-11-02,ENGINERSIN
2020-11-02,AMBER
2020-11-25,HERITGFOOD
2020-11-25,HATHWAY
2020-11-25,GMDCLTD
2020-11-25,ESABINDIA
2020-11-25,DIXON
2020-11-25,CHENNPETRO
2020-11-25,DBCORP
2020-11-25,CARERATING
2020-11-25,BOMDYEING
2020-11-25,INFIBEAM
2020-11-25,ICRA
2020-11-25,DEEPAKNTR
2020-11-25,IDBI
2020-11-25,NAVNETEDUL
2020-11-25,JAGRAN
2020-11-25,JAICORPLTD
2020-11-25,J&KBANK
2020-11-25,KTKBANK
2020-11-25,KOLTEPATIL
2020-11-25,LAURUSLABS
2020-11-25,OMAXE
2020-11-25,ORIENTCEM
2020-11-25,PERSISTENT
2020-11-25,PRAJIND
2020-11-25,PGHL
2020-11-25,PSPPROJECT
2020-11-25,PTC
2020-11-25,INDIAMART
2020-11-25,CARBORUNIV
2020-11-25,VRLLOG
2020-11-25,SWARAJENG
2020-11-25,TATAINVEST
2020-11-25,GHCL
2020-11-25,TATASTLBSL
2020-11-25,AFFLE
2020-11-25,ALKYLAMINE
2020-11-25,APLAPOLLO
2020-11-25,BLISSGVS
2020-11-25,BLUEDART
2020-11-25,DISHTV
2020-11-25,DCAL
2020-11-25,FCONSUMER
2020-11-25,GRSE
2020-11-25,TVTODAY
2020-11-25,GEPIL
2020-11-25,HSCL
2020-11-25,HINDCOPPER
2020-11-25,HUHTAMAKI
2020-11-25,INDIANB
2020-11-25,JTEKTINDIA
2020-11-25,KAJARIACER
2020-11-25,LINDEINDIA
2020-11-25,MAHSCOOTER
2020-11-25,MAHSEAMLES
2020-11-25,MASFIN
2020-11-25,RAYMOND
2020-11-25,SHOPERSTOP
2020-11-25,SWANENERGY
2020-11-25,GULFOILLUB
2020-11-25,TATAELXSI
2020-11-25,SUVENPHAR
2020-11-25,VAIBHAVGBL
2020-11-25,BEML
2020-11-25,ALEMBICLTD
2020-11-25,SUPPETRO
2020-11-25,BHARATRAS
2020-11-25,CGCL
2020-11-25,DCBBANK
2020-11-25,DHANUKA
2020-11-25,GREAVESCOT
2020-11-25,GRINDWELL
2020-11-25,HEIDELBERG
2020-11-25,IEX
2020-11-25,INGERRAND
2020-11-25,IOLCP
2020-11-25,JINDALSAW
2020-11-25,JKTYRE
2020-11-25,BAJAJCON
2020-11-25,FLUOROCHEM
2020-11-25,UJJIVAN
2020-11-25,TASTYBITE
2020-11-25,STARCEMENT
2020-11-25,SCHNEIDER
2020-11-25,NILKAMAL
2020-11-25,NFL
2020-11-25,TRIDENT
2020-11-25,MIDHANI
2020-11-25,MINDACORP
2020-11-25,LEMONTREE
2020-11-25,LAOPALA
2020-11-25,KSB
2020-11-25,BDL
2020-11-25,KSCL
2020-11-25,ASHOKA
2020-11-25,UJJIVANSFB
2020-11-25,ALOKINDS
2020-11-25,ADVENZYMES
2020-11-25,IRCON
2020-11-25,NESCO
2020-11-25,SEQUENT
2020-11-25,SOLARA
2020-11-25,SPICEJET
2020-11-25,STAR
2020-11-25,UCOBANK
2020-11-25,VAKRANGEE
2020-11-25,VENKEYS
2020-11-25,EQUITAS
2020-11-25,SCI
2020-11-25,PVRINOX
2020-11-25,JSLHISAR
2020-11-25,CAPLIPOINT
2020-11-25,FINEORG
2020-11-25,INDOCO
2020-11-25,MOIL
2020-11-25,SHILPAMED
2020-11-25,SIS
2020-11-25,SUDARSCHEM
2020-11-25,THYROCARE
2020-11-25,TIMKEN
2020-11-25,WOCKPHARMA
2020-11-25,BAJAJELEC
2020-11-25,MAHABANK
2020-11-25,VSTIND
2020-11-25,BASF
2020-11-25,DBL
2020-11-25,SOUTHBANK
2020-11-25,TCNSBRANDS
2020-11-25,BALMLAWRIE
2020-11-25,SWSOLAR
2020-11-25,MAHLOG
2020-11-25,NOCIL
2020-11-25,RVNL
2020-11-25,TCIEXP
2020-11-25,UFLEX
2020-11-25,AARTIDRUGS
2020-11-25,DELTACORP
2020-11-25,EPIGRAL
2020-11-25,GALAXYSURF
2020-11-25,GUJALKALI
2020-11-25,JAMNAAUTO
2020-11-25,KEI
2020-11-25,LAXMIMACH
2020-11-25,JSL
2020-11-25,LUXIND
2020-11-25,POLYPLEX
2020-11-25,RAIN
2020-11-25,RALLIS
2020-11-25,SUPRAJIT
2020-11-25,SUZLON
2020-11-25,TEAMLEASE
2020-11-25,VMART
2020-11-25,BSE
2020-11-25,CENTRALBK
2020-11-25,COCHINSHIP
2020-11-25,CSBBANK
2020-11-25,DCMSHRIRAM
2020-11-25,FDC
2020-11-25,ORIENTELEC
2020-11-25,NETWORK18
2020-11-25,EPL
2020-11-25,IBREALEST
2020-11-25,GARFIBRES
2020-11-25,AVANTIFEED
2020-11-25,TV18BRDCST
2020-11-25,IDFC
2020-11-25,SUNTECK
2020-11-25,STLTECH
2020-11-25,JKPAPER
2020-11-25,KRBL
2020-11-25,IRB
2020-11-25,IOB
2020-11-25,POWERINDIA
2020-11-25,BIRLACORPN
2020-11-25,MHRIL
2020-11-25,BLUESTARCO
2020-11-25,VIPIND
2020-11-25,GVT&D
2020-11-25,GAEL
2020-11-25,GSFC
2020-11-25,JKLAKSHMI
2020-11-25,RATNAMANI
2020-11-25,SPARC
2020-11-25,VARROC
2020-11-25,QUESS
2020-11-25,GODFRYPHLP
2020-11-25,GNFC
2020-11-25,GPPL
2020-11-25,JUSTDIAL
2020-11-25,KNRCON
2020-11-25,CIEINDIA
2020-11-25,PNCINFRA
2020-11-25,COHANCE
2020-11-25,GMMPFAUDLR
2020-11-25,SOBHA
2020-11-25,CERA
2020-11-25,FINPIPE
2020-11-25,JYOTHYLAB
2020-11-25,MCX
2020-11-25,RADICO
2020-11-25,RCF
2020-11-25,CHAMBLFERT
2020-11-25,ANGELONE
2020-11-25,SONATSOFTW
2020-11-25,JSWDULUX
2020-11-25,CANFINHOME
2020-11-25,GRANULES
2020-11-25,WELCORP
2020-11-25,CENTURYPLY
2020-11-25,ABREL
2020-11-25,FSL
2020-11-25,WELSPUNLIV
2020-11-25,BALRAMCHIN
2020-11-25,CEATLTD
2020-11-25,HFCL
2020-11-25,AEGISLOG
2020-11-25,KPIL
2020-11-25,MMTC
2020-11-25,PCBL
2020-11-25,REDINGTON
2020-11-25,NCC
2020-11-25,WESTLIFE
2020-11-25,JBCHEPHARM
2020-11-25,SWANCORP
2020-11-25,RHIM
2020-11-25,EIDPARRY
2020-11-25,INDIACEM
2020-11-25,KEC
2020-11-25,BRIGADE
2020-11-25,HBLENGINE
2020-11-25,CYIENT
2020-11-25,ECLERX
2020-11-25,GESHIP
2020-11-25,CDSL
2020-11-25,NH
2020-11-25,VTL
2020-11-25,ELGIEQUIP
2020-11-25,KARURVYSYA
2020-11-25,ZENSARTECH
2020-11-25,CCL
2020-11-25,RITES
2020-11-25,AMBER
2020-11-25,ASTERDM
2020-11-25,BSOFT
2020-11-25,IIFL
2020-11-25,MAHINDCIE
2020-11-25,PNBHOUSING
2020-11-25,EIHOTEL
2020-11-25,CHALET
2020-11-25,POLYMED
2020-11-25,IFBIND
2020-11-25,ENGINERSIN
2020-11-25,NBCC
2020-11-25,HEG
2020-11-25,GRAPHITE
2020-11-25,FINCABLES
2021-03-31,ESABINDIA
2021-03-31,BOMDYEING
2021-03-31,CARERATING
2021-03-31,CHENNPETRO
2021-03-31,DBCORP
2021-03-31,DEEPAKNTR
2021-03-31,INDIAMART
2021-03-31,GMDCLTD
2021-03-31,ICRA
2021-03-31,JAICORPLTD
2021-03-31,GARFIBRES
2021-03-31,IDBI
2021-03-31,HERITGFOOD
2021-03-31,TATASTLBSL
2021-03-31,DIXON
2021-03-31,KTKBANK
2021-03-31,ORIENTCEM
2021-03-31,VRLLOG
2021-03-31,PSPPROJECT
2021-03-31,JAGRAN
2021-03-31,NAVNETEDUL
2021-03-31,OMAXE
2021-03-31,PERSISTENT
2021-03-31,PRAJIND
2021-03-31,LAURUSLABS
2021-03-31,PGHL
2021-03-31,KOLTEPATIL
2021-03-31,SOUTHBANK
2021-03-31,SUVENPHAR
2021-03-31,SWARAJENG
2021-03-31,TATAELXSI
2021-03-31,TVTODAY
2021-03-31,PTC
2021-03-31,GHCL
2021-03-31,GEPIL
2021-03-31,BAJAJCON
2021-03-31,FCONSUMER
2021-03-31,APLAPOLLO
2021-03-31,BALMLAWRIE
2021-03-31,BLISSGVS
2021-03-31,BLUEDART
2021-03-31,DISHTV
2021-03-31,ALKYLAMINE
2021-03-31,DCAL
2021-03-31,JTEKTINDIA
2021-03-31,GULFOILLUB
2021-03-31,HSCL
2021-03-31,HINDCOPPER
2021-03-31,HUHTAMAKI
2021-03-31,BHARATRAS
2021-03-31,GRSE
2021-03-31,AFFLE
2021-03-31,KAJARIACER
2021-03-31,ASHOKA
2021-03-31,SUNCLAYLTD
2021-03-31,MAHSEAMLES
2021-03-31,MASFIN
2021-03-31,NATIONALUM
2021-03-31,RAYMOND
2021-03-31,RESPONIND
2021-03-31,MAHSCOOTER
2021-03-31,SHOPERSTOP
2021-03-31,LINDEINDIA
2021-03-31,TATAINVEST
2021-03-31,VAIBHAVGBL
2021-03-31,VSTIND
2021-03-31,ZFCVINDIA
2021-03-31,ALEMBICLTD
2021-03-31,SWANENERGY
2021-03-31,HATHWAY
2021-03-31,STARCEMENT
2021-03-31,ALOKINDS
2021-03-31,LEMONTREE
2021-03-31,HEIDELBERG
2021-03-31,DHANUKA
2021-03-31,ERIS
2021-03-31,FRETAIL
2021-03-31,GREAVESCOT
2021-03-31,GRINDWELL
2021-03-31,FLUOROCHEM
2021-03-31,IEX
2021-03-31,LAOPALA
2021-03-31,INGERRAND
2021-03-31,IOLCP
2021-03-31,JINDALSAW
2021-03-31,JKTYRE
2021-03-31,HAPPSTMNDS
2021-03-31,KSCL
2021-03-31,MIDHANI
2021-03-31,BEML
2021-03-31,INDIANB
2021-03-31,SHRIRAMCIT
2021-03-31,TASTYBITE
2021-03-31,NFL
2021-03-31,NILKAMAL
2021-03-31,SCHNEIDER
2021-03-31,MINDACORP
2021-03-31,SHARDACROP
2021-03-31,JSLHISAR
2021-03-31,TRIDENT
2021-03-31,UJJIVAN
2021-03-31,UJJIVANSFB
2021-03-31,VALIANTORG
2021-03-31,SUPPETRO
2021-03-31,SPANDANA
2021-03-31,KSB
2021-03-31,ADVENZYMES
2021-03-31,BAJAJELEC
2021-03-31,STAR
2021-03-31,IRCON
2021-03-31,KPRMILL
2021-03-31,NESCO
2021-03-31,SEQUENT
2021-03-31,SOLARA
2021-03-31,ICIL
2021-03-31,SPICEJET
2021-03-31,CAPLIPOINT
2021-03-31,VAKRANGEE
2021-03-31,VENKEYS
2021-03-31,EQUITAS
2021-03-31,SCI
2021-03-31,PVRINOX
2021-03-31,UCOBANK
2021-03-31,DBL
2021-03-31,INDOCO
2021-03-31,CGCL
2021-03-31,HEMIPROP
2021-03-31,THYROCARE
2021-03-31,MOIL
2021-03-31,SFL
2021-03-31,SHILPAMED
2021-03-31,SIS
2021-03-31,SUDARSCHEM
2021-03-31,SYMPHONY
2021-03-31,TIMKEN
2021-03-31,FINEORG
2021-03-31,WOCKPHARMA
2021-03-31,EDELWEISS
2021-03-31,MAHABANK
2021-03-31,BASF
2021-03-31,BDL
2021-03-31,DCBBANK
2021-03-31,CARBORUNIV
2021-03-31,BIRLACORPN
2021-03-31,IFBIND
2021-03-31,TCIEXP
2021-03-31,NETWORK18
2021-03-31,JSL
2021-03-31,KPITTECH
2021-03-31,MAHLOG
2021-03-31,MAZDOCK
2021-03-31,FDC
2021-03-31,RVNL
2021-03-31,JAMNAAUTO
2021-03-31,UFLEX
2021-03-31,AARTIDRUGS
2021-03-31,DELTACORP
2021-03-31,EPIGRAL
2021-03-31,GALAXYSURF
2021-03-31,TCNSBRANDS
2021-03-31,GUJALKALI
2021-03-31,KEI
2021-03-31,DCMSHRIRAM
2021-03-31,SUZLON
2021-03-31,ORIENTELEC
2021-03-31,POLYPLEX
2021-03-31,RAIN
2021-03-31,RALLIS
2021-03-31,ROSSARI
2021-03-31,LUXIND
2021-03-31,SUPRAJIT
2021-03-31,LAXMIMACH
2021-03-31,VMART
2021-03-31,BSE
2021-03-31,CENTRALBK
2021-03-31,COCHINSHIP
2021-03-31,CSBBANK
2021-03-31,TEAMLEASE
2021-03-31,PNCINFRA
2021-03-31,EPL
2021-03-31,GMMPFAUDLR
2021-03-31,BALAMINES
2021-03-31,JKPAPER
2021-03-31,IOB
2021-03-31,KRBL
2021-03-31,MHRIL
2021-03-31,J&KBANK
2021-03-31,NLCINDIA
2021-03-31,MRPL
2021-03-31,PRINCEPIPE
2021-03-31,STLTECH
2021-03-31,SUNTECK
2021-03-31,IDFC
2021-03-31,TV18BRDCST
2021-03-31,AVANTIFEED
2021-03-31,HUDCO
2021-03-31,NOCIL
2021-03-31,GNFC
2021-03-31,KNRCON
2021-03-31,VIPIND
2021-03-31,GVT&D
2021-03-31,GAEL
2021-03-31,GSFC
2021-03-31,JKLAKSHMI
2021-03-31,RATNAMANI
2021-03-31,CIEINDIA
2021-03-31,SPARC
2021-03-31,BLUESTARCO
2021-03-31,QUESS
2021-03-31,GODFRYPHLP
2021-03-31,GPPL
2021-03-31,JUSTDIAL
2021-03-31,POWERINDIA
2021-03-31,VARROC
2021-03-31,PNBHOUSING
2021-03-31,IRB
2021-03-31,IIFL
2021-03-31,WELCORP
2021-03-31,MCX
2021-03-31,TANLA
2021-03-31,WESTLIFE
2021-03-31,CENTURYPLY
2021-03-31,CERA
2021-03-31,EIDPARRY
2021-03-31,FINPIPE
2021-03-31,RADICO
2021-03-31,GRANULES
2021-03-31,RCF
2021-03-31,CHAMBLFERT
2021-03-31,ANGELONE
2021-03-31,SONATSOFTW
2021-03-31,JYOTHYLAB
2021-03-31,JSWDULUX
2021-03-31,ABREL
2021-03-31,COHANCE
2021-03-31,SWSOLAR
2021-03-31,ROUTE
2021-03-31,SWANCORP
2021-03-31,FSL
2021-03-31,WELSPUNLIV
2021-03-31,CEATLTD
2021-03-31,RHIM
2021-03-31,HFCL
2021-03-31,KPIL
2021-03-31,MMTC
2021-03-31,PCBL
2021-03-31,REDINGTON
2021-03-31,NCC
2021-03-31,JBCHEPHARM
2021-03-31,AEGISLOG
2021-03-31,CANFINHOME
2021-03-31,BALRAMCHIN
2021-03-31,INDIACEM
2021-03-31,NH
2021-03-31,KEC
2021-03-31,BRIGADE
2021-03-31,CYIENT
2021-03-31,ECLERX
2021-03-31,GESHIP
2021-03-31,SOBHA
2021-03-31,CDSL
2021-03-31,AMBER
2021-03-31,ASTERDM
2021-03-31,KARURVYSYA
2021-03-31,ZENSARTECH
2021-03-31,HBLENGINE
2021-03-31,RITES
2021-03-31,VTL
2021-03-31,BSOFT
2021-03-31,ELGIEQUIP
2021-03-31,IBREALEST
2021-03-31,GRAPHITE
2021-03-31,HEG
2021-03-31,NBCC
2021-03-31,ENGINERSIN
2021-03-31,POLYMED
2021-03-31,CHALET
2021-03-31,EIHOTEL
2021-03-31,MAHINDCIE
2021-03-31,FINCABLES
2021-03-31,ASAHIINDIA
2021-03-31,CAMS
2021-03-31,INTELLECT
2021-03-31,TRITURBINE
2021-03-31,UTIAMC
2021-03-31,ANGELBRKG
2021-03-31,CCL
2021-04-29,GEPIL
2021-04-29,GRSE
2021-04-29,FCONSUMER
2021-04-29,DCAL
2021-04-29,DISHTV
2021-04-29,APLAPOLLO
2021-04-29,BALMLAWRIE
2021-04-29,ALKYLAMINE
2021-04-29,AFFLE
2021-04-29,TATAINVEST
2021-04-29,GHCL
2021-04-29,BLISSGVS
2021-04-29,TATASTLBSL
2021-04-29,LINDEINDIA
2021-04-29,HINDCOPPER
2021-04-29,HUHTAMAKI
2021-04-29,INDIANB
2021-04-29,JTEKTINDIA
2021-04-29,KAJARIACER
2021-04-29,MAHSCOOTER
2021-04-29,MAHSEAMLES
2021-04-29,MASFIN
2021-04-29,NATIONALUM
2021-04-29,RAYMOND
2021-04-29,RESPONIND
2021-04-29,INFIBEAM
2021-04-29,SHOPERSTOP
2021-04-29,HSCL
2021-04-29,GULFOILLUB
2021-04-29,SUNCLAYLTD
2021-04-29,INGERRAND
2021-04-29,SHARDACROP
2021-04-29,ALEMBICLTD
2021-04-29,SPANDANA
2021-04-29,ASHOKA
2021-04-29,BAJAJCON
2021-04-29,BHARATRAS
2021-04-29,CGCL
2021-04-29,DCBBANK
2021-04-29,DHANUKA
2021-04-29,FRETAIL
2021-04-29,GREAVESCOT
2021-04-29,GRINDWELL
2021-04-29,FLUOROCHEM
2021-04-29,HAPPSTMNDS
2021-04-29,VAIBHAVGBL
2021-04-29,VSTIND
2021-04-29,IOLCP
2021-04-29,JINDALSAW
2021-04-29,JKTYRE
2021-04-29,KSCL
2021-04-29,KSB
2021-04-29,LAOPALA
2021-04-29,LEMONTREE
2021-04-29,MINDACORP
2021-04-29,MIDHANI
2021-04-29,NFL
2021-04-29,NILKAMAL
2021-04-29,SCHNEIDER
2021-04-29,IEX
2021-04-29,HEIDELBERG
2021-04-29,SWANENERGY
2021-04-29,MOIL
2021-04-29,SIS
2021-04-29,UJJIVANSFB
2021-04-29,VALIANTORG
2021-04-29,SUPPETRO
2021-04-29,BEML
2021-04-29,JSLHISAR
2021-04-29,SHRIRAMCIT
2021-04-29,ADVENZYMES
2021-04-29,HEMIPROP
2021-04-29,ICIL
2021-04-29,IRCON
2021-04-29,KPRMILL
2021-04-29,NESCO
2021-04-29,ERIS
2021-04-29,UJJIVAN
2021-04-29,DBL
2021-04-29,SEQUENT
2021-04-29,CAPLIPOINT
2021-04-29,ALOKINDS
2021-04-29,PVRINOX
2021-04-29,SCI
2021-04-29,VENKEYS
2021-04-29,EQUITAS
2021-04-29,UCOBANK
2021-04-29,STAR
2021-04-29,SPICEJET
2021-04-29,SOLARA
2021-04-29,VAKRANGEE
2021-04-29,ZFCVINDIA
2021-04-29,FINEORG
2021-04-29,TRIDENT
2021-04-29,INDOCO
2021-04-29,GARFIBRES
2021-04-29,SUDARSCHEM
2021-04-29,SYMPHONY
2021-04-29,THYROCARE
2021-04-29,TIMKEN
2021-04-29,WOCKPHARMA
2021-04-29,BAJAJELEC
2021-04-29,EDELWEISS
2021-04-29,MAHABANK
2021-04-29,BASF
2021-04-29,BDL
2021-04-29,CARBORUNIV
2021-04-29,IFBIND
2021-04-29,SHILPAMED
2021-04-29,IBREALEST
2021-04-29,KPITTECH
2021-04-29,MAHLOG
2021-04-29,MAZDOCK
2021-04-29,NOCIL
2021-04-29,RVNL
2021-04-29,TCIEXP
2021-04-29,TCNSBRANDS
2021-04-29,UFLEX
2021-04-29,AARTIDRUGS
2021-04-29,DELTACORP
2021-04-29,EPIGRAL
2021-04-29,STARCEMENT
2021-04-29,GALAXYSURF
2021-04-29,JSL
2021-04-29,SFL
2021-04-29,TASTYBITE
2021-04-29,GUJALKALI
2021-04-29,BALAMINES
2021-04-29,JAMNAAUTO
2021-04-29,CERA
2021-04-29,LUXIND
2021-04-29,ORIENTELEC
2021-04-29,POLYPLEX
2021-04-29,RAIN
2021-04-29,RALLIS
2021-04-29,ROSSARI
2021-04-29,SUPRAJIT
2021-04-29,SUZLON
2021-04-29,TEAMLEASE
2021-04-29,VMART
2021-04-29,BSE
2021-04-29,RBA
2021-04-29,LAXMIMACH
2021-04-29,CENTRALBK
2021-04-29,EPL
2021-04-29,FDC
2021-04-29,GMMPFAUDLR
2021-04-29,POWERINDIA
2021-04-29,HUDCO
2021-04-29,IOB
2021-04-29,IRB
2021-04-29,JKPAPER
2021-04-29,KRBL
2021-04-29,MHRIL
2021-04-29,MRPL
2021-04-29,NLCINDIA
2021-04-29,COCHINSHIP
2021-04-29,DCMSHRIRAM
2021-04-29,FINPIPE
2021-04-29,PRINCEPIPE
2021-04-29,VIPIND
2021-04-29,BLUEDART
2021-04-29,RATNAMANI
2021-04-29,JKLAKSHMI
2021-04-29,GSFC
2021-04-29,GAEL
2021-04-29,GVT&D
2021-04-29,BIRLACORPN
2021-04-29,BLUESTARCO
2021-04-29,AVANTIFEED
2021-04-29,SPARC
2021-04-29,IDFC
2021-04-29,CIEINDIA
2021-04-29,TV18BRDCST
2021-04-29,CSBBANK
2021-04-29,JUSTDIAL
2021-04-29,QUESS
2021-04-29,GODFRYPHLP
2021-04-29,GNFC
2021-04-29,GPPL
2021-04-29,KNRCON
2021-04-29,NETWORK18
2021-04-29,PNCINFRA
2021-04-29,ROUTE
2021-04-29,SWSOLAR
2021-04-29,TANLA
2021-04-29,SUNTECK
2021-04-29,WESTLIFE
2021-04-29,CENTURYPLY
2021-04-29,VARROC
2021-04-29,ECLERX
2021-04-29,STLTECH
2021-04-29,GESHIP
2021-04-29,CHAMBLFERT
2021-04-29,ANGELONE
2021-04-29,SONATSOFTW
2021-04-29,JSWDULUX
2021-04-29,CANFINHOME
2021-04-29,GRANULES
2021-04-29,WELCORP
2021-04-29,EIDPARRY
2021-04-29,ABREL
2021-04-29,SWANCORP
2021-04-29,FSL
2021-04-29,WELSPUNLIV
2021-04-29,CEATLTD
2021-04-29,RCF
2021-04-29,HFCL
2021-04-29,KPIL
2021-04-29,MMTC
2021-04-29,PCBL
2021-04-29,REDINGTON
2021-04-29,NCC
2021-04-29,JBCHEPHARM
2021-04-29,COHANCE
2021-04-29,RHIM
2021-04-29,HBLENGINE
2021-04-29,INDIACEM
2021-04-29,CCL
2021-04-29,MCX
2021-04-29,JYOTHYLAB
2021-04-29,AEGISLOG
2021-04-29,RADICO
2021-04-29,BALRAMCHIN
2021-04-29,KEC
2021-04-29,CDSL
2021-04-29,NH
2021-04-29,SOBHA
2021-04-29,VTL
2021-04-29,ASTERDM
2021-04-29,ELGIEQUIP
2021-04-29,KARURVYSYA
2021-04-29,ZENSARTECH
2021-04-29,RITES
2021-04-29,IIFL
2021-04-29,BSOFT
2021-04-29,FINCABLES
2021-04-29,CYIENT
2021-04-29,GRAPHITE
2021-04-29,NBCC
2021-04-29,AMBER
2021-04-29,HEG
2021-04-29,BRIGADE
2021-04-29,ENGINERSIN
2021-04-29,KEI
2021-04-29,UTIAMC
2021-04-29,TRITURBINE
2021-04-29,INTELLECT
2021-04-29,ASAHIINDIA
2021-04-29,CAMS
2021-04-29,PNBHOUSING
2021-04-29,EIHOTEL
2021-04-29,CHALET
2021-04-29,POLYMED
2021-04-29,ANGELBRKG
2021-09-30,BALMLAWRIE
2021-09-30,AFFLE
2021-09-30,KEI
2021-09-30,ALKYLAMINE
2021-09-30,APLAPOLLO
2021-09-30,BLISSGVS
2021-09-30,GEPIL
2021-09-30,DISHTV
2021-09-30,HINDCOPPER
2021-09-30,DCAL
2021-09-30,FCONSUMER
2021-09-30,GRSE
2021-09-30,BLUEDART
2021-09-30,GULFOILLUB
2021-09-30,ALEMBICLTD
2021-09-30,MAHSCOOTER
2021-09-30,JTEKTINDIA
2021-09-30,KAJARIACER
2021-09-30,HSCL
2021-09-30,LINDEINDIA
2021-09-30,MAHSEAMLES
2021-09-30,MASFIN
2021-09-30,NATIONALUM
2021-09-30,HUHTAMAKI
2021-09-30,RESPONIND
2021-09-30,SHOPERSTOP
2021-09-30,SUNCLAYLTD
2021-09-30,SWANENERGY
2021-09-30,TATAINVEST
2021-09-30,VAIBHAVGBL
2021-09-30,VSTIND
2021-09-30,INDIANB
2021-09-30,ZFCVINDIA
2021-09-30,IDBI
2021-09-30,UJJIVANSFB
2021-09-30,GRINDWELL
2021-09-30,CGCL
2021-09-30,CGPOWER
2021-09-30,DCBBANK
2021-09-30,DHANUKA
2021-09-30,FRETAIL
2021-09-30,BHARATRAS
2021-09-30,GREAVESCOT
2021-09-30,HAPPSTMNDS
2021-09-30,HEIDELBERG
2021-09-30,IEX
2021-09-30,INGERRAND
2021-09-30,IOLCP
2021-09-30,RAYMOND
2021-09-30,JINDALSAW
2021-09-30,ASHOKA
2021-09-30,JKTYRE
2021-09-30,UJJIVAN
2021-09-30,SCHNEIDER
2021-09-30,LAOPALA
2021-09-30,LEMONTREE
2021-09-30,MINDACORP
2021-09-30,MIDHANI
2021-09-30,NFL
2021-09-30,KSB
2021-09-30,NILKAMAL
2021-09-30,KSCL
2021-09-30,SPANDANA
2021-09-30,STARCEMENT
2021-09-30,TASTYBITE
2021-09-30,TTML
2021-09-30,TRIDENT
2021-09-30,SHARDACROP
2021-09-30,VALIANTORG
2021-09-30,UCOBANK
2021-09-30,BEML
2021-09-30,HEMIPROP
2021-09-30,JSLHISAR
2021-09-30,SHRIRAMCIT
2021-09-30,SIS
2021-09-30,ADVENZYMES
2021-09-30,ERIS
2021-09-30,TATASTLLP
2021-09-30,HATHWAY
2021-09-30,STAR
2021-09-30,IRCON
2021-09-30,KPRMILL
2021-09-30,NESCO
2021-09-30,RAILTEL
2021-09-30,SEQUENT
2021-09-30,ICIL
2021-09-30,SOLARA
2021-09-30,SPICEJET
2021-09-30,SHILPAMED
2021-09-30,ASTRAZEN
2021-09-30,VENKEYS
2021-09-30,EQUITAS
2021-09-30,SCI
2021-09-30,PVRINOX
2021-09-30,ALOKINDS
2021-09-30,VAKRANGEE
2021-09-30,DBL
2021-09-30,KALYANKJIL
2021-09-30,FINEORG
2021-09-30,INDOCO
2021-09-30,MOIL
2021-09-30,PGHL
2021-09-30,SFL
2021-09-30,CAPLIPOINT
2021-09-30,POONAWALLA
2021-09-30,HGS
2021-09-30,SUDARSCHEM
2021-09-30,THYROCARE
2021-09-30,TIMKEN
2021-09-30,WOCKPHARMA
2021-09-30,BAJAJELEC
2021-09-30,EDELWEISS
2021-09-30,MAHABANK
2021-09-30,BASF
2021-09-30,BDL
2021-09-30,CARBORUNIV
2021-09-30,FACT
2021-09-30,GARFIBRES
2021-09-30,GODREJAGRO
2021-09-30,HIKAL
2021-09-30,IFBIND
2021-09-30,IBREALEST
2021-09-30,SYMPHONY
2021-09-30,JSL
2021-09-30,MAHLOG
2021-09-30,AARTIDRUGS
2021-09-30,MAZDOCK
2021-09-30,NOCIL
2021-09-30,RVNL
2021-09-30,TCIEXP
2021-09-30,TCNSBRANDS
2021-09-30,UFLEX
2021-09-30,DELTACORP
2021-09-30,KPITTECH
2021-09-30,EPIGRAL
2021-09-30,GALAXYSURF
2021-09-30,GUJALKALI
2021-09-30,INFIBEAM
2021-09-30,SUPPETRO
2021-09-30,JAMNAAUTO
2021-09-30,BAJAJCON
2021-09-30,SUPRAJIT
2021-09-30,FLUOROCHEM
2021-09-30,RADICO
2021-09-30,SJVN
2021-09-30,MCX
2021-09-30,NAZARA
2021-09-30,ORIENTELEC
2021-09-30,POLYPLEX
2021-09-30,RALLIS
2021-09-30,SUNTECK
2021-09-30,ROSSARI
2021-09-30,CSBBANK
2021-09-30,TEAMLEASE
2021-09-30,VMART
2021-09-30,BSE
2021-09-30,ANURAS
2021-09-30,CENTRALBK
2021-09-30,SUZLON
2021-09-30,COCHINSHIP
2021-09-30,DCMSHRIRAM
2021-09-30,RBA
2021-09-30,JKPAPER
2021-09-30,GMMPFAUDLR
2021-09-30,POWERINDIA
2021-09-30,HUDCO
2021-09-30,IOB
2021-09-30,INDIGOPNTS
2021-09-30,FDC
2021-09-30,IRB
2021-09-30,EPL
2021-09-30,LXCHEM
2021-09-30,MHRIL
2021-09-30,MRPL
2021-09-30,NLCINDIA
2021-09-30,PRINCEPIPE
2021-09-30,KRBL
2021-09-30,PRAJIND
2021-09-30,RAIN
2021-09-30,ROUTE
2021-09-30,VARROC
2021-09-30,BIRLACORPN
2021-09-30,BLUESTARCO
2021-09-30,CIEINDIA
2021-09-30,EQUITASBNK
2021-09-30,GVT&D
2021-09-30,AVANTIFEED
2021-09-30,BALAMINES
2021-09-30,JKLAKSHMI
2021-09-30,RATNAMANI
2021-09-30,VIPIND
2021-09-30,SPARC
2021-09-30,GSFC
2021-09-30,LAXMIMACH
2021-09-30,GAEL
2021-09-30,IDFC
2021-09-30,QUESS
2021-09-30,GNFC
2021-09-30,GPPL
2021-09-30,JUSTDIAL
2021-09-30,KNRCON
2021-09-30,MASTEK
2021-09-30,NETWORK18
2021-09-30,PNCINFRA
2021-09-30,CERA
2021-09-30,SWSOLAR
2021-09-30,TANLA
2021-09-30,WESTLIFE
2021-09-30,CENTURYPLY
2021-09-30,FINPIPE
2021-09-30,TV18BRDCST
2021-09-30,JYOTHYLAB
2021-09-30,GODFRYPHLP
2021-09-30,BBTC
2021-09-30,STLTECH
2021-09-30,POLYMED
2021-09-30,HFCL
2021-09-30,VGUARD
2021-09-30,CHAMBLFERT
2021-09-30,ANGELONE
2021-09-30,SONATSOFTW
2021-09-30,JSWDULUX
2021-09-30,AEGISLOG
2021-09-30,CANFINHOME
2021-09-30,CEATLTD
2021-09-30,EIDPARRY
2021-09-30,ABREL
2021-09-30,SWANCORP
2021-09-30,FSL
2021-09-30,WELSPUNLIV
2021-09-30,WELCORP
2021-09-30,BALRAMCHIN
2021-09-30,KPIL
2021-09-30,CYIENT
2021-09-30,MMTC
2021-09-30,RCF
2021-09-30,PCBL
2021-09-30,REDINGTON
2021-09-30,NCC
2021-09-30,JBCHEPHARM
2021-09-30,ECLERX
2021-09-30,COHANCE
2021-09-30,HBLENGINE
2021-09-30,INDIACEM
2021-09-30,CCL
2021-09-30,SOBHA
2021-09-30,KEC
2021-09-30,BRIGADE
2021-09-30,RHIM
2021-09-30,GESHIP
2021-09-30,GRANULES
2021-09-30,KARURVYSYA
2021-09-30,AMBER
2021-09-30,ASTERDM
2021-09-30,ELGIEQUIP
2021-09-30,ZENSARTECH
2021-09-30,RITES
2021-09-30,IIFL
2021-09-30,EIHOTEL
2021-09-30,BSOFT
2021-09-30,FINCABLES
2021-09-30,GRAPHITE
2021-09-30,HEG
2021-09-30,CDSL
2021-09-30,NBCC
2021-09-30,ENGINERSIN
2021-09-30,CHALET
2021-09-30,ANGELBRKG
2021-09-30,VTL
2021-09-30,JUBLINGREA
2021-09-30,NH
2021-09-30,CESC
2021-09-30,ASAHIINDIA
2021-09-30,CAMS
2021-09-30,INTELLECT
2021-09-30,TRITURBINE
2021-09-30,JUBLPHARMA
2021-09-30,LUXIND
2021-09-30,UTIAMC
2021-09-30,PNBHOUSING
2021-09-30,HOMEFIRST
2021-09-30,IIFLWAM
2021-09-30,SAMMAANCAP
2021-09-30,JMFINANCIL
2021-09-30,CREDITACC
2022-03-31,ALEMBICLTD
2022-03-31,CGCL
2022-03-31,FDC
2022-03-31,ASHOKA
2022-03-31,BAJAJCON
2022-03-31,BHARATRAS
2022-03-31,DCBBANK
2022-03-31,JINDALSAW
2022-03-31,DHANUKA
2022-03-31,GREAVESCOT
2022-03-31,GRINDWELL
2022-03-31,FLUOROCHEM
2022-03-31,CGPOWER
2022-03-31,HAPPSTMNDS
2022-03-31,IDBI
2022-03-31,IEX
2022-03-31,JKTYRE
2022-03-31,IOLCP
2022-03-31,HEIDELBERG
2022-03-31,KSCL
2022-03-31,KSB
2022-03-31,LAOPALA
2022-03-31,LEMONTREE
2022-03-31,MINDACORP
2022-03-31,INGERRAND
2022-03-31,MIDHANI
2022-03-31,NILKAMAL
2022-03-31,SCHNEIDER
2022-03-31,SHARDACROP
2022-03-31,SPANDANA
2022-03-31,STARCEMENT
2022-03-31,TASTYBITE
2022-03-31,NFL
2022-03-31,TTML
2022-03-31,ICIL
2022-03-31,UJJIVAN
2022-03-31,DEVYANI
2022-03-31,VALIANTORG
2022-03-31,SUPPETRO
2022-03-31,BEML
2022-03-31,JSLHISAR
2022-03-31,SHRIRAMCIT
2022-03-31,UJJIVANSFB
2022-03-31,ADVENZYMES
2022-03-31,NESCO
2022-03-31,GLS
2022-03-31,HATHWAY
2022-03-31,HEMIPROP
2022-03-31,IRCON
2022-03-31,ASTRAZEN
2022-03-31,ERIS
2022-03-31,POONAWALLA
2022-03-31,SEQUENT
2022-03-31,ALOKINDS
2022-03-31,VENKEYS
2022-03-31,SOLARA
2022-03-31,SPICEJET
2022-03-31,STAR
2022-03-31,BDL
2022-03-31,TATASTLLP
2022-03-31,UCOBANK
2022-03-31,VAKRANGEE
2022-03-31,EQUITAS
2022-03-31,RAILTEL
2022-03-31,ALLCARGO
2022-03-31,SCI
2022-03-31,SAREGAMA
2022-03-31,PVRINOX
2022-03-31,ABSLAMC
2022-03-31,TRIDENT
2022-03-31,CAPLIPOINT
2022-03-31,CARBORUNIV
2022-03-31,DBL
2022-03-31,FINEORG
2022-03-31,TCNSBRANDS
2022-03-31,INDOCO
2022-03-31,METROBRAND
2022-03-31,PRIVISCL
2022-03-31,PGHL
2022-03-31,SFL
2022-03-31,SHILPAMED
2022-03-31,SIS
2022-03-31,SUDARSCHEM
2022-03-31,SYMPHONY
2022-03-31,THYROCARE
2022-03-31,TIMKEN
2022-03-31,WOCKPHARMA
2022-03-31,BAJAJELEC
2022-03-31,EDELWEISS
2022-03-31,MOIL
2022-03-31,BASF
2022-03-31,KPRMILL
2022-03-31,HGS
2022-03-31,FACT
2022-03-31,GARFIBRES
2022-03-31,GODREJAGRO
2022-03-31,HIKAL
2022-03-31,NOCIL
2022-03-31,IFBIND
2022-03-31,IBREALEST
2022-03-31,RVNL
2022-03-31,JSL
2022-03-31,KPITTECH
2022-03-31,MAHLOG
2022-03-31,MAZDOCK
2022-03-31,MAHABANK
2022-03-31,TCIEXP
2022-03-31,FRETAIL
2022-03-31,ANURAS
2022-03-31,AARTIDRUGS
2022-03-31,BCG
2022-03-31,DELTACORP
2022-03-31,EPIGRAL
2022-03-31,GRINFRA
2022-03-31,GOCOLORS
2022-03-31,GUJALKALI
2022-03-31,HLEGLAS
2022-03-31,INFIBEAM
2022-03-31,JAMNAAUTO
2022-03-31,KALYANKJIL
2022-03-31,KEI
2022-03-31,LAXMIMACH
2022-03-31,LUXIND
2022-03-31,NAZARA
2022-03-31,ORIENTELEC
2022-03-31,POLYPLEX
2022-03-31,RAIN
2022-03-31,RALLIS
2022-03-31,ROSSARI
2022-03-31,SJVN
2022-03-31,SUPRAJIT
2022-03-31,SUZLON
2022-03-31,TEAMLEASE
2022-03-31,TTKPRESTIG
2022-03-31,VMART
2022-03-31,ZYDUSWELL
2022-03-31,BSE
2022-03-31,BORORENEW
2022-03-31,CENTRALBK
2022-03-31,COCHINSHIP
2022-03-31,CSBBANK
2022-03-31,DCMSHRIRAM
2022-03-31,DHANI
2022-03-31,UFLEX
2022-03-31,EPL
2022-03-31,JBCHEPHARM
2022-03-31,GMMPFAUDLR
2022-03-31,LXCHEM
2022-03-31,ABREL
2022-03-31,HUDCO
2022-03-31,INDIGOPNTS
2022-03-31,IRB
2022-03-31,JKPAPER
2022-03-31,TATAINVEST
2022-03-31,KRBL
2022-03-31,SUNTECK
2022-03-31,MRPL
2022-03-31,MEDPLUS
2022-03-31,NLCINDIA
2022-03-31,PRINCEPIPE
2022-03-31,RBA
2022-03-31,MHRIL
2022-03-31,STLTECH
2022-03-31,VAIBHAVGBL
2022-03-31,MOTILALOFS
2022-03-31,TV18BRDCST
2022-03-31,AVANTIFEED
2022-03-31,BALAMINES
2022-03-31,BIRLACORPN
2022-03-31,BLUESTARCO
2022-03-31,CHEMPLASTS
2022-03-31,IDFC
2022-03-31,CIEINDIA
2022-03-31,EQUITASBNK
2022-03-31,GVT&D
2022-03-31,VIJAYA
2022-03-31,GAEL
2022-03-31,GSFC
2022-03-31,JKLAKSHMI
2022-03-31,EASEMYTRIP
2022-03-31,RATNAMANI
2022-03-31,IOB
2022-03-31,VIPIND
2022-03-31,QUESS
2022-03-31,TANLA
2022-03-31,GODFRYPHLP
2022-03-31,GNFC
2022-03-31,GPPL
2022-03-31,EIDPARRY
2022-03-31,KNRCON
2022-03-31,MASTEK
2022-03-31,RTNINDIA
2022-03-31,ROUTE
2022-03-31,SWSOLAR
2022-03-31,NETWORK18
2022-03-31,RENUKA
2022-03-31,GALAXYSURF
2022-03-31,PNCINFRA
2022-03-31,WESTLIFE
2022-03-31,WELCORP
2022-03-31,CERA
2022-03-31,VGUARD
2022-03-31,FINPIPE
2022-03-31,JYOTHYLAB
2022-03-31,MCX
2022-03-31,PRAJIND
2022-03-31,RADICO
2022-03-31,RCF
2022-03-31,CHAMBLFERT
2022-03-31,CENTURYPLY
2022-03-31,ANGELONE
2022-03-31,SONATSOFTW
2022-03-31,JSWDULUX
2022-03-31,CANFINHOME
2022-03-31,GRANULES
2022-03-31,VARROC
2022-03-31,SPARC
2022-03-31,SWANCORP
2022-03-31,JUSTDIAL
2022-03-31,WELSPUNLIV
2022-03-31,PCBL
2022-03-31,BALRAMCHIN
2022-03-31,CEATLTD
2022-03-31,HFCL
2022-03-31,AEGISLOG
2022-03-31,KPIL
2022-03-31,SOBHA
2022-03-31,MMTC
2022-03-31,CCL
2022-03-31,NCC
2022-03-31,COHANCE
2022-03-31,RHIM
2022-03-31,HBLENGINE
2022-03-31,INDIACEM
2022-03-31,REDINGTON
2022-03-31,KEC
2022-03-31,BRIGADE
2022-03-31,FINCABLES
2022-03-31,SHYAMMETL
2022-03-31,HEG
2022-03-31,CYIENT
2022-03-31,ECLERX
2022-03-31,GESHIP
2022-03-31,CDSL
2022-03-31,VTL
2022-03-31,ASTERDM
2022-03-31,ELGIEQUIP
2022-03-31,KARURVYSYA
2022-03-31,ZENSARTECH
2022-03-31,RITES
2022-03-31,IIFL
2022-03-31,AMBER
2022-03-31,BSOFT
2022-03-31,GRAPHITE
2022-03-31,NBCC
2022-03-31,NH
2022-03-31,ENGINERSIN
2022-03-31,POLYMED
2022-03-31,CHALET
2022-03-31,EIHOTEL
2022-03-31,PNBHOUSING
2022-03-31,ASAHIINDIA
2022-03-31,CAMS
2022-03-31,INTELLECT
2022-03-31,TRITURBINE
2022-03-31,UTIAMC
2022-03-31,BBTC
2022-03-31,CREDITACC
2022-03-31,HOMEFIRST
2022-03-31,FSL
2022-03-31,IIFLWAM
2022-03-31,SAMMAANCAP
2022-03-31,JMFINANCIL
2022-03-31,CESC
2022-03-31,JUBLPHARMA
2022-03-31,JUBLINGREA
2022-03-31,MAPMYINDIA
2022-03-31,CASTROLIND
2022-03-31,CHOLAFIN
2022-03-31,CUB
2022-03-31,ARE&M
2022-03-31,HINDCOPPER
2022-03-31,ITI
2022-03-31,APTUS
2022-03-31,LATENTVIEW
2022-03-31,MGL
2022-03-31,RBLBANK
2022-03-31,SAPPHIRE
2022-03-31,SUVENPHAR
2022-03-31,KIMS
2022-03-31,POWERINDIA
2022-04-07,BEML
2022-04-07,KPRMILL
2022-04-07,IRCON
2022-04-07,ICIL
2022-04-07,HEMIPROP
2022-04-07,DEVYANI
2022-04-07,GLS
2022-04-07,ERIS
2022-04-07,ADVENZYMES
2022-04-07,SHRIRAMCIT
2022-04-07,ABSLAMC
2022-04-07,HATHWAY
2022-04-07,JSLHISAR
2022-04-07,TATASTLLP
2022-04-07,RAILTEL
2022-04-07,SEQUENT
2022-04-07,SOLARA
2022-04-07,SPICEJET
2022-04-07,STAR
2022-04-07,UCOBANK
2022-04-07,VAKRANGEE
2022-04-07,VENKEYS
2022-04-07,EQUITAS
2022-04-07,ALLCARGO
2022-04-07,SCI
2022-04-07,TATAINVEST
2022-04-07,SAREGAMA
2022-04-07,POONAWALLA
2022-04-07,NESCO
2022-04-07,PVRINOX
2022-04-07,TIMKEN
2022-04-07,IFBIND
2022-04-07,DHANI
2022-04-07,IBREALEST
2022-04-07,DBL
2022-04-07,FINEORG
2022-04-07,INDOCO
2022-04-07,METROBRAND
2022-04-07,MOIL
2022-04-07,PRIVISCL
2022-04-07,PGHL
2022-04-07,SFL
2022-04-07,SHILPAMED
2022-04-07,SIS
2022-04-07,SUDARSCHEM
2022-04-07,ALOKINDS
2022-04-07,ASTRAZEN
2022-04-07,WOCKPHARMA
2022-04-07,BAJAJELEC
2022-04-07,EDELWEISS
2022-04-07,MAHABANK
2022-04-07,BASF
2022-04-07,BDL
2022-04-07,CARBORUNIV
2022-04-07,FACT
2022-04-07,GARFIBRES
2022-04-07,GODREJAGRO
2022-04-07,HIKAL
2022-04-07,HGS
2022-04-07,THYROCARE
2022-04-07,SYMPHONY
2022-04-07,SUPPETRO
2022-04-07,NOCIL
2022-04-07,TTKPRESTIG
2022-04-07,MAZDOCK
2022-04-07,RVNL
2022-04-07,TCIEXP
2022-04-07,TCNSBRANDS
2022-04-07,UFLEX
2022-04-07,AARTIDRUGS
2022-04-07,SUPRAJIT
2022-04-07,BCG
2022-04-07,DELTACORP
2022-04-07,EPIGRAL
2022-04-07,GALAXYSURF
2022-04-07,GOCOLORS
2022-04-07,GRINFRA
2022-04-07,MAHLOG
2022-04-07,HLEGLAS
2022-04-07,RALLIS
2022-04-07,RAIN
2022-04-07,POLYPLEX
2022-04-07,GUJALKALI
2022-04-07,NAZARA
2022-04-07,ORIENTELEC
2022-04-07,LAXMIMACH
2022-04-07,KEI
2022-04-07,KALYANKJIL
2022-04-07,JAMNAAUTO
2022-04-07,INFIBEAM
2022-04-07,LUXIND
2022-04-07,CAPLIPOINT
2022-04-07,ROSSARI
2022-04-07,KPITTECH
2022-04-07,SJVN
2022-04-07,SUZLON
2022-04-07,VMART
2022-04-07,ZYDUSWELL
2022-04-07,BSE
2022-04-07,ANURAS
2022-04-07,BORORENEW
2022-04-07,CENTRALBK
2022-04-07,COCHINSHIP
2022-04-07,CSBBANK
2022-04-07,DCMSHRIRAM
2022-04-07,EPL
2022-04-07,FDC
2022-04-07,GMMPFAUDLR
2022-04-07,TEAMLEASE
2022-04-07,STLTECH
2022-04-07,POWERINDIA
2022-04-07,INDIGOPNTS
2022-04-07,IRB
2022-04-07,JKPAPER
2022-04-07,KRBL
2022-04-07,MHRIL
2022-04-07,MRPL
2022-04-07,MEDPLUS
2022-04-07,MTARTECH
2022-04-07,NLCINDIA
2022-04-07,PRINCEPIPE
2022-04-07,RBA
2022-04-07,JSL
2022-04-07,HUDCO
2022-04-07,IOB
2022-04-07,SUNTECK
2022-04-07,AMBER
2022-04-07,VAIBHAVGBL
2022-04-07,TV18BRDCST
2022-04-07,PCBL
2022-04-07,AVANTIFEED
2022-04-07,BALAMINES
2022-04-07,BIRLACORPN
2022-04-07,BLUESTARCO
2022-04-07,CHEMPLASTS
2022-04-07,CIEINDIA
2022-04-07,EASEMYTRIP
2022-04-07,EQUITASBNK
2022-04-07,GVT&D
2022-04-07,GAEL
2022-04-07,GSFC
2022-04-07,ROUTE
2022-04-07,RENUKA
2022-04-07,SPARC
2022-04-07,VIPIND
2022-04-07,VARROC
2022-04-07,QUESS
2022-04-07,GODFRYPHLP
2022-04-07,GNFC
2022-04-07,GPPL
2022-04-07,JUSTDIAL
2022-04-07,KNRCON
2022-04-07,MASTEK
2022-04-07,NETWORK18
2022-04-07,PNCINFRA
2022-04-07,RTNINDIA
2022-04-07,JKLAKSHMI
2022-04-07,MOTILALOFS
2022-04-07,RATNAMANI
2022-04-07,JSWDULUX
2022-04-07,LXCHEM
2022-04-07,ANGELONE
2022-04-07,CHAMBLFERT
2022-04-07,VGUARD
2022-04-07,RCF
2022-04-07,JYOTHYLAB
2022-04-07,PRAJIND
2022-04-07,MCX
2022-04-07,FINPIPE
2022-04-07,CERA
2022-04-07,SONATSOFTW
2022-04-07,RADICO
2022-04-07,CENTURYPLY
2022-04-07,SWSOLAR
2022-04-07,SWANCORP
2022-04-07,GRANULES
2022-04-07,WELCORP
2022-04-07,EIDPARRY
2022-04-07,ABREL
2022-04-07,FSL
2022-04-07,WELSPUNLIV
2022-04-07,BALRAMCHIN
2022-04-07,CEATLTD
2022-04-07,HFCL
2022-04-07,AEGISLOG
2022-04-07,TANLA
2022-04-07,KPIL
2022-04-07,MMTC
2022-04-07,CANFINHOME
2022-04-07,REDINGTON
2022-04-07,WESTLIFE
2022-04-07,JBCHEPHARM
2022-04-07,COHANCE
2022-04-07,RHIM
2022-04-07,HBLENGINE
2022-04-07,INDIACEM
2022-04-07,CCL
2022-04-07,SOBHA
2022-04-07,KEC
2022-04-07,BRIGADE
2022-04-07,CYIENT
2022-04-07,ECLERX
2022-04-07,GESHIP
2022-04-07,CDSL
2022-04-07,NH
2022-04-07,CHALET
2022-04-07,EIHOTEL
2022-04-07,ELGIEQUIP
2022-04-07,KARURVYSYA
2022-04-07,ZENSARTECH
2022-04-07,RITES
2022-04-07,IIFL
2022-04-07,BSOFT
2022-04-07,FINCABLES
2022-04-07,GRAPHITE
2022-04-07,HEG
2022-04-07,NBCC
2022-04-07,ENGINERSIN
2022-04-07,POLYMED
2022-04-07,INTELLECT
2022-04-07,VTL
2022-04-07,PNBHOUSING
2022-04-07,ASTERDM
2022-04-07,CASTROLIND
2022-04-07,CAMS
2022-04-07,TRITURBINE
2022-04-07,UTIAMC
2022-04-07,BBTC
2022-04-07,CESC
2022-04-07,CREDITACC
2022-04-07,HOMEFIRST
2022-04-07,SAMMAANCAP
2022-04-07,NCC
2022-04-07,JMFINANCIL
2022-04-07,JUBLINGREA
2022-04-07,JUBLPHARMA
2022-04-07,APTUS
2022-04-07,ASAHIINDIA
2022-04-07,ARE&M
2022-04-07,CHOLAFIN
2022-04-07,IDFC
2022-04-07,VIJAYA
2022-04-07,SUVENPHAR
2022-04-07,SHYAMMETL
2022-04-07,MAPMYINDIA
2022-04-07,RBLBANK
2022-04-07,SAPPHIRE
2022-04-07,LATENTVIEW
2022-04-07,KIMS
2022-04-07,ITI
2022-04-07,HINDCOPPER
2022-04-07,CUB
2022-04-07,MGL
2022-04-12,HATHWAY
2022-04-12,IRCON
2022-04-12,ICIL
2022-04-12,HEMIPROP
2022-04-12,GLS
2022-04-12,BEML
2022-04-12,DEVYANI
2022-04-12,ADVENZYMES
2022-04-12,SHRIRAMCIT
2022-04-12,JSLHISAR
2022-04-12,KPRMILL
2022-04-12,ERIS
2022-04-12,NESCO
2022-04-12,SAREGAMA
2022-04-12,POONAWALLA
2022-04-12,SEQUENT
2022-04-12,SOLARA
2022-04-12,SPICEJET
2022-04-12,STAR
2022-04-12,TATASTLLP
2022-04-12,UCOBANK
2022-04-12,VAKRANGEE
2022-04-12,VENKEYS
2022-04-12,EQUITAS
2022-04-12,ALLCARGO
2022-04-12,SCI
2022-04-12,PVRINOX
2022-04-12,ALOKINDS
2022-04-12,ABSLAMC
2022-04-12,BAJAJELEC
2022-04-12,IBREALEST
2022-04-12,DHANI
2022-04-12,RAILTEL
2022-04-12,DBL
2022-04-12,FINEORG
2022-04-12,INDOCO
2022-04-12,METROBRAND
2022-04-12,MOIL
2022-04-12,PRIVISCL
2022-04-12,PGHL
2022-04-12,SFL
2022-04-12,SHILPAMED
2022-04-12,SIS
2022-04-12,SUDARSCHEM
2022-04-12,SYMPHONY
2022-04-12,CAPLIPOINT
2022-04-12,THYROCARE
2022-04-12,WOCKPHARMA
2022-04-12,EDELWEISS
2022-04-12,MAHABANK
2022-04-12,BASF
2022-04-12,BDL
2022-04-12,CARBORUNIV
2022-04-12,FACT
2022-04-12,GARFIBRES
2022-04-12,GODREJAGRO
2022-04-12,HIKAL
2022-04-12,HGS
2022-04-12,IFBIND
2022-04-12,TIMKEN
2022-04-12,ASTRAZEN
2022-04-12,JSL
2022-04-12,IOB
2022-04-12,MAHLOG
2022-04-12,MAZDOCK
2022-04-12,NOCIL
2022-04-12,RVNL
2022-04-12,TCIEXP
2022-04-12,TCNSBRANDS
2022-04-12,UFLEX
2022-04-12,AARTIDRUGS
2022-04-12,DELTACORP
2022-04-12,EPIGRAL
2022-04-12,GRINFRA
2022-04-12,GALAXYSURF
2022-04-12,GOCOLORS
2022-04-12,GUJALKALI
2022-04-12,SUZLON
2022-04-12,BCG
2022-04-12,HLEGLAS
2022-04-12,ROSSARI
2022-04-12,RALLIS
2022-04-12,RAIN
2022-04-12,POLYPLEX
2022-04-12,ORIENTELEC
2022-04-12,SJVN
2022-04-12,LUXIND
2022-04-12,NAZARA
2022-04-12,KEI
2022-04-12,KALYANKJIL
2022-04-12,JAMNAAUTO
2022-04-12,SUNTECK
2022-04-12,INFIBEAM
2022-04-12,TATAINVEST
2022-04-12,SUPRAJIT
2022-04-12,TEAMLEASE
2022-04-12,VMART
2022-04-12,ZYDUSWELL
2022-04-12,BSE
2022-04-12,ANURAS
2022-04-12,BORORENEW
2022-04-12,CENTRALBK
2022-04-12,COCHINSHIP
2022-04-12,CSBBANK
2022-04-12,DCMSHRIRAM
2022-04-12,EPL
2022-04-12,FDC
2022-04-12,GMMPFAUDLR
2022-04-12,KPITTECH
2022-04-12,POWERINDIA
2022-04-12,TTKPRESTIG
2022-04-12,INDIGOPNTS
2022-04-12,IRB
2022-04-12,JKPAPER
2022-04-12,KRBL
2022-04-12,LXCHEM
2022-04-12,MHRIL
2022-04-12,MRPL
2022-04-12,MEDPLUS
2022-04-12,MTARTECH
2022-04-12,NLCINDIA
2022-04-12,PRINCEPIPE
2022-04-12,RBA
2022-04-12,STLTECH
2022-04-12,HUDCO
2022-04-12,SAPPHIRE
2022-04-12,LAXMIMACH
2022-04-12,ASTERDM
2022-04-12,PCBL
2022-04-12,AVANTIFEED
2022-04-12,BALAMINES
2022-04-12,BIRLACORPN
2022-04-12,BLUESTARCO
2022-04-12,CHEMPLASTS
2022-04-12,CIEINDIA
2022-04-12,EASEMYTRIP
2022-04-12,EQUITASBNK
2022-04-12,GVT&D
2022-04-12,GAEL
2022-04-12,GSFC
2022-04-12,JKLAKSHMI
2022-04-12,TV18BRDCST
2022-04-12,MOTILALOFS
2022-04-12,SPARC
2022-04-12,VARROC
2022-04-12,QUESS
2022-04-12,GODFRYPHLP
2022-04-12,GNFC
2022-04-12,GPPL
2022-04-12,JUSTDIAL
2022-04-12,KNRCON
2022-04-12,MASTEK
2022-04-12,NETWORK18
2022-04-12,PNCINFRA
2022-04-12,RTNINDIA
2022-04-12,ROUTE
2022-04-12,RATNAMANI
2022-04-12,SWSOLAR
2022-04-12,RENUKA
2022-04-12,TANLA
2022-04-12,RADICO
2022-04-12,CHAMBLFERT
2022-04-12,VGUARD
2022-04-12,RCF
2022-04-12,PRAJIND
2022-04-12,WESTLIFE
2022-04-12,JYOTHYLAB
2022-04-12,FINPIPE
2022-04-12,CERA
2022-04-12,CENTURYPLY
2022-04-12,ANGELONE
2022-04-12,MCX
2022-04-12,SONATSOFTW
2022-04-12,VIPIND
2022-04-12,KPIL
2022-04-12,GRANULES
2022-04-12,WELCORP
2022-04-12,EIDPARRY
2022-04-12,ABREL
2022-04-12,SWANCORP
2022-04-12,FSL
2022-04-12,WELSPUNLIV
2022-04-12,BALRAMCHIN
2022-04-12,CEATLTD
2022-04-12,HFCL
2022-04-12,AEGISLOG
2022-04-12,MMTC
2022-04-12,JSWDULUX
2022-04-12,CANFINHOME
2022-04-12,REDINGTON
2022-04-12,VAIBHAVGBL
2022-04-12,JBCHEPHARM
2022-04-12,COHANCE
2022-04-12,RHIM
2022-04-12,HBLENGINE
2022-04-12,INDIACEM
2022-04-12,CCL
2022-04-12,SOBHA
2022-04-12,KEC
2022-04-12,BRIGADE
2022-04-12,CYIENT
2022-04-12,ECLERX
2022-04-12,GESHIP
2022-04-12,CDSL
2022-04-12,CHALET
2022-04-12,EIHOTEL
2022-04-12,PNBHOUSING
2022-04-12,ELGIEQUIP
2022-04-12,KARURVYSYA
2022-04-12,ZENSARTECH
2022-04-12,RITES
2022-04-12,IIFL
2022-04-12,AMBER
2022-04-12,BSOFT
2022-04-12,FINCABLES
2022-04-12,GRAPHITE
2022-04-12,HEG
2022-04-12,NBCC
2022-04-12,ENGINERSIN
2022-04-12,POLYMED
2022-04-12,VTL
2022-04-12,ASAHIINDIA
2022-04-12,NH
2022-04-12,CASTROLIND
2022-04-12,NCC
2022-04-12,INTELLECT
2022-04-12,TRITURBINE
2022-04-12,UTIAMC
2022-04-12,BBTC
2022-04-12,CESC
2022-04-12,CREDITACC
2022-04-12,HOMEFIRST
2022-04-12,JMFINANCIL
2022-04-12,JUBLINGREA
2022-04-12,JUBLPHARMA
2022-04-12,ARE&M
2022-04-12,APTUS
2022-04-12,CAMS
2022-04-12,SAMMAANCAP
2022-04-12,CHOLAFIN
2022-04-12,MAPMYINDIA
2022-04-12,VIJAYA
2022-04-12,SUVENPHAR
2022-04-12,SHYAMMETL
2022-04-12,CGCL
2022-04-12,RBLBANK
2022-04-12,IDFC
2022-04-12,LATENTVIEW
2022-04-12,KIMS
2022-04-12,ITI
2022-04-12,HINDCOPPER
2022-04-12,CUB
2022-04-12,MGL
2022-05-31,POONAWALLA
2022-05-31,NESCO
2022-05-31,KPRMILL
2022-05-31,IRCON
2022-05-31,ICIL
2022-05-31,GLS
2022-05-31,HATHWAY
2022-05-31,ERIS
2022-05-31,DEVYANI
2022-05-31,ADVENZYMES
2022-05-31,RAILTEL
2022-05-31,HEMIPROP
2022-05-31,CAPLIPOINT
2022-05-31,SOLARA
2022-05-31,SPICEJET
2022-05-31,STAR
2022-05-31,TATASTLLP
2022-05-31,UCOBANK
2022-05-31,VAKRANGEE
2022-05-31,VENKEYS
2022-05-31,EQUITAS
2022-05-31,ALLCARGO
2022-05-31,SCI
2022-05-31,SAREGAMA
2022-05-31,PVRINOX
2022-05-31,ABSLAMC
2022-05-31,ALOKINDS
2022-05-31,SEQUENT
2022-05-31,SHRIRAMCIT
2022-05-31,INDOCO
2022-05-31,DHANI
2022-05-31,MAHLOG
2022-05-31,METROBRAND
2022-05-31,MOIL
2022-05-31,PRIVISCL
2022-05-31,PGHL
2022-05-31,SFL
2022-05-31,SHILPAMED
2022-05-31,SIS
2022-05-31,SUDARSCHEM
2022-05-31,SYMPHONY
2022-05-31,THYROCARE
2022-05-31,TIMKEN
2022-05-31,DBL
2022-05-31,WOCKPHARMA
2022-05-31,EDELWEISS
2022-05-31,MAHABANK
2022-05-31,BASF
2022-05-31,BDL
2022-05-31,CARBORUNIV
2022-05-31,FACT
2022-05-31,GARFIBRES
2022-05-31,GODREJAGRO
2022-05-31,HIKAL
2022-05-31,HGS
2022-05-31,IFBIND
2022-05-31,IBREALEST
2022-05-31,JSL
2022-05-31,BAJAJELEC
2022-05-31,KPITTECH
2022-05-31,ASTRAZEN
2022-05-31,JSLHISAR
2022-05-31,VMART
2022-05-31,BSE
2022-05-31,TCIEXP
2022-05-31,TCNSBRANDS
2022-05-31,UFLEX
2022-05-31,AARTIDRUGS
2022-05-31,BCG
2022-05-31,DELTACORP
2022-05-31,GRINFRA
2022-05-31,GALAXYSURF
2022-05-31,GOCOLORS
2022-05-31,GUJALKALI
2022-05-31,HLEGLAS
2022-05-31,INFIBEAM
2022-05-31,EPIGRAL
2022-05-31,RVNL
2022-05-31,KALYANKJIL
2022-05-31,SUPRAJIT
2022-05-31,SJVN
2022-05-31,ROSSARI
2022-05-31,RALLIS
2022-05-31,RAIN
2022-05-31,SUZLON
2022-05-31,ORIENTELEC
2022-05-31,NAZARA
2022-05-31,LUXIND
2022-05-31,LAXMIMACH
2022-05-31,KEI
2022-05-31,POLYPLEX
2022-05-31,FINEORG
2022-05-31,JAMNAAUTO
2022-05-31,NOCIL
2022-05-31,TTKPRESTIG
2022-05-31,IOB
2022-05-31,ANURAS
2022-05-31,BORORENEW
2022-05-31,CENTRALBK
2022-05-31,COCHINSHIP
2022-05-31,CSBBANK
2022-05-31,DCMSHRIRAM
2022-05-31,EPL
2022-05-31,FDC
2022-05-31,GMMPFAUDLR
2022-05-31,POWERINDIA
2022-05-31,HUDCO
2022-05-31,MAZDOCK
2022-05-31,ZYDUSWELL
2022-05-31,TEAMLEASE
2022-05-31,INDIGOPNTS
2022-05-31,KRBL
2022-05-31,LXCHEM
2022-05-31,MHRIL
2022-05-31,MRPL
2022-05-31,MEDPLUS
2022-05-31,MTARTECH
2022-05-31,NLCINDIA
2022-05-31,PRINCEPIPE
2022-05-31,RBA
2022-05-31,STLTECH
2022-05-31,SUNTECK
2022-05-31,TATAINVEST
2022-05-31,IRB
2022-05-31,JKPAPER
2022-05-31,VAIBHAVGBL
2022-05-31,IDFC
2022-05-31,TV18BRDCST
2022-05-31,BLUESTARCO
2022-05-31,CHEMPLASTS
2022-05-31,CIEINDIA
2022-05-31,EASEMYTRIP
2022-05-31,EQUITASBNK
2022-05-31,GVT&D
2022-05-31,GAEL
2022-05-31,GSFC
2022-05-31,JKLAKSHMI
2022-05-31,MOTILALOFS
2022-05-31,RATNAMANI
2022-05-31,SPARC
2022-05-31,VIPIND
2022-05-31,BIRLACORPN
2022-05-31,VARROC
2022-05-31,GODFRYPHLP
2022-05-31,GNFC
2022-05-31,GPPL
2022-05-31,JUSTDIAL
2022-05-31,KNRCON
2022-05-31,MASTEK
2022-05-31,NETWORK18
2022-05-31,PNCINFRA
2022-05-31,RTNINDIA
2022-05-31,ROUTE
2022-05-31,RENUKA
2022-05-31,SWSOLAR
2022-05-31,WESTLIFE
2022-05-31,QUESS
2022-05-31,NCC
2022-05-31,REDINGTON
2022-05-31,BALAMINES
2022-05-31,CHAMBLFERT
2022-05-31,VGUARD
2022-05-31,TRIVENI
2022-05-31,RCF
2022-05-31,MCX
2022-05-31,PRAJIND
2022-05-31,JYOTHYLAB
2022-05-31,FINPIPE
2022-05-31,CERA
2022-05-31,SONATSOFTW
2022-05-31,RADICO
2022-05-31,JSWDULUX
2022-05-31,PCBL
2022-05-31,TANLA
2022-05-31,GRANULES
2022-05-31,EIDPARRY
2022-05-31,ABREL
2022-05-31,SWANCORP
2022-05-31,FSL
2022-05-31,WELSPUNLIV
2022-05-31,BALRAMCHIN
2022-05-31,CEATLTD
2022-05-31,HFCL
2022-05-31,AEGISLOG
2022-05-31,KPIL
2022-05-31,MMTC
2022-05-31,CANFINHOME
2022-05-31,CENTURYPLY
2022-05-31,WELCORP
2022-05-31,EIHOTEL
2022-05-31,ANGELONE
2022-05-31,TRITURBINE
2022-05-31,HBLENGINE
2022-05-31,INDIACEM
2022-05-31,CCL
2022-05-31,SOBHA
2022-05-31,KEC
2022-05-31,BRIGADE
2022-05-31,CYIENT
2022-05-31,ECLERX
2022-05-31,GESHIP
2022-05-31,CDSL
2022-05-31,NH
2022-05-31,VTL
2022-05-31,COHANCE
2022-05-31,RHIM
2022-05-31,ASTERDM
2022-05-31,ZENSARTECH
2022-05-31,RITES
2022-05-31,IIFL
2022-05-31,AMBER
2022-05-31,BSOFT
2022-05-31,FINCABLES
2022-05-31,GRAPHITE
2022-05-31,HEG
2022-05-31,NBCC
2022-05-31,ENGINERSIN
2022-05-31,POLYMED
2022-05-31,CHALET
2022-05-31,ELGIEQUIP
2022-05-31,KARURVYSYA
2022-05-31,PNBHOUSING
2022-05-31,ASAHIINDIA
2022-05-31,JBCHEPHARM
2022-05-31,CAMS
2022-05-31,UTIAMC
2022-05-31,BBTC
2022-05-31,CESC
2022-05-31,CREDITACC
2022-05-31,HOMEFIRST
2022-05-31,SAMMAANCAP
2022-05-31,JMFINANCIL
2022-05-31,JUBLPHARMA
2022-05-31,ARE&M
2022-05-31,APTUS
2022-05-31,MAPMYINDIA
2022-05-31,INTELLECT
2022-05-31,CASTROLIND
2022-05-31,JUBLINGREA
2022-05-31,HINDCOPPER
2022-05-31,CUB
2022-05-31,AVANTIFEED
2022-05-31,CGCL
2022-05-31,VIJAYA
2022-05-31,SUVENPHAR
2022-05-31,SHYAMMETL
2022-05-31,CHOLAFIN
2022-05-31,RBLBANK
2022-05-31,MGL
2022-05-31,LATENTVIEW
2022-05-31,KIMS
2022-05-31,ITI
2022-05-31,SAPPHIRE
2022-08-08,POONAWALLA
2022-08-08,NESCO
2022-08-08,KPRMILL
2022-08-08,IRCON
2022-08-08,ICIL
2022-08-08,ERIS
2022-08-08,HATHWAY
2022-08-08,DEVYANI
2022-08-08,ADVENZYMES
2022-08-08,SHRIRAMCIT
2022-08-08,RAILTEL
2022-08-08,HEMIPROP
2022-08-08,DHANI
2022-08-08,SOLARA
2022-08-08,SPICEJET
2022-08-08,STAR
2022-08-08,TATASTLLP
2022-08-08,UCOBANK
2022-08-08,VAKRANGEE
2022-08-08,VENKEYS
2022-08-08,EQUITAS
2022-08-08,ALLCARGO
2022-08-08,SCI
2022-08-08,SAREGAMA
2022-08-08,PVRINOX
2022-08-08,ABSLAMC
2022-08-08,ALOKINDS
2022-08-08,SEQUENT
2022-08-08,TV18BRDCST
2022-08-08,METROBRAND
2022-08-08,DBL
2022-08-08,MAZDOCK
2022-08-08,MOIL
2022-08-08,PRIVISCL
2022-08-08,PGHL
2022-08-08,SFL
2022-08-08,SHILPAMED
2022-08-08,SIS
2022-08-08,SUDARSCHEM
2022-08-08,SYMPHONY
2022-08-08,THYROCARE
2022-08-08,TIMKEN
2022-08-08,WOCKPHARMA
2022-08-08,FINEORG
2022-08-08,BAJAJELEC
2022-08-08,MAHABANK
2022-08-08,BASF
2022-08-08,BDL
2022-08-08,CARBORUNIV
2022-08-08,FACT
2022-08-08,GARFIBRES
2022-08-08,GODREJAGRO
2022-08-08,HIKAL
2022-08-08,HGS
2022-08-08,IFBIND
2022-08-08,IBREALEST
2022-08-08,JSL
2022-08-08,KPITTECH
2022-08-08,EDELWEISS
2022-08-08,MAHLOG
2022-08-08,ASTRAZEN
2022-08-08,CAPLIPOINT
2022-08-08,ZYDUSWELL
2022-08-08,ANURAS
2022-08-08,UFLEX
2022-08-08,AARTIDRUGS
2022-08-08,BCG
2022-08-08,DELTACORP
2022-08-08,EPIGRAL
2022-08-08,GRINFRA
2022-08-08,GOCOLORS
2022-08-08,GUJALKALI
2022-08-08,HLEGLAS
2022-08-08,INFIBEAM
2022-08-08,TCIEXP
2022-08-08,KALYANKJIL
2022-08-08,JAMNAAUTO
2022-08-08,VMART
2022-08-08,ROSSARI
2022-08-08,LUXIND
2022-08-08,NAZARA
2022-08-08,ORIENTELEC
2022-08-08,POLYPLEX
2022-08-08,RAIN
2022-08-08,RALLIS
2022-08-08,KEI
2022-08-08,TEAMLEASE
2022-08-08,SJVN
2022-08-08,SUPRAJIT
2022-08-08,SUZLON
2022-08-08,TTKPRESTIG
2022-08-08,INDOCO
2022-08-08,LAXMIMACH
2022-08-08,RVNL
2022-08-08,TCNSBRANDS
2022-08-08,INDIGOPNTS
2022-08-08,BORORENEW
2022-08-08,CENTRALBK
2022-08-08,COCHINSHIP
2022-08-08,CSBBANK
2022-08-08,DCMSHRIRAM
2022-08-08,EPL
2022-08-08,FDC
2022-08-08,GMMPFAUDLR
2022-08-08,POWERINDIA
2022-08-08,HUDCO
2022-08-08,IOB
2022-08-08,IRB
2022-08-08,BSE
2022-08-08,GALAXYSURF
2022-08-08,JKPAPER
2022-08-08,MHRIL
2022-08-08,MRPL
2022-08-08,MEDPLUS
2022-08-08,MTARTECH
2022-08-08,NLCINDIA
2022-08-08,PRINCEPIPE
2022-08-08,RBA
2022-08-08,STLTECH
2022-08-08,SUNTECK
2022-08-08,TATAINVEST
2022-08-08,NOCIL
2022-08-08,VAIBHAVGBL
2022-08-08,KRBL
2022-08-08,LXCHEM
2022-08-08,IDFC
2022-08-08,RCF
2022-08-08,AVANTIFEED
2022-08-08,CHEMPLASTS
2022-08-08,CIEINDIA
2022-08-08,EASEMYTRIP
2022-08-08,EQUITASBNK
2022-08-08,GVT&D
2022-08-08,GAEL
2022-08-08,GSFC
2022-08-08,JKLAKSHMI
2022-08-08,MOTILALOFS
2022-08-08,RATNAMANI
2022-08-08,SPARC
2022-08-08,VIPIND
2022-08-08,VARROC
2022-08-08,BLUESTARCO
2022-08-08,QUESS
2022-08-08,GNFC
2022-08-08,GPPL
2022-08-08,JUSTDIAL
2022-08-08,KNRCON
2022-08-08,MASTEK
2022-08-08,NETWORK18
2022-08-08,PNCINFRA
2022-08-08,RTNINDIA
2022-08-08,ROUTE
2022-08-08,RENUKA
2022-08-08,SWSOLAR
2022-08-08,TANLA
2022-08-08,CAMPUS
2022-08-08,GODFRYPHLP
2022-08-08,NCC
2022-08-08,REDINGTON
2022-08-08,CENTURYPLY
2022-08-08,GLS
2022-08-08,ANGELONE
2022-08-08,CHAMBLFERT
2022-08-08,VGUARD
2022-08-08,TRIVENI
2022-08-08,MCX
2022-08-08,PRAJIND
2022-08-08,JYOTHYLAB
2022-08-08,FINPIPE
2022-08-08,CERA
2022-08-08,SONATSOFTW
2022-08-08,RADICO
2022-08-08,JSWDULUX
2022-08-08,WESTLIFE
2022-08-08,PCBL
2022-08-08,WELCORP
2022-08-08,EIDPARRY
2022-08-08,ABREL
2022-08-08,SWANCORP
2022-08-08,FSL
2022-08-08,WELSPUNLIV
2022-08-08,BALRAMCHIN
2022-08-08,CEATLTD
2022-08-08,HFCL
2022-08-08,AEGISLOG
2022-08-08,KPIL
2022-08-08,MMTC
2022-08-08,CANFINHOME
2022-08-08,GRANULES
2022-08-08,EIHOTEL
2022-08-08,BIRLACORPN
2022-08-08,TRITURBINE
2022-08-08,HBLENGINE
2022-08-08,INDIACEM
2022-08-08,CCL
2022-08-08,SOBHA
2022-08-08,KEC
2022-08-08,BRIGADE
2022-08-08,CYIENT
2022-08-08,ECLERX
2022-08-08,GESHIP
2022-08-08,CDSL
2022-08-08,NH
2022-08-08,VTL
2022-08-08,ASTERDM
2022-08-08,RHIM
2022-08-08,KARURVYSYA
2022-08-08,RITES
2022-08-08,IIFL
2022-08-08,AMBER
2022-08-08,BSOFT
2022-08-08,FINCABLES
2022-08-08,GRAPHITE
2022-08-08,HEG
2022-08-08,NBCC
2022-08-08,ENGINERSIN
2022-08-08,POLYMED
2022-08-08,CHALET
2022-08-08,COHANCE
2022-08-08,ELGIEQUIP
2022-08-08,ZENSARTECH
2022-08-08,PNBHOUSING
2022-08-08,ASAHIINDIA
2022-08-08,JUBLPHARMA
2022-08-08,BBTC
2022-08-08,CAMS
2022-08-08,CESC
2022-08-08,CREDITACC
2022-08-08,HOMEFIRST
2022-08-08,SAMMAANCAP
2022-08-08,JMFINANCIL
2022-08-08,JUBLINGREA
2022-08-08,ARE&M
2022-08-08,APTUS
2022-08-08,MAPMYINDIA
2022-08-08,INTELLECT
2022-08-08,UTIAMC
2022-08-08,CUB
2022-08-08,CASTROLIND
2022-08-08,SHYAMMETL
2022-08-08,ITI
2022-08-08,KIMS
2022-08-08,LATENTVIEW
2022-08-08,MGL
2022-08-08,RBLBANK
2022-08-08,CGCL
2022-08-08,SAPPHIRE
2022-08-08,HINDCOPPER
2022-08-08,SUVENPHAR
2022-08-08,VIJAYA
2022-08-08,BALAMINES
2022-08-08,JBCHEPHARM
2022-08-08,CHOLAFIN
2022-09-30,NESCO
2022-09-30,SOLARA
2022-09-30,RAILTEL
2022-09-30,SEQUENT
2022-09-30,POONAWALLA
2022-09-30,KPRMILL
2022-09-30,VAKRANGEE
2022-09-30,ICIL
2022-09-30,HEMIPROP
2022-09-30,GLS
2022-09-30,ERIS
2022-09-30,SPICEJET
2022-09-30,DEVYANI
2022-09-30,IRCON
2022-09-30,STAR
2022-09-30,EQUITAS
2022-09-30,UCOBANK
2022-09-30,CAPLIPOINT
2022-09-30,BHARATRAS
2022-09-30,ASTRAZEN
2022-09-30,APOLLOTYRE
2022-09-30,ALOKINDS
2022-09-30,ABSLAMC
2022-09-30,NOCIL
2022-09-30,PVRINOX
2022-09-30,SCI
2022-09-30,NIITLTD
2022-09-30,ALLCARGO
2022-09-30,VENKEYS
2022-09-30,ADVENZYMES
2022-09-30,TATASTLLP
2022-09-30,DHANI
2022-09-30,PGHL
2022-09-30,FINEORG
2022-09-30,SAREGAMA
2022-09-30,METROBRAND
2022-09-30,MOIL
2022-09-30,PRIVISCL
2022-09-30,SFL
2022-09-30,SHILPAMED
2022-09-30,SIS
2022-09-30,SUDARSCHEM
2022-09-30,SYMPHONY
2022-09-30,THYROCARE
2022-09-30,TIMKEN
2022-09-30,WOCKPHARMA
2022-09-30,BAJAJELEC
2022-09-30,EDELWEISS
2022-09-30,INDOCO
2022-09-30,MAHABANK
2022-09-30,BDL
2022-09-30,BASF
2022-09-30,MAZDOCK
2022-09-30,MAHLOG
2022-09-30,KPITTECH
2022-09-30,JSL
2022-09-30,IBREALEST
2022-09-30,DBL
2022-09-30,IFBIND
2022-09-30,HIKAL
2022-09-30,GREENPANEL
2022-09-30,GODREJAGRO
2022-09-30,GARFIBRES
2022-09-30,FACT
2022-09-30,CARBORUNIV
2022-09-30,HGS
2022-09-30,RVNL
2022-09-30,SHARDACROP
2022-09-30,TCNSBRANDS
2022-09-30,BCG
2022-09-30,DELTACORP
2022-09-30,EPIGRAL
2022-09-30,GRINFRA
2022-09-30,GALAXYSURF
2022-09-30,GOCOLORS
2022-09-30,GUJALKALI
2022-09-30,HLEGLAS
2022-09-30,IDBI
2022-09-30,INFIBEAM
2022-09-30,JAMNAAUTO
2022-09-30,KALYANKJIL
2022-09-30,KEI
2022-09-30,AARTIDRUGS
2022-09-30,UFLEX
2022-09-30,LUXIND
2022-09-30,LAXMIMACH
2022-09-30,TEAMLEASE
2022-09-30,SUZLON
2022-09-30,SUPRAJIT
2022-09-30,SJVN
2022-09-30,AVANTIFEED
2022-09-30,TCI
2022-09-30,ROSSARI
2022-09-30,ORIENTELEC
2022-09-30,POLYPLEX
2022-09-30,NAZARA
2022-09-30,RAIN
2022-09-30,RALLIS
2022-09-30,TV18BRDCST
2022-09-30,TTKPRESTIG
2022-09-30,ZYDUSWELL
2022-09-30,VMART
2022-09-30,TATAINVEST
2022-09-30,ANURAS
2022-09-30,BORORENEW
2022-09-30,CENTRALBK
2022-09-30,COCHINSHIP
2022-09-30,CSBBANK
2022-09-30,DCMSHRIRAM
2022-09-30,EPL
2022-09-30,EXIDEIND
2022-09-30,FDC
2022-09-30,GMMPFAUDLR
2022-09-30,POWERINDIA
2022-09-30,HUDCO
2022-09-30,IOB
2022-09-30,INDIGOPNTS
2022-09-30,AETHER
2022-09-30,KRBL
2022-09-30,LXCHEM
2022-09-30,BSE
2022-09-30,JKPAPER
2022-09-30,TCIEXP
2022-09-30,IDFC
2022-09-30,VAIBHAVGBL
2022-09-30,SUNTECK
2022-09-30,HATHWAY
2022-09-30,STLTECH
2022-09-30,PRINCEPIPE
2022-09-30,NLCINDIA
2022-09-30,MTARTECH
2022-09-30,MEDPLUS
2022-09-30,MRPL
2022-09-30,MHRIL
2022-09-30,RBA
2022-09-30,SHOPERSTOP
2022-09-30,IRB
2022-09-30,NBCC
2022-09-30,CHEMPLASTS
2022-09-30,CIEINDIA
2022-09-30,EQUITASBNK
2022-09-30,GVT&D
2022-09-30,GLENMARK
2022-09-30,GAEL
2022-09-30,GSFC
2022-09-30,JKLAKSHMI
2022-09-30,MAHLIFE
2022-09-30,MOTILALOFS
2022-09-30,NUVOCO
2022-09-30,RATNAMANI
2022-09-30,SPARC
2022-09-30,VIPIND
2022-09-30,BLUESTARCO
2022-09-30,BALAMINES
2022-09-30,SWSOLAR
2022-09-30,RENUKA
2022-09-30,ROUTE
2022-09-30,RAYMOND
2022-09-30,RTNINDIA
2022-09-30,PNCINFRA
2022-09-30,WESTLIFE
2022-09-30,NETWORK18
2022-09-30,KNRCON
2022-09-30,JUSTDIAL
2022-09-30,GPPL
2022-09-30,GNFC
2022-09-30,GODFRYPHLP
2022-09-30,QUESS
2022-09-30,VARROC
2022-09-30,NCC
2022-09-30,TANLA
2022-09-30,EASEMYTRIP
2022-09-30,RCF
2022-09-30,ANGELONE
2022-09-30,VGUARD
2022-09-30,CHAMBLFERT
2022-09-30,RADICO
2022-09-30,REDINGTON
2022-09-30,MCX
2022-09-30,METROPOLIS
2022-09-30,JYOTHYLAB
2022-09-30,FINPIPE
2022-09-30,SONATSOFTW
2022-09-30,CERA
2022-09-30,PRAJIND
2022-09-30,JSWDULUX
2022-09-30,MMTC
2022-09-30,GRANULES
2022-09-30,WELCORP
2022-09-30,CAMPUS
2022-09-30,CANFINHOME
2022-09-30,CENTURYPLY
2022-09-30,PCBL
2022-09-30,KPIL
2022-09-30,AEGISLOG
2022-09-30,MASTEK
2022-09-30,HFCL
2022-09-30,BALRAMCHIN
2022-09-30,WELSPUNLIV
2022-09-30,FSL
2022-09-30,SWANCORP
2022-09-30,ABREL
2022-09-30,EIDPARRY
2022-09-30,CEATLTD
2022-09-30,JBCHEPHARM
2022-09-30,TRIVENI
2022-09-30,RHIM
2022-09-30,INDIACEM
2022-09-30,CCL
2022-09-30,SOBHA
2022-09-30,KEC
2022-09-30,BRIGADE
2022-09-30,CYIENT
2022-09-30,ECLERX
2022-09-30,GESHIP
2022-09-30,CDSL
2022-09-30,NH
2022-09-30,VTL
2022-09-30,ASTERDM
2022-09-30,ELGIEQUIP
2022-09-30,KARURVYSYA
2022-09-30,HBLENGINE
2022-09-30,ZENSARTECH
2022-09-30,CAMS
2022-09-30,ASAHIINDIA
2022-09-30,PNBHOUSING
2022-09-30,EIHOTEL
2022-09-30,CHALET
2022-09-30,POLYMED
2022-09-30,COHANCE
2022-09-30,ENGINERSIN
2022-09-30,HEG
2022-09-30,GRAPHITE
2022-09-30,FINCABLES
2022-09-30,AMBER
2022-09-30,IIFL
2022-09-30,JBMA
2022-09-30,RITES
2022-09-30,INTELLECT
2022-09-30,BSOFT
2022-09-30,UTIAMC
2022-09-30,TRITURBINE
2022-09-30,CREDITACC
2022-09-30,SAMMAANCAP
2022-09-30,JMFINANCIL
2022-09-30,JUBLINGREA
2022-09-30,JUBLPHARMA
2022-09-30,ARE&M
2022-09-30,APTUS
2022-09-30,MAPMYINDIA
2022-09-30,CASTROLIND
2022-09-30,CHOLAFIN
2022-09-30,CUB
2022-09-30,HINDCOPPER
2022-09-30,BBTC
2022-09-30,ITI
2022-09-30,HOMEFIRST
2022-09-30,MGL
2022-09-30,KIMS
2022-09-30,LATENTVIEW
2022-09-30,BIRLACORPN
2022-09-30,TEJASNET
2022-09-30,SWANENERGY
2022-09-30,OLECTRA
2022-09-30,MANAPPURAM
2022-09-30,CESC
2022-09-30,CGCL
2022-09-30,SAPPHIRE
2022-09-30,DEEPAKFERT
2022-09-30,SHYAMMETL
2022-09-30,RBLBANK
2022-09-30,SUVENPHAR
2022-09-30,VIJAYA
2022-12-30,SCI
2022-12-30,SAREGAMA
2022-12-30,PVRINOX
2022-12-30,MAHABANK
2022-12-30,ALOKINDS
2022-12-30,APOLLOTYRE
2022-12-30,ASTRAZEN
2022-12-30,BHARATRAS
2022-12-30,CAPLIPOINT
2022-12-30,DHANI
2022-12-30,DBL
2022-12-30,NIITLTD
2022-12-30,ABSLAMC
2022-12-30,INDOCO
2022-12-30,BASF
2022-12-30,MOIL
2022-12-30,PRIVISCL
2022-12-30,PGHL
2022-12-30,SFL
2022-12-30,SIS
2022-12-30,SUDARSCHEM
2022-12-30,SYMPHONY
2022-12-30,THYROCARE
2022-12-30,TIMKEN
2022-12-30,WOCKPHARMA
2022-12-30,BDL
2022-12-30,BAJAJELEC
2022-12-30,EDELWEISS
2022-12-30,FINEORG
2022-12-30,SHILPAMED
2022-12-30,TCNSBRANDS
2022-12-30,TCIEXP
2022-12-30,FACT
2022-12-30,METROBRAND
2022-12-30,GARFIBRES
2022-12-30,GODREJAGRO
2022-12-30,GREENPANEL
2022-12-30,HIKAL
2022-12-30,HGS
2022-12-30,IFBIND
2022-12-30,IBREALEST
2022-12-30,JSL
2022-12-30,KPITTECH
2022-12-30,MAHLOG
2022-12-30,MAZDOCK
2022-12-30,INFIBEAM
2022-12-30,NOCIL
2022-12-30,RVNL
2022-12-30,TCI
2022-12-30,UFLEX
2022-12-30,AARTIDRUGS
2022-12-30,BCG
2022-12-30,DELTACORP
2022-12-30,EPIGRAL
2022-12-30,GRINFRA
2022-12-30,GALAXYSURF
2022-12-30,GOCOLORS
2022-12-30,GUJALKALI
2022-12-30,HLEGLAS
2022-12-30,IDBI
2022-12-30,CARBORUNIV
2022-12-30,JAMNAAUTO
2022-12-30,POWERINDIA
2022-12-30,KEI
2022-12-30,NAZARA
2022-12-30,ORIENTELEC
2022-12-30,POLYPLEX
2022-12-30,RAIN
2022-12-30,RALLIS
2022-12-30,ROSSARI
2022-12-30,SHARDACROP
2022-12-30,SHOPERSTOP
2022-12-30,SJVN
2022-12-30,SUPRAJIT
2022-12-30,SUZLON
2022-12-30,TEAMLEASE
2022-12-30,LUXIND
2022-12-30,HUDCO
2022-12-30,VMART
2022-12-30,EXIDEIND
2022-12-30,EPL
2022-12-30,DCMSHRIRAM
2022-12-30,TTKPRESTIG
2022-12-30,GMMPFAUDLR
2022-12-30,CENTRALBK
2022-12-30,BORORENEW
2022-12-30,ANURAS
2022-12-30,AETHER
2022-12-30,BSE
2022-12-30,ZYDUSWELL
2022-12-30,COCHINSHIP
2022-12-30,GAEL
2022-12-30,FDC
2022-12-30,LAXMIMACH
2022-12-30,GSFC
2022-12-30,IOB
2022-12-30,IRB
2022-12-30,JKPAPER
2022-12-30,KRBL
2022-12-30,LXCHEM
2022-12-30,MHRIL
2022-12-30,MRPL
2022-12-30,MEDPLUS
2022-12-30,MTARTECH
2022-12-30,NLCINDIA
2022-12-30,PRINCEPIPE
2022-12-30,RBA
2022-12-30,STLTECH
2022-12-30,SUNTECK
2022-12-30,INDIGOPNTS
2022-12-30,TATAINVEST
2022-12-30,IDFC
2022-12-30,TV18BRDCST
2022-12-30,AVANTIFEED
2022-12-30,BALAMINES
2022-12-30,BIRLACORPN
2022-12-30,BLUESTARCO
2022-12-30,CHEMPLASTS
2022-12-30,CIEINDIA
2022-12-30,EASEMYTRIP
2022-12-30,EQUITASBNK
2022-12-30,GVT&D
2022-12-30,GLENMARK
2022-12-30,KALYANKJIL
2022-12-30,VAIBHAVGBL
2022-12-30,ALLCARGO
2022-12-30,MANAPPURAM
2022-12-30,CSBBANK
2022-12-30,SOBHA
2022-12-30,INDIACEM
2022-12-30,NUVOCO
2022-12-30,RATNAMANI
2022-12-30,SPARC
2022-12-30,VIPIND
2022-12-30,VARROC
2022-12-30,QUESS
2022-12-30,GODFRYPHLP
2022-12-30,GNFC
2022-12-30,GPPL
2022-12-30,JUSTDIAL
2022-12-30,KNRCON
2022-12-30,MCX
2022-12-30,MOTILALOFS
2022-12-30,MASTEK
2022-12-30,RAYMOND
2022-12-30,ROUTE
2022-12-30,RENUKA
2022-12-30,SWSOLAR
2022-12-30,TANLA
2022-12-30,UCOBANK
2022-12-30,WESTLIFE
2022-12-30,CAMPUS
2022-12-30,CENTURYPLY
2022-12-30,CERA
2022-12-30,FINPIPE
2022-12-30,JYOTHYLAB
2022-12-30,NETWORK18
2022-12-30,PNCINFRA
2022-12-30,CCL
2022-12-30,METROPOLIS
2022-12-30,KPIL
2022-12-30,TRIVENI
2022-12-30,CHAMBLFERT
2022-12-30,RADICO
2022-12-30,SONATSOFTW
2022-12-30,JSWDULUX
2022-12-30,CANFINHOME
2022-12-30,GRANULES
2022-12-30,WELCORP
2022-12-30,EIDPARRY
2022-12-30,ABREL
2022-12-30,RCF
2022-12-30,ANGELONE
2022-12-30,WELSPUNLIV
2022-12-30,RTNINDIA
2022-12-30,FSL
2022-12-30,CEATLTD
2022-12-30,HFCL
2022-12-30,AEGISLOG
2022-12-30,MMTC
2022-12-30,PCBL
2022-12-30,REDINGTON
2022-12-30,NCC
2022-12-30,JBCHEPHARM
2022-12-30,COHANCE
2022-12-30,PRAJIND
2022-12-30,RHIM
2022-12-30,HBLENGINE
2022-12-30,SWANCORP
2022-12-30,BALRAMCHIN
2022-12-30,CREDITACC
2022-12-30,VGUARD
2022-12-30,JMFINANCIL
2022-12-30,ECLERX
2022-12-30,GESHIP
2022-12-30,CDSL
2022-12-30,NH
2022-12-30,VTL
2022-12-30,ASTERDM
2022-12-30,ELGIEQUIP
2022-12-30,KARURVYSYA
2022-12-30,ZENSARTECH
2022-12-30,RITES
2022-12-30,IIFL
2022-12-30,AMBER
2022-12-30,BSOFT
2022-12-30,CYIENT
2022-12-30,FINCABLES
2022-12-30,HEG
2022-12-30,NBCC
2022-12-30,ENGINERSIN
2022-12-30,POLYMED
2022-12-30,CHALET
2022-12-30,EIHOTEL
2022-12-30,PNBHOUSING
2022-12-30,ASAHIINDIA
2022-12-30,CAMS
2022-12-30,INTELLECT
2022-12-30,TRITURBINE
2022-12-30,UTIAMC
2022-12-30,KEC
2022-12-30,GRAPHITE
2022-12-30,BRIGADE
2022-12-30,JKLAKSHMI
2022-12-30,CESC
2022-12-30,BBTC
2022-12-30,JUBLPHARMA
2022-12-30,JUBLINGREA
2022-12-30,ARE&M
2022-12-30,APTUS
2022-12-30,MAPMYINDIA
2022-12-30,CASTROLIND
2022-12-30,CHOLAFIN
2022-12-30,CUB
2022-12-30,ITI
2022-12-30,KIMS
2022-12-30,LATENTVIEW
2022-12-30,SAMMAANCAP
2022-12-30,MGL
2022-12-30,HINDCOPPER
2022-12-30,SHYAMMETL
2022-12-30,HOMEFIRST
2022-12-30,RBLBANK
2022-12-30,SAPPHIRE
2022-12-30,RAINBOW
2022-12-30,LEMONTREE
2022-12-30,BEML
2022-12-30,TEJASNET
2022-12-30,MAHLIFE
2022-12-30,OLECTRA
2022-12-30,VIJAYA
2022-12-30,JBMA
2022-12-30,DEEPAKFERT
2022-12-30,CGCL
2022-12-30,SWANENERGY
2023-02-06,MAHLIFE
2023-02-06,INDOCO
2023-02-06,FINEORG
2023-02-06,DBL
2023-02-06,DHANI
2023-02-06,ASTRAZEN
2023-02-06,BHARATRAS
2023-02-06,APOLLOTYRE
2023-02-06,ALOKINDS
2023-02-06,ABSLAMC
2023-02-06,METROBRAND
2023-02-06,CAPLIPOINT
2023-02-06,KALYANKJIL
2023-02-06,MAHABANK
2023-02-06,PGHL
2023-02-06,SFL
2023-02-06,SHILPAMED
2023-02-06,SIS
2023-02-06,SUDARSCHEM
2023-02-06,SYMPHONY
2023-02-06,THYROCARE
2023-02-06,TIMKEN
2023-02-06,WOCKPHARMA
2023-02-06,BAJAJELEC
2023-02-06,EDELWEISS
2023-02-06,BASF
2023-02-06,MOIL
2023-02-06,BDL
2023-02-06,AARTIDRUGS
2023-02-06,FACT
2023-02-06,JKLAKSHMI
2023-02-06,GREENPANEL
2023-02-06,HIKAL
2023-02-06,HGS
2023-02-06,IFBIND
2023-02-06,IBREALEST
2023-02-06,JSL
2023-02-06,KPITTECH
2023-02-06,MAHLOG
2023-02-06,MAZDOCK
2023-02-06,NOCIL
2023-02-06,RVNL
2023-02-06,TCIEXP
2023-02-06,TCNSBRANDS
2023-02-06,TCI
2023-02-06,UFLEX
2023-02-06,PRIVISCL
2023-02-06,BCG
2023-02-06,DELTACORP
2023-02-06,EPIGRAL
2023-02-06,GRINFRA
2023-02-06,GALAXYSURF
2023-02-06,GOCOLORS
2023-02-06,GUJALKALI
2023-02-06,HLEGLAS
2023-02-06,IDBI
2023-02-06,INFIBEAM
2023-02-06,JAMNAAUTO
2023-02-06,GODREJAGRO
2023-02-06,CARBORUNIV
2023-02-06,KEI
2023-02-06,IRB
2023-02-06,LUXIND
2023-02-06,POLYPLEX
2023-02-06,RAIN
2023-02-06,RALLIS
2023-02-06,ROSSARI
2023-02-06,SHARDACROP
2023-02-06,SHOPERSTOP
2023-02-06,SJVN
2023-02-06,SUZLON
2023-02-06,TEAMLEASE
2023-02-06,TTKPRESTIG
2023-02-06,VMART
2023-02-06,ZYDUSWELL
2023-02-06,SUPRAJIT
2023-02-06,IOB
2023-02-06,AETHER
2023-02-06,BSE
2023-02-06,GMMPFAUDLR
2023-02-06,FDC
2023-02-06,EXIDEIND
2023-02-06,EPL
2023-02-06,DCMSHRIRAM
2023-02-06,POWERINDIA
2023-02-06,COCHINSHIP
2023-02-06,CENTRALBK
2023-02-06,BORORENEW
2023-02-06,ANURAS
2023-02-06,MOTILALOFS
2023-02-06,CSBBANK
2023-02-06,HUDCO
2023-02-06,GARFIBRES
2023-02-06,NAZARA
2023-02-06,SUNTECK
2023-02-06,JKPAPER
2023-02-06,KRBL
2023-02-06,LXCHEM
2023-02-06,MHRIL
2023-02-06,MRPL
2023-02-06,MEDPLUS
2023-02-06,MTARTECH
2023-02-06,NLCINDIA
2023-02-06,PRINCEPIPE
2023-02-06,RBA
2023-02-06,STLTECH
2023-02-06,TATAINVEST
2023-02-06,VAIBHAVGBL
2023-02-06,ORIENTELEC
2023-02-06,IDFC
2023-02-06,BALAMINES
2023-02-06,BIRLACORPN
2023-02-06,BLUESTARCO
2023-02-06,CHEMPLASTS
2023-02-06,CIEINDIA
2023-02-06,EASEMYTRIP
2023-02-06,EQUITASBNK
2023-02-06,GVT&D
2023-02-06,GLENMARK
2023-02-06,GAEL
2023-02-06,LAXMIMACH
2023-02-06,GSFC
2023-02-06,TV18BRDCST
2023-02-06,AVANTIFEED
2023-02-06,INDIGOPNTS
2023-02-06,HEG
2023-02-06,CREDITACC
2023-02-06,SPARC
2023-02-06,VIPIND
2023-02-06,VARROC
2023-02-06,QUESS
2023-02-06,GODFRYPHLP
2023-02-06,GNFC
2023-02-06,GPPL
2023-02-06,JUSTDIAL
2023-02-06,KNRCON
2023-02-06,MASTEK
2023-02-06,NETWORK18
2023-02-06,PNCINFRA
2023-02-06,RTNINDIA
2023-02-06,RAYMOND
2023-02-06,ROUTE
2023-02-06,RENUKA
2023-02-06,SOBHA
2023-02-06,TANLA
2023-02-06,UCOBANK
2023-02-06,WESTLIFE
2023-02-06,CAMPUS
2023-02-06,CENTURYPLY
2023-02-06,CERA
2023-02-06,FINPIPE
2023-02-06,JYOTHYLAB
2023-02-06,METROPOLIS
2023-02-06,MCX
2023-02-06,RATNAMANI
2023-02-06,SWSOLAR
2023-02-06,TRIVENI
2023-02-06,CEATLTD
2023-02-06,CESC
2023-02-06,FSL
2023-02-06,SWANCORP
2023-02-06,ABREL
2023-02-06,EIDPARRY
2023-02-06,CHAMBLFERT
2023-02-06,GRANULES
2023-02-06,CANFINHOME
2023-02-06,JSWDULUX
2023-02-06,SONATSOFTW
2023-02-06,ANGELONE
2023-02-06,WELSPUNLIV
2023-02-06,WELCORP
2023-02-06,PRAJIND
2023-02-06,BALRAMCHIN
2023-02-06,HFCL
2023-02-06,AEGISLOG
2023-02-06,KPIL
2023-02-06,MMTC
2023-02-06,REDINGTON
2023-02-06,NCC
2023-02-06,JBCHEPHARM
2023-02-06,COHANCE
2023-02-06,RHIM
2023-02-06,HBLENGINE
2023-02-06,INDIACEM
2023-02-06,VGUARD
2023-02-06,CCL
2023-02-06,PCBL
2023-02-06,RCF
2023-02-06,RADICO
2023-02-06,BSOFT
2023-02-06,HOMEFIRST
2023-02-06,ECLERX
2023-02-06,GESHIP
2023-02-06,CDSL
2023-02-06,NH
2023-02-06,VTL
2023-02-06,ASTERDM
2023-02-06,ELGIEQUIP
2023-02-06,KARURVYSYA
2023-02-06,ZENSARTECH
2023-02-06,RITES
2023-02-06,AMBER
2023-02-06,FINCABLES
2023-02-06,JMFINANCIL
2023-02-06,SAMMAANCAP
2023-02-06,NBCC
2023-02-06,ENGINERSIN
2023-02-06,POLYMED
2023-02-06,CHALET
2023-02-06,EIHOTEL
2023-02-06,PNBHOUSING
2023-02-06,ASAHIINDIA
2023-02-06,CAMS
2023-02-06,INTELLECT
2023-02-06,TRITURBINE
2023-02-06,UTIAMC
2023-02-06,KEC
2023-02-06,BBTC
2023-02-06,GRAPHITE
2023-02-06,BRIGADE
2023-02-06,IIFL
2023-02-06,JUBLPHARMA
2023-02-06,CYIENT
2023-02-06,SHYAMMETL
2023-02-06,ARE&M
2023-02-06,APTUS
2023-02-06,MAPMYINDIA
2023-02-06,CASTROLIND
2023-02-06,CHOLAFIN
2023-02-06,CUB
2023-02-06,HINDCOPPER
2023-02-06,KIMS
2023-02-06,LATENTVIEW
2023-02-06,MGL
2023-02-06,RBLBANK
2023-02-06,JUBLINGREA
2023-02-06,ITI
2023-02-06,VIJAYA
2023-02-06,PVRINOX
2023-02-06,SAPPHIRE
2023-02-06,RAINBOW
2023-02-06,LEMONTREE
2023-02-06,BEML
2023-02-06,TEJASNET
2023-02-06,SWANENERGY
2023-02-06,NUVOCO
2023-02-06,MANAPPURAM
2023-02-06,JBMA
2023-02-06,DEEPAKFERT
2023-02-06,CGCL
2023-02-06,OLECTRA
2023-02-17,PRIVISCL
2023-02-17,MOIL
2023-02-17,METROBRAND
2023-02-17,INDOCO
2023-02-17,FINEORG
2023-02-17,DBL
2023-02-17,CAPLIPOINT
2023-02-17,ASTRAZEN
2023-02-17,APOLLOTYRE
2023-02-17,ALOKINDS
2023-02-17,ABSLAMC
2023-02-17,GARFIBRES
2023-02-17,DHANI
2023-02-17,PGHL
2023-02-17,SFL
2023-02-17,SIS
2023-02-17,SUDARSCHEM
2023-02-17,SYMPHONY
2023-02-17,THYROCARE
2023-02-17,TIMKEN
2023-02-17,WOCKPHARMA
2023-02-17,BAJAJELEC
2023-02-17,EDELWEISS
2023-02-17,MAHABANK
2023-02-17,BASF
2023-02-17,BDL
2023-02-17,CARBORUNIV
2023-02-17,FACT
2023-02-17,SHILPAMED
2023-02-17,GODREJAGRO
2023-02-17,HIKAL
2023-02-17,AARTIDRUGS
2023-02-17,LUXIND
2023-02-17,HGS
2023-02-17,IFBIND
2023-02-17,IBREALEST
2023-02-17,JSL
2023-02-17,KPITTECH
2023-02-17,MAHLOG
2023-02-17,MAZDOCK
2023-02-17,NOCIL
2023-02-17,RVNL
2023-02-17,TCIEXP
2023-02-17,TCNSBRANDS
2023-02-17,TCI
2023-02-17,LAXMIMACH
2023-02-17,GREENPANEL
2023-02-17,BCG
2023-02-17,DELTACORP
2023-02-17,EPIGRAL
2023-02-17,GRINFRA
2023-02-17,GALAXYSURF
2023-02-17,GOCOLORS
2023-02-17,GUJALKALI
2023-02-17,HLEGLAS
2023-02-17,IDBI
2023-02-17,INFIBEAM
2023-02-17,JAMNAAUTO
2023-02-17,KALYANKJIL
2023-02-17,KEI
2023-02-17,UFLEX
2023-02-17,NUVOCO
2023-02-17,DCMSHRIRAM
2023-02-17,LXCHEM
2023-02-17,IRB
2023-02-17,RAIN
2023-02-17,RALLIS
2023-02-17,ROSSARI
2023-02-17,SHARDACROP
2023-02-17,SHOPERSTOP
2023-02-17,SJVN
2023-02-17,SUPRAJIT
2023-02-17,TEAMLEASE
2023-02-17,TTKPRESTIG
2023-02-17,VMART
2023-02-17,ZYDUSWELL
2023-02-17,BSE
2023-02-17,POLYPLEX
2023-02-17,SUZLON
2023-02-17,IOB
2023-02-17,HUDCO
2023-02-17,AETHER
2023-02-17,GMMPFAUDLR
2023-02-17,FDC
2023-02-17,EXIDEIND
2023-02-17,EPL
2023-02-17,CSBBANK
2023-02-17,COCHINSHIP
2023-02-17,CENTRALBK
2023-02-17,BORORENEW
2023-02-17,ANURAS
2023-02-17,MOTILALOFS
2023-02-17,POWERINDIA
2023-02-17,ORIENTELEC
2023-02-17,INDIGOPNTS
2023-02-17,JKPAPER
2023-02-17,MHRIL
2023-02-17,MRPL
2023-02-17,MEDPLUS
2023-02-17,MTARTECH
2023-02-17,NLCINDIA
2023-02-17,PRINCEPIPE
2023-02-17,RBA
2023-02-17,STLTECH
2023-02-17,SUNTECK
2023-02-17,TATAINVEST
2023-02-17,VAIBHAVGBL
2023-02-17,IDFC
2023-02-17,KRBL
2023-02-17,TV18BRDCST
2023-02-17,AVANTIFEED
2023-02-17,BLUESTARCO
2023-02-17,CHEMPLASTS
2023-02-17,CIEINDIA
2023-02-17,EASEMYTRIP
2023-02-17,EQUITASBNK
2023-02-17,GVT&D
2023-02-17,GLENMARK
2023-02-17,GAEL
2023-02-17,GSFC
2023-02-17,JKLAKSHMI
2023-02-17,MAHLIFE
2023-02-17,NAZARA
2023-02-17,BALAMINES
2023-02-17,BIRLACORPN
2023-02-17,BHARATRAS
2023-02-17,EIDPARRY
2023-02-17,NBCC
2023-02-17,VARROC
2023-02-17,QUESS
2023-02-17,GODFRYPHLP
2023-02-17,GNFC
2023-02-17,GPPL
2023-02-17,JUSTDIAL
2023-02-17,KNRCON
2023-02-17,MASTEK
2023-02-17,NETWORK18
2023-02-17,PNCINFRA
2023-02-17,RTNINDIA
2023-02-17,RAYMOND
2023-02-17,TRIVENI
2023-02-17,ROUTE
2023-02-17,SWSOLAR
2023-02-17,TANLA
2023-02-17,UCOBANK
2023-02-17,WESTLIFE
2023-02-17,CAMPUS
2023-02-17,CENTURYPLY
2023-02-17,CERA
2023-02-17,FINPIPE
2023-02-17,JYOTHYLAB
2023-02-17,METROPOLIS
2023-02-17,MCX
2023-02-17,PRAJIND
2023-02-17,RADICO
2023-02-17,BRIGADE
2023-02-17,RCF
2023-02-17,VIPIND
2023-02-17,VGUARD
2023-02-17,BALRAMCHIN
2023-02-17,WELSPUNLIV
2023-02-17,FSL
2023-02-17,SWANCORP
2023-02-17,ABREL
2023-02-17,GRANULES
2023-02-17,CANFINHOME
2023-02-17,JSWDULUX
2023-02-17,SONATSOFTW
2023-02-17,ANGELONE
2023-02-17,CEATLTD
2023-02-17,WELCORP
2023-02-17,HFCL
2023-02-17,RENUKA
2023-02-17,KEC
2023-02-17,MMTC
2023-02-17,PCBL
2023-02-17,REDINGTON
2023-02-17,NCC
2023-02-17,JBCHEPHARM
2023-02-17,COHANCE
2023-02-17,RHIM
2023-02-17,HBLENGINE
2023-02-17,INDIACEM
2023-02-17,CCL
2023-02-17,SOBHA
2023-02-17,CHAMBLFERT
2023-02-17,AEGISLOG
2023-02-17,KPIL
2023-02-17,CYIENT
2023-02-17,RATNAMANI
2023-02-17,GESHIP
2023-02-17,CDSL
2023-02-17,NH
2023-02-17,VTL
2023-02-17,ASTERDM
2023-02-17,ELGIEQUIP
2023-02-17,KARURVYSYA
2023-02-17,ZENSARTECH
2023-02-17,RITES
2023-02-17,IIFL
2023-02-17,AMBER
2023-02-17,BSOFT
2023-02-17,FINCABLES
2023-02-17,GRAPHITE
2023-02-17,HOMEFIRST
2023-02-17,HEG
2023-02-17,POLYMED
2023-02-17,CHALET
2023-02-17,EIHOTEL
2023-02-17,PNBHOUSING
2023-02-17,ASAHIINDIA
2023-02-17,CAMS
2023-02-17,INTELLECT
2023-02-17,TRITURBINE
2023-02-17,UTIAMC
2023-02-17,BBTC
2023-02-17,CESC
2023-02-17,CREDITACC
2023-02-17,PPLPHARMA
2023-02-17,ENGINERSIN
2023-02-17,JMFINANCIL
2023-02-17,SAMMAANCAP
2023-02-17,SHYAMMETL
2023-02-17,JUBLPHARMA
2023-02-17,ECLERX
2023-02-17,ARE&M
2023-02-17,APTUS
2023-02-17,MAPMYINDIA
2023-02-17,CASTROLIND
2023-02-17,CHOLAFIN
2023-02-17,CUB
2023-02-17,HINDCOPPER
2023-02-17,KIMS
2023-02-17,LATENTVIEW
2023-02-17,MGL
2023-02-17,RBLBANK
2023-02-17,JUBLINGREA
2023-02-17,ITI
2023-02-17,RAINBOW
2023-02-17,SPARC
2023-02-17,PVRINOX
2023-02-17,SAPPHIRE
2023-02-17,LEMONTREE
2023-02-17,BEML
2023-02-17,TEJASNET
2023-02-17,SWANENERGY
2023-02-17,MANAPPURAM
2023-02-17,JBMA
2023-02-17,DEEPAKFERT
2023-02-17,CGCL
2023-02-17,VIJAYA
2023-02-17,OLECTRA
2023-03-31,MOIL
2023-03-31,FINEORG
2023-03-31,PRIVISCL
2023-03-31,METROBRAND
2023-03-31,INDOCO
2023-03-31,DBL
2023-03-31,ALOKINDS
2023-03-31,CAPLIPOINT
2023-03-31,RATNAMANI
2023-03-31,ASTRAZEN
2023-03-31,APOLLOTYRE
2023-03-31,PGHL
2023-03-31,DHANI
2023-03-31,SFL
2023-03-31,SYMPHONY
2023-03-31,SIS
2023-03-31,ABSLAMC
2023-03-31,SUDARSCHEM
2023-03-31,THYROCARE
2023-03-31,TIMKEN
2023-03-31,WOCKPHARMA
2023-03-31,BAJAJELEC
2023-03-31,SHILPAMED
2023-03-31,MAHABANK
2023-03-31,BASF
2023-03-31,BDL
2023-03-31,CARBORUNIV
2023-03-31,FACT
2023-03-31,GARFIBRES
2023-03-31,GODREJAGRO
2023-03-31,LAXMIMACH
2023-03-31,GREENPANEL
2023-03-31,KENNAMET
2023-03-31,HGS
2023-03-31,IBREALEST
2023-03-31,JSL
2023-03-31,JINDWORLD
2023-03-31,EDELWEISS
2023-03-31,RUSTOMJEE
2023-03-31,KPITTECH
2023-03-31,MAHLOG
2023-03-31,MAZDOCK
2023-03-31,NOCIL
2023-03-31,RVNL
2023-03-31,TMB
2023-03-31,TCIEXP
2023-03-31,TCNSBRANDS
2023-03-31,TCI
2023-03-31,IFBIND
2023-03-31,UFLEX
2023-03-31,BCG
2023-03-31,AARTIDRUGS
2023-03-31,KEI
2023-03-31,KALYANKJIL
2023-03-31,JAMNAAUTO
2023-03-31,INGERRAND
2023-03-31,INFIBEAM
2023-03-31,HIKAL
2023-03-31,IDBI
2023-03-31,GUJALKALI
2023-03-31,GOCOLORS
2023-03-31,GALAXYSURF
2023-03-31,GRINFRA
2023-03-31,EPIGRAL
2023-03-31,DELTACORP
2023-03-31,HLEGLAS
2023-03-31,LUXIND
2023-03-31,CIEINDIA
2023-03-31,ORIENTELEC
2023-03-31,POLYPLEX
2023-03-31,RALLIS
2023-03-31,ROSSARI
2023-03-31,SHARDACROP
2023-03-31,SHOPERSTOP
2023-03-31,SJVN
2023-03-31,SUPRAJIT
2023-03-31,SUZLON
2023-03-31,TEAMLEASE
2023-03-31,TTKPRESTIG
2023-03-31,VMART
2023-03-31,ZYDUSWELL
2023-03-31,BSE
2023-03-31,AETHER
2023-03-31,RAIN
2023-03-31,BORORENEW
2023-03-31,ANURAS
2023-03-31,EPL
2023-03-31,DCMSHRIRAM
2023-03-31,CSBBANK
2023-03-31,IRB
2023-03-31,COCHINSHIP
2023-03-31,FDC
2023-03-31,KRBL
2023-03-31,NUVOCO
2023-03-31,INDIGOPNTS
2023-03-31,GLOBALHEALTH
2023-03-31,GMMPFAUDLR
2023-03-31,POWERINDIA
2023-03-31,HUDCO
2023-03-31,IOB
2023-03-31,EXIDEIND
2023-03-31,BHARATRAS
2023-03-31,JKPAPER
2023-03-31,LXCHEM
2023-03-31,MRPL
2023-03-31,MEDPLUS
2023-03-31,MTARTECH
2023-03-31,NLCINDIA
2023-03-31,PRINCEPIPE
2023-03-31,RBA
2023-03-31,STLTECH
2023-03-31,SUNTECK
2023-03-31,TATAINVEST
2023-03-31,VAIBHAVGBL
2023-03-31,IDFC
2023-03-31,TV18BRDCST
2023-03-31,APARINDS
2023-03-31,ACI
2023-03-31,AVANTIFEED
2023-03-31,BALAMINES
2023-03-31,BIRLACORPN
2023-03-31,GLENMARK
2023-03-31,BLUESTARCO
2023-03-31,CHEMPLASTS
2023-03-31,EASEMYTRIP
2023-03-31,EQUITASBNK
2023-03-31,GVT&D
2023-03-31,MAHLIFE
2023-03-31,GAEL
2023-03-31,GSFC
2023-03-31,JKLAKSHMI
2023-03-31,KSB
2023-03-31,MOTILALOFS
2023-03-31,NATIONALUM
2023-03-31,NAZARA
2023-03-31,MHRIL
2023-03-31,CENTRALBK
2023-03-31,SANOFI
2023-03-31,CESC
2023-03-31,VARROC
2023-03-31,QUESS
2023-03-31,GESHIP
2023-03-31,GNFC
2023-03-31,GPPL
2023-03-31,JUSTDIAL
2023-03-31,KNRCON
2023-03-31,MASTEK
2023-03-31,NETWORK18
2023-03-31,PNCINFRA
2023-03-31,RTNINDIA
2023-03-31,RAYMOND
2023-03-31,ROUTE
2023-03-31,RENUKA
2023-03-31,VIPIND
2023-03-31,SWSOLAR
2023-03-31,TRIVENI
2023-03-31,RCF
2023-03-31,RADICO
2023-03-31,PRAJIND
2023-03-31,MCX
2023-03-31,METROPOLIS
2023-03-31,GSPL
2023-03-31,JYOTHYLAB
2023-03-31,CERA
2023-03-31,CENTURYPLY
2023-03-31,CAMPUS
2023-03-31,APLLTD
2023-03-31,WESTLIFE
2023-03-31,UCOBANK
2023-03-31,TANLA
2023-03-31,VGUARD
2023-03-31,GODFRYPHLP
2023-03-31,CHAMBLFERT
2023-03-31,BALRAMCHIN
2023-03-31,SWANCORP
2023-03-31,CEATLTD
2023-03-31,WELSPUNLIV
2023-03-31,DATAPATTNS
2023-03-31,ABREL
2023-03-31,SONATSOFTW
2023-03-31,WELCORP
2023-03-31,GRANULES
2023-03-31,CANFINHOME
2023-03-31,JSWDULUX
2023-03-31,HFCL
2023-03-31,EIDPARRY
2023-03-31,AEGISLOG
2023-03-31,CYIENT
2023-03-31,MMTC
2023-03-31,ANGELONE
2023-03-31,HBLENGINE
2023-03-31,PCBL
2023-03-31,REDINGTON
2023-03-31,NCC
2023-03-31,JBCHEPHARM
2023-03-31,COHANCE
2023-03-31,FINPIPE
2023-03-31,RHIM
2023-03-31,KPIL
2023-03-31,CCL
2023-03-31,SOBHA
2023-03-31,KEC
2023-03-31,BRIGADE
2023-03-31,ECLERX
2023-03-31,INDIACEM
2023-03-31,CDSL
2023-03-31,FSL
2023-03-31,VTL
2023-03-31,ASTERDM
2023-03-31,ELGIEQUIP
2023-03-31,KARURVYSYA
2023-03-31,ZENSARTECH
2023-03-31,RITES
2023-03-31,IIFL
2023-03-31,AMBER
2023-03-31,BSOFT
2023-03-31,FINCABLES
2023-03-31,GRAPHITE
2023-03-31,HEG
2023-03-31,NBCC
2023-03-31,ENGINERSIN
2023-03-31,POLYMED
2023-03-31,CHALET
2023-03-31,EIHOTEL
2023-03-31,PNBHOUSING
2023-03-31,JUBLINGREA
2023-03-31,ASAHIINDIA
2023-03-31,CAMS
2023-03-31,TRITURBINE
2023-03-31,UTIAMC
2023-03-31,BBTC
2023-03-31,MAPMYINDIA
2023-03-31,CREDITACC
2023-03-31,HOMEFIRST
2023-03-31,SAMMAANCAP
2023-03-31,JMFINANCIL
2023-03-31,JUBLPHARMA
2023-03-31,ARE&M
2023-03-31,APTUS
2023-03-31,CASTROLIND
2023-03-31,CHOLAFIN
2023-03-31,INTELLECT
2023-03-31,CRAFTSMAN
2023-03-31,NH
2023-03-31,HINDCOPPER
2023-03-31,KIMS
2023-03-31,LATENTVIEW
2023-03-31,MGL
2023-03-31,RBLBANK
2023-03-31,SAPPHIRE
2023-03-31,SHYAMMETL
2023-03-31,VIJAYA
2023-03-31,CGCL
2023-03-31,DEEPAKFERT
2023-03-31,JBMA
2023-03-31,MANAPPURAM
2023-03-31,OLECTRA
2023-03-31,SWANENERGY
2023-03-31,ITI
2023-03-31,BEML
2023-03-31,TEJASNET
2023-03-31,PVRINOX
2023-03-31,PPLPHARMA
2023-03-31,BIKAJI
2023-03-31,BLS
2023-03-31,SPARC
2023-03-31,RAINBOW
2023-03-31,FIVESTAR
2023-03-31,NATCOPHARM
2023-03-31,CUB
2023-03-31,MFL
2023-03-31,LEMONTREE
2023-03-31,KFINTECH
2023-03-31,IEX
2023-03-31,INDIAMART
2023-04-28,DELTACORP
2023-04-28,MAHABANK
2023-04-28,BASF
2023-04-28,BDL
2023-04-28,FACT
2023-04-28,GARFIBRES
2023-04-28,GODREJAGRO
2023-04-28,GREENPANEL
2023-04-28,HIKAL
2023-04-28,HGS
2023-04-28,IFBIND
2023-04-28,EDELWEISS
2023-04-28,CARBORUNIV
2023-04-28,NOCIL
2023-04-28,JINDWORLD
2023-04-28,KENNAMET
2023-04-28,RUSTOMJEE
2023-04-28,KPITTECH
2023-04-28,MAHLOG
2023-04-28,MAZDOCK
2023-04-28,RVNL
2023-04-28,TMB
2023-04-28,TCIEXP
2023-04-28,TCNSBRANDS
2023-04-28,TCI
2023-04-28,UFLEX
2023-04-28,JSL
2023-04-28,ANURAS
2023-04-28,IBREALEST
2023-04-28,BAJAJELEC
2023-04-28,RALLIS
2023-04-28,EPIGRAL
2023-04-28,BCG
2023-04-28,GOCOLORS
2023-04-28,GUJALKALI
2023-04-28,HLEGLAS
2023-04-28,IDBI
2023-04-28,INFIBEAM
2023-04-28,INGERRAND
2023-04-28,JAMNAAUTO
2023-04-28,KALYANKJIL
2023-04-28,KEI
2023-04-28,LAXMIMACH
2023-04-28,LUXIND
2023-04-28,NAZARA
2023-04-28,AARTIDRUGS
2023-04-28,GRINFRA
2023-04-28,RAIN
2023-04-28,ROSSARI
2023-04-28,SHARDACROP
2023-04-28,SHOPERSTOP
2023-04-28,SJVN
2023-04-28,SUPRAJIT
2023-04-28,SUZLON
2023-04-28,TEAMLEASE
2023-04-28,TTKPRESTIG
2023-04-28,VMART
2023-04-28,ZYDUSWELL
2023-04-28,BSE
2023-04-28,POLYPLEX
2023-04-28,ORIENTELEC
2023-04-28,CENTRALBK
2023-04-28,ACI
2023-04-28,BIRLACORPN
2023-04-28,DCMSHRIRAM
2023-04-28,EPL
2023-04-28,EXIDEIND
2023-04-28,FDC
2023-04-28,GLOBALHEALTH
2023-04-28,GMMPFAUDLR
2023-04-28,POWERINDIA
2023-04-28,IOB
2023-04-28,INDIGOPNTS
2023-04-28,IRB
2023-04-28,JKPAPER
2023-04-28,KRBL
2023-04-28,HUDCO
2023-04-28,CSBBANK
2023-04-28,TV18BRDCST
2023-04-28,IDFC
2023-04-28,VAIBHAVGBL
2023-04-28,TATAINVEST
2023-04-28,SUNTECK
2023-04-28,RBA
2023-04-28,STLTECH
2023-04-28,NLCINDIA
2023-04-28,MTARTECH
2023-04-28,MEDPLUS
2023-04-28,MRPL
2023-04-28,MHRIL
2023-04-28,PRINCEPIPE
2023-04-28,GALAXYSURF
2023-04-28,LXCHEM
2023-04-28,BALAMINES
2023-04-28,COCHINSHIP
2023-04-28,KSB
2023-04-28,BLUESTARCO
2023-04-28,CHEMPLASTS
2023-04-28,CIEINDIA
2023-04-28,EASEMYTRIP
2023-04-28,EQUITASBNK
2023-04-28,GVT&D
2023-04-28,GLENMARK
2023-04-28,GAEL
2023-04-28,GSFC
2023-04-28,JKLAKSHMI
2023-04-28,MAHLIFE
2023-04-28,NETWORK18
2023-04-28,MOTILALOFS
2023-04-28,APARINDS
2023-04-28,NUVOCO
2023-04-28,SANOFI
2023-04-28,SPARC
2023-04-28,VIPIND
2023-04-28,VARROC
2023-04-28,QUESS
2023-04-28,GODFRYPHLP
2023-04-28,GNFC
2023-04-28,GPPL
2023-04-28,JUSTDIAL
2023-04-28,KNRCON
2023-04-28,BORORENEW
2023-04-28,NATIONALUM
2023-04-28,AVANTIFEED
2023-04-28,RATNAMANI
2023-04-28,MASTEK
2023-04-28,AETHER
2023-04-28,PNCINFRA
2023-04-28,RAYMOND
2023-04-28,ROUTE
2023-04-28,RENUKA
2023-04-28,SWSOLAR
2023-04-28,TANLA
2023-04-28,UCOBANK
2023-04-28,WESTLIFE
2023-04-28,APLLTD
2023-04-28,CAMPUS
2023-04-28,CENTURYPLY
2023-04-28,CERA
2023-04-28,FINPIPE
2023-04-28,SWANCORP
2023-04-28,RITES
2023-04-28,JYOTHYLAB
2023-04-28,RADICO
2023-04-28,RCF
2023-04-28,TRIVENI
2023-04-28,VGUARD
2023-04-28,GSPL
2023-04-28,CHAMBLFERT
2023-04-28,ANGELONE
2023-04-28,SONATSOFTW
2023-04-28,JSWDULUX
2023-04-28,CANFINHOME
2023-04-28,GRANULES
2023-04-28,EIDPARRY
2023-04-28,METROPOLIS
2023-04-28,MCX
2023-04-28,IIFL
2023-04-28,ABREL
2023-04-28,HBLENGINE
2023-04-28,RHIM
2023-04-28,BALRAMCHIN
2023-04-28,CEATLTD
2023-04-28,HFCL
2023-04-28,KPIL
2023-04-28,MMTC
2023-04-28,PCBL
2023-04-28,REDINGTON
2023-04-28,NCC
2023-04-28,JBCHEPHARM
2023-04-28,COHANCE
2023-04-28,WELSPUNLIV
2023-04-28,AEGISLOG
2023-04-28,PRAJIND
2023-04-28,ECLERX
2023-04-28,CCL
2023-04-28,SOBHA
2023-04-28,KEC
2023-04-28,BRIGADE
2023-04-28,CYIENT
2023-04-28,GESHIP
2023-04-28,CDSL
2023-04-28,NH
2023-04-28,VTL
2023-04-28,ASTERDM
2023-04-28,ELGIEQUIP
2023-04-28,KARURVYSYA
2023-04-28,ZENSARTECH
2023-04-28,INDIACEM
2023-04-28,LATENTVIEW
2023-04-28,FSL
2023-04-28,RBLBANK
2023-04-28,GRAPHITE
2023-04-28,HEG
2023-04-28,NBCC
2023-04-28,ENGINERSIN
2023-04-28,POLYMED
2023-04-28,CHALET
2023-04-28,EIHOTEL
2023-04-28,PNBHOUSING
2023-04-28,ASAHIINDIA
2023-04-28,CAMS
2023-04-28,INTELLECT
2023-04-28,TRITURBINE
2023-04-28,UTIAMC
2023-04-28,FINCABLES
2023-04-28,CESC
2023-04-28,HOMEFIRST
2023-04-28,SAMMAANCAP
2023-04-28,JMFINANCIL
2023-04-28,JUBLINGREA
2023-04-28,JUBLPHARMA
2023-04-28,ARE&M
2023-04-28,APTUS
2023-04-28,MAPMYINDIA
2023-04-28,CASTROLIND
2023-04-28,CHOLAFIN
2023-04-28,CUB
2023-04-28,BBTC
2023-04-28,BSOFT
2023-04-28,CREDITACC
2023-04-28,WELCORP
2023-04-28,ITI
2023-04-28,KIMS
2023-04-28,SAPPHIRE
2023-04-28,HINDCOPPER
2023-04-28,SHYAMMETL
2023-04-28,VIJAYA
2023-04-28,CGCL
2023-04-28,DEEPAKFERT
2023-04-28,JBMA
2023-04-28,MANAPPURAM
2023-04-28,OLECTRA
2023-04-28,TEJASNET
2023-04-28,LEMONTREE
2023-04-28,RAINBOW
2023-04-28,MGL
2023-04-28,PVRINOX
2023-04-28,BIKAJI
2023-04-28,BEML
2023-04-28,AMBER
2023-04-28,BLS
2023-04-28,PPLPHARMA
2023-04-28,RTNINDIA
2023-04-28,NSLNISP
2023-04-28,ERIS
2023-04-28,MFL
2023-04-28,NATCOPHARM
2023-04-28,IEX
2023-04-28,INDIAMART
2023-04-28,FIVESTAR
2023-04-28,DATAPATTNS
2023-04-28,CRAFTSMAN
2023-04-28,KFINTECH
2023-09-29,HGS
2023-09-29,JINDWORLD
2023-09-29,JSL
2023-09-29,IBREALEST
2023-09-29,IFBIND
2023-09-29,HIKAL
2023-09-29,BDL
2023-09-29,ROUTE
2023-09-29,GARFIBRES
2023-09-29,FACT
2023-09-29,BASF
2023-09-29,CARBORUNIV
2023-09-29,KENNAMET
2023-09-29,GREENPANEL
2023-09-29,RUSTOMJEE
2023-09-29,MAHLOG
2023-09-29,EPIGRAL
2023-09-29,TCNSBRANDS
2023-09-29,MAHABANK
2023-09-29,MAZDOCK
2023-09-29,NOCIL
2023-09-29,RVNL
2023-09-29,TMB
2023-09-29,KPITTECH
2023-09-29,TCIEXP
2023-09-29,GALAXYSURF
2023-09-29,UFLEX
2023-09-29,KIRLFER
2023-09-29,AARTIDRUGS
2023-09-29,BCG
2023-09-29,DELTACORP
2023-09-29,TCI
2023-09-29,GRINFRA
2023-09-29,INGERRAND
2023-09-29,BORORENEW
2023-09-29,CENTRALBK
2023-09-29,IDBI
2023-09-29,INFIBEAM
2023-09-29,JAMNAAUTO
2023-09-29,KALYANKJIL
2023-09-29,KEI
2023-09-29,LAXMIMACH
2023-09-29,LUXIND
2023-09-29,NAZARA
2023-09-29,ORIENTELEC
2023-09-29,POLYPLEX
2023-09-29,PGHL
2023-09-29,RAIN
2023-09-29,RALLIS
2023-09-29,ROSSARI
2023-09-29,SHARDACROP
2023-09-29,ANURAS
2023-09-29,TEAMLEASE
2023-09-29,SFL
2023-09-29,SHOPERSTOP
2023-09-29,SJVN
2023-09-29,SUPRAJIT
2023-09-29,SUZLON
2023-09-29,GOCOLORS
2023-09-29,SYMPHONY
2023-09-29,GUJALKALI
2023-09-29,VMART
2023-09-29,ZYDUSWELL
2023-09-29,BSE
2023-09-29,AETHER
2023-09-29,ALLCARGO
2023-09-29,TTKPRESTIG
2023-09-29,GODREJAGRO
2023-09-29,MTARTECH
2023-09-29,CHEMPLASTS
2023-09-29,JKPAPER
2023-09-29,IRB
2023-09-29,INDIGOPNTS
2023-09-29,IOB
2023-09-29,HUDCO
2023-09-29,LXCHEM
2023-09-29,POWERINDIA
2023-09-29,GLOBALHEALTH
2023-09-29,GLS
2023-09-29,DCMSHRIRAM
2023-09-29,EXIDEIND
2023-09-29,EPL
2023-09-29,BALAMINES
2023-09-29,GMMPFAUDLR
2023-09-29,MHRIL
2023-09-29,FDC
2023-09-29,MEDPLUS
2023-09-29,PRINCEPIPE
2023-09-29,RBA
2023-09-29,ACI
2023-09-29,NLCINDIA
2023-09-29,NAM-INDIA
2023-09-29,HLEGLAS
2023-09-29,KRBL
2023-09-29,SAFARI
2023-09-29,SUNTECK
2023-09-29,TATAINVEST
2023-09-29,VAIBHAVGBL
2023-09-29,IDFC
2023-09-29,APARINDS
2023-09-29,MRPL
2023-09-29,TV18BRDCST
2023-09-29,CSBBANK
2023-09-29,AVANTIFEED
2023-09-29,BIRLACORPN
2023-09-29,CIEINDIA
2023-09-29,EASEMYTRIP
2023-09-29,EQUITASBNK
2023-09-29,FINEORG
2023-09-29,GVT&D
2023-09-29,GLENMARK
2023-09-29,GAEL
2023-09-29,GSFC
2023-09-29,JKLAKSHMI
2023-09-29,KSB
2023-09-29,MAHLIFE
2023-09-29,MOTILALOFS
2023-09-29,NATIONALUM
2023-09-29,NUVOCO
2023-09-29,RATNAMANI
2023-09-29,SANOFI
2023-09-29,COCHINSHIP
2023-09-29,GNFC
2023-09-29,SPARC
2023-09-29,UJJIVANSFB
2023-09-29,VIPIND
2023-09-29,VARROC
2023-09-29,QUESS
2023-09-29,KNRCON
2023-09-29,GODFRYPHLP
2023-09-29,BLUESTARCO
2023-09-29,JUSTDIAL
2023-09-29,MASTEK
2023-09-29,NETWORK18
2023-09-29,PNCINFRA
2023-09-29,RTNINDIA
2023-09-29,GPPL
2023-09-29,RAYMOND
2023-09-29,STLTECH
2023-09-29,RENUKA
2023-09-29,HEG
2023-09-29,TANLA
2023-09-29,UCOBANK
2023-09-29,APLLTD
2023-09-29,ALKYLAMINE
2023-09-29,ALOKINDS
2023-09-29,CAMPUS
2023-09-29,CENTURYPLY
2023-09-29,CERA
2023-09-29,FINPIPE
2023-09-29,HAPPSTMNDS
2023-09-29,JYOTHYLAB
2023-09-29,METROPOLIS
2023-09-29,MCX
2023-09-29,PRAJIND
2023-09-29,RADICO
2023-09-29,RCF
2023-09-29,TRIVENI
2023-09-29,VGUARD
2023-09-29,GSPL
2023-09-29,CHAMBLFERT
2023-09-29,ANGELONE
2023-09-29,SONATSOFTW
2023-09-29,WELSPUNLIV
2023-09-29,CANFINHOME
2023-09-29,GRANULES
2023-09-29,WELCORP
2023-09-29,EIDPARRY
2023-09-29,ABREL
2023-09-29,SWANCORP
2023-09-29,FSL
2023-09-29,BALRAMCHIN
2023-09-29,JSWDULUX
2023-09-29,WESTLIFE
2023-09-29,KARURVYSYA
2023-09-29,RHIM
2023-09-29,SOBHA
2023-09-29,CCL
2023-09-29,INDIACEM
2023-09-29,HBLENGINE
2023-09-29,COHANCE
2023-09-29,KAYNES
2023-09-29,NCC
2023-09-29,REDINGTON
2023-09-29,PCBL
2023-09-29,AEGISLOG
2023-09-29,MMTC
2023-09-29,KEC
2023-09-29,JBCHEPHARM
2023-09-29,BRIGADE
2023-09-29,FINCABLES
2023-09-29,ECLERX
2023-09-29,GESHIP
2023-09-29,CDSL
2023-09-29,NH
2023-09-29,VTL
2023-09-29,ASTERDM
2023-09-29,ELGIEQUIP
2023-09-29,CEATLTD
2023-09-29,ZENSARTECH
2023-09-29,RITES
2023-09-29,IIFL
2023-09-29,AMBER
2023-09-29,BSOFT
2023-09-29,HFCL
2023-09-29,GRAPHITE
2023-09-29,CYIENT
2023-09-29,NBCC
2023-09-29,KPIL
2023-09-29,POLYMED
2023-09-29,EIHOTEL
2023-09-29,PNBHOUSING
2023-09-29,ASAHIINDIA
2023-09-29,CAMS
2023-09-29,INTELLECT
2023-09-29,TRITURBINE
2023-09-29,UTIAMC
2023-09-29,BBTC
2023-09-29,CESC
2023-09-29,CREDITACC
2023-09-29,HOMEFIRST
2023-09-29,SAMMAANCAP
2023-09-29,JMFINANCIL
2023-09-29,JUBLINGREA
2023-09-29,JUBLPHARMA
2023-09-29,ARE&M
2023-09-29,VIJAYA
2023-09-29,JINDALSAW
2023-09-29,ITI
2023-09-29,APTUS
2023-09-29,MAPMYINDIA
2023-09-29,CASTROLIND
2023-09-29,CUB
2023-09-29,CHALET
2023-09-29,HINDCOPPER
2023-09-29,DEEPAKFERT
2023-09-29,LATENTVIEW
2023-09-29,MGL
2023-09-29,RBLBANK
2023-09-29,SAPPHIRE
2023-09-29,SHYAMMETL
2023-09-29,KIMS
2023-09-29,CGCL
2023-09-29,CHOLAFIN
2023-09-29,ENGINERSIN
2023-09-29,IEX
2023-09-29,INDIAMART
2023-09-29,FIVESTAR
2023-09-29,DATAPATTNS
2023-09-29,CRAFTSMAN
2023-09-29,BLS
2023-09-29,KFINTECH
2023-09-29,BIKAJI
2023-09-29,PVRINOX
2023-09-29,RAINBOW
2023-09-29,OLECTRA
2023-09-29,BEML
2023-09-29,TEJASNET
2023-09-29,JBMA
2023-09-29,PPLPHARMA
2023-09-29,MFL
2023-09-29,LEMONTREE
2023-09-29,USHAMART
2023-09-29,NATCOPHARM
2023-09-29,ERIS
2023-09-29,AAVAS
2023-09-29,AFFLE
2023-09-29,CLEAN
2023-09-29,GILLETTE
2023-09-29,NSLNISP
2023-09-29,MANAPPURAM
2023-09-29,TTML
2023-09-29,IRCON
2023-09-29,SYRMA
2023-09-29,SAREGAMA
2023-09-29,GPIL
2023-09-29,SWSOLAR
2023-09-29,MINDACORP
2023-10-26,INFIBEAM
2023-10-26,KIRLFER
2023-10-26,AARTIDRUGS
2023-10-26,BCG
2023-10-26,HAPPSTMNDS
2023-10-26,EPIGRAL
2023-10-26,GRINFRA
2023-10-26,GALAXYSURF
2023-10-26,GOCOLORS
2023-10-26,GUJALKALI
2023-10-26,HLEGLAS
2023-10-26,IDBI
2023-10-26,DELTACORP
2023-10-26,NAZARA
2023-10-26,INGERRAND
2023-10-26,KALYANKJIL
2023-10-26,KEI
2023-10-26,LAXMIMACH
2023-10-26,LUXIND
2023-10-26,ORIENTELEC
2023-10-26,POLYPLEX
2023-10-26,PGHL
2023-10-26,RAIN
2023-10-26,RALLIS
2023-10-26,ROSSARI
2023-10-26,SHARDACROP
2023-10-26,SFL
2023-10-26,SUPRAJIT
2023-10-26,SJVN
2023-10-26,FDC
2023-10-26,MRPL
2023-10-26,TTKPRESTIG
2023-10-26,JAMNAAUTO
2023-10-26,VMART
2023-10-26,ZYDUSWELL
2023-10-26,BSE
2023-10-26,AETHER
2023-10-26,ALLCARGO
2023-10-26,ANURAS
2023-10-26,BORORENEW
2023-10-26,CENTRALBK
2023-10-26,COCHINSHIP
2023-10-26,CSBBANK
2023-10-26,DCMSHRIRAM
2023-10-26,SUZLON
2023-10-26,SYMPHONY
2023-10-26,GLS
2023-10-26,GLOBALHEALTH
2023-10-26,GMMPFAUDLR
2023-10-26,POWERINDIA
2023-10-26,HUDCO
2023-10-26,IOB
2023-10-26,INDIGOPNTS
2023-10-26,IRB
2023-10-26,JKPAPER
2023-10-26,KRBL
2023-10-26,LXCHEM
2023-10-26,MHRIL
2023-10-26,EXIDEIND
2023-10-26,EPL
2023-10-26,MEDPLUS
2023-10-26,NLCINDIA
2023-10-26,NAM-INDIA
2023-10-26,PRINCEPIPE
2023-10-26,NATIONALUM
2023-10-26,RBA
2023-10-26,SAFARI
2023-10-26,STLTECH
2023-10-26,SUNTECK
2023-10-26,TATAINVEST
2023-10-26,VAIBHAVGBL
2023-10-26,TV18BRDCST
2023-10-26,APARINDS
2023-10-26,ACI
2023-10-26,AVANTIFEED
2023-10-26,BALAMINES
2023-10-26,MOTILALOFS
2023-10-26,BIRLACORPN
2023-10-26,BLUESTARCO
2023-10-26,MAHLIFE
2023-10-26,JKLAKSHMI
2023-10-26,GSFC
2023-10-26,GAEL
2023-10-26,GLENMARK
2023-10-26,GVT&D
2023-10-26,KSB
2023-10-26,EQUITASBNK
2023-10-26,EASEMYTRIP
2023-10-26,CIEINDIA
2023-10-26,CHEMPLASTS
2023-10-26,FINEORG
2023-10-26,IDFC
2023-10-26,SHOPERSTOP
2023-10-26,PNCINFRA
2023-10-26,RAYMOND
2023-10-26,SANOFI
2023-10-26,SPARC
2023-10-26,UJJIVANSFB
2023-10-26,VIPIND
2023-10-26,VARROC
2023-10-26,QUESS
2023-10-26,GODFRYPHLP
2023-10-26,GNFC
2023-10-26,GPPL
2023-10-26,JUSTDIAL
2023-10-26,KNRCON
2023-10-26,MASTEK
2023-10-26,NETWORK18
2023-10-26,NUVOCO
2023-10-26,RATNAMANI
2023-10-26,ROUTE
2023-10-26,RENUKA
2023-10-26,SWSOLAR
2023-10-26,TANLA
2023-10-26,UCOBANK
2023-10-26,WESTLIFE
2023-10-26,APLLTD
2023-10-26,ALKYLAMINE
2023-10-26,ALOKINDS
2023-10-26,CAMPUS
2023-10-26,CENTURYPLY
2023-10-26,MTARTECH
2023-10-26,CERA
2023-10-26,RTNINDIA
2023-10-26,FINPIPE
2023-10-26,TEAMLEASE
2023-10-26,JYOTHYLAB
2023-10-26,PNBHOUSING
2023-10-26,PRAJIND
2023-10-26,RADICO
2023-10-26,RCF
2023-10-26,TRIVENI
2023-10-26,VGUARD
2023-10-26,GSPL
2023-10-26,CHAMBLFERT
2023-10-26,ANGELONE
2023-10-26,SONATSOFTW
2023-10-26,JSWDULUX
2023-10-26,CANFINHOME
2023-10-26,COHANCE
2023-10-26,MCX
2023-10-26,GRANULES
2023-10-26,SWANCORP
2023-10-26,FSL
2023-10-26,WELSPUNLIV
2023-10-26,BALRAMCHIN
2023-10-26,CEATLTD
2023-10-26,HFCL
2023-10-26,AEGISLOG
2023-10-26,KPIL
2023-10-26,MMTC
2023-10-26,PCBL
2023-10-26,REDINGTON
2023-10-26,NCC
2023-10-26,WELCORP
2023-10-26,ABREL
2023-10-26,ASAHIINDIA
2023-10-26,JBCHEPHARM
2023-10-26,RHIM
2023-10-26,METROPOLIS
2023-10-26,ASTERDM
2023-10-26,INDIACEM
2023-10-26,CCL
2023-10-26,SOBHA
2023-10-26,HBLENGINE
2023-10-26,BRIGADE
2023-10-26,CYIENT
2023-10-26,ECLERX
2023-10-26,GESHIP
2023-10-26,CDSL
2023-10-26,NH
2023-10-26,VTL
2023-10-26,EIDPARRY
2023-10-26,KEC
2023-10-26,KARURVYSYA
2023-10-26,ZENSARTECH
2023-10-26,RITES
2023-10-26,IIFL
2023-10-26,AMBER
2023-10-26,FINCABLES
2023-10-26,GRAPHITE
2023-10-26,HEG
2023-10-26,NBCC
2023-10-26,ENGINERSIN
2023-10-26,POLYMED
2023-10-26,CHALET
2023-10-26,EIHOTEL
2023-10-26,BSOFT
2023-10-26,LEMONTREE
2023-10-26,ELGIEQUIP
2023-10-26,RAINBOW
2023-10-26,UTIAMC
2023-10-26,BBTC
2023-10-26,CESC
2023-10-26,CREDITACC
2023-10-26,HOMEFIRST
2023-10-26,SAMMAANCAP
2023-10-26,JMFINANCIL
2023-10-26,JUBLINGREA
2023-10-26,JUBLPHARMA
2023-10-26,ARE&M
2023-10-26,APTUS
2023-10-26,MAPMYINDIA
2023-10-26,OLECTRA
2023-10-26,TRITURBINE
2023-10-26,CUB
2023-10-26,ITI
2023-10-26,KIMS
2023-10-26,LATENTVIEW
2023-10-26,MGL
2023-10-26,RBLBANK
2023-10-26,SAPPHIRE
2023-10-26,SHYAMMETL
2023-10-26,VIJAYA
2023-10-26,CGCL
2023-10-26,DEEPAKFERT
2023-10-26,JBMA
2023-10-26,INTELLECT
2023-10-26,CHOLAFIN
2023-10-26,HINDCOPPER
2023-10-26,MANAPPURAM
2023-10-26,CASTROLIND
2023-10-26,CAMS
2023-10-26,PVRINOX
2023-10-26,PPLPHARMA
2023-10-26,TEJASNET
2023-10-26,BIKAJI
2023-10-26,BLS
2023-10-26,CRAFTSMAN
2023-10-26,DATAPATTNS
2023-10-26,FIVESTAR
2023-10-26,INDIAMART
2023-10-26,KFINTECH
2023-10-26,NATCOPHARM
2023-10-26,ERIS
2023-10-26,BEML
2023-10-26,NSLNISP
2023-10-26,AFFLE
2023-10-26,IEX
2023-10-26,CLEAN
2023-10-26,AAVAS
2023-10-26,USHAMART
2023-10-26,TTML
2023-10-26,SYRMA
2023-10-26,SAREGAMA
2023-10-26,MINDACORP
2023-10-26,CONCORDBIO
2023-10-26,JINDALSAW
2023-10-26,IRCON
2023-10-26,GPIL
2023-10-26,GILLETTE
2023-10-26,KAYNES
2024-03-28,VMART
2024-03-28,GALAXYSURF
2024-03-28,ANGELONE
2024-03-28,AARTIDRUGS
2024-03-28,BCG
2024-03-28,DELTACORP
2024-03-28,INGERRAND
2024-03-28,GOCOLORS
2024-03-28,GRINFRA
2024-03-28,KALYANKJIL
2024-03-28,GUJALKALI
2024-03-28,INFIBEAM
2024-03-28,HLEGLAS
2024-03-28,IDBI
2024-03-28,EPIGRAL
2024-03-28,KEI
2024-03-28,POLYPLEX
2024-03-28,TEAMLEASE
2024-03-28,SHARDACROP
2024-03-28,JAMNAAUTO
2024-03-28,NAZARA
2024-03-28,ORIENTELEC
2024-03-28,PGHL
2024-03-28,RALLIS
2024-03-28,LUXIND
2024-03-28,ROSSARI
2024-03-28,LAXMIMACH
2024-03-28,SHOPERSTOP
2024-03-28,SJVN
2024-03-28,SUPRAJIT
2024-03-28,SUZLON
2024-03-28,SYMPHONY
2024-03-28,SFL
2024-03-28,TTKPRESTIG
2024-03-28,EXIDEIND
2024-03-28,STLTECH
2024-03-28,DCMSHRIRAM
2024-03-28,ALLCARGO
2024-03-28,ANURAS
2024-03-28,BORORENEW
2024-03-28,CENTRALBK
2024-03-28,COCHINSHIP
2024-03-28,BSE
2024-03-28,CSBBANK
2024-03-28,POWERINDIA
2024-03-28,FDC
2024-03-28,GLS
2024-03-28,GLOBALHEALTH
2024-03-28,GMMPFAUDLR
2024-03-28,SUNTECK
2024-03-28,EPL
2024-03-28,ZYDUSWELL
2024-03-28,HUDCO
2024-03-28,SAFARI
2024-03-28,MRPL
2024-03-28,IRB
2024-03-28,JAIBALAJI
2024-03-28,JKPAPER
2024-03-28,KRBL
2024-03-28,LXCHEM
2024-03-28,INDIGOPNTS
2024-03-28,MHRIL
2024-03-28,IOB
2024-03-28,MTARTECH
2024-03-28,NAM-INDIA
2024-03-28,NLCINDIA
2024-03-28,PRINCEPIPE
2024-03-28,RBA
2024-03-28,MEDPLUS
2024-03-28,AETHER
2024-03-28,SANOFI
2024-03-28,WESTLIFE
2024-03-28,VAIBHAVGBL
2024-03-28,QUESS
2024-03-28,TV18BRDCST
2024-03-28,NUVOCO
2024-03-28,APARINDS
2024-03-28,ACI
2024-03-28,BALAMINES
2024-03-28,AVANTIFEED
2024-03-28,GVT&D
2024-03-28,BLUESTARCO
2024-03-28,CELLO
2024-03-28,CIEINDIA
2024-03-28,EASEMYTRIP
2024-03-28,EQUITASBNK
2024-03-28,BIRLACORPN
2024-03-28,FINEORG
2024-03-28,GLENMARK
2024-03-28,GSFC
2024-03-28,HAPPYFORGE
2024-03-28,JKLAKSHMI
2024-03-28,KSB
2024-03-28,MAHLIFE
2024-03-28,MOTILALOFS
2024-03-28,NATIONALUM
2024-03-28,CHEMPLASTS
2024-03-28,VIPIND
2024-03-28,RATNAMANI
2024-03-28,SPARC
2024-03-28,TVSSCS
2024-03-28,UJJIVANSFB
2024-03-28,GAEL
2024-03-28,VARROC
2024-03-28,RAJESHEXPO
2024-03-28,IDFC
2024-03-28,APLLTD
2024-03-28,GODFRYPHLP
2024-03-28,RTNINDIA
2024-03-28,GPPL
2024-03-28,JUSTDIAL
2024-03-28,KNRCON
2024-03-28,MASTEK
2024-03-28,NETWORK18
2024-03-28,ALOKINDS
2024-03-28,PNCINFRA
2024-03-28,ALKYLAMINE
2024-03-28,ROUTE
2024-03-28,RENUKA
2024-03-28,SWSOLAR
2024-03-28,TANLA
2024-03-28,UCOBANK
2024-03-28,RAYMOND
2024-03-28,ASTRAZEN
2024-03-28,CAMPUS
2024-03-28,GSPL
2024-03-28,GNFC
2024-03-28,CENTURYPLY
2024-03-28,CERA
2024-03-28,FINPIPE
2024-03-28,HAPPSTMNDS
2024-03-28,JYOTHYLAB
2024-03-28,MAHSEAMLES
2024-03-28,METROPOLIS
2024-03-28,MCX
2024-03-28,PRAJIND
2024-03-28,RADICO
2024-03-28,RCF
2024-03-28,TRIVENI
2024-03-28,VGUARD
2024-03-28,TMB
2024-03-28,TATAINVEST
2024-03-28,CHAMBLFERT
2024-03-28,CASTROLIND
2024-03-28,SONATSOFTW
2024-03-28,FSL
2024-03-28,HINDCOPPER
2024-03-28,CANFINHOME
2024-03-28,GRANULES
2024-03-28,WELCORP
2024-03-28,EIDPARRY
2024-03-28,ELGIEQUIP
2024-03-28,SWANCORP
2024-03-28,PCBL
2024-03-28,BALRAMCHIN
2024-03-28,CEATLTD
2024-03-28,HFCL
2024-03-28,AEGISLOG
2024-03-28,KPIL
2024-03-28,WELSPUNLIV
2024-03-28,ASTERDM
2024-03-28,REDINGTON
2024-03-28,VTL
2024-03-28,KEC
2024-03-28,COHANCE
2024-03-28,RHIM
2024-03-28,HBLENGINE
2024-03-28,INDIACEM
2024-03-28,CCL
2024-03-28,JBCHEPHARM
2024-03-28,SOBHA
2024-03-28,NCC
2024-03-28,CYIENT
2024-03-28,ECLERX
2024-03-28,GESHIP
2024-03-28,CDSL
2024-03-28,NH
2024-03-28,BRIGADE
2024-03-28,ITI
2024-03-28,ABREL
2024-03-28,JUBLINGREA
2024-03-28,BSOFT
2024-03-28,IIFL
2024-03-28,FINCABLES
2024-03-28,GRAPHITE
2024-03-28,NBCC
2024-03-28,HEG
2024-03-28,AMBER
2024-03-28,RITES
2024-03-28,CHALET
2024-03-28,EIHOTEL
2024-03-28,PNBHOUSING
2024-03-28,ASAHIINDIA
2024-03-28,CAMS
2024-03-28,RAIN
2024-03-28,POLYMED
2024-03-28,KARURVYSYA
2024-03-28,ENGINERSIN
2024-03-28,MAPMYINDIA
2024-03-28,BBTC
2024-03-28,CESC
2024-03-28,CREDITACC
2024-03-28,HOMEFIRST
2024-03-28,SAMMAANCAP
2024-03-28,JMFINANCIL
2024-03-28,INTELLECT
2024-03-28,JUBLPHARMA
2024-03-28,ARE&M
2024-03-28,APTUS
2024-03-28,CHOLAFIN
2024-03-28,ZENSARTECH
2024-03-28,CUB
2024-03-28,UTIAMC
2024-03-28,TRITURBINE
2024-03-28,NUVAMA
2024-03-28,MMTC
2024-03-28,ELECON
2024-03-28,DEEPAKFERT
2024-03-28,MGL
2024-03-28,RBLBANK
2024-03-28,SAPPHIRE
2024-03-28,SHYAMMETL
2024-03-28,VIJAYA
2024-03-28,BIKAJI
2024-03-28,CGCL
2024-03-28,PVRINOX
2024-03-28,MANAPPURAM
2024-03-28,OLECTRA
2024-03-28,TEJASNET
2024-03-28,BEML
2024-03-28,LEMONTREE
2024-03-28,JBMA
2024-03-28,BLS
2024-03-28,IRCON
2024-03-28,GPIL
2024-03-28,KIMS
2024-03-28,LATENTVIEW
2024-03-28,CRAFTSMAN
2024-03-28,DATAPATTNS
2024-03-28,FIVESTAR
2024-03-28,INDIAMART
2024-03-28,IEX
2024-03-28,KFINTECH
2024-03-28,NATCOPHARM
2024-03-28,ERIS
2024-03-28,NSLNISP
2024-03-28,AAVAS
2024-03-28,AFFLE
2024-03-28,CLEAN
2024-03-28,GILLETTE
2024-03-28,RAINBOW
2024-03-28,JINDALSAW
2024-03-28,PPLPHARMA
2024-03-28,CROMPTON
2024-03-28,SAREGAMA
2024-03-28,ANANDRATHI
2024-03-28,SYRMA
2024-03-28,TTML
2024-03-28,CONCORDBIO
2024-03-28,AARTIIND
2024-03-28,GMDCLTD
2024-03-28,ACE
2024-03-28,GRSE
2024-03-28,CAPLIPOINT
2024-03-28,CHENNPETRO
2024-03-28,WHIRLPOOL
2024-03-28,KAYNES
2024-03-28,DOMS
2024-03-28,BLUEDART
2024-03-28,HSCL
2024-03-28,USHAMART
2024-03-28,TRIDENT
2024-03-28,MINDACORP
2024-03-28,JSWDULUX
2024-03-28,HONASA
2024-03-28,INOXWIND
2024-03-28,J&KBANK
2024-03-28,JWL
2024-03-28,NAVINFLUOR
2024-03-28,RRKABEL
2024-03-28,RAILTEL
2024-03-28,HBLPOWER
2024-03-28,SBFC
2024-03-28,SCHNEIDER
2024-03-28,SIGNATURE
2024-03-28,TITAGARH
2024-03-28,RKFORGE
2024-09-30,AETHER
2024-09-30,ALLCARGO
2024-09-30,ANURAS
2024-09-30,BORORENEW
2024-09-30,CENTRALBK
2024-09-30,COCHINSHIP
2024-09-30,DCMSHRIRAM
2024-09-30,INDIACEM
2024-09-30,HAPPYFORGE
2024-09-30,EXIDEIND
2024-09-30,FDC
2024-09-30,GLS
2024-09-30,GLOBALHEALTH
2024-09-30,CSBBANK
2024-09-30,GMMPFAUDLR
2024-09-30,STLTECH
2024-09-30,INDIGOPNTS
2024-09-30,IOB
2024-09-30,SAFARI
2024-09-30,IRB
2024-09-30,JAIBALAJI
2024-09-30,JKPAPER
2024-09-30,KRBL
2024-09-30,LXCHEM
2024-09-30,POWERINDIA
2024-09-30,MRPL
2024-09-30,MEDPLUS
2024-09-30,MTARTECH
2024-09-30,NAM-INDIA
2024-09-30,NLCINDIA
2024-09-30,PRINCEPIPE
2024-09-30,RBA
2024-09-30,HUDCO
2024-09-30,SUNTECK
2024-09-30,CIEINDIA
2024-09-30,MAHLIFE
2024-09-30,TATAINVEST
2024-09-30,VAIBHAVGBL
2024-09-30,IDFC
2024-09-30,TV18BRDCST
2024-09-30,ISEC
2024-09-30,APARINDS
2024-09-30,ACI
2024-09-30,AVANTIFEED
2024-09-30,BALAMINES
2024-09-30,BIRLACORPN
2024-09-30,BLUESTARCO
2024-09-30,CELLO
2024-09-30,CHEMPLASTS
2024-09-30,MHRIL
2024-09-30,EASEMYTRIP
2024-09-30,TVSSCS
2024-09-30,TMB
2024-09-30,GRINFRA
2024-09-30,GVT&D
2024-09-30,GLENMARK
2024-09-30,GAEL
2024-09-30,GSFC
2024-09-30,JKLAKSHMI
2024-09-30,KSB
2024-09-30,EQUITASBNK
2024-09-30,MOTILALOFS
2024-09-30,NATIONALUM
2024-09-30,NUVOCO
2024-09-30,RAJESHEXPO
2024-09-30,RATNAMANI
2024-09-30,SANOFI
2024-09-30,SPARC
2024-09-30,FINEORG
2024-09-30,UJJIVANSFB
2024-09-30,ALKYLAMINE
2024-09-30,VARROC
2024-09-30,JUSTDIAL
2024-09-30,VINATIORGA
2024-09-30,LAURUSLABS
2024-09-30,QUESS
2024-09-30,PEL
2024-09-30,GNFC
2024-09-30,RENUKA
2024-09-30,GPPL
2024-09-30,ROUTE
2024-09-30,KNRCON
2024-09-30,MASTEK
2024-09-30,NETWORK18
2024-09-30,PNCINFRA
2024-09-30,RTNINDIA
2024-09-30,KANSAINER
2024-09-30,GODFRYPHLP
2024-09-30,TANLA
2024-09-30,SWSOLAR
2024-09-30,ALOKINDS
2024-09-30,HBLENGINE
2024-09-30,APLLTD
2024-09-30,INOXINDIA
2024-09-30,WESTLIFE
2024-09-30,BASF
2024-09-30,UCOBANK
2024-09-30,ASTRAZEN
2024-09-30,GODREJAGRO
2024-09-30,CAMPUS
2024-09-30,CENTURYPLY
2024-09-30,CERA
2024-09-30,JYOTHYLAB
2024-09-30,FINPIPE
2024-09-30,HAPPSTMNDS
2024-09-30,RAYMOND
2024-09-30,EPL
2024-09-30,KIRLOSBROS
2024-09-30,MAHSEAMLES
2024-09-30,MCX
2024-09-30,PRAJIND
2024-09-30,RADICO
2024-09-30,RCF
2024-09-30,TRIVENI
2024-09-30,DBREALTY
2024-09-30,MANYAVAR
2024-09-30,VGUARD
2024-09-30,GSPL
2024-09-30,CHAMBLFERT
2024-09-30,ANGELONE
2024-09-30,SONATSOFTW
2024-09-30,JSWDULUX
2024-09-30,CANFINHOME
2024-09-30,GRANULES
2024-09-30,METROPOLIS
2024-09-30,WELCORP
2024-09-30,ABREL
2024-09-30,AEGISLOG
2024-09-30,SWANCORP
2024-09-30,FSL
2024-09-30,WELSPUNLIV
2024-09-30,BALRAMCHIN
2024-09-30,CEATLTD
2024-09-30,HFCL
2024-09-30,MMTC
2024-09-30,EIDPARRY
2024-09-30,PCBL
2024-09-30,NCC
2024-09-30,JBCHEPHARM
2024-09-30,COHANCE
2024-09-30,RHIM
2024-09-30,VIPIND
2024-09-30,REDINGTON
2024-09-30,KPIL
2024-09-30,ELECON
2024-09-30,NUVAMA
2024-09-30,FIVESTAR
2024-09-30,BRIGADE
2024-09-30,CYIENT
2024-09-30,ECLERX
2024-09-30,GESHIP
2024-09-30,CDSL
2024-09-30,NH
2024-09-30,VTL
2024-09-30,ASTERDM
2024-09-30,ELGIEQUIP
2024-09-30,KARURVYSYA
2024-09-30,ZENSARTECH
2024-09-30,RITES
2024-09-30,IIFL
2024-09-30,AMBER
2024-09-30,CREDITACC
2024-09-30,HOMEFIRST
2024-09-30,GRAPHITE
2024-09-30,HEG
2024-09-30,NBCC
2024-09-30,ENGINERSIN
2024-09-30,POLYMED
2024-09-30,CHALET
2024-09-30,EIHOTEL
2024-09-30,BSOFT
2024-09-30,ASAHIINDIA
2024-09-30,CAMS
2024-09-30,INTELLECT
2024-09-30,TRITURBINE
2024-09-30,UTIAMC
2024-09-30,BBTC
2024-09-30,CESC
2024-09-30,FINCABLES
2024-09-30,PNBHOUSING
2024-09-30,KEC
2024-09-30,LEMONTREE
2024-09-30,SAPPHIRE
2024-09-30,JUBLPHARMA
2024-09-30,ARE&M
2024-09-30,APTUS
2024-09-30,MAPMYINDIA
2024-09-30,CCL
2024-09-30,JUBLINGREA
2024-09-30,CASTROLIND
2024-09-30,HINDCOPPER
2024-09-30,ITI
2024-09-30,KIMS
2024-09-30,LATENTVIEW
2024-09-30,MGL
2024-09-30,RBLBANK
2024-09-30,CUB
2024-09-30,SAMMAANCAP
2024-09-30,SHYAMMETL
2024-09-30,CGCL
2024-09-30,DEEPAKFERT
2024-09-30,JBMA
2024-09-30,MANAPPURAM
2024-09-30,OLECTRA
2024-09-30,TEJASNET
2024-09-30,BEML
2024-09-30,DATAPATTNS
2024-09-30,RAINBOW
2024-09-30,PVRINOX
2024-09-30,PPLPHARMA
2024-09-30,BIKAJI
2024-09-30,BLS
2024-09-30,CRAFTSMAN
2024-09-30,JMFINANCIL
2024-09-30,VIJAYA
2024-09-30,INDIAMART
2024-09-30,CHOLAFIN
2024-09-30,KFINTECH
2024-09-30,NATCOPHARM
2024-09-30,ERIS
2024-09-30,NSLNISP
2024-09-30,AAVAS
2024-09-30,AFFLE
2024-09-30,CLEAN
2024-09-30,GILLETTE
2024-09-30,GPIL
2024-09-30,IRCON
2024-09-30,JINDALSAW
2024-09-30,KAYNES
2024-09-30,MINDACORP
2024-09-30,SAREGAMA
2024-09-30,SYRMA
2024-09-30,TTML
2024-09-30,NAVINFLUOR
2024-09-30,USHAMART
2024-09-30,AARTIIND
2024-09-30,RAMCOCEM
2024-09-30,ACE
2024-09-30,ANANDRATHI
2024-09-30,BLUEDART
2024-09-30,CAPLIPOINT
2024-09-30,CROMPTON
2024-09-30,CONCORDBIO
2024-09-30,DOMS
2024-09-30,GMDCLTD
2024-09-30,HSCL
2024-09-30,HONASA
2024-09-30,INOXWIND
2024-09-30,J&KBANK
2024-09-30,JWL
2024-09-30,GRSE
2024-09-30,RRKABEL
2024-09-30,CHENNPETRO
2024-09-30,RAILTEL
2024-09-30,RKFORGE
2024-09-30,SBFC
2024-09-30,SCHNEIDER
2024-09-30,SIGNATURE
2024-09-30,TITAGARH
2024-09-30,TRIDENT
2024-09-30,WHIRLPOOL
2024-09-30,AADHARHFC
2024-09-30,ABSLAMC
2024-09-30,ANANTRAJ
2024-09-30,BATAINDIA
2024-09-30,DEVYANI
2024-09-30,IEX
2024-09-30,LALPATHLAB
2024-09-30,GET&D
2024-09-30,GODIGIT
2024-09-30,ATUL
2024-09-30,INDGN
2024-09-30,IFCI
2024-09-30,JYOTICNC
2024-09-30,KIRLOSENG
2024-09-30,JPPOWER
2024-09-30,NETWEB
2024-09-30,NEWGEN
2024-09-30,PFIZER
2024-09-30,KAJARIACER
2024-09-30,SCI
2024-09-30,ZEEL
2024-09-30,PTCIL
2024-09-30,SOBHA
2024-09-30,JKTYRE
2024-09-30,TECHNOE
2024-09-30,TBOTEK
2024-09-30,SUMICHEM
2024-10-10,CENTURYPLY
2024-10-10,ISEC
2024-10-10,APARINDS
2024-10-10,ACI
2024-10-10,BALAMINES
2024-10-10,BIRLACORPN
2024-10-10,BLUESTARCO
2024-10-10,CELLO
2024-10-10,CHEMPLASTS
2024-10-10,CIEINDIA
2024-10-10,EASEMYTRIP
2024-10-10,TV18BRDCST
2024-10-10,AVANTIFEED
2024-10-10,JKLAKSHMI
2024-10-10,GRINFRA
2024-10-10,GVT&D
2024-10-10,GLENMARK
2024-10-10,GAEL
2024-10-10,GSFC
2024-10-10,KSB
2024-10-10,MAHLIFE
2024-10-10,MOTILALOFS
2024-10-10,NATIONALUM
2024-10-10,NUVOCO
2024-10-10,RAJESHEXPO
2024-10-10,GRANULES
2024-10-10,RATNAMANI
2024-10-10,EQUITASBNK
2024-10-10,SANOFI
2024-10-10,RTNINDIA
2024-10-10,TVSSCS
2024-10-10,FINEORG
2024-10-10,VARROC
2024-10-10,VINATIORGA
2024-10-10,QUESS
2024-10-10,PEL
2024-10-10,GODFRYPHLP
2024-10-10,GNFC
2024-10-10,GPPL
2024-10-10,JUSTDIAL
2024-10-10,KANSAINER
2024-10-10,KNRCON
2024-10-10,MASTEK
2024-10-10,NETWORK18
2024-10-10,SPARC
2024-10-10,PNCINFRA
2024-10-10,ROUTE
2024-10-10,RENUKA
2024-10-10,SWSOLAR
2024-10-10,TANLA
2024-10-10,UCOBANK
2024-10-10,WESTLIFE
2024-10-10,APLLTD
2024-10-10,ALKYLAMINE
2024-10-10,ALOKINDS
2024-10-10,ASTRAZEN
2024-10-10,BASF
2024-10-10,CAMPUS
2024-10-10,UJJIVANSFB
2024-10-10,RAYMOND
2024-10-10,CERA
2024-10-10,INOXINDIA
2024-10-10,GODREJAGRO
2024-10-10,CEATLTD
2024-10-10,JYOTHYLAB
2024-10-10,KIRLOSBROS
2024-10-10,LAURUSLABS
2024-10-10,MAHSEAMLES
2024-10-10,METROPOLIS
2024-10-10,MCX
2024-10-10,RADICO
2024-10-10,RCF
2024-10-10,TRIVENI
2024-10-10,DBREALTY
2024-10-10,MANYAVAR
2024-10-10,VGUARD
2024-10-10,BALRAMCHIN
2024-10-10,PRAJIND
2024-10-10,GSPL
2024-10-10,FSL
2024-10-10,SWANCORP
2024-10-10,ABREL
2024-10-10,EIDPARRY
2024-10-10,WELCORP
2024-10-10,WELSPUNLIV
2024-10-10,CANFINHOME
2024-10-10,JSWDULUX
2024-10-10,SONATSOFTW
2024-10-10,ANGELONE
2024-10-10,CHAMBLFERT
2024-10-10,FINCABLES
2024-10-10,HAPPSTMNDS
2024-10-10,GRAPHITE
2024-10-10,KEC
2024-10-10,ECLERX
2024-10-10,KPIL
2024-10-10,MMTC
2024-10-10,PCBL
2024-10-10,REDINGTON
2024-10-10,NCC
2024-10-10,JBCHEPHARM
2024-10-10,COHANCE
2024-10-10,RHIM
2024-10-10,HBLENGINE
2024-10-10,INDIACEM
2024-10-10,CCL
2024-10-10,SOBHA
2024-10-10,BRIGADE
2024-10-10,HFCL
2024-10-10,AEGISLOG
2024-10-10,GESHIP
2024-10-10,CDSL
2024-10-10,NH
2024-10-10,VTL
2024-10-10,ASTERDM
2024-10-10,ELGIEQUIP
2024-10-10,KARURVYSYA
2024-10-10,ZENSARTECH
2024-10-10,RITES
2024-10-10,IIFL
2024-10-10,AMBER
2024-10-10,BSOFT
2024-10-10,FINPIPE
2024-10-10,CYIENT
2024-10-10,VIPIND
2024-10-10,IDFC
2024-10-10,ELECON
2024-10-10,ENGINERSIN
2024-10-10,POLYMED
2024-10-10,CHALET
2024-10-10,EIHOTEL
2024-10-10,PNBHOUSING
2024-10-10,ASAHIINDIA
2024-10-10,CAMS
2024-10-10,INTELLECT
2024-10-10,TRITURBINE
2024-10-10,UTIAMC
2024-10-10,BBTC
2024-10-10,CESC
2024-10-10,RBLBANK
2024-10-10,CREDITACC
2024-10-10,JMFINANCIL
2024-10-10,JUBLINGREA
2024-10-10,JUBLPHARMA
2024-10-10,ARE&M
2024-10-10,APTUS
2024-10-10,MAPMYINDIA
2024-10-10,CASTROLIND
2024-10-10,CHOLAFIN
2024-10-10,CUB
2024-10-10,HINDCOPPER
2024-10-10,ITI
2024-10-10,KIMS
2024-10-10,LATENTVIEW
2024-10-10,GPIL
2024-10-10,MGL
2024-10-10,HOMEFIRST
2024-10-10,SAPPHIRE
2024-10-10,BIKAJI
2024-10-10,CGCL
2024-10-10,DEEPAKFERT
2024-10-10,JBMA
2024-10-10,OLECTRA
2024-10-10,TEJASNET
2024-10-10,BEML
2024-10-10,LEMONTREE
2024-10-10,RAINBOW
2024-10-10,PVRINOX
2024-10-10,PPLPHARMA
2024-10-10,VIJAYA
2024-10-10,MANAPPURAM
2024-10-10,SAMMAANCAP
2024-10-10,KFINTECH
2024-10-10,DATAPATTNS
2024-10-10,FIVESTAR
2024-10-10,INDIAMART
2024-10-10,IEX
2024-10-10,NATCOPHARM
2024-10-10,ERIS
2024-10-10,NSLNISP
2024-10-10,AAVAS
2024-10-10,AFFLE
2024-10-10,CLEAN
2024-10-10,SHYAMMETL
2024-10-10,GILLETTE
2024-10-10,BLS
2024-10-10,CRAFTSMAN
2024-10-10,IRCON
2024-10-10,HEG
2024-10-10,KAYNES
2024-10-10,MINDACORP
2024-10-10,SAREGAMA
2024-10-10,SYRMA
2024-10-10,TTML
2024-10-10,USHAMART
2024-10-10,CONCORDBIO
2024-10-10,AARTIIND
2024-10-10,ACE
2024-10-10,ANANDRATHI
2024-10-10,BLUEDART
2024-10-10,CAPLIPOINT
2024-10-10,CHENNPETRO
2024-10-10,SCHNEIDER
2024-10-10,SBFC
2024-10-10,DOMS
2024-10-10,GMDCLTD
2024-10-10,HSCL
2024-10-10,HONASA
2024-10-10,INOXWIND
2024-10-10,J&KBANK
2024-10-10,JWL
2024-10-10,NAVINFLUOR
2024-10-10,NUVAMA
2024-10-10,RRKABEL
2024-10-10,RAILTEL
2024-10-10,RKFORGE
2024-10-10,EMCURE
2024-10-10,WHIRLPOOL
2024-10-10,GRSE
2024-10-10,SIGNATURE
2024-10-10,CROMPTON
2024-10-10,JYOTICNC
2024-10-10,JINDALSAW
2024-10-10,AADHARHFC
2024-10-10,ABSLAMC
2024-10-10,ANANTRAJ
2024-10-10,ATUL
2024-10-10,BATAINDIA
2024-10-10,DEVYANI
2024-10-10,LALPATHLAB
2024-10-10,GODIGIT
2024-10-10,IFCI
2024-10-10,INDGN
2024-10-10,JPPOWER
2024-10-10,TITAGARH
2024-10-10,JKTYRE
2024-10-10,GET&D
2024-10-10,TRIDENT
2024-10-10,KAJARIACER
2024-10-10,ZEEL
2024-10-10,RAMCOCEM
2024-10-10,TECHNOE
2024-10-10,TBOTEK
2024-10-10,SUMICHEM
2024-10-10,NBCC
2024-10-10,PTCIL
2024-10-10,PFIZER
2024-10-10,NEWGEN
2024-10-10,NETWEB
2024-10-10,KIRLOSENG
2024-10-10,SCI
2024-10-16,FINEORG
2024-10-16,EQUITASBNK
2024-10-16,EASEMYTRIP
2024-10-16,CIEINDIA
2024-10-16,CHEMPLASTS
2024-10-16,BIRLACORPN
2024-10-16,BLUESTARCO
2024-10-16,BALAMINES
2024-10-16,AVANTIFEED
2024-10-16,ACI
2024-10-16,CENTURYPLY
2024-10-16,CELLO
2024-10-16,GRINFRA
2024-10-16,GVT&D
2024-10-16,GAEL
2024-10-16,GSFC
2024-10-16,JKLAKSHMI
2024-10-16,KSB
2024-10-16,MAHLIFE
2024-10-16,MOTILALOFS
2024-10-16,NATIONALUM
2024-10-16,NUVOCO
2024-10-16,RAJESHEXPO
2024-10-16,RATNAMANI
2024-10-16,SANOFI
2024-10-16,SPARC
2024-10-16,APARINDS
2024-10-16,GLENMARK
2024-10-16,ISEC
2024-10-16,QUESS
2024-10-16,UJJIVANSFB
2024-10-16,CERA
2024-10-16,PEL
2024-10-16,GODFRYPHLP
2024-10-16,GNFC
2024-10-16,GPPL
2024-10-16,JUSTDIAL
2024-10-16,KANSAINER
2024-10-16,KNRCON
2024-10-16,MASTEK
2024-10-16,NETWORK18
2024-10-16,PNCINFRA
2024-10-16,RTNINDIA
2024-10-16,RAYMOND
2024-10-16,TVSSCS
2024-10-16,ROUTE
2024-10-16,SWSOLAR
2024-10-16,TANLA
2024-10-16,UCOBANK
2024-10-16,WESTLIFE
2024-10-16,AKUMS
2024-10-16,APLLTD
2024-10-16,ALKYLAMINE
2024-10-16,ALOKINDS
2024-10-16,ASTRAZEN
2024-10-16,BASF
2024-10-16,CAMPUS
2024-10-16,VARROC
2024-10-16,VIPIND
2024-10-16,RENUKA
2024-10-16,TV18BRDCST
2024-10-16,HFCL
2024-10-16,KPIL
2024-10-16,JYOTHYLAB
2024-10-16,KIRLOSBROS
2024-10-16,LAURUSLABS
2024-10-16,MAHSEAMLES
2024-10-16,METROPOLIS
2024-10-16,MCX
2024-10-16,RADICO
2024-10-16,RCF
2024-10-16,TRIVENI
2024-10-16,DBREALTY
2024-10-16,MANYAVAR
2024-10-16,VGUARD
2024-10-16,PRAJIND
2024-10-16,INOXINDIA
2024-10-16,HAPPSTMNDS
2024-10-16,FSL
2024-10-16,SWANCORP
2024-10-16,ABREL
2024-10-16,EIDPARRY
2024-10-16,WELCORP
2024-10-16,WELSPUNLIV
2024-10-16,CANFINHOME
2024-10-16,JSWDULUX
2024-10-16,SONATSOFTW
2024-10-16,ANGELONE
2024-10-16,CHAMBLFERT
2024-10-16,GRANULES
2024-10-16,VINATIORGA
2024-10-16,GSPL
2024-10-16,GODREJAGRO
2024-10-16,CEATLTD
2024-10-16,KEC
2024-10-16,MMTC
2024-10-16,PCBL
2024-10-16,REDINGTON
2024-10-16,NCC
2024-10-16,JBCHEPHARM
2024-10-16,COHANCE
2024-10-16,RHIM
2024-10-16,HBLENGINE
2024-10-16,INDIACEM
2024-10-16,CCL
2024-10-16,SOBHA
2024-10-16,BRIGADE
2024-10-16,AEGISLOG
2024-10-16,BALRAMCHIN
2024-10-16,CYIENT
2024-10-16,CDSL
2024-10-16,NH
2024-10-16,VTL
2024-10-16,ASTERDM
2024-10-16,ELGIEQUIP
2024-10-16,KARURVYSYA
2024-10-16,ZENSARTECH
2024-10-16,RITES
2024-10-16,IIFL
2024-10-16,AMBER
2024-10-16,BSOFT
2024-10-16,FINPIPE
2024-10-16,ECLERX
2024-10-16,GESHIP
2024-10-16,FINCABLES
2024-10-16,GRAPHITE
2024-10-16,HEG
2024-10-16,CHALET
2024-10-16,EIHOTEL
2024-10-16,PNBHOUSING
2024-10-16,ASAHIINDIA
2024-10-16,CAMS
2024-10-16,INTELLECT
2024-10-16,TRITURBINE
2024-10-16,UTIAMC
2024-10-16,BBTC
2024-10-16,CESC
2024-10-16,CREDITACC
2024-10-16,RBLBANK
2024-10-16,HOMEFIRST
2024-10-16,JMFINANCIL
2024-10-16,JUBLINGREA
2024-10-16,JUBLPHARMA
2024-10-16,ARE&M
2024-10-16,APTUS
2024-10-16,MAPMYINDIA
2024-10-16,CASTROLIND
2024-10-16,CHOLAFIN
2024-10-16,CUB
2024-10-16,HINDCOPPER
2024-10-16,ITI
2024-10-16,KIMS
2024-10-16,LATENTVIEW
2024-10-16,SAMMAANCAP
2024-10-16,POLYMED
2024-10-16,GPIL
2024-10-16,MGL
2024-10-16,ENGINERSIN
2024-10-16,RAINBOW
2024-10-16,LEMONTREE
2024-10-16,BEML
2024-10-16,TEJASNET
2024-10-16,JBMA
2024-10-16,MANAPPURAM
2024-10-16,DEEPAKFERT
2024-10-16,CGCL
2024-10-16,VIJAYA
2024-10-16,PPLPHARMA
2024-10-16,OLECTRA
2024-10-16,BIKAJI
2024-10-16,GILLETTE
2024-10-16,IRCON
2024-10-16,CRAFTSMAN
2024-10-16,FIVESTAR
2024-10-16,INDIAMART
2024-10-16,IEX
2024-10-16,KFINTECH
2024-10-16,NATCOPHARM
2024-10-16,ERIS
2024-10-16,NSLNISP
2024-10-16,AAVAS
2024-10-16,AFFLE
2024-10-16,CLEAN
2024-10-16,SHYAMMETL
2024-10-16,BLS
2024-10-16,SAPPHIRE
2024-10-16,DATAPATTNS
2024-10-16,SCHNEIDER
2024-10-16,PVRINOX
2024-10-16,AADHARHFC
2024-10-16,SAREGAMA
2024-10-16,SYRMA
2024-10-16,TTML
2024-10-16,USHAMART
2024-10-16,CONCORDBIO
2024-10-16,AARTIIND
2024-10-16,ACE
2024-10-16,ANANDRATHI
2024-10-16,BLUEDART
2024-10-16,CAPLIPOINT
2024-10-16,CHENNPETRO
2024-10-16,CROMPTON
2024-10-16,DOMS
2024-10-16,MINDACORP
2024-10-16,GRSE
2024-10-16,HSCL
2024-10-16,HONASA
2024-10-16,INOXWIND
2024-10-16,J&KBANK
2024-10-16,JWL
2024-10-16,NAVINFLUOR
2024-10-16,NUVAMA
2024-10-16,RRKABEL
2024-10-16,RAILTEL
2024-10-16,RKFORGE
2024-10-16,SBFC
2024-10-16,ELECON
2024-10-16,KAYNES
2024-10-16,GMDCLTD
2024-10-16,SIGNATURE
2024-10-16,TITAGARH
2024-10-16,JINDALSAW
2024-10-16,TRIDENT
2024-10-16,ANANTRAJ
2024-10-16,ATUL
2024-10-16,BATAINDIA
2024-10-16,DEVYANI
2024-10-16,LALPATHLAB
2024-10-16,GET&D
2024-10-16,GODIGIT
2024-10-16,INDGN
2024-10-16,JPPOWER
2024-10-16,JKTYRE
2024-10-16,WHIRLPOOL
2024-10-16,JYOTICNC
2024-10-16,KIRLOSENG
2024-10-16,IFCI
2024-10-16,ABSLAMC
2024-10-16,NETWEB
2024-10-16,NBCC
2024-10-16,EMCURE
2024-10-16,ZEEL
2024-10-16,RAMCOCEM
2024-10-16,TECHNOE
2024-10-16,KAJARIACER
2024-10-16,SUMICHEM
2024-10-16,SCI
2024-10-16,PTCIL
2024-10-16,PFIZER
2024-10-16,NEWGEN
2024-10-16,TBOTEK
2025-03-21,FINEORG
2025-03-21,EQUITASBNK
2025-03-21,EASEMYTRIP
2025-03-21,CIEINDIA
2025-03-21,CHEMPLASTS
2025-03-21,BALAMINES
2025-03-21,BIRLACORPN
2025-03-21,AVANTIFEED
2025-03-21,ACI
2025-03-21,APARINDS
2025-03-21,CENTURYPLY
2025-03-21,BLUESTARCO
2025-03-21,GRINFRA
2025-03-21,GVT&D
2025-03-21,GAEL
2025-03-21,GSFC
2025-03-21,JKLAKSHMI
2025-03-21,KSB
2025-03-21,MAHLIFE
2025-03-21,MOTILALOFS
2025-03-21,NATIONALUM
2025-03-21,NUVOCO
2025-03-21,RAJESHEXPO
2025-03-21,RATNAMANI
2025-03-21,SANOFI
2025-03-21,SPARC
2025-03-21,ISEC
2025-03-21,GLENMARK
2025-03-21,GRAPHITE
2025-03-21,PEL
2025-03-21,VIPIND
2025-03-21,CERA
2025-03-21,GODFRYPHLP
2025-03-21,GNFC
2025-03-21,GPPL
2025-03-21,JUSTDIAL
2025-03-21,KANSAINER
2025-03-21,KNRCON
2025-03-21,MASTEK
2025-03-21,NETWORK18
2025-03-21,PNCINFRA
2025-03-21,RTNINDIA
2025-03-21,RAYMONDLSL
2025-03-21,RAYMOND
2025-03-21,UJJIVANSFB
2025-03-21,ROUTE
2025-03-21,SWSOLAR
2025-03-21,TANLA
2025-03-21,UCOBANK
2025-03-21,WESTLIFE
2025-03-21,AKUMS
2025-03-21,APLLTD
2025-03-21,ALKYLAMINE
2025-03-21,ALOKINDS
2025-03-21,ASTRAZEN
2025-03-21,BASF
2025-03-21,CAMPUS
2025-03-21,VINATIORGA
2025-03-21,VARROC
2025-03-21,RENUKA
2025-03-21,TVSSCS
2025-03-21,HFCL
2025-03-21,KPIL
2025-03-21,JYOTHYLAB
2025-03-21,KIRLOSBROS
2025-03-21,LAURUSLABS
2025-03-21,MAHSEAMLES
2025-03-21,METROPOLIS
2025-03-21,MCX
2025-03-21,PRAJIND
2025-03-21,RADICO
2025-03-21,RCF
2025-03-21,TRIVENI
2025-03-21,DBREALTY
2025-03-21,HAPPSTMNDS
2025-03-21,VGUARD
2025-03-21,CEATLTD
2025-03-21,MANYAVAR
2025-03-21,WELSPUNLIV
2025-03-21,FSL
2025-03-21,SWANCORP
2025-03-21,ABREL
2025-03-21,WELCORP
2025-03-21,GRANULES
2025-03-21,EIDPARRY
2025-03-21,JSWDULUX
2025-03-21,SONATSOFTW
2025-03-21,ANGELONE
2025-03-21,CHAMBLFERT
2025-03-21,CANFINHOME
2025-03-21,QUESS
2025-03-21,GSPL
2025-03-21,GODREJAGRO
2025-03-21,INOXINDIA
2025-03-21,BRIGADE
2025-03-21,MMTC
2025-03-21,PCBL
2025-03-21,REDINGTON
2025-03-21,NCC
2025-03-21,JBCHEPHARM
2025-03-21,COHANCE
2025-03-21,RHIM
2025-03-21,HBLENGINE
2025-03-21,INDIACEM
2025-03-21,CCL
2025-03-21,SOBHA
2025-03-21,KEC
2025-03-21,AEGISLOG
2025-03-21,BALRAMCHIN
2025-03-21,CYIENT
2025-03-21,CDSL
2025-03-21,NH
2025-03-21,VTL
2025-03-21,ASTERDM
2025-03-21,ELGIEQUIP
2025-03-21,KARURVYSYA
2025-03-21,ZENSARTECH
2025-03-21,RITES
2025-03-21,IIFL
2025-03-21,AMBER
2025-03-21,FINPIPE
2025-03-21,BSOFT
2025-03-21,ECLERX
2025-03-21,GESHIP
2025-03-21,FINCABLES
2025-03-21,DEEPAKFERT
2025-03-21,HEG
2025-03-21,CHALET
2025-03-21,EIHOTEL
2025-03-21,PNBHOUSING
2025-03-21,ASAHIINDIA
2025-03-21,CAMS
2025-03-21,INTELLECT
2025-03-21,TRITURBINE
2025-03-21,UTIAMC
2025-03-21,BBTC
2025-03-21,CESC
2025-03-21,CREDITACC
2025-03-21,RBLBANK
2025-03-21,HOMEFIRST
2025-03-21,JMFINANCIL
2025-03-21,JUBLINGREA
2025-03-21,JUBLPHARMA
2025-03-21,ARE&M
2025-03-21,APTUS
2025-03-21,MAPMYINDIA
2025-03-21,CASTROLIND
2025-03-21,CHOLAFIN
2025-03-21,CUB
2025-03-21,HINDCOPPER
2025-03-21,ITI
2025-03-21,KIMS
2025-03-21,LATENTVIEW
2025-03-21,SAMMAANCAP
2025-03-21,POLYMED
2025-03-21,GPIL
2025-03-21,MGL
2025-03-21,ENGINERSIN
2025-03-21,CELLO
2025-03-21,PVRINOX
2025-03-21,RAINBOW
2025-03-21,LEMONTREE
2025-03-21,BEML
2025-03-21,TEJASNET
2025-03-21,JBMA
2025-03-21,MANAPPURAM
2025-03-21,CGCL
2025-03-21,VIJAYA
2025-03-21,PPLPHARMA
2025-03-21,OLECTRA
2025-03-21,BIKAJI
2025-03-21,IRCON
2025-03-21,GILLETTE
2025-03-21,DATAPATTNS
2025-03-21,FIVESTAR
2025-03-21,INDIAMART
2025-03-21,IEX
2025-03-21,KFINTECH
2025-03-21,NATCOPHARM
2025-03-21,ERIS
2025-03-21,NSLNISP
2025-03-21,AAVAS
2025-03-21,AFFLE
2025-03-21,CLEAN
2025-03-21,SHYAMMETL
2025-03-21,BLS
2025-03-21,CRAFTSMAN
2025-03-21,SCHNEIDER
2025-03-21,SAPPHIRE
2025-03-21,AADHARHFC
2025-03-21,SAREGAMA
2025-03-21,SYRMA
2025-03-21,TTML
2025-03-21,USHAMART
2025-03-21,CONCORDBIO
2025-03-21,AARTIIND
2025-03-21,ACE
2025-03-21,ANANDRATHI
2025-03-21,BLUEDART
2025-03-21,CAPLIPOINT
2025-03-21,CHENNPETRO
2025-03-21,CROMPTON
2025-03-21,TITAGARH
2025-03-21,MINDACORP
2025-03-21,GRSE
2025-03-21,HSCL
2025-03-21,HONASA
2025-03-21,INOXWIND
2025-03-21,J&KBANK
2025-03-21,JWL
2025-03-21,NAVINFLUOR
2025-03-21,NUVAMA
2025-03-21,RRKABEL
2025-03-21,RAILTEL
2025-03-21,RKFORGE
2025-03-21,SBFC
2025-03-21,KAYNES
2025-03-21,ELECON
2025-03-21,GMDCLTD
2025-03-21,SIGNATURE
2025-03-21,DOMS
2025-03-21,JINDALSAW
2025-03-21,ANANTRAJ
2025-03-21,TRIDENT
2025-03-21,ATUL
2025-03-21,BATAINDIA
2025-03-21,DEVYANI
2025-03-21,LALPATHLAB
2025-03-21,GET&D
2025-03-21,GODIGIT
2025-03-21,IFCI
2025-03-21,INDGN
2025-03-21,JPPOWER
2025-03-21,JKTYRE
2025-03-21,WHIRLPOOL
2025-03-21,ABSLAMC
2025-03-21,KIRLOSENG
2025-03-21,JYOTICNC
2025-03-21,NETWEB
2025-03-21,KAJARIACER
2025-03-21,NBCC
2025-03-21,EMCURE
2025-03-21,ZEEL
2025-03-21,TECHNOE
2025-03-21,TBOTEK
2025-03-21,RAMCOCEM
2025-03-21,SCI
2025-03-21,PTCIL
2025-03-21,PFIZER
2025-03-21,NEWGEN
2025-03-21,SUMICHEM
2025-03-28,APARINDS
2025-03-28,INTELLECT
2025-03-28,ACI
2025-03-28,AVANTIFEED
2025-03-28,BLUESTARCO
2025-03-28,BALAMINES
2025-03-28,EASEMYTRIP
2025-03-28,CELLO
2025-03-28,GLENMARK
2025-03-28,CHEMPLASTS
2025-03-28,FINPIPE
2025-03-28,EQUITASBNK
2025-03-28,FINEORG
2025-03-28,BIRLACORPN
2025-03-28,GSFC
2025-03-28,NATIONALUM
2025-03-28,QUESS
2025-03-28,SANOFI
2025-03-28,GRINFRA
2025-03-28,MAHLIFE
2025-03-28,MOTILALOFS
2025-03-28,NUVOCO
2025-03-28,RAJESHEXPO
2025-03-28,KSB
2025-03-28,RATNAMANI
2025-03-28,JKLAKSHMI
2025-03-28,TVSSCS
2025-03-28,UJJIVANSFB
2025-03-28,VIPIND
2025-03-28,VARROC
2025-03-28,VINATIORGA
2025-03-28,SPARC
2025-03-28,GVT&D
2025-03-28,JUSTDIAL
2025-03-28,ALIVUS
2025-03-28,ROUTE
2025-03-28,RAYMOND
2025-03-28,RAYMONDLSL
2025-03-28,RTNINDIA
2025-03-28,PNCINFRA
2025-03-28,NETWORK18
2025-03-28,RENUKA
2025-03-28,MASTEK
2025-03-28,KANSAINER
2025-03-28,JSWHL
2025-03-28,IOB
2025-03-28,IDBI
2025-03-28,GPPL
2025-03-28,GODREJAGRO
2025-03-28,KNRCON
2025-03-28,PEL
2025-03-28,SWSOLAR
2025-03-28,CENTURYPLY
2025-03-28,FACT
2025-03-28,ALKYLAMINE
2025-03-28,TANLA
2025-03-28,UCOBANK
2025-03-28,WESTLIFE
2025-03-28,SKFINDIA
2025-03-28,CERA
2025-03-28,AKUMS
2025-03-28,ALOKINDS
2025-03-28,GODFRYPHLP
2025-03-28,ASTRAZEN
2025-03-28,AIIL
2025-03-28,BASF
2025-03-28,CAMPUS
2025-03-28,APLLTD
2025-03-28,CIEINDIA
2025-03-28,MMTC
2025-03-28,VTL
2025-03-28,PRAJIND
2025-03-28,REDINGTON
2025-03-28,KIRLOSBROS
2025-03-28,LAURUSLABS
2025-03-28,MAHSEAMLES
2025-03-28,JYOTHYLAB
2025-03-28,ANGELONE
2025-03-28,MCX
2025-03-28,CHAMBLFERT
2025-03-28,RCF
2025-03-28,TRIVENI
2025-03-28,DBREALTY
2025-03-28,MANYAVAR
2025-03-28,VGUARD
2025-03-28,RADICO
2025-03-28,GSPL
2025-03-28,METROPOLIS
2025-03-28,SONATSOFTW
2025-03-28,GNFC
2025-03-28,JSWDULUX
2025-03-28,SWANCORP
2025-03-28,GRANULES
2025-03-28,WELCORP
2025-03-28,EIDPARRY
2025-03-28,HFCL
2025-03-28,ABREL
2025-03-28,FSL
2025-03-28,WELSPUNLIV
2025-03-28,BALRAMCHIN
2025-03-28,CEATLTD
2025-03-28,AEGISLOG
2025-03-28,KPIL
2025-03-28,CANFINHOME
2025-03-28,INOXINDIA
2025-03-28,PCBL
2025-03-28,NCC
2025-03-28,KEC
2025-03-28,COHANCE
2025-03-28,RHIM
2025-03-28,HBLENGINE
2025-03-28,INDIACEM
2025-03-28,CCL
2025-03-28,JBCHEPHARM
2025-03-28,SOBHA
2025-03-28,ASTERDM
2025-03-28,CYIENT
2025-03-28,ECLERX
2025-03-28,GESHIP
2025-03-28,CDSL
2025-03-28,NH
2025-03-28,BRIGADE
2025-03-28,ENGINERSIN
2025-03-28,ELGIEQUIP
2025-03-28,HAPPSTMNDS
2025-03-28,HEG
2025-03-28,RITES
2025-03-28,IIFL
2025-03-28,AMBER
2025-03-28,BSOFT
2025-03-28,FINCABLES
2025-03-28,ZENSARTECH
2025-03-28,GRAPHITE
2025-03-28,KARURVYSYA
2025-03-28,POLYMED
2025-03-28,CHALET
2025-03-28,EIHOTEL
2025-03-28,PNBHOUSING
2025-03-28,ASAHIINDIA
2025-03-28,NBCC
2025-03-28,CAMS
2025-03-28,CAPLIPOINT
2025-03-28,TRITURBINE
2025-03-28,CASTROLIND
2025-03-28,MAPMYINDIA
2025-03-28,APTUS
2025-03-28,ARE&M
2025-03-28,HINDCOPPER
2025-03-28,JUBLPHARMA
2025-03-28,JMFINANCIL
2025-03-28,HOMEFIRST
2025-03-28,CREDITACC
2025-03-28,CESC
2025-03-28,BBTC
2025-03-28,ELECON
2025-03-28,JUBLINGREA
2025-03-28,PPLPHARMA
2025-03-28,ITI
2025-03-28,LATENTVIEW
2025-03-28,RAINBOW
2025-03-28,DEEPAKFERT
2025-03-28,MGL
2025-03-28,RBLBANK
2025-03-28,SAPPHIRE
2025-03-28,SHYAMMETL
2025-03-28,VIJAYA
2025-03-28,CHOLAFIN
2025-03-28,CGCL
2025-03-28,KIMS
2025-03-28,MANAPPURAM
2025-03-28,OLECTRA
2025-03-28,TEJASNET
2025-03-28,BEML
2025-03-28,LEMONTREE
2025-03-28,JBMA
2025-03-28,CUB
2025-03-28,PVRINOX
2025-03-28,SAMMAANCAP
2025-03-28,NATCOPHARM
2025-03-28,CRAFTSMAN
2025-03-28,DATAPATTNS
2025-03-28,GPIL
2025-03-28,INDIAMART
2025-03-28,KFINTECH
2025-03-28,IRCON
2025-03-28,FIVESTAR
2025-03-28,GILLETTE
2025-03-28,NSLNISP
2025-03-28,AAVAS
2025-03-28,CLEAN
2025-03-28,AFFLE
2025-03-28,GAEL
2025-03-28,ERIS
2025-03-28,GRSE
2025-03-28,KAYNES
2025-03-28,BLS
2025-03-28,BIKAJI
2025-03-28,AARTIIND
2025-03-28,MINDACORP
2025-03-28,SAREGAMA
2025-03-28,SYRMA
2025-03-28,TTML
2025-03-28,DOMS
2025-03-28,USHAMART
2025-03-28,ACE
2025-03-28,JINDALSAW
2025-03-28,ANANDRATHI
2025-03-28,BLUEDART
2025-03-28,CHENNPETRO
2025-03-28,CROMPTON
2025-03-28,CONCORDBIO
2025-03-28,SAILIFE
2025-03-28,IEX
2025-03-28,GRAVITA
2025-03-28,RRKABEL
2025-03-28,HONASA
2025-03-28,INOXWIND
2025-03-28,J&KBANK
2025-03-28,JWL
2025-03-28,NAVINFLUOR
2025-03-28,PFIZER
2025-03-28,NUVAMA
2025-03-28,WHIRLPOOL
2025-03-28,RKFORGE
2025-03-28,SBFC
2025-03-28,SCHNEIDER
2025-03-28,SIGNATURE
2025-03-28,TITAGARH
2025-03-28,RAILTEL
2025-03-28,TRIDENT
2025-03-28,AADHARHFC
2025-03-28,NETWEB
2025-03-28,HSCL
2025-03-28,IFCI
2025-03-28,ATUL
2025-03-28,BATAINDIA
2025-03-28,DEVYANI
2025-03-28,LALPATHLAB
2025-03-28,ANANTRAJ
2025-03-28,GODIGIT
2025-03-28,ABSLAMC
2025-03-28,JPPOWER
2025-03-28,JKTYRE
2025-03-28,JYOTICNC
2025-03-28,KAJARIACER
2025-03-28,KIRLOSENG
2025-03-28,INDGN
2025-03-28,NEWGEN
2025-03-28,GET&D
2025-03-28,GMDCLTD
2025-03-28,ACMESOLAR
2025-03-28,SUMICHEM
2025-03-28,TBOTEK
2025-03-28,TECHNOE
2025-03-28,RAMCOCEM
2025-03-28,ZEEL
2025-03-28,SCI
2025-03-28,EMCURE
2025-03-28,IGIL
2025-03-28,DELHIVERY
2025-03-28,FIRSTCRY
2025-03-28,CARBORUNIV
2025-03-28,DCMSHRIRAM
2025-03-28,PTCIL
2025-03-28,AFCONS
2025-03-28,IKS
2025-03-28,BAYERCROP
2025-03-28,PGEL
2025-03-28,NAVA
2025-03-28,NEULANDLAB
2025-03-28,NIVABUPA
2025-03-28,POONAWALLA
2025-03-28,RPOWER
2025-03-28,SAGILITY
2025-03-28,TATACHEM
2025-03-28,SARDAEN
2025-03-28,ZFCVINDIA
2025-03-28,TIMKEN
2025-03-28,TARIL
2025-03-28,WOCKPHARMA
2025-03-28,ZENTEC
2025-03-28,LTFOODS
2025-03-28,UTIAMC
2025-04-11,KANSAINER
2025-04-11,JUSTDIAL
2025-04-11,JSWHL
2025-04-11,IOB
2025-04-11,IDBI
2025-04-11,QUESS
2025-04-11,GNFC
2025-04-11,GODFRYPHLP
2025-04-11,FACT
2025-04-11,ALIVUS
2025-04-11,CANFINHOME
2025-04-11,PEL
2025-04-11,GPPL
2025-04-11,MASTEK
2025-04-11,ROUTE
2025-04-11,NETWORK18
2025-04-11,PNCINFRA
2025-04-11,RTNINDIA
2025-04-11,RAYMONDLSL
2025-04-11,RAYMOND
2025-04-11,RENUKA
2025-04-11,SWSOLAR
2025-04-11,TANLA
2025-04-11,UCOBANK
2025-04-11,WESTLIFE
2025-04-11,SKFINDIA
2025-04-11,AKUMS
2025-04-11,KNRCON
2025-04-11,CHOLAFIN
2025-04-11,RADICO
2025-04-11,ALKYLAMINE
2025-04-11,CAMPUS
2025-04-11,CENTURYPLY
2025-04-11,GRANULES
2025-04-11,CERA
2025-04-11,FINPIPE
2025-04-11,GODREJAGRO
2025-04-11,HAPPSTMNDS
2025-04-11,INOXINDIA
2025-04-11,JYOTHYLAB
2025-04-11,KIRLOSBROS
2025-04-11,LAURUSLABS
2025-04-11,MAHSEAMLES
2025-04-11,METROPOLIS
2025-04-11,APLLTD
2025-04-11,MCX
2025-04-11,RCF
2025-04-11,SUNDRMFAST
2025-04-11,TRIVENI
2025-04-11,DBREALTY
2025-04-11,MANYAVAR
2025-04-11,VGUARD
2025-04-11,GSPL
2025-04-11,CHAMBLFERT
2025-04-11,ANGELONE
2025-04-11,SONATSOFTW
2025-04-11,JSWDULUX
2025-04-11,ASTRAZEN
2025-04-11,ALOKINDS
2025-04-11,PRAJIND
2025-04-11,AIIL
2025-04-11,ELGIEQUIP
2025-04-11,RITES
2025-04-11,FSL
2025-04-11,WELSPUNLIV
2025-04-11,BALRAMCHIN
2025-04-11,CEATLTD
2025-04-11,HFCL
2025-04-11,AEGISLOG
2025-04-11,KPIL
2025-04-11,MMTC
2025-04-11,PCBL
2025-04-11,REDINGTON
2025-04-11,NCC
2025-04-11,JBCHEPHARM
2025-04-11,ABREL
2025-04-11,SWANCORP
2025-04-11,RHIM
2025-04-11,VTL
2025-04-11,NH
2025-04-11,CDSL
2025-04-11,ECLERX
2025-04-11,CYIENT
2025-04-11,GESHIP
2025-04-11,KEC
2025-04-11,SOBHA
2025-04-11,CCL
2025-04-11,INDIACEM
2025-04-11,HBLENGINE
2025-04-11,BASF
2025-04-11,BRIGADE
2025-04-11,COHANCE
2025-04-11,EIDPARRY
2025-04-11,ASTERDM
2025-04-11,KARURVYSYA
2025-04-11,IIFL
2025-04-11,AMBER
2025-04-11,BSOFT
2025-04-11,FINCABLES
2025-04-11,GRAPHITE
2025-04-11,HEG
2025-04-11,NBCC
2025-04-11,ENGINERSIN
2025-04-11,POLYMED
2025-04-11,CHALET
2025-04-11,EIHOTEL
2025-04-11,PNBHOUSING
2025-04-11,ZENSARTECH
2025-04-11,MAPMYINDIA
2025-04-11,ASAHIINDIA
2025-04-11,TRITURBINE
2025-04-11,UTIAMC
2025-04-11,BBTC
2025-04-11,CESC
2025-04-11,CREDITACC
2025-04-11,HOMEFIRST
2025-04-11,JMFINANCIL
2025-04-11,JUBLINGREA
2025-04-11,JUBLPHARMA
2025-04-11,ARE&M
2025-04-11,APTUS
2025-04-11,WELCORP
2025-04-11,CAMS
2025-04-11,INTELLECT
2025-04-11,CASTROLIND
2025-04-11,KIRLOSENG
2025-04-11,CUB
2025-04-11,KIMS
2025-04-11,JWL
2025-04-11,LATENTVIEW
2025-04-11,MGL
2025-04-11,RBLBANK
2025-04-11,SAPPHIRE
2025-04-11,SHYAMMETL
2025-04-11,VIJAYA
2025-04-11,CGCL
2025-04-11,DEEPAKFERT
2025-04-11,JBMA
2025-04-11,MANAPPURAM
2025-04-11,NSLNISP
2025-04-11,OLECTRA
2025-04-11,LEMONTREE
2025-04-11,RAINBOW
2025-04-11,PVRINOX
2025-04-11,PPLPHARMA
2025-04-11,BIKAJI
2025-04-11,BLS
2025-04-11,CRAFTSMAN
2025-04-11,DATAPATTNS
2025-04-11,FIVESTAR
2025-04-11,INDIAMART
2025-04-11,IEX
2025-04-11,KFINTECH
2025-04-11,NATCOPHARM
2025-04-11,ERIS
2025-04-11,BEML
2025-04-11,AAVAS
2025-04-11,AARTIIND
2025-04-11,SAMMAANCAP
2025-04-11,USHAMART
2025-04-11,TTML
2025-04-11,SYRMA
2025-04-11,SAREGAMA
2025-04-11,MINDACORP
2025-04-11,AFFLE
2025-04-11,JINDALSAW
2025-04-11,IRCON
2025-04-11,GPIL
2025-04-11,GILLETTE
2025-04-11,CONCORDBIO
2025-04-11,CLEAN
2025-04-11,TEJASNET
2025-04-11,KAYNES
2025-04-11,CROMPTON
2025-04-11,ACE
2025-04-11,ANANDRATHI
2025-04-11,BLUEDART
2025-04-11,CAPLIPOINT
2025-04-11,CHENNPETRO
2025-04-11,DOMS
2025-04-11,ELECON
2025-04-11,GRSE
2025-04-11,GMDCLTD
2025-04-11,HSCL
2025-04-11,HONASA
2025-04-11,INOXWIND
2025-04-11,J&KBANK
2025-04-11,NAVINFLUOR
2025-04-11,ITI
2025-04-11,RRKABEL
2025-04-11,RAILTEL
2025-04-11,RKFORGE
2025-04-11,SBFC
2025-04-11,SCHNEIDER
2025-04-11,SIGNATURE
2025-04-11,TITAGARH
2025-04-11,TRIDENT
2025-04-11,WHIRLPOOL
2025-04-11,AADHARHFC
2025-04-11,ABSLAMC
2025-04-11,ANANTRAJ
2025-04-11,ATUL
2025-04-11,BATAINDIA
2025-04-11,SUMICHEM
2025-04-11,TBOTEK
2025-04-11,GODIGIT
2025-04-11,IFCI
2025-04-11,INDGN
2025-04-11,JPPOWER
2025-04-11,JKTYRE
2025-04-11,JYOTICNC
2025-04-11,KAJARIACER
2025-04-11,NETWEB
2025-04-11,NEWGEN
2025-04-11,PFIZER
2025-04-11,PTCIL
2025-04-11,SCI
2025-04-11,RAMCOCEM
2025-04-11,DEVYANI
2025-04-11,TECHNOE
2025-04-11,LALPATHLAB
2025-04-11,NIVABUPA
2025-04-11,NUVAMA
2025-04-11,ACMESOLAR
2025-04-11,AFCONS
2025-04-11,BAYERCROP
2025-04-11,FIRSTCRY
2025-04-11,CARBORUNIV
2025-04-11,DCMSHRIRAM
2025-04-11,DELHIVERY
2025-04-11,GRAVITA
2025-04-11,IGIL
2025-04-11,IKS
2025-04-11,LTFOODS
2025-04-11,NAVA
2025-04-11,ZEEL
2025-04-11,EMCURE
2025-04-11,PGEL
2025-04-11,NEULANDLAB
2025-04-11,ZFCVINDIA
2025-04-11,HINDCOPPER
2025-04-11,ZENTEC
2025-04-11,TARIL
2025-04-11,TIMKEN
2025-04-11,WOCKPHARMA
2025-04-11,SARDAEN
2025-04-11,SAILIFE
2025-04-11,SAGILITY
2025-04-11,RPOWER
2025-04-11,POONAWALLA
2025-04-11,TATACHEM
2025-09-23,IOB
2025-09-23,KANSAINER
2025-09-23,JUSTDIAL
2025-09-23,JSWHL
2025-09-23,IDBI
2025-09-23,PEL
2025-09-23,GNFC
2025-09-23,GODFRYPHLP
2025-09-23,FACT
2025-09-23,ALIVUS
2025-09-23,APLLTD
2025-09-23,GPPL
2025-09-23,KNRCON
2025-09-23,ROUTE
2025-09-23,MASTEK
2025-09-23,PNCINFRA
2025-09-23,RTNINDIA
2025-09-23,RAYMONDLSL
2025-09-23,RAYMOND
2025-09-23,RENUKA
2025-09-23,SWSOLAR
2025-09-23,TANLA
2025-09-23,UCOBANK
2025-09-23,WESTLIFE
2025-09-23,SKFINDIA
2025-09-23,AKUMS
2025-09-23,CHOLAFIN
2025-09-23,CANFINHOME
2025-09-23,ALKYLAMINE
2025-09-23,RCF
2025-09-23,AIIL
2025-09-23,NETWORK18
2025-09-23,CAMPUS
2025-09-23,CENTURYPLY
2025-09-23,CERA
2025-09-23,FINPIPE
2025-09-23,GODREJAGRO
2025-09-23,HAPPSTMNDS
2025-09-23,INOXINDIA
2025-09-23,JYOTHYLAB
2025-09-23,KIRLOSBROS
2025-09-23,LAURUSLABS
2025-09-23,MAHSEAMLES
2025-09-23,METROPOLIS
2025-09-23,ASTRAZEN
2025-09-23,MCX
2025-09-23,RADICO
2025-09-23,RELINFRA
2025-09-23,SUNDRMFAST
2025-09-23,TRIVENI
2025-09-23,DBREALTY
2025-09-23,MANYAVAR
2025-09-23,VGUARD
2025-09-23,GSPL
2025-09-23,CHAMBLFERT
2025-09-23,ANGELONE
2025-09-23,SONATSOFTW
2025-09-23,JSWDULUX
2025-09-23,BASF
2025-09-23,PRAJIND
2025-09-23,GRANULES
2025-09-23,CASTROLIND
2025-09-23,EIDPARRY
2025-09-23,ABREL
2025-09-23,KARURVYSYA
2025-09-23,SWANCORP
2025-09-23,FSL
2025-09-23,WELSPUNLIV
2025-09-23,BALRAMCHIN
2025-09-23,CEATLTD
2025-09-23,HFCL
2025-09-23,AEGISLOG
2025-09-23,MMTC
2025-09-23,REDINGTON
2025-09-23,NCC
2025-09-23,JBCHEPHARM
2025-09-23,KPIL
2025-09-23,RHIM
2025-09-23,ECLERX
2025-09-23,INDIACEM
2025-09-23,CCL
2025-09-23,SOBHA
2025-09-23,KEC
2025-09-23,ELGIEQUIP
2025-09-23,BRIGADE
2025-09-23,CYIENT
2025-09-23,HBLENGINE
2025-09-23,GESHIP
2025-09-23,CDSL
2025-09-23,NH
2025-09-23,VTL
2025-09-23,COHANCE
2025-09-23,ALOKINDS
2025-09-23,ASAHIINDIA
2025-09-23,TRITURBINE
2025-09-23,IIFL
2025-09-23,AMBER
2025-09-23,BSOFT
2025-09-23,FINCABLES
2025-09-23,GRAPHITE
2025-09-23,HEG
2025-09-23,NBCC
2025-09-23,ENGINERSIN
2025-09-23,ASTERDM
2025-09-23,CHALET
2025-09-23,EIHOTEL
2025-09-23,PNBHOUSING
2025-09-23,CAMS
2025-09-23,ZENSARTECH
2025-09-23,RITES
2025-09-23,UTIAMC
2025-09-23,BBTC
2025-09-23,CESC
2025-09-23,CREDITACC
2025-09-23,HOMEFIRST
2025-09-23,SAMMAANCAP
2025-09-23,JMFINANCIL
2025-09-23,JUBLINGREA
2025-09-23,JUBLPHARMA
2025-09-23,ARE&M
2025-09-23,APTUS
2025-09-23,MAPMYINDIA
2025-09-23,WELCORP
2025-09-23,INTELLECT
2025-09-23,PCBL
2025-09-23,POLYMED
2025-09-23,DEVYANI
2025-09-23,ITI
2025-09-23,KIMS
2025-09-23,LATENTVIEW
2025-09-23,MGL
2025-09-23,RBLBANK
2025-09-23,SAPPHIRE
2025-09-23,SHYAMMETL
2025-09-23,VIJAYA
2025-09-23,CGCL
2025-09-23,DEEPAKFERT
2025-09-23,JBMA
2025-09-23,MANAPPURAM
2025-09-23,NSLNISP
2025-09-23,OLECTRA
2025-09-23,BEML
2025-09-23,RAINBOW
2025-09-23,PVRINOX
2025-09-23,PPLPHARMA
2025-09-23,BIKAJI
2025-09-23,BLS
2025-09-23,CRAFTSMAN
2025-09-23,DATAPATTNS
2025-09-23,FIVESTAR
2025-09-23,INDIAMART
2025-09-23,IEX
2025-09-23,KFINTECH
2025-09-23,NATCOPHARM
2025-09-23,J&KBANK
2025-09-23,ERIS
2025-09-23,LEMONTREE
2025-09-23,AARTIIND
2025-09-23,CUB
2025-09-23,SAREGAMA
2025-09-23,USHAMART
2025-09-23,TTML
2025-09-23,SYRMA
2025-09-23,MINDACORP
2025-09-23,CLEAN
2025-09-23,JINDALSAW
2025-09-23,IRCON
2025-09-23,GPIL
2025-09-23,GILLETTE
2025-09-23,INOXWIND
2025-09-23,KAYNES
2025-09-23,TEJASNET
2025-09-23,CONCORDBIO
2025-09-23,ACE
2025-09-23,ANANDRATHI
2025-09-23,BLUEDART
2025-09-23,CAPLIPOINT
2025-09-23,ZFCVINDIA
2025-09-23,CROMPTON
2025-09-23,DOMS
2025-09-23,ELECON
2025-09-23,GRSE
2025-09-23,GMDCLTD
2025-09-23,HSCL
2025-09-23,HONASA
2025-09-23,AFFLE
2025-09-23,CHENNPETRO
2025-09-23,JWL
2025-09-23,AAVAS
2025-09-23,NUVAMA
2025-09-23,RRKABEL
2025-09-23,RAILTEL
2025-09-23,RKFORGE
2025-09-23,SBFC
2025-09-23,SCHNEIDER
2025-09-23,SIGNATURE
2025-09-23,TITAGARH
2025-09-23,TRIDENT
2025-09-23,WHIRLPOOL
2025-09-23,AADHARHFC
2025-09-23,ABSLAMC
2025-09-23,ANANTRAJ
2025-09-23,SUMICHEM
2025-09-23,SCI
2025-09-23,BATAINDIA
2025-09-23,GODIGIT
2025-09-23,IFCI
2025-09-23,INDGN
2025-09-23,JPPOWER
2025-09-23,JKTYRE
2025-09-23,JYOTICNC
2025-09-23,KAJARIACER
2025-09-23,KIRLOSENG
2025-09-23,NETWEB
2025-09-23,NEWGEN
2025-09-23,PFIZER
2025-09-23,PTCIL
2025-09-23,HINDCOPPER
2025-09-23,LALPATHLAB
2025-09-23,TBOTEK
2025-09-23,ATUL
2025-09-23,DCMSHRIRAM
2025-09-23,RAMCOCEM
2025-09-23,NAVINFLUOR
2025-09-23,ZEEL
2025-09-23,EMCURE
2025-09-23,ACMESOLAR
2025-09-23,AFCONS
2025-09-23,BAYERCROP
2025-09-23,FIRSTCRY
2025-09-23,CARBORUNIV
2025-09-23,DELHIVERY
2025-09-23,GRAVITA
2025-09-23,IGIL
2025-09-23,IKS
2025-09-23,LTFOODS
2025-09-23,TECHNOE
2025-09-23,SARDAEN
2025-09-23,NIVABUPA
2025-09-23,PGEL
2025-09-23,POONAWALLA
2025-09-23,RPOWER
2025-09-23,NAVA
2025-09-23,SAGILITY
2025-09-23,SAILIFE
2025-09-23,NEULANDLAB
2025-09-23,TATACHEM
2025-09-23,TIMKEN
2025-09-23,TARIL
2025-09-23,WOCKPHARMA
2025-09-23,ZENTEC
2025-09-30,KNRCON
2025-09-30,PNCINFRA
2025-09-30,NETWORK18
2025-09-30,KANSAINER
2025-09-30,MASTEK
2025-09-30,JUSTDIAL
2025-09-30,RENUKA
2025-09-30,IOB
2025-09-30,GPPL
2025-09-30,GNFC
2025-09-30,GODFRYPHLP
2025-09-30,RTNINDIA
2025-09-30,FACT
2025-09-30,JSWHL
2025-09-30,RAYMONDLSL
2025-09-30,SWSOLAR
2025-09-30,ROUTE
2025-09-30,CAMPUS
2025-09-30,BASF
2025-09-30,AIIL
2025-09-30,ASTRAZEN
2025-09-30,ALOKINDS
2025-09-30,ALKYLAMINE
2025-09-30,ABREL
2025-09-30,APLLTD
2025-09-30,SKFINDIA
2025-09-30,WESTLIFE
2025-09-30,UCOBANK
2025-09-30,TANLA
2025-09-30,ALIVUS
2025-09-30,RAYMOND
2025-09-30,CENTURYPLY
2025-09-30,INOXINDIA
2025-09-30,AGARWALEYE
2025-09-30,AKUMS
2025-09-30,GODREJAGRO
2025-09-30,HAPPSTMNDS
2025-09-30,JYOTHYLAB
2025-09-30,KIRLOSBROS
2025-09-30,KSB
2025-09-30,LAURUSLABS
2025-09-30,MAHSCOOTER
2025-09-30,MAHSEAMLES
2025-09-30,METROPOLIS
2025-09-30,MCX
2025-09-30,PRAJIND
2025-09-30,RADICO
2025-09-30,RCF
2025-09-30,FINPIPE
2025-09-30,RELINFRA
2025-09-30,TRIVENI
2025-09-30,SUNDRMFAST
2025-09-30,EIDPARRY
2025-09-30,WELCORP
2025-09-30,GRANULES
2025-09-30,CANFINHOME
2025-09-30,JSWDULUX
2025-09-30,CERA
2025-09-30,SONATSOFTW
2025-09-30,CHAMBLFERT
2025-09-30,GSPL
2025-09-30,VGUARD
2025-09-30,VENTIVE
2025-09-30,MANYAVAR
2025-09-30,DBREALTY
2025-09-30,ANGELONE
2025-09-30,SWANCORP
2025-09-30,VTL
2025-09-30,WELSPUNLIV
2025-09-30,CEATLTD
2025-09-30,HFCL
2025-09-30,KPIL
2025-09-30,MMTC
2025-09-30,PCBL
2025-09-30,REDINGTON
2025-09-30,NCC
2025-09-30,JBCHEPHARM
2025-09-30,COHANCE
2025-09-30,RHIM
2025-09-30,HBLENGINE
2025-09-30,INDIACEM
2025-09-30,CCL
2025-09-30,SOBHA
2025-09-30,FINCABLES
2025-09-30,AEGISLOG
2025-09-30,AMBER
2025-09-30,KEC
2025-09-30,IIFL
2025-09-30,RITES
2025-09-30,ZENSARTECH
2025-09-30,KARURVYSYA
2025-09-30,ELGIEQUIP
2025-09-30,BALRAMCHIN
2025-09-30,RBLBANK
2025-09-30,ASTERDM
2025-09-30,ECLERX
2025-09-30,CDSL
2025-09-30,CYIENT
2025-09-30,NH
2025-09-30,BRIGADE
2025-09-30,BSOFT
2025-09-30,ITI
2025-09-30,GRAPHITE
2025-09-30,NBCC
2025-09-30,ENGINERSIN
2025-09-30,POLYMED
2025-09-30,CHALET
2025-09-30,EIHOTEL
2025-09-30,PNBHOUSING
2025-09-30,ASAHIINDIA
2025-09-30,CAMS
2025-09-30,INTELLECT
2025-09-30,TRITURBINE
2025-09-30,UTIAMC
2025-09-30,BBTC
2025-09-30,CESC
2025-09-30,CREDITACC
2025-09-30,HEG
2025-09-30,HOMEFIRST
2025-09-30,JMFINANCIL
2025-09-30,SAMMAANCAP
2025-09-30,FSL
2025-09-30,MGL
2025-09-30,LATENTVIEW
2025-09-30,KIMS
2025-09-30,HINDCOPPER
2025-09-30,IDBI
2025-09-30,CUB
2025-09-30,CASTROLIND
2025-09-30,MAPMYINDIA
2025-09-30,APTUS
2025-09-30,ARE&M
2025-09-30,JUBLPHARMA
2025-09-30,JUBLINGREA
2025-09-30,CHOLAFIN
2025-09-30,SAPPHIRE
2025-09-30,GESHIP
2025-09-30,FIRSTCRY
2025-09-30,CGCL
2025-09-30,DEEPAKFERT
2025-09-30,MANAPPURAM
2025-09-30,OLECTRA
2025-09-30,TEJASNET
2025-09-30,BEML
2025-09-30,LEMONTREE
2025-09-30,RAINBOW
2025-09-30,PVRINOX
2025-09-30,PPLPHARMA
2025-09-30,BIKAJI
2025-09-30,BLS
2025-09-30,CRAFTSMAN
2025-09-30,DATAPATTNS
2025-09-30,ANANTRAJ
2025-09-30,FIVESTAR
2025-09-30,MINDACORP
2025-09-30,KAYNES
2025-09-30,JINDALSAW
2025-09-30,IRCON
2025-09-30,GPIL
2025-09-30,GILLETTE
2025-09-30,SYRMA
2025-09-30,CLEAN
2025-09-30,AAVAS
2025-09-30,NSLNISP
2025-09-30,ERIS
2025-09-30,NATCOPHARM
2025-09-30,KFINTECH
2025-09-30,IEX
2025-09-30,INDIAMART
2025-09-30,SAREGAMA
2025-09-30,JBMA
2025-09-30,TTML
2025-09-30,SHYAMMETL
2025-09-30,DOMS
2025-09-30,GMDCLTD
2025-09-30,GRSE
2025-09-30,CROMPTON
2025-09-30,CHENNPETRO
2025-09-30,ABSLAMC
2025-09-30,BLUEDART
2025-09-30,ANANDRATHI
2025-09-30,ACE
2025-09-30,AARTIIND
2025-09-30,HSCL
2025-09-30,CONCORDBIO
2025-09-30,CAPLIPOINT
2025-09-30,HONASA
2025-09-30,AADHARHFC
2025-09-30,J&KBANK
2025-09-30,INOXWIND
2025-09-30,USHAMART
2025-09-30,WHIRLPOOL
2025-09-30,TRIDENT
2025-09-30,TITAGARH
2025-09-30,SIGNATURE
2025-09-30,AFFLE
2025-09-30,SCHNEIDER
2025-09-30,RKFORGE
2025-09-30,RAILTEL
2025-09-30,RRKABEL
2025-09-30,NUVAMA
2025-09-30,NAVINFLUOR
2025-09-30,JWL
2025-09-30,SBFC
2025-09-30,ATUL
2025-09-30,ELECON
2025-09-30,DEVYANI
2025-09-30,LALPATHLAB
2025-09-30,GODIGIT
2025-09-30,IFCI
2025-09-30,INDGN
2025-09-30,JPPOWER
2025-09-30,JKTYRE
2025-09-30,JYOTICNC
2025-09-30,KAJARIACER
2025-09-30,KIRLOSENG
2025-09-30,NETWEB
2025-09-30,NEWGEN
2025-09-30,PFIZER
2025-09-30,SCI
2025-09-30,SUMICHEM
2025-09-30,NAVA
2025-09-30,TBOTEK
2025-09-30,LTFOODS
2025-09-30,IKS
2025-09-30,IGIL
2025-09-30,GRAVITA
2025-09-30,DELHIVERY
2025-09-30,DCMSHRIRAM
2025-09-30,BATAINDIA
2025-09-30,CARBORUNIV
2025-09-30,BAYERCROP
2025-09-30,RAMCOCEM
2025-09-30,AFCONS
2025-09-30,ACMESOLAR
2025-09-30,EMCURE
2025-09-30,ZEEL
2025-09-30,TECHNOE
2025-09-30,NEULANDLAB
2025-09-30,PTCIL
2025-09-30,ATHERENERG
2025-09-30,POONAWALLA
2025-09-30,RPOWER
2025-09-30,NIVABUPA
2025-09-30,SAILIFE
2025-09-30,SARDAEN
2025-09-30,TATACHEM
2025-09-30,TIMKEN
2025-09-30,TARIL
2025-09-30,WOCKPHARMA
2025-09-30,ZENTEC
2025-09-30,ZFCVINDIA
2025-09-30,ABFRL
2025-09-30,ABLBL
2025-09-30,AEGISVOPAK
2025-09-30,PGEL
2025-09-30,SAGILITY
2025-09-30,BANDHANBNK
2025-09-30,AKZOINDIA
2025-09-30,SUNTV
2025-09-30,STARHEALTH
2025-09-30,THELEELA
2025-09-30,ONESOURCE
2025-09-30,OLAELEC
2025-09-30,VIJAYA
2025-09-30,NUVOCO
2025-09-30,MRPL
2025-09-30,GLAND
2025-09-30,FORCEMOT
2025-09-30,MOTHERSON
2025-09-30,EMAMILTD
2025-09-30,CHOICEIN
2025-09-30,BLUEJET
2025-12-31,CERA
2025-12-31,CENTURYPLY
2025-12-31,CAMPUS
2025-12-31,BASF
2025-12-31,ALOKINDS
2025-12-31,ASTRAZEN
2025-12-31,AGARWALEYE
2025-12-31,ALKYLAMINE
2025-12-31,APLLTD
2025-12-31,AKUMS
2025-12-31,SKFINDIA
2025-12-31,AIIL
2025-12-31,HBLENGINE
2025-12-31,JYOTHYLAB
2025-12-31,HAPPSTMNDS
2025-12-31,INOXINDIA
2025-12-31,KIRLOSBROS
2025-12-31,KSB
2025-12-31,LAURUSLABS
2025-12-31,MAHSEAMLES
2025-12-31,METROPOLIS
2025-12-31,MCX
2025-12-31,PRAJIND
2025-12-31,RADICO
2025-12-31,RCF
2025-12-31,RAINBOW
2025-12-31,GODREJAGRO
2025-12-31,FINPIPE
2025-12-31,MAHSCOOTER
2025-12-31,VGUARD
2025-12-31,TRIVENI
2025-12-31,INDIACEM
2025-12-31,GSPL
2025-12-31,CHAMBLFERT
2025-12-31,ANGELONE
2025-12-31,SONATSOFTW
2025-12-31,JSWDULUX
2025-12-31,CANFINHOME
2025-12-31,GRANULES
2025-12-31,WELCORP
2025-12-31,EIDPARRY
2025-12-31,ABREL
2025-12-31,SWANCORP
2025-12-31,FSL
2025-12-31,SUNDRMFAST
2025-12-31,WELSPUNLIV
2025-12-31,CEATLTD
2025-12-31,HFCL
2025-12-31,AEGISLOG
2025-12-31,KPIL
2025-12-31,MMTC
2025-12-31,PCBL
2025-12-31,REDINGTON
2025-12-31,NCC
2025-12-31,JBCHEPHARM
2025-12-31,COHANCE
2025-12-31,RHIM
2025-12-31,MANYAVAR
2025-12-31,DBREALTY
2025-12-31,BALRAMCHIN
2025-12-31,RELINFRA
2025-12-31,TRITURBINE
2025-12-31,CREDITACC
2025-12-31,UTIAMC
2025-12-31,CYIENT
2025-12-31,ECLERX
2025-12-31,GESHIP
2025-12-31,CDSL
2025-12-31,NH
2025-12-31,VTL
2025-12-31,ELGIEQUIP
2025-12-31,KARURVYSYA
2025-12-31,ZENSARTECH
2025-12-31,RITES
2025-12-31,IIFL
2025-12-31,AMBER
2025-12-31,BRIGADE
2025-12-31,ASTERDM
2025-12-31,INTELLECT
2025-12-31,CAMS
2025-12-31,ASAHIINDIA
2025-12-31,PNBHOUSING
2025-12-31,CHALET
2025-12-31,POLYMED
2025-12-31,EIHOTEL
2025-12-31,NBCC
2025-12-31,HEG
2025-12-31,GRAPHITE
2025-12-31,FINCABLES
2025-12-31,ENGINERSIN
2025-12-31,LEMONTREE
2025-12-31,BSOFT
2025-12-31,SOBHA
2025-12-31,KEC
2025-12-31,BBTC
2025-12-31,HOMEFIRST
2025-12-31,SAMMAANCAP
2025-12-31,JMFINANCIL
2025-12-31,JUBLINGREA
2025-12-31,JUBLPHARMA
2025-12-31,ARE&M
2025-12-31,APTUS
2025-12-31,MAPMYINDIA
2025-12-31,CASTROLIND
2025-12-31,CHOLAFIN
2025-12-31,CUB
2025-12-31,HINDCOPPER
2025-12-31,CESC
2025-12-31,ITI
2025-12-31,KIMS
2025-12-31,RBLBANK
2025-12-31,SAPPHIRE
2025-12-31,SHYAMMETL
2025-12-31,VIJAYA
2025-12-31,CGCL
2025-12-31,DEEPAKFERT
2025-12-31,JBMA
2025-12-31,MANAPPURAM
2025-12-31,OLECTRA
2025-12-31,TEJASNET
2025-12-31,CCL
2025-12-31,BEML
2025-12-31,LATENTVIEW
2025-12-31,MGL
2025-12-31,KIRLOSENG
2025-12-31,VENTIVE
2025-12-31,EMCURE
2025-12-31,GODIGIT
2025-12-31,BLS
2025-12-31,CRAFTSMAN
2025-12-31,DATAPATTNS
2025-12-31,FIVESTAR
2025-12-31,INDIAMART
2025-12-31,IEX
2025-12-31,KFINTECH
2025-12-31,NATCOPHARM
2025-12-31,ERIS
2025-12-31,NSLNISP
2025-12-31,AAVAS
2025-12-31,CAPLIPOINT
2025-12-31,AFFLE
2025-12-31,GPIL
2025-12-31,IRCON
2025-12-31,JINDALSAW
2025-12-31,KAYNES
2025-12-31,MINDACORP
2025-12-31,SAREGAMA
2025-12-31,SYRMA
2025-12-31,TTML
2025-12-31,USHAMART
2025-12-31,CONCORDBIO
2025-12-31,AARTIIND
2025-12-31,ACE
2025-12-31,ANANDRATHI
2025-12-31,BIKAJI
2025-12-31,BLUEDART
2025-12-31,GILLETTE
2025-12-31,TRIDENT
2025-12-31,PVRINOX
2025-12-31,DOMS
2025-12-31,GRSE
2025-12-31,GMDCLTD
2025-12-31,RRKABEL
2025-12-31,HONASA
2025-12-31,INOXWIND
2025-12-31,J&KBANK
2025-12-31,JWL
2025-12-31,NAVINFLUOR
2025-12-31,NUVAMA
2025-12-31,CROMPTON
2025-12-31,ELECON
2025-12-31,CLEAN
2025-12-31,HSCL
2025-12-31,RKFORGE
2025-12-31,SCHNEIDER
2025-12-31,SIGNATURE
2025-12-31,TITAGARH
2025-12-31,WHIRLPOOL
2025-12-31,AADHARHFC
2025-12-31,ABSLAMC
2025-12-31,ANANTRAJ
2025-12-31,ATUL
2025-12-31,BATAINDIA
2025-12-31,CHENNPETRO
2025-12-31,DEVYANI
2025-12-31,LALPATHLAB
2025-12-31,SBFC
2025-12-31,IFCI
2025-12-31,RAILTEL
2025-12-31,JPPOWER
2025-12-31,JKTYRE
2025-12-31,JYOTICNC
2025-12-31,KAJARIACER
2025-12-31,JSWCEMENT
2025-12-31,NETWEB
2025-12-31,NEWGEN
2025-12-31,PFIZER
2025-12-31,PTCIL
2025-12-31,SCI
2025-12-31,SUMICHEM
2025-12-31,TBOTEK
2025-12-31,TECHNOE
2025-12-31,RAMCOCEM
2025-12-31,NIVABUPA
2025-12-31,ZEEL
2025-12-31,AFCONS
2025-12-31,BAYERCROP
2025-12-31,FIRSTCRY
2025-12-31,CARBORUNIV
2025-12-31,DCMSHRIRAM
2025-12-31,DELHIVERY
2025-12-31,GRAVITA
2025-12-31,IGIL
2025-12-31,IKS
2025-12-31,LTFOODS
2025-12-31,NAVA
2025-12-31,RPOWER
2025-12-31,NEULANDLAB
2025-12-31,ACMESOLAR
2025-12-31,POONAWALLA
2025-12-31,PGEL
2025-12-31,BLUEJET
2025-12-31,SAILIFE
2025-12-31,SARDAEN
2025-12-31,INDGN
2025-12-31,TATACHEM
2025-12-31,TIMKEN
2025-12-31,TARIL
2025-12-31,WOCKPHARMA
2025-12-31,ZENTEC
2025-12-31,ZFCVINDIA
2025-12-31,ABLBL
2025-12-31,AEGISVOPAK
2025-12-31,AKZOINDIA
2025-12-31,ATHERENERG
2025-12-31,SAGILITY
2025-12-31,BANDHANBNK
2025-12-31,ABFRL
2025-12-31,CHOICEIN
2025-12-31,PPLPHARMA
2025-12-31,SUNTV
2025-12-31,STARHEALTH
2025-12-31,THELEELA
2025-12-31,OLAELEC
2025-12-31,NUVOCO
2025-12-31,ONESOURCE
2025-12-31,MRPL
2025-12-31,GLAND
2025-12-31,FORCEMOT
2025-12-31,EMAMILTD
2025-12-31,MOTHERSON
2026-03-30,AIIL
2026-03-30,ALKYLAMINE
2026-03-30,GILLETTE
2026-03-30,AKUMS
2026-03-30,APLLTD
2026-03-30,FINPIPE
2026-03-30,CENTURYPLY
2026-03-30,ASTRAZEN
2026-03-30,BASF
2026-03-30,INOXINDIA
2026-03-30,AGARWALEYE
2026-03-30,CERA
2026-03-30,CDSL
2026-03-30,ALOKINDS
2026-03-30,JYOTHYLAB
2026-03-30,MAHSEAMLES
2026-03-30,VENTIVE
2026-03-30,RADICO
2026-03-30,GODREJAGRO
2026-03-30,LAURUSLABS
2026-03-30,MAHSCOOTER
2026-03-30,METROPOLIS
2026-03-30,MCX
2026-03-30,KSB
2026-03-30,PRAJIND
2026-03-30,KIRLOSBROS
2026-03-30,RELINFRA
2026-03-30,SUNDRMFAST
2026-03-30,TRIVENI
2026-03-30,DBREALTY
2026-03-30,MANYAVAR
2026-03-30,RCF
2026-03-30,HAPPSTMNDS
2026-03-30,EIDPARRY
2026-03-30,GSPL
2026-03-30,KPIL
2026-03-30,AEGISLOG
2026-03-30,HFCL
2026-03-30,CEATLTD
2026-03-30,BALRAMCHIN
2026-03-30,WELSPUNLIV
2026-03-30,MMTC
2026-03-30,FSL
2026-03-30,ABREL
2026-03-30,WELCORP
2026-03-30,GRANULES
2026-03-30,CANFINHOME
2026-03-30,JSWDULUX
2026-03-30,NH
2026-03-30,SWANCORP
2026-03-30,VGUARD
2026-03-30,PCBL
2026-03-30,ECLERX
2026-03-30,CHAMBLFERT
2026-03-30,INDIACEM
2026-03-30,REDINGTON
2026-03-30,NCC
2026-03-30,JBCHEPHARM
2026-03-30,COHANCE
2026-03-30,GESHIP
2026-03-30,RHIM
2026-03-30,CCL
2026-03-30,ANGELONE
2026-03-30,SOBHA
2026-03-30,KEC
2026-03-30,BRIGADE
2026-03-30,CYIENT
2026-03-30,HBLENGINE
2026-03-30,CAMPUS
2026-03-30,HOMEFIRST
2026-03-30,TEJASNET
2026-03-30,KARURVYSYA
2026-03-30,CHOLAFIN
2026-03-30,ELGIEQUIP
2026-03-30,ZENSARTECH
2026-03-30,IIFL
2026-03-30,AMBER
2026-03-30,BSOFT
2026-03-30,FINCABLES
2026-03-30,GRAPHITE
2026-03-30,HEG
2026-03-30,NBCC
2026-03-30,ENGINERSIN
2026-03-30,POLYMED
2026-03-30,CHALET
2026-03-30,EIHOTEL
2026-03-30,CASTROLIND
2026-03-30,PNBHOUSING
2026-03-30,CAMS
2026-03-30,SONATSOFTW
2026-03-30,TRITURBINE
2026-03-30,INTELLECT
2026-03-30,UTIAMC
2026-03-30,BBTC
2026-03-30,CESC
2026-03-30,RITES
2026-03-30,CREDITACC
2026-03-30,SAMMAANCAP
2026-03-30,JMFINANCIL
2026-03-30,JUBLINGREA
2026-03-30,JUBLPHARMA
2026-03-30,ARE&M
2026-03-30,ASAHIINDIA
2026-03-30,APTUS
2026-03-30,ASTERDM
2026-03-30,NATCOPHARM
2026-03-30,INDIAMART
2026-03-30,ITI
2026-03-30,KIMS
2026-03-30,LATENTVIEW
2026-03-30,MGL
2026-03-30,RBLBANK
2026-03-30,SAPPHIRE
2026-03-30,SHYAMMETL
2026-03-30,VIJAYA
2026-03-30,CGCL
2026-03-30,DEEPAKFERT
2026-03-30,JBMA
2026-03-30,MANAPPURAM
2026-03-30,OLECTRA
2026-03-30,MAPMYINDIA
2026-03-30,BEML
2026-03-30,CUB
2026-03-30,HINDCOPPER
2026-03-30,PVRINOX
2026-03-30,PPLPHARMA
2026-03-30,BIKAJI
2026-03-30,BLS
2026-03-30,CRAFTSMAN
2026-03-30,DATAPATTNS
2026-03-30,FIVESTAR
2026-03-30,LEMONTREE
2026-03-30,IEX
2026-03-30,KFINTECH
2026-03-30,ERIS
2026-03-30,NSLNISP
2026-03-30,AAVAS
2026-03-30,VTL
2026-03-30,AFFLE
2026-03-30,RAINBOW
2026-03-30,CLEAN
2026-03-30,NAVINFLUOR
2026-03-30,GPIL
2026-03-30,CAPLIPOINT
2026-03-30,BLUEDART
2026-03-30,ANANDRATHI
2026-03-30,ACE
2026-03-30,AARTIIND
2026-03-30,CROMPTON
2026-03-30,CONCORDBIO
2026-03-30,TTML
2026-03-30,SAREGAMA
2026-03-30,MINDACORP
2026-03-30,KAYNES
2026-03-30,JINDALSAW
2026-03-30,GRAVITA
2026-03-30,USHAMART
2026-03-30,TRIDENT
2026-03-30,DOMS
2026-03-30,GRSE
2026-03-30,GMDCLTD
2026-03-30,HSCL
2026-03-30,HONASA
2026-03-30,INOXWIND
2026-03-30,J&KBANK
2026-03-30,JWL
2026-03-30,CHENNPETRO
2026-03-30,NUVAMA
2026-03-30,RRKABEL
2026-03-30,RAILTEL
2026-03-30,RKFORGE
2026-03-30,SBFC
2026-03-30,SCHNEIDER
2026-03-30,SIGNATURE
2026-03-30,ELECON
2026-03-30,TITAGARH
2026-03-30,SYRMA
2026-03-30,WHIRLPOOL
2026-03-30,GODIGIT
2026-03-30,KIRLOSENG
2026-03-30,ATUL
2026-03-30,ANANTRAJ
2026-03-30,DEVYANI
2026-03-30,LALPATHLAB
2026-03-30,NETWEB
2026-03-30,BATAINDIA
2026-03-30,JPPOWER
2026-03-30,JKTYRE
2026-03-30,JYOTICNC
2026-03-30,INDGN
2026-03-30,KAJARIACER
2026-03-30,ACMESOLAR
2026-03-30,IFCI
2026-03-30,IGIL
2026-03-30,FIRSTCRY
2026-03-30,DELHIVERY
2026-03-30,ZEEL
2026-03-30,PTCIL
2026-03-30,SCI
2026-03-30,SUMICHEM
2026-03-30,TBOTEK
2026-03-30,TECHNOE
2026-03-30,PFIZER
2026-03-30,RAMCOCEM
2026-03-30,NEWGEN
2026-03-30,AFCONS
2026-03-30,BAYERCROP
2026-03-30,CARBORUNIV
2026-03-30,DCMSHRIRAM
2026-03-30,AADHARHFC
2026-03-30,EMCURE
2026-03-30,SPLPETRO
2026-03-30,ABSLAMC
2026-03-30,IOB
2026-03-30,SAGILITY
2026-03-30,NAVA
2026-03-30,NEULANDLAB
2026-03-30,NIVABUPA
2026-03-30,PGEL
2026-03-30,POONAWALLA
2026-03-30,SUNTV
2026-03-30,RPOWER
2026-03-30,ZFCVINDIA
2026-03-30,SARDAEN
2026-03-30,TATACHEM
2026-03-30,TIMKEN
2026-03-30,TARIL
2026-03-30,WOCKPHARMA
2026-03-30,SAILIFE
2026-03-30,ZENTEC
2026-03-30,ABFRL
2026-03-30,THELEELA
2026-03-30,FORCEMOT
2026-03-30,LTFOODS
2026-03-30,AKZOINDIA
2026-03-30,ATHERENERG
2026-03-30,BANDHANBNK
2026-03-30,CHOICEIN
2026-03-30,AEGISVOPAK
2026-03-30,EMAMILTD
2026-03-30,ABLBL
2026-03-30,MRPL
2026-03-30,MOTHERSON
2026-03-30,NUVOCO
2026-03-30,OLAELEC
2026-03-30,ONESOURCE
2026-03-30,GLAND
2026-03-30,STARHEALTH
2026-03-30,BLUEJET
2026-03-30,IKS
2026-03-30,CEMPRO
2026-03-30,CPPLUS
2026-03-30,ABDL
2026-03-30,ANURAS
2026-03-30,BELRISE
2026-03-30,CANHLIFE
2026-03-30,ACUTAAS
2026-03-30,CARTRADE
2026-03-30,IGL
2026-03-30,EMMVEE
2026-03-30,GALLANTT
2026-03-30,GABRIEL
2026-03-30,IDBI
2026-03-30,JSWCEMENT
2026-03-30,DEEPAKNTR
2026-03-30,IRB
2026-03-30,FACT
2026-03-30,ZYDUSWELL
2026-03-30,MEESHO
2026-03-30,PARADEEP
2026-03-30,PINELABS
2026-03-30,PIRAMALFIN
2026-03-30,SONACOMS
2026-03-30,IRCON
2026-03-30,TATATECH
2026-03-30,PWL
2026-03-30,JAINREC
2026-03-30,URBANCO
2026-03-30,UCOBANK
2026-03-30,TRAVELFOOD
2026-03-30,SYNGENE
2026-03-30,TEGA
2026-03-30,TENNIND
2026-03-31,BBTC
2026-03-31,ANGELONE
2026-03-31,SONATSOFTW
2026-03-31,JSWDULUX
2026-03-31,GSPL
2026-03-31,GRANULES
2026-03-31,CHAMBLFERT
2026-03-31,WELCORP
2026-03-31,EIDPARRY
2026-03-31,ABREL
2026-03-31,SWANCORP
2026-03-31,FSL
2026-03-31,CANFINHOME
2026-03-31,PCBL
2026-03-31,CEATLTD
2026-03-31,HFCL
2026-03-31,AEGISLOG
2026-03-31,KPIL
2026-03-31,MMTC
2026-03-31,REDINGTON
2026-03-31,JBCHEPHARM
2026-03-31,COHANCE
2026-03-31,RHIM
2026-03-31,HBLENGINE
2026-03-31,INDIACEM
2026-03-31,BALRAMCHIN
2026-03-31,CESC
2026-03-31,WELSPUNLIV
2026-03-31,ZYDUSWELL
2026-03-31,HEG
2026-03-31,SOBHA
2026-03-31,ECLERX
2026-03-31,CREDITACC
2026-03-31,GESHIP
2026-03-31,CDSL
2026-03-31,NH
2026-03-31,VTL
2026-03-31,ASTERDM
2026-03-31,ELGIEQUIP
2026-03-31,KARURVYSYA
2026-03-31,ZENSARTECH
2026-03-31,RITES
2026-03-31,IIFL
2026-03-31,AMBER
2026-03-31,CCL
2026-03-31,BSOFT
2026-03-31,GRAPHITE
2026-03-31,NBCC
2026-03-31,ENGINERSIN
2026-03-31,POLYMED
2026-03-31,CHALET
2026-03-31,EIHOTEL
2026-03-31,PNBHOUSING
2026-03-31,CAMS
2026-03-31,INTELLECT
2026-03-31,TRITURBINE
2026-03-31,UTIAMC
2026-03-31,BRIGADE
2026-03-31,KEC
2026-03-31,FINCABLES
2026-03-31,HOMEFIRST
2026-03-31,JMFINANCIL
2026-03-31,DATAPATTNS
2026-03-31,JUBLPHARMA
2026-03-31,ARE&M
2026-03-31,APTUS
2026-03-31,MAPMYINDIA
2026-03-31,CASTROLIND
2026-03-31,CHOLAFIN
2026-03-31,CUB
2026-03-31,HINDCOPPER
2026-03-31,ITI
2026-03-31,KIMS
2026-03-31,PPLPHARMA
2026-03-31,LATENTVIEW
2026-03-31,RBLBANK
2026-03-31,JUBLINGREA
2026-03-31,SAPPHIRE
2026-03-31,VIJAYA
2026-03-31,CGCL
2026-03-31,DEEPAKFERT
2026-03-31,JBMA
2026-03-31,MANAPPURAM
2026-03-31,OLECTRA
2026-03-31,TEJASNET
2026-03-31,BEML
2026-03-31,LEMONTREE
2026-03-31,RAINBOW
2026-03-31,MGL
2026-03-31,CENTRALBK
2026-03-31,CYIENT
2026-03-31,SHYAMMETL
2026-03-31,CRAFTSMAN
2026-03-31,SAMMAANCAP
2026-03-31,BIKAJI
2026-03-31,FIVESTAR
2026-03-31,INDIAMART
2026-03-31,IEX
2026-03-31,KFINTECH
2026-03-31,NATCOPHARM
2026-03-31,ERIS
2026-03-31,NSLNISP
2026-03-31,AAVAS
2026-03-31,AFFLE
2026-03-31,CLEAN
2026-03-31,GILLETTE
2026-03-31,BLS
2026-03-31,GPIL
2026-03-31,PVRINOX
2026-03-31,JINDALSAW
2026-03-31,MINDACORP
2026-03-31,SAREGAMA
2026-03-31,SYRMA
2026-03-31,TTML
2026-03-31,USHAMART
2026-03-31,CONCORDBIO
2026-03-31,AARTIIND
2026-03-31,ACE
2026-03-31,ANANDRATHI
2026-03-31,BLUEDART
2026-03-31,CAPLIPOINT
2026-03-31,IRCON
2026-03-31,CROMPTON
2026-03-31,KAYNES
2026-03-31,CHENNPETRO
2026-03-31,NCC
2026-03-31,DOMS
2026-03-31,POONAWALLA
2026-03-31,GMDCLTD
2026-03-31,HSCL
2026-03-31,HONASA
2026-03-31,INOXWIND
2026-03-31,J&KBANK
2026-03-31,JWL
2026-03-31,NAVINFLUOR
2026-03-31,NUVAMA
2026-03-31,RRKABEL
2026-03-31,RAILTEL
2026-03-31,RKFORGE
2026-03-31,JKTYRE
2026-03-31,SBFC
2026-03-31,SIGNATURE
2026-03-31,TRIDENT
2026-03-31,WHIRLPOOL
2026-03-31,AADHARHFC
2026-03-31,ABSLAMC
2026-03-31,ANANTRAJ
2026-03-31,ATUL
2026-03-31,BATAINDIA
2026-03-31,DEVYANI
2026-03-31,LALPATHLAB
2026-03-31,GODIGIT
2026-03-31,IFCI
2026-03-31,INDGN
2026-03-31,ASAHIINDIA
2026-03-31,JPPOWER
2026-03-31,TITAGARH
2026-03-31,JYOTICNC
2026-03-31,ZEEL
2026-03-31,RAMCOCEM
2026-03-31,TECHNOE
2026-03-31,TBOTEK
2026-03-31,PTCIL
2026-03-31,SCI
2026-03-31,PFIZER
2026-03-31,NEWGEN
2026-03-31,EMCURE
2026-03-31,KIRLOSENG
2026-03-31,SUMICHEM
2026-03-31,NETWEB
2026-03-31,DELHIVERY
2026-03-31,SCHNEIDER
2026-03-31,AFCONS
2026-03-31,FIRSTCRY
2026-03-31,CARBORUNIV
2026-03-31,DCMSHRIRAM
2026-03-31,GRAVITA
2026-03-31,IGIL
2026-03-31,IKS
2026-03-31,LTFOODS
2026-03-31,NAVA
2026-03-31,NEULANDLAB
2026-03-31,KAJARIACER
2026-03-31,NIVABUPA
2026-03-31,PGEL
2026-03-31,ACMESOLAR
2026-03-31,BAYERCROP
2026-03-31,RPOWER
2026-03-31,GRSE
2026-03-31,SAILIFE
2026-03-31,TATACHEM
2026-03-31,TIMKEN
2026-03-31,TARIL
2026-03-31,WOCKPHARMA
2026-03-31,ZENTEC
2026-03-31,ZFCVINDIA
2026-03-31,ABFRL
2026-03-31,ABLBL
2026-03-31,AEGISVOPAK
2026-03-31,AKZOINDIA
2026-03-31,ATHERENERG
2026-03-31,BANDHANBNK
2026-03-31,SAGILITY
2026-03-31,SARDAEN
2026-03-31,BLUEJET
2026-03-31,FORCEMOT
2026-03-31,GLAND
2026-03-31,MRPL
2026-03-31,MOTHERSON
2026-03-31,NUVOCO
2026-03-31,OLAELEC
2026-03-31,ONESOURCE
2026-03-31,THELEELA
2026-03-31,STARHEALTH
2026-03-31,SUNTV
2026-03-31,JSWCEMENT
2026-03-31,ACUTAAS
2026-03-31,BELRISE
2026-03-31,EMAMILTD
2026-03-31,CPPLUS
2026-03-31,CHOICEIN
2026-03-31,ANURAS
2026-03-31,CARTRADE
2026-03-31,CEMPRO
2026-03-31,DEEPAKNTR
2026-03-31,EMMVEE
2026-03-31,FACT
2026-03-31,GABRIEL
2026-03-31,GALLANTT
2026-03-31,ABDL
2026-03-31,IOB
2026-03-31,IGL
2026-03-31,IRB
2026-03-31,JAINREC
2026-03-31,MEESHO
2026-03-31,PARADEEP
2026-03-31,IDBI
2026-03-31,PINELABS
2026-03-31,PWL
2026-03-31,CANHLIFE
2026-03-31,ELECON
2026-03-31,URBANCO
2026-03-31,TRAVELFOOD
2026-03-31,TENNIND
2026-03-31,UCOBANK
2026-03-31,TATATECH
2026-03-31,SYNGENE
2026-03-31,SPLPETRO
2026-03-31,SONACOMS
2026-03-31,PIRAMALFIN
2026-03-31,TEGA
2026-10-02,NAVINFLUOR
2026-10-02,NEWGEN
2026-10-02,NEULANDLAB
2026-10-02,NETWEB
2026-10-02,NAVA
2026-10-02,MINDACORP
2026-10-02,NSLNISP
2026-10-02,NCC
2026-10-02,NBCC
2026-10-02,NATCOPHARM
2026-10-02,MSUMI
2026-10-02,NH
2026-10-02,NIVABUPA
2026-10-02,PINELABS
2026-10-02,NUVOCO
2026-10-02,OLAELEC
2026-10-02,OLECTRA
2026-10-02,ONESOURCE
2026-10-02,PCBL
2026-10-02,PGEL
2026-10-02,PNBHOUSING
2026-10-02,PTCIL
2026-10-02,PVRINOX
2026-10-02,PARADEEP
2026-10-02,PFIZER
2026-10-02,PWL
2026-10-02,MEESHO
2026-10-02,NUVAMA
2026-10-02,MRPL
2026-10-02,KAJARIACER
2026-10-02,MGL
2026-10-02,IKS
2026-10-02,JBCHEPHARM
2026-10-02,JBMA
2026-10-02,JKTYRE
2026-10-02,JMFINANCIL
2026-10-02,JSWCEMENT
2026-10-02,JSWDULUX
2026-10-02,JAINREC
2026-10-02,JPPOWER
2026-10-02,J&KBANK
2026-10-02,JINDALSAW
2026-10-02,JUBLINGREA
2026-10-02,JUBLPHARMA
2026-10-02,JWL
2026-10-02,JYOTICNC
2026-10-02,KPIL
2026-10-02,KARURVYSYA
2026-10-02,KAYNES
2026-10-02,KEC
2026-10-02,KFINTECH
2026-10-02,KIRLOSENG
2026-10-02,KIMS
2026-10-02,LTFOODS
2026-10-02,LATENTVIEW
2026-10-02,THELEELA
2026-10-02,LEMONTREE
2026-10-02,MMTC
2026-10-02,MANAPPURAM
2026-10-02,PIRAMALFIN
2026-10-02,ZENSARTECH
2026-10-02,POLYMED
2026-10-02,TATACHEM
2026-10-02,TATATECH
2026-10-02,TTML
2026-10-02,TECHNOE
2026-10-02,TEGA
2026-10-02,TEJASNET
2026-10-02,TENNIND
2026-10-02,RAMCOCEM
2026-10-02,TIMKEN
2026-10-02,TITAGARH
2026-10-02,TARIL
2026-10-02,TRAVELFOOD
2026-10-02,TRIDENT
2026-10-02,TBOTEK
2026-10-02,TRITURBINE
2026-10-02,UTIAMC
2026-10-02,URBANCO
2026-10-02,USHAMART
2026-10-02,VTL
2026-10-02,VIJAYA
2026-10-02,WELCORP
2026-10-02,WELSPUNLIV
2026-10-02,WHIRLPOOL
2026-10-02,WOCKPHARMA
2026-10-02,ZFCVINDIA
2026-10-02,ZEEL
2026-10-02,ZENTEC
2026-10-02,IGIL
2026-10-02,UCOBANK
2026-10-02,PPLPHARMA
2026-10-02,SYRMA
2026-10-02,SWANCORP
2026-10-02,POONAWALLA
2026-10-02,RRKABEL
2026-10-02,RBLBANK
2026-10-02,RHIM
2026-10-02,RITES
2026-10-02,RAILTEL
2026-10-02,RAINBOW
2026-10-02,RKFORGE
2026-10-02,REDINGTON
2026-10-02,RPOWER
2026-10-02,SBFC
2026-10-02,SAGILITY
2026-10-02,SAILIFE
2026-10-02,SYNGENE
2026-10-02,SAMMAANCAP
2026-10-02,SARDAEN
2026-10-02,SAREGAMA
2026-10-02,SCHNEIDER
2026-10-02,SCI
2026-10-02,SHYAMMETL
2026-10-02,SIGNATURE
2026-10-02,SOBHA
2026-10-02,SONACOMS
2026-10-02,SONATSOFTW
2026-10-02,STARHEALTH
2026-10-02,SUMICHEM
2026-10-02,SUNTV
2026-10-02,SPLPETRO
2026-10-02,SAPPHIRE
2026-10-02,INTELLECT
2026-10-02,COHANCE
2026-10-02,IGL
2026-10-02,BATAINDIA
2026-10-02,BAYERCROP
2026-10-02,BELRISE
2026-10-02,BIKAJI
2026-10-02,BSOFT
2026-10-02,BLUEDART
2026-10-02,BLUEJET
2026-10-02,BBTC
2026-10-02,FIRSTCRY
2026-10-02,BRIGADE
2026-10-02,MAPMYINDIA
2026-10-02,CCL
2026-10-02,CESC
2026-10-02,CANFINHOME
2026-10-02,CANHLIFE
2026-10-02,CAPLIPOINT
2026-10-02,CGCL
2026-10-02,CARBORUNIV
2026-10-02,CARTRADE
2026-10-02,CASTROLIND
2026-10-02,CEATLTD
2026-10-02,CEMPRO
2026-10-02,CENTRALBK
2026-10-02,CDSL
2026-10-02,CHALET
2026-10-02,CHAMBLFERT
2026-10-02,CHENNPETRO
2026-10-02,BANDHANBNK
2026-10-02,BALRAMCHIN
2026-10-02,BLS
2026-10-02,BEML
2026-10-02,ZYDUSWELL
2026-10-02,ACMESOLAR
2026-10-02,AADHARHFC
2026-10-02,AARTIIND
2026-10-02,AAVAS
2026-10-02,ACE
2026-10-02,ACUTAAS
2026-10-02,ABFRL
2026-10-02,ABLBL
2026-10-02,ABREL
2026-10-02,ABSLAMC
2026-10-02,CPPLUS
2026-10-02,AEGISLOG
2026-10-02,CHOICEIN
2026-10-02,AEGISVOPAK
2026-10-02,AFFLE
2026-10-02,ABDL
2026-10-02,ARE&M
2026-10-02,AMBER
2026-10-02,ANANDRATHI
2026-10-02,ANANTRAJ
2026-10-02,ANGELONE
2026-10-02,ANURAS
2026-10-02,APTUS
2026-10-02,ASAHIINDIA
2026-10-02,ASTERDM
2026-10-02,ATHERENERG
2026-10-02,ATUL
2026-10-02,AFCONS
2026-10-02,INOXWIND
2026-10-02,CHOLAFIN
2026-10-02,CLEAN
2026-10-02,GLAND
2026-10-02,GODIGIT
2026-10-02,GPIL
2026-10-02,GRANULES
2026-10-02,GRAPHITE
2026-10-02,GRAVITA
2026-10-02,GESHIP
2026-10-02,GMDCLTD
2026-10-02,GSPL
2026-10-02,HEG
2026-10-02,HBLENGINE
2026-10-02,HFCL
2026-10-02,HSCL
2026-10-02,HINDCOPPER
2026-10-02,HOMEFIRST
2026-10-02,HONASA
2026-10-02,IDBI
2026-10-02,IFCI
2026-10-02,IIFL
2026-10-02,IRB
2026-10-02,IRCON
2026-10-02,ITI
2026-10-02,INDGN
2026-10-02,INDIACEM
2026-10-02,INDIAMART
2026-10-02,IEX
2026-10-02,IOB
2026-10-02,GILLETTE
2026-10-02,GRSE
2026-10-02,GALLANTT
2026-10-02,GABRIEL
2026-10-02,CAMS
2026-10-02,CONCORDBIO
2026-10-02,CRAFTSMAN
2026-10-02,CREDITACC
2026-10-02,CROMPTON
2026-10-02,CYIENT
2026-10-02,DCMSHRIRAM
2026-10-02,DOMS
2026-10-02,DATAPATTNS
2026-10-02,DEEPAKFERT
2026-10-02,DEEPAKNTR
2026-10-02,DELHIVERY
2026-10-02,DEVYANI
2026-10-02,CUB
2026-10-02,LALPATHLAB
2026-10-02,EIHOTEL
2026-10-02,ELECON
2026-10-02,ELGIEQUIP
2026-10-02,EMAMILTD
2026-10-02,EMCURE
2026-10-02,EMMVEE
2026-10-02,ENGINERSIN
2026-10-02,ERIS
2026-10-02,FACT
2026-10-02,FINCABLES
2026-10-02,FSL
2026-10-02,FIVESTAR
2026-10-02,FORCEMOT
2026-10-02,EIDPARRY
2026-10-02,ECLERX
