Effective_Date,Symbol
2021-09-30,AGCNET
2021-09-30,AHLUCONT
2021-09-30,ANDHRAPAP
2021-09-30,APEX
2021-09-30,ASIANTILES
2021-09-30,CGPOWER
2021-09-30,EQUITASBNK
2021-09-30,FACT
2021-09-30,FIEMIND
2021-09-30,FEL
2021-09-30,CRAFTSMAN
2021-09-30,GOCLCORP
2021-09-30,GREENLAM
2021-09-30,GTLINFRA
2021-09-30,HIKAL
2021-09-30,HGS
2021-09-30,HONDAPOWER
2021-09-30,TAJGVK
2021-09-30,INDNIPPON
2021-09-30,KENNAMET
2021-09-30,KINGFA
2021-09-30,KITEX
2021-09-30,LUMAXIND
2021-09-30,MMFL
2021-09-30,MAJESCO
2021-09-30,MASTEK
2021-09-30,MIRZAINT
2021-09-30,OMAXE
2021-09-30,PNBGILTS
2021-09-30,PRAJIND
2021-09-30,SAFARI
2021-09-30,SIRCA
2021-09-30,SMLISUZU
2021-09-30,SPENCERS
2021-09-30,SUNDARMHLD
2021-09-30,JSWHL
2021-09-30,MUTHOOTCAP
2021-09-30,TATASTLLP
2021-09-30,HLEGLAS
2021-09-30,GDL
2021-09-30,ATFL
2021-09-30,ALLCARGO
2021-09-30,BANCOINDIA
2021-09-30,BFINVEST
2021-09-30,BLISSGVS
2021-09-30,BODALCHEM
2021-09-30,BORORENEW
2021-09-30,CAPACITE
2021-09-30,CLNINDIA
2021-09-30,DREDGECORP
2021-09-30,EASEMYTRIP
2021-09-30,EXCELINDUS
2021-09-30,FMGOETZE
2021-09-30,GMBREW
2021-09-30,GIPCL
2021-09-30,TTML
2021-09-30,TEXRAIL
2021-09-30,HUHTAMAKI
2021-09-30,ICRA
2021-09-30,ITDC
2021-09-30,INDIANHUME
2021-09-30,INSECTICID
2021-09-30,ITDCEM
2021-09-30,JKIL
2021-09-30,JAGRAN
2021-09-30,KIRLOSBROS
2021-09-30,LUMAXTECH
2021-09-30,MTNL
2021-09-30,NOVARTIND
2021-09-30,OAL
2021-09-30,OCCL
2021-09-30,PARAGMILK
2021-09-30,PCJEWELLER
2021-09-30,HNDFDS
2021-09-30,PRAKASH
2021-09-30,FLFL
2021-09-30,PFS
2021-09-30,SUNFLAG
2021-09-30,PSB
2021-09-30,HESTERBIO
2021-09-30,QUICKHEAL
2021-09-30,RAMCOSYS
2021-09-30,RTNINDIA
2021-09-30,SADBHAV
2021-09-30,SAREGAMA
2021-09-30,SATIA
2021-09-30,SESHAPAPER
2021-09-30,SHANKARA
2021-09-30,SHANTIGEAR
2021-09-30,SHARDAMOTR
2021-09-30,RENUKA
2021-09-30,SMSPHARMA
2021-09-30,TAKE
2021-09-30,SNOWMAN
2021-09-30,RANEHOLDIN
2021-09-30,TNPL
2021-09-30,VESUVIUS
2021-09-30,ASHIANA
2021-09-30,VINDHYATEL
2021-09-30,WHEELS
2021-09-30,WONDERLA
2021-09-30,GENUSPOWER
2021-09-30,ADFFOODS
2021-09-30,GREENPANEL
2021-09-30,GET&D
2021-09-30,CENTRUM
2021-09-30,CHEMCON
2021-09-30,DBCORP
2021-09-30,DEEPAKFERT
2021-09-30,FCONSUMER
2021-09-30,GEPIL
2021-09-30,TATAINVEST
2021-09-30,GTPL
2021-09-30,PTC
2021-09-30,IGARASHI
2021-09-30,JMCPROJECT
2021-09-30,JTEKTINDIA
2021-09-30,KSL
2021-09-30,MAHLIFE
2021-09-30,NIITLTD
2021-09-30,NUCLEUS
2021-09-30,OLECTRA
2021-09-30,PANACEABIO
2021-09-30,PILANIINVS
2021-09-30,DIAMONDYD
2021-09-30,PUNJABCHEM
2021-09-30,PURVA
2021-09-30,RSYSTEMS
2021-09-30,RAMCOIND
2021-09-30,RAYMOND
2021-09-30,REPCOHOME
2021-09-30,JBMA
2021-09-30,SANDHAR
2021-09-30,SASKEN
2021-09-30,SANGHIIND
2021-09-30,SOTL
2021-09-30,SHALBY
2021-09-30,SUBROS
2021-09-30,SWANENERGY
2021-09-30,SWARAJENG
2021-09-30,TEJASNET
2021-09-30,BLS
2021-09-30,TCI
2021-09-30,UNICHEMLAB
2021-09-30,SHOPERSTOP
2021-09-30,SUNCLAYLTD
2021-09-30,DFMFOODS
2021-09-30,AMRUTANJAN
2021-09-30,APARINDS
2021-09-30,PRIVISCL
2021-09-30,TVSSRICHAK
2021-09-30,ACCELYA
2021-09-30,POONAWALLA
2021-09-30,BAJAJHIND
2021-09-30,BFUTILITIE
2021-09-30,GULFOILLUB
2021-09-30,HIMATSEIDE
2021-09-30,IGPL
2021-09-30,IIFLSEC
2021-09-30,INDOSTAR
2021-09-30,JINDWORLD
2021-09-30,JCHAC
2021-09-30,JSWISPL
2021-09-30,MATRIMONY
2021-09-30,ORISSAMINE
2021-09-30,RPSGVENT
2021-09-30,SHK
2021-09-30,SEAMECLTD
2021-09-30,SURYODAY
2021-09-30,ASTEC
2021-09-30,ANDHRSUGAR
2021-09-30,FILATEX
2021-09-30,ACLGATI
2021-09-30,GPIL
2021-09-30,KCP
2021-09-30,KIRLFER
2021-09-30,MAHSCOOTER
2021-09-30,MOREPENLAB
2021-09-30,SAGCEM
2021-09-30,STOVEKRAFT
2021-09-30,TVTODAY
2021-09-30,USHAMART
2021-09-30,VSTIND
2021-09-30,FORCEMOT
2021-09-30,GOODYEAR
2021-09-30,TINPLATE
2021-09-30,TATAMETALI
2021-09-30,ACE
2021-09-30,HERANBA
2021-09-30,APCOTEXIND
2021-09-30,AUTOAXLES
2021-09-30,KIRLOSENG
2021-09-30,CHENNPETRO
2021-09-30,COSMOFIRST
2021-09-30,DOLLAR
2021-09-30,ESABINDIA
2021-09-30,GRSE
2021-09-30,DOLATALGO
2021-09-30,HBLPOWER
2021-09-30,HCG
2021-09-30,HIL
2021-09-30,HSCL
2021-09-30,INOXWIND
2021-09-30,J&KBANK
2021-09-30,JINDALPOLY
2021-09-30,KIRIINDUS
2021-09-30,MAHSEAMLES
2021-09-30,MAYURUNIQ
2021-09-30,CARYSIL
2021-09-30,MOLDTKPAC
2021-09-30,RKFORGE
2021-09-30,NEOGEN
2021-09-30,RUPA
2021-09-30,SIYSIL
2021-09-30,SOMANYCERA
2021-09-30,STYRENIX
2021-09-30,SUBEXLTD
2021-09-30,TITAGARH
2021-09-30,LGBBROSLTD
2021-09-30,ANANTRAJ
2021-09-30,CAMLINFINE
2021-09-30,CARERATING
2021-09-30,DALMIASUG
2021-09-30,IFCI
2021-09-30,JPASSOCIAT
2021-09-30,JPPOWER
2021-09-30,JYOTICNC
2021-09-30,BARBEQUE
2021-09-30,MASFIN
2021-09-30,GMDCLTD
2021-09-30,ELECTCAST
2021-09-30,HINDWAREAP
2021-09-30,NEWGEN
2021-09-30,PSPPROJECT
2021-09-30,RTNPOWER
2021-09-30,RPOWER
2021-09-30,TECHNOE
2021-09-30,VSTTILLERS
2021-09-30,VRLLOG
2021-09-30,ALIVUS
2021-09-30,BALMLAWRIE
2021-09-30,CONFIPET
2021-09-30,DCMSHRIRAM
2021-09-30,DEN
2021-09-30,DISHTV
2021-09-30,EVEREADY
2021-09-30,KOLTEPATIL
2021-09-30,HINDOILEXP
2021-09-30,LTFOODS
2021-09-30,AGI
2021-09-30,NAVNETEDUL
2021-09-30,NAVA
2021-09-30,NEULANDLAB
2021-09-30,NRBBEARING
2021-09-30,SARDAEN
2021-09-30,VEEDOL
2021-09-30,WSTCSTPAPR
2021-09-30,BEPL
2021-09-30,GEOJITFSL
2021-09-30,BOMDYEING
2021-09-30,GREENPLY
2021-09-30,JAICORPLTD
2021-09-30,PAISALO
2021-09-30,TIRUMALCHM
2021-09-30,ACUTAAS
2021-09-30,MAITHANALL
2021-09-30,BOSCH-HCIL
2021-09-30,SSWL
2021-09-30,DCAL
2021-09-30,LLOYDSENGG
2021-09-30,GANESHHOU
2021-09-30,LMW
2021-09-30,MANINFRA
2021-09-30,CIGNITITEC
2021-09-30,TIMETECHNO
2021-09-30,VOLTAMP
2021-09-30,ARVINDFASN
2021-09-30,ASTRAMICRO
2021-09-30,SOUTHBANK
2021-09-30,THOMASCOOK
2021-09-30,HGINFRA
2021-09-30,RELIGARE
2021-09-30,CEMPRO
2021-09-30,KTKBANK
2021-09-30,GABRIEL
2021-09-30,HERITGFOOD
2021-09-30,ARVIND
2021-09-30,BECTORFOOD
2021-09-30,MARKSANS
2021-09-30,TIPSMUSIC
2021-09-30,ORIENTCEM
2021-09-30,IMFA
2021-09-30,SURYAROSNI
2021-09-30,INDIAGLYCO
2021-09-30,HCC
2021-09-30,CCAVENUE
2021-09-30,MSTCLTD
2021-09-30,IIFLCAPS
2021-09-30,WELENT
2021-09-30,EMBDL
2021-09-30,TSFINV
2021-09-30,VIYASH
2021-09-30,WABAG
2021-09-30,HSIL
2021-10-29,EXCELINDUS
2021-10-29,EASEMYTRIP
2021-10-29,DREDGECORP
2021-10-29,CLNINDIA
2021-10-29,CAPACITE
2021-10-29,BLISSGVS
2021-10-29,BODALCHEM
2021-10-29,BFINVEST
2021-10-29,BANCOINDIA
2021-10-29,FMGOETZE
2021-10-29,ATFL
2021-10-29,BORORENEW
2021-10-29,ALLCARGO
2021-10-29,INDIANHUME
2021-10-29,GMBREW
2021-10-29,NOVARTIND
2021-10-29,MTNL
2021-10-29,GDL
2021-10-29,LUMAXTECH
2021-10-29,KIRLOSBROS
2021-10-29,JAGRAN
2021-10-29,ASHIANA
2021-10-29,JKIL
2021-10-29,INSECTICID
2021-10-29,ITDC
2021-10-29,ICRA
2021-10-29,HUHTAMAKI
2021-10-29,HLEGLAS
2021-10-29,HNDFDS
2021-10-29,ITDCEM
2021-10-29,OAL
2021-10-29,SHARDAMOTR
2021-10-29,PARAGMILK
2021-10-29,PNBGILTS
2021-10-29,GIPCL
2021-10-29,PRAKASH
2021-10-29,PRIVISCL
2021-10-29,PFS
2021-10-29,PSB
2021-10-29,QUICKHEAL
2021-10-29,RAMCOSYS
2021-10-29,RANEHOLDIN
2021-10-29,RTNINDIA
2021-10-29,SADBHAV
2021-10-29,SAREGAMA
2021-10-29,SATIA
2021-10-29,SESHAPAPER
2021-10-29,OCCL
2021-10-29,SHANKARA
2021-10-29,RENUKA
2021-10-29,SMSPHARMA
2021-10-29,SNOWMAN
2021-10-29,SUNFLAG
2021-10-29,TAKE
2021-10-29,TNPL
2021-10-29,TATAINVEST
2021-10-29,VESUVIUS
2021-10-29,VINDHYATEL
2021-10-29,WHEELS
2021-10-29,WONDERLA
2021-10-29,GENUSPOWER
2021-10-29,ADFFOODS
2021-10-29,PCJEWELLER
2021-10-29,SHANTIGEAR
2021-10-29,CENTRUM
2021-10-29,SUBROS
2021-10-29,DBCORP
2021-10-29,FCONSUMER
2021-10-29,GEPIL
2021-10-29,GET&D
2021-10-29,GREENPANEL
2021-10-29,GTPL
2021-10-29,HESTERBIO
2021-10-29,JBMA
2021-10-29,JMCPROJECT
2021-10-29,JTEKTINDIA
2021-10-29,KSL
2021-10-29,MAHLIFE
2021-10-29,NIITLTD
2021-10-29,IGARASHI
2021-10-29,OLECTRA
2021-10-29,SASKEN
2021-10-29,NUCLEUS
2021-10-29,SANGHIIND
2021-10-29,SANDHAR
2021-10-29,REPCOHOME
2021-10-29,RAYMOND
2021-10-29,RSYSTEMS
2021-10-29,RAMCOIND
2021-10-29,PURVA
2021-10-29,PUNJABCHEM
2021-10-29,DIAMONDYD
2021-10-29,PILANIINVS
2021-10-29,PANACEABIO
2021-10-29,SOTL
2021-10-29,FILATEX
2021-10-29,DEEPAKFERT
2021-10-29,SHALBY
2021-10-29,IGPL
2021-10-29,SWANENERGY
2021-10-29,TEJASNET
2021-10-29,TCI
2021-10-29,TVSSRICHAK
2021-10-29,UNICHEMLAB
2021-10-29,SHOPERSTOP
2021-10-29,PTC
2021-10-29,DFMFOODS
2021-10-29,AMRUTANJAN
2021-10-29,APARINDS
2021-10-29,BLS
2021-10-29,CRAFTSMAN
2021-10-29,DOLATALGO
2021-10-29,GEOJITFSL
2021-10-29,SWARAJENG
2021-10-29,GPIL
2021-10-29,GULFOILLUB
2021-10-29,INDOSTAR
2021-10-29,JINDWORLD
2021-10-29,JCHAC
2021-10-29,JSWISPL
2021-10-29,MATRIMONY
2021-10-29,ORISSAMINE
2021-10-29,RPSGVENT
2021-10-29,SHK
2021-10-29,SEAMECLTD
2021-10-29,SURYODAY
2021-10-29,ANDHRSUGAR
2021-10-29,BFUTILITIE
2021-10-29,CHEMCON
2021-10-29,HIMATSEIDE
2021-10-29,IIFLSEC
2021-10-29,KOLTEPATIL
2021-10-29,SUNCLAYLTD
2021-10-29,BAJAJHIND
2021-10-29,VRLLOG
2021-10-29,MAHSCOOTER
2021-10-29,MOREPENLAB
2021-10-29,SAGCEM
2021-10-29,STOVEKRAFT
2021-10-29,TVTODAY
2021-10-29,USHAMART
2021-10-29,VSTIND
2021-10-29,FORCEMOT
2021-10-29,GOODYEAR
2021-10-29,TINPLATE
2021-10-29,TATAMETALI
2021-10-29,ACE
2021-10-29,KIRIINDUS
2021-10-29,ACLGATI
2021-10-29,AUTOAXLES
2021-10-29,CARYSIL
2021-10-29,CHENNPETRO
2021-10-29,COSMOFIRST
2021-10-29,DOLLAR
2021-10-29,ESABINDIA
2021-10-29,GRSE
2021-10-29,GMDCLTD
2021-10-29,HBLPOWER
2021-10-29,HCG
2021-10-29,HIL
2021-10-29,HSCL
2021-10-29,INOXWIND
2021-10-29,J&KBANK
2021-10-29,KIRLFER
2021-10-29,JINDALPOLY
2021-10-29,ASTEC
2021-10-29,MAHSEAMLES
2021-10-29,BARBEQUE
2021-10-29,ANANTRAJ
2021-10-29,ACCELYA
2021-10-29,TITAGARH
2021-10-29,SUBEXLTD
2021-10-29,SIYSIL
2021-10-29,SOMANYCERA
2021-10-29,RUPA
2021-10-29,RKFORGE
2021-10-29,CAMLINFINE
2021-10-29,MOLDTKPAC
2021-10-29,STYRENIX
2021-10-29,NEOGEN
2021-10-29,LGBBROSLTD
2021-10-29,APCOTEXIND
2021-10-29,DALMIASUG
2021-10-29,TECHNOE
2021-10-29,MAYURUNIQ
2021-10-29,RPOWER
2021-10-29,RTNPOWER
2021-10-29,PSPPROJECT
2021-10-29,CARERATING
2021-10-29,NEWGEN
2021-10-29,MASFIN
2021-10-29,KIRLOSENG
2021-10-29,JYOTICNC
2021-10-29,JPPOWER
2021-10-29,JPASSOCIAT
2021-10-29,IFCI
2021-10-29,NAVNETEDUL
2021-10-29,VSTTILLERS
2021-10-29,ALIVUS
2021-10-29,HERANBA
2021-10-29,CONFIPET
2021-10-29,DCMSHRIRAM
2021-10-29,DEN
2021-10-29,DISHTV
2021-10-29,EVEREADY
2021-10-29,HINDOILEXP
2021-10-29,HINDWAREAP
2021-10-29,LTFOODS
2021-10-29,MAITHANALL
2021-10-29,NAVA
2021-10-29,NEULANDLAB
2021-10-29,NRBBEARING
2021-10-29,SARDAEN
2021-10-29,SSWL
2021-10-29,VEEDOL
2021-10-29,LMW
2021-10-29,BALMLAWRIE
2021-10-29,BOMDYEING
2021-10-29,GREENPLY
2021-10-29,JAICORPLTD
2021-10-29,PAISALO
2021-10-29,TIRUMALCHM
2021-10-29,ACUTAAS
2021-10-29,AGI
2021-10-29,BOSCH-HCIL
2021-10-29,CEMPRO
2021-10-29,DCAL
2021-10-29,GABRIEL
2021-10-29,GANESHHOU
2021-10-29,ISGEC
2021-10-29,VOLTAMP
2021-10-29,WSTCSTPAPR
2021-10-29,MANINFRA
2021-10-29,BEPL
2021-10-29,TIMETECHNO
2021-10-29,ARVINDFASN
2021-10-29,CIGNITITEC
2021-10-29,ASTRAMICRO
2021-10-29,SOUTHBANK
2021-10-29,THOMASCOOK
2021-10-29,ARVIND
2021-10-29,HGINFRA
2021-10-29,RELIGARE
2021-10-29,ELECTCAST
2021-10-29,LLOYDSENGG
2021-10-29,HERITGFOOD
2021-10-29,MSTCLTD
2021-10-29,MARKSANS
2021-10-29,CCAVENUE
2021-10-29,KTKBANK
2021-10-29,ORIENTCEM
2021-10-29,BECTORFOOD
2021-10-29,TIPSMUSIC
2021-10-29,HSIL
2021-10-29,VIYASH
2021-10-29,TSFINV
2021-10-29,EMBDL
2021-10-29,IIFLCAPS
2021-10-29,WELENT
2021-10-29,WABAG
2021-10-29,HCC
2021-10-29,INDIAGLYCO
2021-10-29,SURYAROSNI
2021-10-29,IMFA
2021-10-29,KCP
2022-03-31,BANCOINDIA
2022-03-31,BORORENEW
2022-03-31,BFINVEST
2022-03-31,BLISSGVS
2022-03-31,ATFL
2022-03-31,BODALCHEM
2022-03-31,ALLCARGO
2022-03-31,FMGOETZE
2022-03-31,HLEGLAS
2022-03-31,DREDGECORP
2022-03-31,EASEMYTRIP
2022-03-31,EXCELINDUS
2022-03-31,GMBREW
2022-03-31,CAPACITE
2022-03-31,STOVEKRAFT
2022-03-31,CLNINDIA
2022-03-31,HUHTAMAKI
2022-03-31,JAGRAN
2022-03-31,ITDC
2022-03-31,HNDFDS
2022-03-31,INDIANHUME
2022-03-31,INSECTICID
2022-03-31,ITDCEM
2022-03-31,JKIL
2022-03-31,KIRLOSBROS
2022-03-31,LUMAXTECH
2022-03-31,MTNL
2022-03-31,NOVARTIND
2022-03-31,OAL
2022-03-31,OCCL
2022-03-31,PARAGMILK
2022-03-31,PCJEWELLER
2022-03-31,PNBGILTS
2022-03-31,PRAKASH
2022-03-31,PRIVISCL
2022-03-31,PFS
2022-03-31,ICRA
2022-03-31,PSB
2022-03-31,VINDHYATEL
2022-03-31,RAMCOSYS
2022-03-31,RTNINDIA
2022-03-31,SADBHAV
2022-03-31,SAREGAMA
2022-03-31,SATIA
2022-03-31,SESHAPAPER
2022-03-31,SHANKARA
2022-03-31,SHANTIGEAR
2022-03-31,SHARDAMOTR
2022-03-31,RENUKA
2022-03-31,SMSPHARMA
2022-03-31,SNOWMAN
2022-03-31,SUNFLAG
2022-03-31,TAKE
2022-03-31,TNPL
2022-03-31,TATAINVEST
2022-03-31,VESUVIUS
2022-03-31,JBMA
2022-03-31,RANEHOLDIN
2022-03-31,WHEELS
2022-03-31,GENUSPOWER
2022-03-31,DODLA
2022-03-31,ADFFOODS
2022-03-31,ASHIANA
2022-03-31,BHARATRAS
2022-03-31,CENTRUM
2022-03-31,CHEMCON
2022-03-31,DBCORP
2022-03-31,DEEPAKFERT
2022-03-31,FCONSUMER
2022-03-31,WONDERLA
2022-03-31,GEPIL
2022-03-31,GET&D
2022-03-31,GREENLAM
2022-03-31,GREENPANEL
2022-03-31,GTPL
2022-03-31,HESTERBIO
2022-03-31,IGARASHI
2022-03-31,QUICKHEAL
2022-03-31,JMCPROJECT
2022-03-31,FAIRCHEMOR
2022-03-31,KSL
2022-03-31,DIAMONDYD
2022-03-31,MAHLIFE
2022-03-31,BLS
2022-03-31,NIITLTD
2022-03-31,NILKAMAL
2022-03-31,NUCLEUS
2022-03-31,PANACEABIO
2022-03-31,SOTL
2022-03-31,PILANIINVS
2022-03-31,SASKEN
2022-03-31,PURVA
2022-03-31,RSYSTEMS
2022-03-31,RAMCOIND
2022-03-31,RAYMOND
2022-03-31,REPCOHOME
2022-03-31,SANDHAR
2022-03-31,PUNJABCHEM
2022-03-31,OLECTRA
2022-03-31,SHARDACROP
2022-03-31,SHALBY
2022-03-31,STARCEMENT
2022-03-31,SHOPERSTOP
2022-03-31,SUBROS
2022-03-31,SWANENERGY
2022-03-31,SWARAJENG
2022-03-31,TEJASNET
2022-03-31,TCI
2022-03-31,TVSSRICHAK
2022-03-31,UNICHEMLAB
2022-03-31,DFMFOODS
2022-03-31,FRETAIL
2022-03-31,PTC
2022-03-31,LEMONTREE
2022-03-31,SUNCLAYLTD
2022-03-31,ALEMBICLTD
2022-03-31,MOREPENLAB
2022-03-31,AMRUTANJAN
2022-03-31,SANGHIIND
2022-03-31,GIPCL
2022-03-31,APARINDS
2022-03-31,CRAFTSMAN
2022-03-31,DHANUKA
2022-03-31,DOLATALGO
2022-03-31,GEOJITFSL
2022-03-31,GULFOILLUB
2022-03-31,HIMATSEIDE
2022-03-31,IGPL
2022-03-31,IIFLSEC
2022-03-31,INDOSTAR
2022-03-31,INGERRAND
2022-03-31,JINDWORLD
2022-03-31,JCHAC
2022-03-31,JSWISPL
2022-03-31,KENNAMET
2022-03-31,KSB
2022-03-31,MATRIMONY
2022-03-31,MFL
2022-03-31,ORISSAMINE
2022-03-31,RESPONIND
2022-03-31,RPSGVENT
2022-03-31,SHK
2022-03-31,DATAPATTNS
2022-03-31,SEAMECLTD
2022-03-31,SURYODAY
2022-03-31,TASTYBITE
2022-03-31,BESTAGRO
2022-03-31,ANDHRSUGAR
2022-03-31,BFUTILITIE
2022-03-31,FILATEX
2022-03-31,GPIL
2022-03-31,HERANBA
2022-03-31,IPL
2022-03-31,JINDALSAW
2022-03-31,KCP
2022-03-31,KIRLFER
2022-03-31,MAHSCOOTER
2022-03-31,MINDACORP
2022-03-31,JTEKTINDIA
2022-03-31,GTLINFRA
2022-03-31,AHLUCONT
2022-03-31,BECTORFOOD
2022-03-31,THOMASCOOK
2022-03-31,DCMSHRIRAM
2022-03-31,UJJIVANSFB
2022-03-31,USHAMART
2022-03-31,VALIANTORG
2022-03-31,VSTIND
2022-03-31,FORCEMOT
2022-03-31,GOODYEAR
2022-03-31,COSMOFIRST
2022-03-31,TINPLATE
2022-03-31,CHENNPETRO
2022-03-31,ACLGATI
2022-03-31,ANANDRATHI
2022-03-31,APCOTEXIND
2022-03-31,APOLLOPIPE
2022-03-31,ASTEC
2022-03-31,AUTOAXLES
2022-03-31,ACE
2022-03-31,CARYSIL
2022-03-31,DOLLAR
2022-03-31,RKFORGE
2022-03-31,FINOPB
2022-03-31,GRSE
2022-03-31,GMDCLTD
2022-03-31,HBLPOWER
2022-03-31,HCG
2022-03-31,HIL
2022-03-31,HSCL
2022-03-31,ESABINDIA
2022-03-31,INOXWIND
2022-03-31,JINDALPOLY
2022-03-31,KIRIINDUS
2022-03-31,MAHSEAMLES
2022-03-31,MAYURUNIQ
2022-03-31,MOL
2022-03-31,MOLDTKPAC
2022-03-31,NEOGEN
2022-03-31,J&KBANK
2022-03-31,ROLEXRINGS
2022-03-31,TATAMETALI
2022-03-31,SCHNEIDER
2022-03-31,BARBEQUE
2022-03-31,SAGCEM
2022-03-31,JPPOWER
2022-03-31,STYRENIX
2022-03-31,TATVA
2022-03-31,TITAGARH
2022-03-31,ACCELYA
2022-03-31,JKTYRE
2022-03-31,ANANTRAJ
2022-03-31,IOLCP
2022-03-31,CARERATING
2022-03-31,JPASSOCIAT
2022-03-31,DALMIASUG
2022-03-31,GLOBUSSPR
2022-03-31,CAMLINFINE
2022-03-31,IFCI
2022-03-31,SUBEXLTD
2022-03-31,VRLLOG
2022-03-31,KIRLOSENG
2022-03-31,SIYSIL
2022-03-31,JYOTICNC
2022-03-31,KRSNAA
2022-03-31,LAOPALA
2022-03-31,LGBBROSLTD
2022-03-31,MASFIN
2022-03-31,NAVNETEDUL
2022-03-31,NEWGEN
2022-03-31,PSPPROJECT
2022-03-31,RTNPOWER
2022-03-31,RPOWER
2022-03-31,TARSONS
2022-03-31,TECHNOE
2022-03-31,VSTTILLERS
2022-03-31,ALIVUS
2022-03-31,BAJAJCON
2022-03-31,BALMLAWRIE
2022-03-31,CONFIPET
2022-03-31,RUPA
2022-03-31,DEN
2022-03-31,SOMANYCERA
2022-03-31,EVEREADY
2022-03-31,HINDOILEXP
2022-03-31,HINDWAREAP
2022-03-31,KOLTEPATIL
2022-03-31,LTFOODS
2022-03-31,MAITHANALL
2022-03-31,NAVA
2022-03-31,NEULANDLAB
2022-03-31,NRBBEARING
2022-03-31,SARDAEN
2022-03-31,SSWL
2022-03-31,VEEDOL
2022-03-31,WSTCSTPAPR
2022-03-31,BAJAJHIND
2022-03-31,BEPL
2022-03-31,BOMDYEING
2022-03-31,GREENPLY
2022-03-31,HEIDELBERG
2022-03-31,JAICORPLTD
2022-03-31,PAISALO
2022-03-31,SPANDANA
2022-03-31,LMW
2022-03-31,TIRUMALCHM
2022-03-31,ACUTAAS
2022-03-31,AGI
2022-03-31,BOSCH-HCIL
2022-03-31,CARTRADE
2022-03-31,CEMPRO
2022-03-31,DCAL
2022-03-31,GANESHHOU
2022-03-31,ISGEC
2022-03-31,MANINFRA
2022-03-31,TEGA
2022-03-31,CIGNITITEC
2022-03-31,TIMETECHNO
2022-03-31,VOLTAMP
2022-03-31,ARVINDFASN
2022-03-31,ASTRAMICRO
2022-03-31,SOUTHBANK
2022-03-31,ARVIND
2022-03-31,GABRIEL
2022-03-31,HGINFRA
2022-03-31,RELIGARE
2022-03-31,KTKBANK
2022-03-31,ELECTCAST
2022-03-31,LLOYDSENGG
2022-03-31,HERITGFOOD
2022-03-31,MSTCLTD
2022-03-31,MARKSANS
2022-03-31,CCAVENUE
2022-03-31,TIPSMUSIC
2022-03-31,ORIENTCEM
2022-03-31,IMFA
2022-03-31,INDIAGLYCO
2022-03-31,HCC
2022-03-31,WABAG
2022-03-31,DISHTV
2022-03-31,IIFLCAPS
2022-03-31,WELENT
2022-03-31,EMBDL
2022-03-31,SURYAROSNI
2022-03-31,VIYASH
2022-03-31,TSFINV
2022-03-31,HSIL
2022-03-31,AMIORG
2022-03-31,TVTODAY
2022-03-31,CGCL
2022-03-31,CMSINFO
2022-03-31,DCBBANK
2022-03-31,GREAVESCOT
2022-03-31,ASHOKA
2022-03-31,MIDHANI
2022-03-31,NFL
2022-03-31,OPTIEMUS
2022-03-31,PARAS
2022-03-31,RATEGAIN
2022-03-31,SANSERA
2022-03-31,SHAREINDIA
2022-03-31,KSCL
2022-03-31,SUPRIYA
2022-04-07,GENUSPOWER
2022-04-07,GREENPANEL
2022-04-07,GREENLAM
2022-04-07,GET&D
2022-04-07,GEPIL
2022-04-07,FCONSUMER
2022-04-07,CENTRUM
2022-04-07,DBCORP
2022-04-07,CHEMCON
2022-04-07,BHARATRAS
2022-04-07,ASHIANA
2022-04-07,ADFFOODS
2022-04-07,DODLA
2022-04-07,GTPL
2022-04-07,NIITLTD
2022-04-07,IGARASHI
2022-04-07,JBMA
2022-04-07,JMCPROJECT
2022-04-07,JTEKTINDIA
2022-04-07,KSL
2022-04-07,MAHLIFE
2022-04-07,NILKAMAL
2022-04-07,NUCLEUS
2022-04-07,OLECTRA
2022-04-07,PANACEABIO
2022-04-07,PILANIINVS
2022-04-07,DIAMONDYD
2022-04-07,PUNJABCHEM
2022-04-07,PURVA
2022-04-07,HESTERBIO
2022-04-07,RSYSTEMS
2022-04-07,TVSSRICHAK
2022-04-07,RAMCOIND
2022-04-07,GEOJITFSL
2022-04-07,REPCOHOME
2022-04-07,SANDHAR
2022-04-07,SANGHIIND
2022-04-07,SASKEN
2022-04-07,SOTL
2022-04-07,SHALBY
2022-04-07,SHARDACROP
2022-04-07,STARCEMENT
2022-04-07,SUBROS
2022-04-07,SWANENERGY
2022-04-07,SWARAJENG
2022-04-07,TEJASNET
2022-04-07,TCI
2022-04-07,UNICHEMLAB
2022-04-07,SHOPERSTOP
2022-04-07,FRETAIL
2022-04-07,PTC
2022-04-07,LEMONTREE
2022-04-07,SUNCLAYLTD
2022-04-07,DFMFOODS
2022-04-07,AHLUCONT
2022-04-07,ALEMBICLTD
2022-04-07,AMRUTANJAN
2022-04-07,APARINDS
2022-04-07,BLS
2022-04-07,CRAFTSMAN
2022-04-07,DATAPATTNS
2022-04-07,DHANUKA
2022-04-07,DOLATALGO
2022-04-07,RAYMOND
2022-04-07,JINDWORLD
2022-04-07,MOREPENLAB
2022-04-07,IIFLSEC
2022-04-07,INDOSTAR
2022-04-07,INGERRAND
2022-04-07,JCHAC
2022-04-07,JSWISPL
2022-04-07,KENNAMET
2022-04-07,KIRLFER
2022-04-07,MATRIMONY
2022-04-07,MFL
2022-04-07,ORISSAMINE
2022-04-07,RPSGVENT
2022-04-07,SHK
2022-04-07,RESPONIND
2022-04-07,SURYODAY
2022-04-07,KCP
2022-04-07,JINDALSAW
2022-04-07,IPL
2022-04-07,HERANBA
2022-04-07,SEAMECLTD
2022-04-07,GPIL
2022-04-07,FILATEX
2022-04-07,GTLINFRA
2022-04-07,FAIRCHEMOR
2022-04-07,BFUTILITIE
2022-04-07,ANDHRSUGAR
2022-04-07,BESTAGRO
2022-04-07,TASTYBITE
2022-04-07,INOXWIND
2022-04-07,HSCL
2022-04-07,IGPL
2022-04-07,KSB
2022-04-07,HIL
2022-04-07,MAHSCOOTER
2022-04-07,SAGCEM
2022-04-07,STOVEKRAFT
2022-04-07,TVTODAY
2022-04-07,UJJIVANSFB
2022-04-07,USHAMART
2022-04-07,VALIANTORG
2022-04-07,VSTIND
2022-04-07,FORCEMOT
2022-04-07,GOODYEAR
2022-04-07,TINPLATE
2022-04-07,TATAMETALI
2022-04-07,ACE
2022-04-07,ACLGATI
2022-04-07,MINDACORP
2022-04-07,HIMATSEIDE
2022-04-07,ANANDRATHI
2022-04-07,ASTEC
2022-04-07,AUTOAXLES
2022-04-07,CARYSIL
2022-04-07,CHENNPETRO
2022-04-07,COSMOFIRST
2022-04-07,DOLLAR
2022-04-07,ESABINDIA
2022-04-07,FINOPB
2022-04-07,GRSE
2022-04-07,GMDCLTD
2022-04-07,HBLPOWER
2022-04-07,HCG
2022-04-07,GULFOILLUB
2022-04-07,APCOTEXIND
2022-04-07,APOLLOPIPE
2022-04-07,TECHNOE
2022-04-07,DEEPAKFERT
2022-04-07,LMW
2022-04-07,KIRIINDUS
2022-04-07,MAHSEAMLES
2022-04-07,MAYURUNIQ
2022-04-07,MOL
2022-04-07,MOLDTKPAC
2022-04-07,NEOGEN
2022-04-07,RKFORGE
2022-04-07,ROLEXRINGS
2022-04-07,RUPA
2022-04-07,SCHNEIDER
2022-04-07,SIYSIL
2022-04-07,SOMANYCERA
2022-04-07,STYRENIX
2022-04-07,TATVA
2022-04-07,TITAGARH
2022-04-07,ACCELYA
2022-04-07,ANANTRAJ
2022-04-07,BARBEQUE
2022-04-07,CAMLINFINE
2022-04-07,CARERATING
2022-04-07,DALMIASUG
2022-04-07,GLOBUSSPR
2022-04-07,IFCI
2022-04-07,IOLCP
2022-04-07,JPASSOCIAT
2022-04-07,JPPOWER
2022-04-07,JKTYRE
2022-04-07,JYOTICNC
2022-04-07,KRSNAA
2022-04-07,KIRLOSENG
2022-04-07,BEPL
2022-04-07,SUBEXLTD
2022-04-07,DEN
2022-04-07,MASFIN
2022-04-07,CONFIPET
2022-04-07,BALMLAWRIE
2022-04-07,BAJAJCON
2022-04-07,ALIVUS
2022-04-07,VRLLOG
2022-04-07,RTNPOWER
2022-04-07,TARSONS
2022-04-07,RPOWER
2022-04-07,PSPPROJECT
2022-04-07,NEWGEN
2022-04-07,NAVNETEDUL
2022-04-07,VSTTILLERS
2022-04-07,DCMSHRIRAM
2022-04-07,MAITHANALL
2022-04-07,DISHTV
2022-04-07,EVEREADY
2022-04-07,HINDOILEXP
2022-04-07,HINDWAREAP
2022-04-07,KOLTEPATIL
2022-04-07,LTFOODS
2022-04-07,NAVA
2022-04-07,NEULANDLAB
2022-04-07,NRBBEARING
2022-04-07,SARDAEN
2022-04-07,SSWL
2022-04-07,VEEDOL
2022-04-07,LGBBROSLTD
2022-04-07,WSTCSTPAPR
2022-04-07,LAOPALA
2022-04-07,IMFA
2022-04-07,BAJAJHIND
2022-04-07,CCAVENUE
2022-04-07,HEIDELBERG
2022-04-07,JAICORPLTD
2022-04-07,PAISALO
2022-04-07,SPANDANA
2022-04-07,TIRUMALCHM
2022-04-07,ACUTAAS
2022-04-07,AGI
2022-04-07,BOSCH-HCIL
2022-04-07,CARTRADE
2022-04-07,CEMPRO
2022-04-07,DCAL
2022-04-07,GABRIEL
2022-04-07,GANESHHOU
2022-04-07,ISGEC
2022-04-07,LLOYDSENGG
2022-04-07,BOMDYEING
2022-04-07,MANINFRA
2022-04-07,TEGA
2022-04-07,CIGNITITEC
2022-04-07,TIMETECHNO
2022-04-07,VOLTAMP
2022-04-07,ARVINDFASN
2022-04-07,ASTRAMICRO
2022-04-07,SOUTHBANK
2022-04-07,THOMASCOOK
2022-04-07,ARVIND
2022-04-07,HGINFRA
2022-04-07,RELIGARE
2022-04-07,KTKBANK
2022-04-07,GREENPLY
2022-04-07,JISLJALEQS
2022-04-07,HERITGFOOD
2022-04-07,ELECTCAST
2022-04-07,EMBDL
2022-04-07,TIPSMUSIC
2022-04-07,ORIENTCEM
2022-04-07,SURYAROSNI
2022-04-07,INDIAGLYCO
2022-04-07,HCC
2022-04-07,WABAG
2022-04-07,IIFLCAPS
2022-04-07,WELENT
2022-04-07,MSTCLTD
2022-04-07,TSFINV
2022-04-07,VIYASH
2022-04-07,BECTORFOOD
2022-04-07,ASHOKA
2022-04-07,CGCL
2022-04-07,AMIORG
2022-04-07,DCBBANK
2022-04-07,MARKSANS
2022-04-07,JINDALPOLY
2022-04-07,SUPRIYA
2022-04-07,SHAREINDIA
2022-04-07,CMSINFO
2022-04-07,RATEGAIN
2022-04-07,PARAS
2022-04-07,SANSERA
2022-04-07,OPTIEMUS
2022-04-07,NFL
2022-04-07,MIDHANI
2022-04-07,KSCL
2022-04-07,GREAVESCOT
2022-04-07,J&KBANK
2022-04-12,GET&D
2022-04-12,GEOJITFSL
2022-04-12,GTPL
2022-04-12,GREENPANEL
2022-04-12,GREENLAM
2022-04-12,GEPIL
2022-04-12,GULFOILLUB
2022-04-12,DODLA
2022-04-12,DEEPAKFERT
2022-04-12,DBCORP
2022-04-12,CHEMCON
2022-04-12,CENTRUM
2022-04-12,BHARATRAS
2022-04-12,FCONSUMER
2022-04-12,HESTERBIO
2022-04-12,IGARASHI
2022-04-12,JMCPROJECT
2022-04-12,JTEKTINDIA
2022-04-12,KSL
2022-04-12,MAHLIFE
2022-04-12,NIITLTD
2022-04-12,NILKAMAL
2022-04-12,NUCLEUS
2022-04-12,OLECTRA
2022-04-12,PANACEABIO
2022-04-12,PILANIINVS
2022-04-12,DIAMONDYD
2022-04-12,PUNJABCHEM
2022-04-12,PURVA
2022-04-12,ASHIANA
2022-04-12,JBMA
2022-04-12,ADFFOODS
2022-04-12,LEMONTREE
2022-04-12,RAMCOIND
2022-04-12,SANGHIIND
2022-04-12,SASKEN
2022-04-12,SOTL
2022-04-12,SHALBY
2022-04-12,SHARDACROP
2022-04-12,STARCEMENT
2022-04-12,SUBROS
2022-04-12,SWANENERGY
2022-04-12,SWARAJENG
2022-04-12,TEJASNET
2022-04-12,TCI
2022-04-12,TVSSRICHAK
2022-04-12,UNICHEMLAB
2022-04-12,SHOPERSTOP
2022-04-12,FRETAIL
2022-04-12,PTC
2022-04-12,SUNCLAYLTD
2022-04-12,DFMFOODS
2022-04-12,AHLUCONT
2022-04-12,ALEMBICLTD
2022-04-12,AMRUTANJAN
2022-04-12,APARINDS
2022-04-12,BLS
2022-04-12,CRAFTSMAN
2022-04-12,DATAPATTNS
2022-04-12,DHANUKA
2022-04-12,DOLATALGO
2022-04-12,REPCOHOME
2022-04-12,RAYMOND
2022-04-12,RSYSTEMS
2022-04-12,GENUSPOWER
2022-04-12,FILATEX
2022-04-12,STOVEKRAFT
2022-04-12,INGERRAND
2022-04-12,JINDWORLD
2022-04-12,JCHAC
2022-04-12,JSWISPL
2022-04-12,KENNAMET
2022-04-12,KSB
2022-04-12,MATRIMONY
2022-04-12,ORISSAMINE
2022-04-12,RESPONIND
2022-04-12,RPSGVENT
2022-04-12,SHK
2022-04-12,SEAMECLTD
2022-04-12,SURYODAY
2022-04-12,MFL
2022-04-12,IIFLSEC
2022-04-12,TASTYBITE
2022-04-12,KCP
2022-04-12,JINDALSAW
2022-04-12,IPL
2022-04-12,HERANBA
2022-04-12,GTLINFRA
2022-04-12,GPIL
2022-04-12,KIRLFER
2022-04-12,FAIRCHEMOR
2022-04-12,BFUTILITIE
2022-04-12,ANDHRSUGAR
2022-04-12,AKZOINDIA
2022-04-12,BESTAGRO
2022-04-12,SANDHAR
2022-04-12,INDOSTAR
2022-04-12,MINDACORP
2022-04-12,MAHSCOOTER
2022-04-12,ANANDRATHI
2022-04-12,TVTODAY
2022-04-12,UJJIVANSFB
2022-04-12,USHAMART
2022-04-12,VALIANTORG
2022-04-12,VSTIND
2022-04-12,FORCEMOT
2022-04-12,GOODYEAR
2022-04-12,TINPLATE
2022-04-12,TATAMETALI
2022-04-12,ACE
2022-04-12,ACLGATI
2022-04-12,APCOTEXIND
2022-04-12,APOLLOPIPE
2022-04-12,ASTEC
2022-04-12,IGPL
2022-04-12,AUTOAXLES
2022-04-12,CHENNPETRO
2022-04-12,COSMOFIRST
2022-04-12,DOLLAR
2022-04-12,ESABINDIA
2022-04-12,FINOPB
2022-04-12,GRSE
2022-04-12,GMDCLTD
2022-04-12,HBLPOWER
2022-04-12,HCG
2022-04-12,HIL
2022-04-12,HSCL
2022-04-12,HIMATSEIDE
2022-04-12,SAGCEM
2022-04-12,MOREPENLAB
2022-04-12,CARYSIL
2022-04-12,INOXWIND
2022-04-12,J&KBANK
2022-04-12,JINDALPOLY
2022-04-12,MAYURUNIQ
2022-04-12,MOL
2022-04-12,MOLDTKPAC
2022-04-12,NEOGEN
2022-04-12,RKFORGE
2022-04-12,ROLEXRINGS
2022-04-12,RUPA
2022-04-12,SCHNEIDER
2022-04-12,SIYSIL
2022-04-12,SOMANYCERA
2022-04-12,STYRENIX
2022-04-12,SUBEXLTD
2022-04-12,TATVA
2022-04-12,TITAGARH
2022-04-12,ACCELYA
2022-04-12,BARBEQUE
2022-04-12,CAMLINFINE
2022-04-12,CARERATING
2022-04-12,DALMIASUG
2022-04-12,GLOBUSSPR
2022-04-12,IFCI
2022-04-12,IOLCP
2022-04-12,JPASSOCIAT
2022-04-12,JPPOWER
2022-04-12,JKTYRE
2022-04-12,JYOTICNC
2022-04-12,KIRLOSENG
2022-04-12,KRSNAA
2022-04-12,LGBBROSLTD
2022-04-12,MAHSEAMLES
2022-04-12,LAOPALA
2022-04-12,ANANTRAJ
2022-04-12,MASFIN
2022-04-12,DCMSHRIRAM
2022-04-12,CONFIPET
2022-04-12,BALMLAWRIE
2022-04-12,BAJAJCON
2022-04-12,VRLLOG
2022-04-12,BEPL
2022-04-12,TECHNOE
2022-04-12,TARSONS
2022-04-12,RPOWER
2022-04-12,RTNPOWER
2022-04-12,PSPPROJECT
2022-04-12,NEWGEN
2022-04-12,VSTTILLERS
2022-04-12,DEN
2022-04-12,BOMDYEING
2022-04-12,BAJAJHIND
2022-04-12,HINDOILEXP
2022-04-12,HINDWAREAP
2022-04-12,KOLTEPATIL
2022-04-12,LTFOODS
2022-04-12,MAITHANALL
2022-04-12,NAVA
2022-04-12,NEULANDLAB
2022-04-12,NRBBEARING
2022-04-12,SARDAEN
2022-04-12,SSWL
2022-04-12,VEEDOL
2022-04-12,WSTCSTPAPR
2022-04-12,NAVNETEDUL
2022-04-12,DISHTV
2022-04-12,EVEREADY
2022-04-12,IONEXCHANG
2022-04-12,ALIVUS
2022-04-12,TIPSMUSIC
2022-04-12,SPANDANA
2022-04-12,TIRUMALCHM
2022-04-12,ACUTAAS
2022-04-12,AGI
2022-04-12,BOSCH-HCIL
2022-04-12,CARTRADE
2022-04-12,CEMPRO
2022-04-12,DCAL
2022-04-12,GABRIEL
2022-04-12,GANESHHOU
2022-04-12,ISGEC
2022-04-12,JISLJALEQS
2022-04-12,LMW
2022-04-12,TEGA
2022-04-12,CIGNITITEC
2022-04-12,TIMETECHNO
2022-04-12,VOLTAMP
2022-04-12,ARVINDFASN
2022-04-12,ASTRAMICRO
2022-04-12,SOUTHBANK
2022-04-12,THOMASCOOK
2022-04-12,ARVIND
2022-04-12,HGINFRA
2022-04-12,RELIGARE
2022-04-12,KTKBANK
2022-04-12,ELECTCAST
2022-04-12,LLOYDSENGG
2022-04-12,MANINFRA
2022-04-12,HEIDELBERG
2022-04-12,PAISALO
2022-04-12,JAICORPLTD
2022-04-12,GREENPLY
2022-04-12,MSTCLTD
2022-04-12,HERITGFOOD
2022-04-12,IMFA
2022-04-12,SURYAROSNI
2022-04-12,INDIAGLYCO
2022-04-12,HCC
2022-04-12,WABAG
2022-04-12,IIFLCAPS
2022-04-12,WELENT
2022-04-12,EMBDL
2022-04-12,VIYASH
2022-04-12,BECTORFOOD
2022-04-12,AMIORG
2022-04-12,ASHOKA
2022-04-12,CGCL
2022-04-12,CMSINFO
2022-04-12,TSFINV
2022-04-12,ORIENTCEM
2022-04-12,DCBBANK
2022-04-12,CCAVENUE
2022-04-12,KIRIINDUS
2022-04-12,SUPRIYA
2022-04-12,SHAREINDIA
2022-04-12,SANSERA
2022-04-12,RATEGAIN
2022-04-12,MARKSANS
2022-04-12,OPTIEMUS
2022-04-12,NFL
2022-04-12,MIDHANI
2022-04-12,KSCL
2022-04-12,GREAVESCOT
2022-04-12,PARAS
2022-05-31,GREENPANEL
2022-05-31,GREENLAM
2022-05-31,GET&D
2022-05-31,GEPIL
2022-05-31,FCONSUMER
2022-05-31,DODLA
2022-05-31,CHEMCON
2022-05-31,DBCORP
2022-05-31,CENTRUM
2022-05-31,BHARATRAS
2022-05-31,ASHIANA
2022-05-31,GTPL
2022-05-31,DEEPAKFERT
2022-05-31,GEOJITFSL
2022-05-31,PURVA
2022-05-31,JBMA
2022-05-31,JMCPROJECT
2022-05-31,JTEKTINDIA
2022-05-31,KSL
2022-05-31,MAHLIFE
2022-05-31,NIITLTD
2022-05-31,NILKAMAL
2022-05-31,NUCLEUS
2022-05-31,OLECTRA
2022-05-31,PANACEABIO
2022-05-31,PILANIINVS
2022-05-31,DIAMONDYD
2022-05-31,PUNJABCHEM
2022-05-31,ADFFOODS
2022-05-31,HESTERBIO
2022-05-31,RSYSTEMS
2022-05-31,SANDHAR
2022-05-31,RAYMOND
2022-05-31,IGARASHI
2022-05-31,SANGHIIND
2022-05-31,SASKEN
2022-05-31,SOTL
2022-05-31,SHALBY
2022-05-31,SHARDACROP
2022-05-31,STARCEMENT
2022-05-31,SUBROS
2022-05-31,SWANENERGY
2022-05-31,SWARAJENG
2022-05-31,TEJASNET
2022-05-31,TCI
2022-05-31,TVSSRICHAK
2022-05-31,UNICHEMLAB
2022-05-31,RAMCOIND
2022-05-31,SHOPERSTOP
2022-05-31,PTC
2022-05-31,LEMONTREE
2022-05-31,SUNCLAYLTD
2022-05-31,DFMFOODS
2022-05-31,AHLUCONT
2022-05-31,ALEMBICLTD
2022-05-31,AMRUTANJAN
2022-05-31,KCP
2022-05-31,BLS
2022-05-31,CRAFTSMAN
2022-05-31,DATAPATTNS
2022-05-31,DHANUKA
2022-05-31,DOLATALGO
2022-05-31,REPCOHOME
2022-05-31,FRETAIL
2022-05-31,GULFOILLUB
2022-05-31,SAGCEM
2022-05-31,IGPL
2022-05-31,INDOSTAR
2022-05-31,INGERRAND
2022-05-31,JINDWORLD
2022-05-31,JCHAC
2022-05-31,JSWISPL
2022-05-31,KENNAMET
2022-05-31,MATRIMONY
2022-05-31,MFL
2022-05-31,ORISSAMINE
2022-05-31,RESPONIND
2022-05-31,RPSGVENT
2022-05-31,SHK
2022-05-31,SEAMECLTD
2022-05-31,KSB
2022-05-31,HERANBA
2022-05-31,JINDALSAW
2022-05-31,IPL
2022-05-31,GTLINFRA
2022-05-31,GPIL
2022-05-31,SURYODAY
2022-05-31,KIRLFER
2022-05-31,FILATEX
2022-05-31,BFUTILITIE
2022-05-31,ANDHRSUGAR
2022-05-31,AKZOINDIA
2022-05-31,BESTAGRO
2022-05-31,TASTYBITE
2022-05-31,FAIRCHEMOR
2022-05-31,INOXWIND
2022-05-31,MINDACORP
2022-05-31,IIFLSEC
2022-05-31,MAHSCOOTER
2022-05-31,ASTEC
2022-05-31,STOVEKRAFT
2022-05-31,TVTODAY
2022-05-31,UJJIVANSFB
2022-05-31,USHAMART
2022-05-31,VALIANTORG
2022-05-31,VSTIND
2022-05-31,FORCEMOT
2022-05-31,GOODYEAR
2022-05-31,TINPLATE
2022-05-31,TATAMETALI
2022-05-31,ACE
2022-05-31,ACLGATI
2022-05-31,ANANDRATHI
2022-05-31,APCOTEXIND
2022-05-31,J&KBANK
2022-05-31,APOLLOPIPE
2022-05-31,CARYSIL
2022-05-31,CHENNPETRO
2022-05-31,COSMOFIRST
2022-05-31,DOLLAR
2022-05-31,ESABINDIA
2022-05-31,FINOPB
2022-05-31,GRSE
2022-05-31,GMDCLTD
2022-05-31,HBLPOWER
2022-05-31,HCG
2022-05-31,HIL
2022-05-31,HSCL
2022-05-31,HIMATSEIDE
2022-05-31,MOREPENLAB
2022-05-31,AUTOAXLES
2022-05-31,IOLCP
2022-05-31,APARINDS
2022-05-31,LMW
2022-05-31,MAYURUNIQ
2022-05-31,MOL
2022-05-31,MOLDTKPAC
2022-05-31,NEOGEN
2022-05-31,RKFORGE
2022-05-31,ROLEXRINGS
2022-05-31,RUPA
2022-05-31,SCHNEIDER
2022-05-31,SIYSIL
2022-05-31,SOMANYCERA
2022-05-31,STYRENIX
2022-05-31,SUBEXLTD
2022-05-31,TATVA
2022-05-31,LGBBROSLTD
2022-05-31,TITAGARH
2022-05-31,ANANTRAJ
2022-05-31,BARBEQUE
2022-05-31,CAMLINFINE
2022-05-31,CARERATING
2022-05-31,DALMIASUG
2022-05-31,GLOBUSSPR
2022-05-31,IFCI
2022-05-31,IONEXCHANG
2022-05-31,JPASSOCIAT
2022-05-31,JPPOWER
2022-05-31,JKTYRE
2022-05-31,JYOTICNC
2022-05-31,KIRLOSENG
2022-05-31,KRSNAA
2022-05-31,BEPL
2022-05-31,LAOPALA
2022-05-31,MAHSEAMLES
2022-05-31,MASFIN
2022-05-31,CONFIPET
2022-05-31,BALMLAWRIE
2022-05-31,BAJAJCON
2022-05-31,ALIVUS
2022-05-31,VRLLOG
2022-05-31,VSTTILLERS
2022-05-31,RPOWER
2022-05-31,TARSONS
2022-05-31,RTNPOWER
2022-05-31,PSPPROJECT
2022-05-31,NEWGEN
2022-05-31,DCMSHRIRAM
2022-05-31,TECHNOE
2022-05-31,DEN
2022-05-31,ACCELYA
2022-05-31,BAJAJHIND
2022-05-31,HINDOILEXP
2022-05-31,HINDWAREAP
2022-05-31,KOLTEPATIL
2022-05-31,LTFOODS
2022-05-31,MAITHANALL
2022-05-31,NAVA
2022-05-31,NEULANDLAB
2022-05-31,NRBBEARING
2022-05-31,SARDAEN
2022-05-31,SSWL
2022-05-31,VEEDOL
2022-05-31,WSTCSTPAPR
2022-05-31,NAVNETEDUL
2022-05-31,DISHTV
2022-05-31,EVEREADY
2022-05-31,BOMDYEING
2022-05-31,JINDALPOLY
2022-05-31,HEIDELBERG
2022-05-31,PAISALO
2022-05-31,SPANDANA
2022-05-31,TIRUMALCHM
2022-05-31,ACUTAAS
2022-05-31,AGI
2022-05-31,BOSCH-HCIL
2022-05-31,CARTRADE
2022-05-31,CEMPRO
2022-05-31,DCAL
2022-05-31,GABRIEL
2022-05-31,GANESHHOU
2022-05-31,GATEWAY
2022-05-31,ISGEC
2022-05-31,GREENPLY
2022-05-31,JISLJALEQS
2022-05-31,TEGA
2022-05-31,CIGNITITEC
2022-05-31,TIMETECHNO
2022-05-31,VOLTAMP
2022-05-31,ARVINDFASN
2022-05-31,ASTRAMICRO
2022-05-31,SOUTHBANK
2022-05-31,THOMASCOOK
2022-05-31,ARVIND
2022-05-31,HGINFRA
2022-05-31,RELIGARE
2022-05-31,KTKBANK
2022-05-31,LLOYDSENGG
2022-05-31,ELECTCAST
2022-05-31,JAICORPLTD
2022-05-31,HERITGFOOD
2022-05-31,MANINFRA
2022-05-31,MARKSANS
2022-05-31,TIPSMUSIC
2022-05-31,MSTCLTD
2022-05-31,ORIENTCEM
2022-05-31,IMFA
2022-05-31,SURYAROSNI
2022-05-31,INDIAGLYCO
2022-05-31,HCC
2022-05-31,WABAG
2022-05-31,WELENT
2022-05-31,EMBDL
2022-05-31,TSFINV
2022-05-31,VIYASH
2022-05-31,BECTORFOOD
2022-05-31,AMIORG
2022-05-31,ASHOKA
2022-05-31,IIFLCAPS
2022-05-31,SANSERA
2022-05-31,SUPRIYA
2022-05-31,SHAREINDIA
2022-05-31,RATEGAIN
2022-05-31,PARAS
2022-05-31,CGCL
2022-05-31,CCAVENUE
2022-05-31,OPTIEMUS
2022-05-31,MIDHANI
2022-05-31,KSCL
2022-05-31,GREAVESCOT
2022-05-31,DCBBANK
2022-05-31,CMSINFO
2022-05-31,NFL
2022-05-31,KIRIINDUS
2022-09-30,CHEMCON
2022-09-30,CENTRUM
2022-09-30,HESTERBIO
2022-09-30,ASHIANA
2022-09-30,DBCORP
2022-09-30,ADFFOODS
2022-09-30,BHARATRAS
2022-09-30,DEEPAKFERT
2022-09-30,GREENPANEL
2022-09-30,JBMA
2022-09-30,GEPIL
2022-09-30,GET&D
2022-09-30,J&KBANK
2022-09-30,GTPL
2022-09-30,DODLA
2022-09-30,FCONSUMER
2022-09-30,JINDWORLD
2022-09-30,NUCLEUS
2022-09-30,KSL
2022-09-30,IGARASHI
2022-09-30,MAHLIFE
2022-09-30,NIITLTD
2022-09-30,NILKAMAL
2022-09-30,OLECTRA
2022-09-30,PANACEABIO
2022-09-30,PILANIINVS
2022-09-30,JMCPROJECT
2022-09-30,PUNJABCHEM
2022-09-30,PURVA
2022-09-30,RSYSTEMS
2022-09-30,RAMCOIND
2022-09-30,RAYMOND
2022-09-30,REPCOHOME
2022-09-30,SANDHAR
2022-09-30,SANGHIIND
2022-09-30,JTEKTINDIA
2022-09-30,SASKEN
2022-09-30,SHOPERSTOP
2022-09-30,SHALBY
2022-09-30,ALEMBICLTD
2022-09-30,STARCEMENT
2022-09-30,SUBROS
2022-09-30,SWANENERGY
2022-09-30,SWARAJENG
2022-09-30,TEJASNET
2022-09-30,TCI
2022-09-30,AMRUTANJAN
2022-09-30,TVSSRICHAK
2022-09-30,DIAMONDYD
2022-09-30,FRETAIL
2022-09-30,PTC
2022-09-30,LEMONTREE
2022-09-30,SUNCLAYLTD
2022-09-30,DFMFOODS
2022-09-30,AHLUCONT
2022-09-30,UNICHEMLAB
2022-09-30,SOTL
2022-09-30,APARINDS
2022-09-30,INGERRAND
2022-09-30,GRWRHITECH
2022-09-30,CHOICEIN
2022-09-30,CRAFTSMAN
2022-09-30,DATAPATTNS
2022-09-30,DHANUKA
2022-09-30,DOLATALGO
2022-09-30,EKC
2022-09-30,BLS
2022-09-30,GANESHHOUC
2022-09-30,SHARDACROP
2022-09-30,GULFOILLUB
2022-09-30,HIMATSEIDE
2022-09-30,IGPL
2022-09-30,IIFLSEC
2022-09-30,INDORAMA
2022-09-30,INDOSTAR
2022-09-30,GEOJITFSL
2022-09-30,JCHAC
2022-09-30,DOLLAR
2022-09-30,KENNAMET
2022-09-30,SHK
2022-09-30,KSB
2022-09-30,MINDACORP
2022-09-30,MATRIMONY
2022-09-30,MFL
2022-09-30,ORISSAMINE
2022-09-30,RESPONIND
2022-09-30,VAKRANGEE
2022-09-30,RPSGVENT
2022-09-30,SPICEJET
2022-09-30,STEELXIND
2022-09-30,SURYODAY
2022-09-30,TASTYBITE
2022-09-30,TIIL
2022-09-30,VIDHIING
2022-09-30,BESTAGRO
2022-09-30,SEAMECLTD
2022-09-30,HNDFDS
2022-09-30,OMAXE
2022-09-30,AKZOINDIA
2022-09-30,GPIL
2022-09-30,GLS
2022-09-30,FILATEX
2022-09-30,MMFL
2022-09-30,FAIRCHEMOR
2022-09-30,BUTTERFLY
2022-09-30,HERANBA
2022-09-30,ANDHRSUGAR
2022-09-30,BFUTILITIE
2022-09-30,KCP
2022-09-30,ICRA
2022-09-30,IPL
2022-09-30,IRCON
2022-09-30,INOXWIND
2022-09-30,KIRLFER
2022-09-30,MAHSCOOTER
2022-09-30,GTLINFRA
2022-09-30,GREENLAM
2022-09-30,MANALIPETC
2022-09-30,MOREPENLAB
2022-09-30,POKARNA
2022-09-30,SAFARI
2022-09-30,SAGCEM
2022-09-30,SOLARA
2022-09-30,STOVEKRAFT
2022-09-30,TATASTLLP
2022-09-30,TVTODAY
2022-09-30,UJJIVANSFB
2022-09-30,USHAMART
2022-09-30,VALIANTORG
2022-09-30,VSTIND
2022-09-30,FORCEMOT
2022-09-30,GOODYEAR
2022-09-30,TINPLATE
2022-09-30,TATAMETALI
2022-09-30,ACE
2022-09-30,ACLGATI
2022-09-30,GRSE
2022-09-30,PANAMAPET
2022-09-30,APOLLOPIPE
2022-09-30,ELECON
2022-09-30,ASTEC
2022-09-30,AUTOAXLES
2022-09-30,CARYSIL
2022-09-30,CHENNPETRO
2022-09-30,COSMOFIRST
2022-09-30,DWARKESH
2022-09-30,ANANDRATHI
2022-09-30,ESABINDIA
2022-09-30,FINOPB
2022-09-30,GMDCLTD
2022-09-30,HBLPOWER
2022-09-30,HCG
2022-09-30,HIL
2022-09-30,HSCL
2022-09-30,JSWISPL
2022-09-30,APCOTEXIND
2022-09-30,JINDALSAW
2022-09-30,JINDALPOLY
2022-09-30,ARVIND
2022-09-30,MAHSEAMLES
2022-09-30,MAYURUNIQ
2022-09-30,MOL
2022-09-30,MOLDTKPAC
2022-09-30,NEOGEN
2022-09-30,PRUDENT
2022-09-30,HATHWAY
2022-09-30,RKFORGE
2022-09-30,SPLPETRO
2022-09-30,ROLEXRINGS
2022-09-30,RUPA
2022-09-30,SCHNEIDER
2022-09-30,SIYSIL
2022-09-30,SOMANYCERA
2022-09-30,STYRENIX
2022-09-30,RAJRATAN
2022-09-30,MASFIN
2022-09-30,TATVA
2022-09-30,ACCELYA
2022-09-30,ANANTRAJ
2022-09-30,BARBEQUE
2022-09-30,CAMLINFINE
2022-09-30,CARERATING
2022-09-30,DALMIASUG
2022-09-30,GLOBUSSPR
2022-09-30,GUFICBIO
2022-09-30,SUBEXLTD
2022-09-30,IOLCP
2022-09-30,JPASSOCIAT
2022-09-30,JPPOWER
2022-09-30,JKTYRE
2022-09-30,JYOTICNC
2022-09-30,KIRLOSENG
2022-09-30,KRSNAA
2022-09-30,LAOPALA
2022-09-30,TITAGARH
2022-09-30,LGBBROSLTD
2022-09-30,RAILTEL
2022-09-30,NAVNETEDUL
2022-09-30,VRLLOG
2022-09-30,EVEREADY
2022-09-30,RTNPOWER
2022-09-30,TARSONS
2022-09-30,SHAREINDIA
2022-09-30,VSTTILLERS
2022-09-30,DBREALTY
2022-09-30,GRAVITA
2022-09-30,RPOWER
2022-09-30,DCMSHRIRAM
2022-09-30,DISHTV
2022-09-30,BAJAJCON
2022-09-30,DEN
2022-09-30,PSPPROJECT
2022-09-30,CONFIPET
2022-09-30,BALMLAWRIE
2022-09-30,ALIVUS
2022-09-30,IFCI
2022-09-30,BEPL
2022-09-30,NEWGEN
2022-09-30,SSWL
2022-09-30,KOLTEPATIL
2022-09-30,LTFOODS
2022-09-30,MAITHANALL
2022-09-30,NAVA
2022-09-30,NEULANDLAB
2022-09-30,NRBBEARING
2022-09-30,HINDWAREAP
2022-09-30,SARDAEN
2022-09-30,HINDOILEXP
2022-09-30,VENKEYS
2022-09-30,WSTCSTPAPR
2022-09-30,BAJAJHIND
2022-09-30,BOMDYEING
2022-09-30,FCL
2022-09-30,GREENPLY
2022-09-30,VEEDOL
2022-09-30,HEIDELBERG
2022-09-30,TECHNOE
2022-09-30,PAISALO
2022-09-30,SBCL
2022-09-30,SPANDANA
2022-09-30,TIRUMALCHM
2022-09-30,ACUTAAS
2022-09-30,AGI
2022-09-30,BOSCH-HCIL
2022-09-30,CARTRADE
2022-09-30,CEMPRO
2022-09-30,DCAL
2022-09-30,EMUDHRA
2022-09-30,GABRIEL
2022-09-30,GANESHHOU
2022-09-30,GATEWAY
2022-09-30,ISGEC
2022-09-30,JKIL
2022-09-30,JISLJALEQS
2022-09-30,LMW
2022-09-30,TIPSMUSIC
2022-09-30,ORIENTCEM
2022-09-30,TEGA
2022-09-30,KTKBANK
2022-09-30,CIGNITITEC
2022-09-30,TIMETECHNO
2022-09-30,VOLTAMP
2022-09-30,ARVINDFASN
2022-09-30,ASTRAMICRO
2022-09-30,THOMASCOOK
2022-09-30,MANINFRA
2022-09-30,HGINFRA
2022-09-30,RELIGARE
2022-09-30,ELECTCAST
2022-09-30,LLOYDSENGG
2022-09-30,HERITGFOOD
2022-09-30,MSTCLTD
2022-09-30,MARKSANS
2022-09-30,CCAVENUE
2022-09-30,PARADEEP
2022-09-30,IMFA
2022-09-30,SOUTHBANK
2022-09-30,DATAMATICS
2022-09-30,INDIAGLYCO
2022-09-30,HCC
2022-09-30,WABAG
2022-09-30,IIFLCAPS
2022-09-30,WELENT
2022-09-30,EMBDL
2022-09-30,TSFINV
2022-09-30,VIYASH
2022-09-30,BECTORFOOD
2022-09-30,AMIORG
2022-09-30,ASHOKA
2022-09-30,CGCL
2022-09-30,DCBBANK
2022-09-30,GREAVESCOT
2022-09-30,JAICORPLTD
2022-09-30,KSCL
2022-09-30,MIDHANI
2022-09-30,SURYAROSNI
2022-09-30,CMSINFO
2022-09-30,PARAS
2022-09-30,NFL
2022-09-30,RATEGAIN
2022-09-30,KIRIINDUS
2022-09-30,IONEXCHANG
2022-09-30,ACRYSIL
2022-09-30,ADVENZYMES
2022-09-30,ETHOSLTD
2022-09-30,SUPRIYA
2022-09-30,GOKEX
2022-09-30,STAR
2022-09-30,OPTIEMUS
2022-09-30,SEQUENT
2022-09-30,RAINBOW
2022-09-30,SANSERA
2022-09-30,NESCO
2022-09-30,ICIL
2022-09-30,HEMIPROP
2022-10-25,GRWRHITECH
2022-10-25,EKC
2022-10-25,MMFL
2022-10-25,DOLATALGO
2022-10-25,DHANUKA
2022-10-25,DATAPATTNS
2022-10-25,CRAFTSMAN
2022-10-25,CHOICEIN
2022-10-25,BLS
2022-10-25,DFMFOODS
2022-10-25,AMRUTANJAN
2022-10-25,ALEMBICLTD
2022-10-25,AHLUCONT
2022-10-25,APARINDS
2022-10-25,INDOSTAR
2022-10-25,GULFOILLUB
2022-10-25,HIMATSEIDE
2022-10-25,IGPL
2022-10-25,IIFLSEC
2022-10-25,INDORAMA
2022-10-25,INGERRAND
2022-10-25,JINDWORLD
2022-10-25,JCHAC
2022-10-25,JSWISPL
2022-10-25,KENNAMET
2022-10-25,KSB
2022-10-25,GANESHHOUC
2022-10-25,SUNCLAYLTD
2022-10-25,MAHSCOOTER
2022-10-25,GEOJITFSL
2022-10-25,LEMONTREE
2022-10-25,BFUTILITIE
2022-10-25,MATRIMONY
2022-10-25,FRETAIL
2022-10-25,RPSGVENT
2022-10-25,SHK
2022-10-25,SEAMECLTD
2022-10-25,STEELXIND
2022-10-25,SURYODAY
2022-10-25,TASTYBITE
2022-10-25,TIIL
2022-10-25,VIDHIING
2022-10-25,BESTAGRO
2022-10-25,HNDFDS
2022-10-25,SPICEJET
2022-10-25,VAKRANGEE
2022-10-25,AKZOINDIA
2022-10-25,PTC
2022-10-25,ANDHRSUGAR
2022-10-25,FAIRCHEMOR
2022-10-25,FILATEX
2022-10-25,GLS
2022-10-25,GPIL
2022-10-25,GTLINFRA
2022-10-25,HERANBA
2022-10-25,ICRA
2022-10-25,IPL
2022-10-25,IRCON
2022-10-25,KCP
2022-10-25,KIRLFER
2022-10-25,ORISSAMINE
2022-10-25,OMAXE
2022-10-25,MFL
2022-10-25,BUTTERFLY
2022-10-25,MINDACORP
2022-10-25,SAGCEM
2022-10-25,HBLPOWER
2022-10-25,POKARNA
2022-10-25,SAFARI
2022-10-25,SOLARA
2022-10-25,STOVEKRAFT
2022-10-25,SYRMA
2022-10-25,TATASTLLP
2022-10-25,UJJIVANSFB
2022-10-25,USHAMART
2022-10-25,VALIANTORG
2022-10-25,VSTIND
2022-10-25,FORCEMOT
2022-10-25,GOODYEAR
2022-10-25,TVTODAY
2022-10-25,MOREPENLAB
2022-10-25,TINPLATE
2022-10-25,DOLLAR
2022-10-25,COSMOFIRST
2022-10-25,CHENNPETRO
2022-10-25,CARYSIL
2022-10-25,AUTOAXLES
2022-10-25,ASTEC
2022-10-25,DWARKESH
2022-10-25,APCOTEXIND
2022-10-25,ANANDRATHI
2022-10-25,ACLGATI
2022-10-25,ACE
2022-10-25,TATAMETALI
2022-10-25,APOLLOPIPE
2022-10-25,RESPONIND
2022-10-25,PANAMAPET
2022-10-25,ESABINDIA
2022-10-25,ELECON
2022-10-25,MOLDTKPAC
2022-10-25,HCG
2022-10-25,ANANTRAJ
2022-10-25,HIL
2022-10-25,HSCL
2022-10-25,INOXWIND
2022-10-25,J&KBANK
2022-10-25,JINDALPOLY
2022-10-25,KIRIINDUS
2022-10-25,MAHSEAMLES
2022-10-25,MAYURUNIQ
2022-10-25,MOL
2022-10-25,NEOGEN
2022-10-25,GRSE
2022-10-25,PRUDENT
2022-10-25,GMDCLTD
2022-10-25,RAJRATAN
2022-10-25,ROLEXRINGS
2022-10-25,RUPA
2022-10-25,SCHNEIDER
2022-10-25,SIYSIL
2022-10-25,SOMANYCERA
2022-10-25,STYRENIX
2022-10-25,SUBEXLTD
2022-10-25,SPLPETRO
2022-10-25,TATVA
2022-10-25,TITAGARH
2022-10-25,VESUVIUS
2022-10-25,MANALIPETC
2022-10-25,RAILTEL
2022-10-25,FINOPB
2022-10-25,RKFORGE
2022-10-25,ACCELYA
2022-10-25,JINDALSAW
2022-10-25,BARBEQUE
2022-10-25,DALMIASUG
2022-10-25,GLOBUSSPR
2022-10-25,GUFICBIO
2022-10-25,IFCI
2022-10-25,IOLCP
2022-10-25,JPASSOCIAT
2022-10-25,JPPOWER
2022-10-25,JKTYRE
2022-10-25,JYOTICNC
2022-10-25,KIRLOSENG
2022-10-25,KRSNAA
2022-10-25,LAOPALA
2022-10-25,EVEREADY
2022-10-25,LGBBROSLTD
2022-10-25,NEWGEN
2022-10-25,PSPPROJECT
2022-10-25,RTNPOWER
2022-10-25,RPOWER
2022-10-25,TARSONS
2022-10-25,TECHNOE
2022-10-25,VSTTILLERS
2022-10-25,DBREALTY
2022-10-25,VRLLOG
2022-10-25,BAJAJCON
2022-10-25,BALMLAWRIE
2022-10-25,CONFIPET
2022-10-25,DCMSHRIRAM
2022-10-25,DEN
2022-10-25,NAVNETEDUL
2022-10-25,CARERATING
2022-10-25,DCAL
2022-10-25,DISHTV
2022-10-25,MASFIN
2022-10-25,BAJAJHIND
2022-10-25,WSTCSTPAPR
2022-10-25,VENKEYS
2022-10-25,VEEDOL
2022-10-25,SSWL
2022-10-25,SARDAEN
2022-10-25,NRBBEARING
2022-10-25,NEULANDLAB
2022-10-25,HINDWAREAP
2022-10-25,MAITHANALL
2022-10-25,LTFOODS
2022-10-25,KOLTEPATIL
2022-10-25,NAVA
2022-10-25,PAISALO
2022-10-25,EMUDHRA
2022-10-25,FCL
2022-10-25,HATHWAY
2022-10-25,HEIDELBERG
2022-10-25,JAICORPLTD
2022-10-25,SBCL
2022-10-25,SPANDANA
2022-10-25,TIRUMALCHM
2022-10-25,ACUTAAS
2022-10-25,AGI
2022-10-25,BOSCH-HCIL
2022-10-25,CARTRADE
2022-10-25,HINDOILEXP
2022-10-25,CEMPRO
2022-10-25,BOMDYEING
2022-10-25,GRAVITA
2022-10-25,GREENPLY
2022-10-25,VIYASH
2022-10-25,BEPL
2022-10-25,EMBDL
2022-10-25,JKIL
2022-10-25,JISLJALEQS
2022-10-25,LMW
2022-10-25,ALIVUS
2022-10-25,MANINFRA
2022-10-25,PARADEEP
2022-10-25,TEGA
2022-10-25,CIGNITITEC
2022-10-25,TIMETECHNO
2022-10-25,VOLTAMP
2022-10-25,ARVINDFASN
2022-10-25,ASTRAMICRO
2022-10-25,SOUTHBANK
2022-10-25,THOMASCOOK
2022-10-25,ISGEC
2022-10-25,HGINFRA
2022-10-25,KTKBANK
2022-10-25,ELECTCAST
2022-10-25,LLOYDSENGG
2022-10-25,HERITGFOOD
2022-10-25,MSTCLTD
2022-10-25,MARKSANS
2022-10-25,CCAVENUE
2022-10-25,TIPSMUSIC
2022-10-25,ORIENTCEM
2022-10-25,IMFA
2022-10-25,SURYAROSNI
2022-10-25,INDIAGLYCO
2022-10-25,ARVIND
2022-10-25,GANESHHOU
2022-10-25,RELIGARE
2022-10-25,GATEWAY
2022-10-25,GABRIEL
2022-10-25,WABAG
2022-10-25,HCC
2022-10-25,BECTORFOOD
2022-10-25,ASHOKA
2022-10-25,CMSINFO
2022-10-25,DCBBANK
2022-10-25,GREAVESCOT
2022-10-25,KSCL
2022-10-25,MIDHANI
2022-10-25,NFL
2022-10-25,PARAS
2022-10-25,RATEGAIN
2022-10-25,SANSERA
2022-10-25,SHAREINDIA
2022-10-25,SUPRIYA
2022-10-25,IONEXCHANG
2022-10-25,OPTIEMUS
2022-10-25,TSFINV
2022-10-25,ACRYSIL
2022-10-25,WELENT
2022-10-25,CAMLINFINE
2022-10-25,STAR
2022-10-25,SEQUENT
2022-10-25,RAINBOW
2022-10-25,NESCO
2022-10-25,IIFLCAPS
2022-10-25,HEMIPROP
2022-10-25,GOKEX
2022-10-25,ETHOSLTD
2022-10-25,DATAMATICS
2022-10-25,ADVENZYMES
2022-10-25,ICIL
2022-12-30,EKC
2022-12-30,DOLATALGO
2022-12-30,DHANUKA
2022-12-30,DATAPATTNS
2022-12-30,CRAFTSMAN
2022-12-30,CHOICEIN
2022-12-30,AMRUTANJAN
2022-12-30,APARINDS
2022-12-30,ALEMBICLTD
2022-12-30,AHLUCONT
2022-12-30,DFMFOODS
2022-12-30,MAHSCOOTER
2022-12-30,BLS
2022-12-30,GANESHHOUC
2022-12-30,GRWRHITECH
2022-12-30,GULFOILLUB
2022-12-30,HIMATSEIDE
2022-12-30,IGPL
2022-12-30,IIFLSEC
2022-12-30,INDORAMA
2022-12-30,INDOSTAR
2022-12-30,INGERRAND
2022-12-30,JINDWORLD
2022-12-30,JCHAC
2022-12-30,JSWISPL
2022-12-30,KENNAMET
2022-12-30,KSB
2022-12-30,MATRIMONY
2022-12-30,SUNCLAYLTD
2022-12-30,GEOJITFSL
2022-12-30,CAMLINFINE
2022-12-30,SEAMECLTD
2022-12-30,OMAXE
2022-12-30,MANALIPETC
2022-12-30,STEELXIND
2022-12-30,SURYODAY
2022-12-30,TMB
2022-12-30,TASTYBITE
2022-12-30,TIIL
2022-12-30,VIDHIING
2022-12-30,BESTAGRO
2022-12-30,HNDFDS
2022-12-30,SPICEJET
2022-12-30,VAKRANGEE
2022-12-30,AKZOINDIA
2022-12-30,ANDHRSUGAR
2022-12-30,BFUTILITIE
2022-12-30,MFL
2022-12-30,BUTTERFLY
2022-12-30,FILATEX
2022-12-30,GLS
2022-12-30,GPIL
2022-12-30,GTLINFRA
2022-12-30,HERANBA
2022-12-30,ICRA
2022-12-30,IPL
2022-12-30,IRCON
2022-12-30,JINDALSAW
2022-12-30,KCP
2022-12-30,KIRLFER
2022-12-30,MMFL
2022-12-30,RESPONIND
2022-12-30,ORISSAMINE
2022-12-30,FAIRCHEMOR
2022-12-30,RPSGVENT
2022-12-30,GRSE
2022-12-30,HBLPOWER
2022-12-30,SAFARI
2022-12-30,SAGCEM
2022-12-30,SOLARA
2022-12-30,STOVEKRAFT
2022-12-30,SYRMA
2022-12-30,TATASTLLP
2022-12-30,TVTODAY
2022-12-30,UJJIVANSFB
2022-12-30,USHAMART
2022-12-30,VALIANTORG
2022-12-30,VSTIND
2022-12-30,FORCEMOT
2022-12-30,GOODYEAR
2022-12-30,PANAMAPET
2022-12-30,POKARNA
2022-12-30,TATAMETALI
2022-12-30,DWARKESH
2022-12-30,DOLLAR
2022-12-30,COSMOFIRST
2022-12-30,TINPLATE
2022-12-30,CARYSIL
2022-12-30,CHENNPETRO
2022-12-30,ASTEC
2022-12-30,APOLLOPIPE
2022-12-30,APCOTEXIND
2022-12-30,ANANDRATHI
2022-12-30,ACLGATI
2022-12-30,ACE
2022-12-30,AUTOAXLES
2022-12-30,SHK
2022-12-30,ELECON
2022-12-30,MOREPENLAB
2022-12-30,FINOPB
2022-12-30,ANANTRAJ
2022-12-30,HCG
2022-12-30,HIL
2022-12-30,HSCL
2022-12-30,INOXWIND
2022-12-30,J&KBANK
2022-12-30,JINDALPOLY
2022-12-30,KIRIINDUS
2022-12-30,MAHSEAMLES
2022-12-30,MAYURUNIQ
2022-12-30,MOL
2022-12-30,MOLDTKPAC
2022-12-30,NEOGEN
2022-12-30,PRUDENT
2022-12-30,GMDCLTD
2022-12-30,ESABINDIA
2022-12-30,RAILTEL
2022-12-30,ROLEXRINGS
2022-12-30,RUPA
2022-12-30,SCHNEIDER
2022-12-30,SIYSIL
2022-12-30,SOMANYCERA
2022-12-30,STYRENIX
2022-12-30,SUBEXLTD
2022-12-30,SPLPETRO
2022-12-30,TATVA
2022-12-30,TITAGARH
2022-12-30,VESUVIUS
2022-12-30,ACCELYA
2022-12-30,MINDACORP
2022-12-30,RAJRATAN
2022-12-30,RKFORGE
2022-12-30,LEMONTREE
2022-12-30,CARERATING
2022-12-30,WSTCSTPAPR
2022-12-30,IFCI
2022-12-30,IOLCP
2022-12-30,JPASSOCIAT
2022-12-30,JPPOWER
2022-12-30,JKTYRE
2022-12-30,JYOTICNC
2022-12-30,KIRLOSENG
2022-12-30,KRSNAA
2022-12-30,LAOPALA
2022-12-30,LGBBROSLTD
2022-12-30,MASFIN
2022-12-30,NAVNETEDUL
2022-12-30,EVEREADY
2022-12-30,NEWGEN
2022-12-30,PSPPROJECT
2022-12-30,RTNPOWER
2022-12-30,RPOWER
2022-12-30,TARSONS
2022-12-30,TECHNOE
2022-12-30,VSTTILLERS
2022-12-30,DBREALTY
2022-12-30,VRLLOG
2022-12-30,ALIVUS
2022-12-30,BAJAJCON
2022-12-30,BALMLAWRIE
2022-12-30,CONFIPET
2022-12-30,DCMSHRIRAM
2022-12-30,DEN
2022-12-30,PDSL
2022-12-30,DCAL
2022-12-30,DISHTV
2022-12-30,GLOBUSSPR
2022-12-30,GRAVITA
2022-12-30,BARBEQUE
2022-12-30,VENKEYS
2022-12-30,VEEDOL
2022-12-30,SSWL
2022-12-30,SARDAEN
2022-12-30,NRBBEARING
2022-12-30,MAITHANALL
2022-12-30,NAVA
2022-12-30,LTFOODS
2022-12-30,KOLTEPATIL
2022-12-30,HINDWAREAP
2022-12-30,BAJAJHIND
2022-12-30,NEULANDLAB
2022-12-30,BEPL
2022-12-30,EMUDHRA
2022-12-30,CEMPRO
2022-12-30,GREENPLY
2022-12-30,HATHWAY
2022-12-30,HEIDELBERG
2022-12-30,JAICORPLTD
2022-12-30,PAISALO
2022-12-30,SBCL
2022-12-30,SPANDANA
2022-12-30,TIRUMALCHM
2022-12-30,ACUTAAS
2022-12-30,AGI
2022-12-30,BOSCH-HCIL
2022-12-30,CARTRADE
2022-12-30,HINDOILEXP
2022-12-30,BOMDYEING
2022-12-30,FCL
2022-12-30,HCC
2022-12-30,GUFICBIO
2022-12-30,TSFINV
2022-12-30,ISGEC
2022-12-30,JKIL
2022-12-30,JISLJALEQS
2022-12-30,LMW
2022-12-30,MANINFRA
2022-12-30,PARADEEP
2022-12-30,TEGA
2022-12-30,CIGNITITEC
2022-12-30,TIMETECHNO
2022-12-30,VOLTAMP
2022-12-30,ARVINDFASN
2022-12-30,ASTRAMICRO
2022-12-30,SOUTHBANK
2022-12-30,IIFLCAPS
2022-12-30,GATEWAY
2022-12-30,THOMASCOOK
2022-12-30,RELIGARE
2022-12-30,KTKBANK
2022-12-30,ELECTCAST
2022-12-30,LLOYDSENGG
2022-12-30,HERITGFOOD
2022-12-30,MSTCLTD
2022-12-30,MARKSANS
2022-12-30,CCAVENUE
2022-12-30,TIPSMUSIC
2022-12-30,ORIENTCEM
2022-12-30,IMFA
2022-12-30,SURYAROSNI
2022-12-30,INDIAGLYCO
2022-12-30,GANESHHOU
2022-12-30,HGINFRA
2022-12-30,WABAG
2022-12-30,ARVIND
2022-12-30,GABRIEL
2022-12-30,WELENT
2022-12-30,BECTORFOOD
2022-12-30,ASHOKA
2022-12-30,CMSINFO
2022-12-30,DCBBANK
2022-12-30,GREAVESCOT
2022-12-30,KSCL
2022-12-30,MIDHANI
2022-12-30,NFL
2022-12-30,OPTIEMUS
2022-12-30,PARAS
2022-12-30,RATEGAIN
2022-12-30,SANSERA
2022-12-30,EMBDL
2022-12-30,SHAREINDIA
2022-12-30,VIYASH
2022-12-30,ACRYSIL
2022-12-30,SUPRIYA
2022-12-30,DALMIASUG
2022-12-30,STARCEMENT
2022-12-30,STAR
2022-12-30,IONEXCHANG
2022-12-30,RAINBOW
2022-12-30,SEQUENT
2022-12-30,ICIL
2022-12-30,HEMIPROP
2022-12-30,GOKEX
2022-12-30,ETHOSLTD
2022-12-30,DATAMATICS
2022-12-30,ADVENZYMES
2022-12-30,NESCO
2023-02-17,GRWRHITECH
2023-02-17,GANESHHOUC
2023-02-17,EKC
2023-02-17,DOLATALGO
2023-02-17,DHANUKA
2023-02-17,ALEMBICLTD
2023-02-17,CRAFTSMAN
2023-02-17,CHOICEIN
2023-02-17,BLS
2023-02-17,APARINDS
2023-02-17,AMRUTANJAN
2023-02-17,GULFOILLUB
2023-02-17,DATAPATTNS
2023-02-17,RESPONIND
2023-02-17,JINDWORLD
2023-02-17,HIMATSEIDE
2023-02-17,IGPL
2023-02-17,IIFLSEC
2023-02-17,INDORAMA
2023-02-17,INDOSTAR
2023-02-17,INGERRAND
2023-02-17,JCHAC
2023-02-17,JSWISPL
2023-02-17,KENNAMET
2023-02-17,KSB
2023-02-17,MATRIMONY
2023-02-17,MFL
2023-02-17,OMAXE
2023-02-17,AHLUCONT
2023-02-17,GEOJITFSL
2023-02-17,DFMFOODS
2023-02-17,GLS
2023-02-17,RPSGVENT
2023-02-17,MOREPENLAB
2023-02-17,STEELXIND
2023-02-17,SURYODAY
2023-02-17,TMB
2023-02-17,TASTYBITE
2023-02-17,TIIL
2023-02-17,VIDHIING
2023-02-17,BESTAGRO
2023-02-17,HNDFDS
2023-02-17,SPICEJET
2023-02-17,VAKRANGEE
2023-02-17,AKZOINDIA
2023-02-17,ANDHRSUGAR
2023-02-17,BFUTILITIE
2023-02-17,ORISSAMINE
2023-02-17,SHK
2023-02-17,FILATEX
2023-02-17,GTLINFRA
2023-02-17,HERANBA
2023-02-17,ICRA
2023-02-17,IPL
2023-02-17,IRCON
2023-02-17,JINDALSAW
2023-02-17,KCP
2023-02-17,KIRLFER
2023-02-17,MMFL
2023-02-17,MAHSCOOTER
2023-02-17,MANALIPETC
2023-02-17,FAIRCHEMOR
2023-02-17,MINDACORP
2023-02-17,BUTTERFLY
2023-02-17,CARERATING
2023-02-17,SEAMECLTD
2023-02-17,HIL
2023-02-17,SAGCEM
2023-02-17,SOLARA
2023-02-17,STOVEKRAFT
2023-02-17,SYRMA
2023-02-17,TATASTLLP
2023-02-17,TVTODAY
2023-02-17,UJJIVANSFB
2023-02-17,USHAMART
2023-02-17,VSTIND
2023-02-17,FORCEMOT
2023-02-17,GOODYEAR
2023-02-17,TINPLATE
2023-02-17,TATAMETALI
2023-02-17,VALIANTORG
2023-02-17,CHENNPETRO
2023-02-17,ELECON
2023-02-17,DWARKESH
2023-02-17,DOLLAR
2023-02-17,COSMOFIRST
2023-02-17,CARYSIL
2023-02-17,ACE
2023-02-17,AUTOAXLES
2023-02-17,APOLLOPIPE
2023-02-17,APCOTEXIND
2023-02-17,FINOPB
2023-02-17,ANANDRATHI
2023-02-17,ACLGATI
2023-02-17,ASTEC
2023-02-17,ESABINDIA
2023-02-17,GMDCLTD
2023-02-17,SAFARI
2023-02-17,GRSE
2023-02-17,RKFORGE
2023-02-17,HSCL
2023-02-17,INOXWIND
2023-02-17,J&KBANK
2023-02-17,JINDALPOLY
2023-02-17,KIRIINDUS
2023-02-17,MAHSEAMLES
2023-02-17,MAYURUNIQ
2023-02-17,MOL
2023-02-17,MOLDTKPAC
2023-02-17,NEOGEN
2023-02-17,PRUDENT
2023-02-17,RAILTEL
2023-02-17,RAJRATAN
2023-02-17,ROLEXRINGS
2023-02-17,POKARNA
2023-02-17,RUPA
2023-02-17,SIYSIL
2023-02-17,SOMANYCERA
2023-02-17,STYRENIX
2023-02-17,SUBEXLTD
2023-02-17,SPLPETRO
2023-02-17,TATVA
2023-02-17,TITAGARH
2023-02-17,VESUVIUS
2023-02-17,ACCELYA
2023-02-17,ANANTRAJ
2023-02-17,BARBEQUE
2023-02-17,PANAMAPET
2023-02-17,HCG
2023-02-17,HBLPOWER
2023-02-17,SCHNEIDER
2023-02-17,CAMLINFINE
2023-02-17,GPIL
2023-02-17,DALMIASUG
2023-02-17,GUFICBIO
2023-02-17,IFCI
2023-02-17,IOLCP
2023-02-17,JPASSOCIAT
2023-02-17,JPPOWER
2023-02-17,JKTYRE
2023-02-17,JYOTICNC
2023-02-17,KIRLOSENG
2023-02-17,KRSNAA
2023-02-17,LAOPALA
2023-02-17,LGBBROSLTD
2023-02-17,MASFIN
2023-02-17,NAVNETEDUL
2023-02-17,HINDOILEXP
2023-02-17,GABRIEL
2023-02-17,NEWGEN
2023-02-17,TARSONS
2023-02-17,TECHNOE
2023-02-17,VSTTILLERS
2023-02-17,DBREALTY
2023-02-17,VRLLOG
2023-02-17,ALIVUS
2023-02-17,BAJAJCON
2023-02-17,BALMLAWRIE
2023-02-17,CONFIPET
2023-02-17,DCMSHRIRAM
2023-02-17,DEN
2023-02-17,DISHTV
2023-02-17,EVEREADY
2023-02-17,PDSL
2023-02-17,PSPPROJECT
2023-02-17,GANESHHOU
2023-02-17,GRAVITA
2023-02-17,HINDWAREAP
2023-02-17,BEPL
2023-02-17,BAJAJHIND
2023-02-17,WSTCSTPAPR
2023-02-17,VENKEYS
2023-02-17,VEEDOL
2023-02-17,LTFOODS
2023-02-17,SARDAEN
2023-02-17,NRBBEARING
2023-02-17,NEULANDLAB
2023-02-17,NAVA
2023-02-17,MAITHANALL
2023-02-17,EMUDHRA
2023-02-17,SSWL
2023-02-17,BOMDYEING
2023-02-17,RTNPOWER
2023-02-17,SPANDANA
2023-02-17,HATHWAY
2023-02-17,HEIDELBERG
2023-02-17,JAICORPLTD
2023-02-17,PAISALO
2023-02-17,SBCL
2023-02-17,TIRUMALCHM
2023-02-17,ACUTAAS
2023-02-17,AGI
2023-02-17,BOSCH-HCIL
2023-02-17,CARTRADE
2023-02-17,CEMPRO
2023-02-17,DCAL
2023-02-17,KOLTEPATIL
2023-02-17,FCL
2023-02-17,GREENPLY
2023-02-17,GLOBUSSPR
2023-02-17,RPOWER
2023-02-17,VIYASH
2023-02-17,LMW
2023-02-17,MANINFRA
2023-02-17,PARADEEP
2023-02-17,TEGA
2023-02-17,CIGNITITEC
2023-02-17,TIMETECHNO
2023-02-17,VOLTAMP
2023-02-17,ARVINDFASN
2023-02-17,ASTRAMICRO
2023-02-17,SOUTHBANK
2023-02-17,THOMASCOOK
2023-02-17,ARVIND
2023-02-17,GATEWAY
2023-02-17,HGINFRA
2023-02-17,ELECTCAST
2023-02-17,LLOYDSENGG
2023-02-17,HERITGFOOD
2023-02-17,MSTCLTD
2023-02-17,MARKSANS
2023-02-17,CCAVENUE
2023-02-17,TIPSMUSIC
2023-02-17,ORIENTCEM
2023-02-17,IMFA
2023-02-17,SURYAROSNI
2023-02-17,INDIAGLYCO
2023-02-17,HCC
2023-02-17,WABAG
2023-02-17,RELIGARE
2023-02-17,ISGEC
2023-02-17,JISLJALEQS
2023-02-17,JKIL
2023-02-17,KTKBANK
2023-02-17,WELENT
2023-02-17,BECTORFOOD
2023-02-17,IIFLCAPS
2023-02-17,ASHOKA
2023-02-17,CMSINFO
2023-02-17,DCBBANK
2023-02-17,GREAVESCOT
2023-02-17,KSCL
2023-02-17,MIDHANI
2023-02-17,NFL
2023-02-17,OPTIEMUS
2023-02-17,RATEGAIN
2023-02-17,SANSERA
2023-02-17,SHAREINDIA
2023-02-17,SUPRIYA
2023-02-17,IONEXCHANG
2023-02-17,PARAS
2023-02-17,RAINBOW
2023-02-17,ERIS
2023-02-17,STARCEMENT
2023-02-17,STAR
2023-02-17,SEQUENT
2023-02-17,NESCO
2023-02-17,ACRYSIL
2023-02-17,ICIL
2023-02-17,GOKEX
2023-02-17,ETHOSLTD
2023-02-17,EMBDL
2023-02-17,DATAMATICS
2023-02-17,ADVENZYMES
2023-02-17,HEMIPROP
2023-02-17,TSFINV
2023-03-31,BLS
2023-03-31,APARINDS
2023-03-31,GEOJITFSL
2023-03-31,AMRUTANJAN
2023-03-31,ALEMBICLTD
2023-03-31,CHOICEIN
2023-03-31,CRAFTSMAN
2023-03-31,GRWRHITECH
2023-03-31,CARERATING
2023-03-31,DOLATALGO
2023-03-31,EKC
2023-03-31,GANESHHOUC
2023-03-31,AHLUCONT
2023-03-31,GULFOILLUB
2023-03-31,DATAPATTNS
2023-03-31,HIMATSEIDE
2023-03-31,JCHAC
2023-03-31,IIFLSEC
2023-03-31,INGERRAND
2023-03-31,SURYODAY
2023-03-31,JINDWORLD
2023-03-31,JSWISPL
2023-03-31,KENNAMET
2023-03-31,KSB
2023-03-31,MFL
2023-03-31,IGPL
2023-03-31,PURVA
2023-03-31,ORISSAMINE
2023-03-31,RESPONIND
2023-03-31,RPSGVENT
2023-03-31,SHK
2023-03-31,SEAMECLTD
2023-03-31,STEELXIND
2023-03-31,INDORAMA
2023-03-31,OMAXE
2023-03-31,TMB
2023-03-31,FAIRCHEMOR
2023-03-31,ICRA
2023-03-31,BESTAGRO
2023-03-31,HNDFDS
2023-03-31,SPICEJET
2023-03-31,VAKRANGEE
2023-03-31,AKZOINDIA
2023-03-31,ALOKINDS
2023-03-31,ANDHRSUGAR
2023-03-31,BFUTILITIE
2023-03-31,BUTTERFLY
2023-03-31,INDOSTAR
2023-03-31,FILATEX
2023-03-31,GLS
2023-03-31,GPIL
2023-03-31,GRMOVER
2023-03-31,CAMLINFINE
2023-03-31,VIDHIING
2023-03-31,GTLINFRA
2023-03-31,TIIL
2023-03-31,HERANBA
2023-03-31,IRCON
2023-03-31,JINDALSAW
2023-03-31,KAYNES
2023-03-31,KCP
2023-03-31,KIRLFER
2023-03-31,MMFL
2023-03-31,MAHSCOOTER
2023-03-31,TASTYBITE
2023-03-31,MANALIPETC
2023-03-31,MOREPENLAB
2023-03-31,NDTV
2023-03-31,PANAMAPET
2023-03-31,PCJEWELLER
2023-03-31,POKARNA
2023-03-31,PGHL
2023-03-31,IPL
2023-03-31,MINDACORP
2023-03-31,MATRIMONY
2023-03-31,SUBEXLTD
2023-03-31,DHANUKA
2023-03-31,ACLGATI
2023-03-31,SOLARA
2023-03-31,HIL
2023-03-31,STOVEKRAFT
2023-03-31,SYMPHONY
2023-03-31,TATASTLLP
2023-03-31,TVTODAY
2023-03-31,UJJIVANSFB
2023-03-31,USHAMART
2023-03-31,VALIANTORG
2023-03-31,VSTIND
2023-03-31,FORCEMOT
2023-03-31,GOODYEAR
2023-03-31,TINPLATE
2023-03-31,TATAMETALI
2023-03-31,ANANDRATHI
2023-03-31,SYRMA
2023-03-31,APOLLOPIPE
2023-03-31,APCOTEXIND
2023-03-31,CHENNPETRO
2023-03-31,AUTOAXLES
2023-03-31,CARYSIL
2023-03-31,CAPLIPOINT
2023-03-31,HARSHA
2023-03-31,ASTRAZEN
2023-03-31,DOLLAR
2023-03-31,ACE
2023-03-31,ASTEC
2023-03-31,GRSE
2023-03-31,DALMIASUG
2023-03-31,ELECON
2023-03-31,ESABINDIA
2023-03-31,HBLPOWER
2023-03-31,FINOPB
2023-03-31,GMDCLTD
2023-03-31,COSMOFIRST
2023-03-31,SAFARI
2023-03-31,HCG
2023-03-31,HSCL
2023-03-31,JINDALPOLY
2023-03-31,JWL
2023-03-31,KKCL
2023-03-31,KIRIINDUS
2023-03-31,MAHSEAMLES
2023-03-31,MAYURUNIQ
2023-03-31,MOL
2023-03-31,MOLDTKPAC
2023-03-31,NEOGEN
2023-03-31,PRIVISCL
2023-03-31,PRUDENT
2023-03-31,RAILTEL
2023-03-31,RAJRATAN
2023-03-31,RKFORGE
2023-03-31,SOTL
2023-03-31,J&KBANK
2023-03-31,ROLEXRINGS
2023-03-31,INOXWIND
2023-03-31,RUPA
2023-03-31,SCHNEIDER
2023-03-31,SIS
2023-03-31,SIYSIL
2023-03-31,SOMANYCERA
2023-03-31,STYRENIX
2023-03-31,SPLPETRO
2023-03-31,TATVA
2023-03-31,VESUVIUS
2023-03-31,THYROCARE
2023-03-31,UNICHEMLAB
2023-03-31,UJJIVAN
2023-03-31,ACCELYA
2023-03-31,ANANTRAJ
2023-03-31,BARBEQUE
2023-03-31,SAGCEM
2023-03-31,SHANTIGEAR
2023-03-31,TITAGARH
2023-03-31,DWARKESH
2023-03-31,ERIS
2023-03-31,ELECTCAST
2023-03-31,NEWGEN
2023-03-31,GUFICBIO
2023-03-31,IFCI
2023-03-31,INDOCO
2023-03-31,IOLCP
2023-03-31,JPASSOCIAT
2023-03-31,DCAL
2023-03-31,JKTYRE
2023-03-31,JYOTICNC
2023-03-31,KIRLOSBROS
2023-03-31,KIRLOSENG
2023-03-31,KRSNAA
2023-03-31,LAOPALA
2023-03-31,LGBBROSLTD
2023-03-31,MASFIN
2023-03-31,PDSL
2023-03-31,NAVNETEDUL
2023-03-31,PSPPROJECT
2023-03-31,FUSION
2023-03-31,RPOWER
2023-03-31,TARSONS
2023-03-31,TECHNOE
2023-03-31,UNIPARTS
2023-03-31,VSTTILLERS
2023-03-31,DBREALTY
2023-03-31,VRLLOG
2023-03-31,BAJAJCON
2023-03-31,HINDOILEXP
2023-03-31,BALMLAWRIE
2023-03-31,CONFIPET
2023-03-31,DCMSHRIRAM
2023-03-31,DEN
2023-03-31,DISHTV
2023-03-31,EVEREADY
2023-03-31,RTNPOWER
2023-03-31,GRAVITA
2023-03-31,JPPOWER
2023-03-31,HINDWAREAP
2023-03-31,PGEL
2023-03-31,KOLTEPATIL
2023-03-31,BAJAJHIND
2023-03-31,MAITHANALL
2023-03-31,NAVA
2023-03-31,NEULANDLAB
2023-03-31,ORIENTCEM
2023-03-31,LTFOODS
2023-03-31,SARDAEN
2023-03-31,SSWL
2023-03-31,WOCKPHARMA
2023-03-31,WSTCSTPAPR
2023-03-31,LANDMARK
2023-03-31,VENKEYS
2023-03-31,VEEDOL
2023-03-31,BEPL
2023-03-31,BOSCH-HCIL
2023-03-31,DCXINDIA
2023-03-31,CEMPRO
2023-03-31,SPANDANA
2023-03-31,FCL
2023-03-31,GREENPLY
2023-03-31,HATHWAY
2023-03-31,HEIDELBERG
2023-03-31,JAICORPLTD
2023-03-31,PAISALO
2023-03-31,ALIVUS
2023-03-31,SBCL
2023-03-31,BOMDYEING
2023-03-31,TIRUMALCHM
2023-03-31,DHANI
2023-03-31,ACUTAAS
2023-03-31,AGI
2023-03-31,CARTRADE
2023-03-31,JTEKTINDIA
2023-03-31,SULA
2023-03-31,EMUDHRA
2023-03-31,NRBBEARING
2023-03-31,GANESHHOU
2023-03-31,GATEWAY
2023-03-31,ISGEC
2023-03-31,JKIL
2023-03-31,JISLJALEQS
2023-03-31,LMW
2023-03-31,MANINFRA
2023-03-31,PARADEEP
2023-03-31,TEGA
2023-03-31,CIGNITITEC
2023-03-31,TIMETECHNO
2023-03-31,VOLTAMP
2023-03-31,ARVINDFASN
2023-03-31,ASTRAMICRO
2023-03-31,SOUTHBANK
2023-03-31,THOMASCOOK
2023-03-31,ARVIND
2023-03-31,VIYASH
2023-03-31,HGINFRA
2023-03-31,KTKBANK
2023-03-31,HCC
2023-03-31,LLOYDSENGG
2023-03-31,HERITGFOOD
2023-03-31,MSTCLTD
2023-03-31,MARKSANS
2023-03-31,TIPSMUSIC
2023-03-31,IMFA
2023-03-31,BECTORFOOD
2023-03-31,SURYAROSNI
2023-03-31,INDIAGLYCO
2023-03-31,WABAG
2023-03-31,IIFLCAPS
2023-03-31,WELENT
2023-03-31,EMBDL
2023-03-31,TSFINV
2023-03-31,RELIGARE
2023-03-31,ASHOKA
2023-03-31,CCAVENUE
2023-03-31,EMIL
2023-03-31,DCBBANK
2023-03-31,GREAVESCOT
2023-03-31,KSCL
2023-03-31,MIDHANI
2023-03-31,NFL
2023-03-31,OPTIEMUS
2023-03-31,PARAS
2023-03-31,RATEGAIN
2023-03-31,SANSERA
2023-03-31,SHAREINDIA
2023-03-31,SUPRIYA
2023-03-31,ACRYSIL
2023-03-31,ADVENZYMES
2023-03-31,GABRIEL
2023-03-31,DATAMATICS
2023-03-31,ETHOSLTD
2023-03-31,GOKEX
2023-03-31,IONEXCHANG
2023-03-31,ICIL
2023-03-31,HEMIPROP
2023-03-31,SEQUENT
2023-03-31,STARCEMENT
2023-03-31,NESCO
2023-03-31,GLOBUSSPR
2023-03-31,DBL
2023-03-31,FIEMIND
2023-03-31,STAR
2023-03-31,MOIL
2023-03-31,TIPSINDLTD
2023-03-31,CMSINFO
2023-03-31,SUDARSCHEM
2023-03-31,RAINBOW
2023-03-31,PTC
2023-03-31,PRICOLLTD
2023-03-31,SHILPAMED
2023-03-31,POWERMECH
2023-04-28,BESTAGRO
2023-04-28,GPIL
2023-04-28,GLS
2023-04-28,FILATEX
2023-04-28,FAIRCHEMOR
2023-04-28,BUTTERFLY
2023-04-28,ANDHRSUGAR
2023-04-28,ALOKINDS
2023-04-28,VAKRANGEE
2023-04-28,SPICEJET
2023-04-28,HNDFDS
2023-04-28,DOLLAR
2023-04-28,BFUTILITIE
2023-04-28,AKZOINDIA
2023-04-28,KAYNES
2023-04-28,HERANBA
2023-04-28,ICRA
2023-04-28,IPL
2023-04-28,IRCON
2023-04-28,JINDALSAW
2023-04-28,KCP
2023-04-28,KIRLFER
2023-04-28,MMFL
2023-04-28,MAHSCOOTER
2023-04-28,MANALIPETC
2023-04-28,MINDACORP
2023-04-28,MOREPENLAB
2023-04-28,RPOWER
2023-04-28,PANAMAPET
2023-04-28,GRMOVER
2023-04-28,PCJEWELLER
2023-04-28,GOODYEAR
2023-04-28,PGHL
2023-04-28,GTLINFRA
2023-04-28,SAGCEM
2023-04-28,SOTL
2023-04-28,SOLARA
2023-04-28,STOVEKRAFT
2023-04-28,SYMPHONY
2023-04-28,SYRMA
2023-04-28,TATASTLLP
2023-04-28,TVTODAY
2023-04-28,RAJRATAN
2023-04-28,UJJIVANSFB
2023-04-28,USHAMART
2023-04-28,VALIANTORG
2023-04-28,VSTIND
2023-04-28,POKARNA
2023-04-28,FORCEMOT
2023-04-28,TATAMETALI
2023-04-28,ACE
2023-04-28,ACLGATI
2023-04-28,ANANDRATHI
2023-04-28,APCOTEXIND
2023-04-28,APOLLOPIPE
2023-04-28,ASTEC
2023-04-28,ASTRAZEN
2023-04-28,AUTOAXLES
2023-04-28,CAPLIPOINT
2023-04-28,CARYSIL
2023-04-28,CHENNPETRO
2023-04-28,COSMOFIRST
2023-04-28,PURVA
2023-04-28,TINPLATE
2023-04-28,DWARKESH
2023-04-28,KKCL
2023-04-28,ESABINDIA
2023-04-28,KIRIINDUS
2023-04-28,JWL
2023-04-28,JINDALPOLY
2023-04-28,J&KBANK
2023-04-28,HSCL
2023-04-28,MAHSEAMLES
2023-04-28,HIL
2023-04-28,HBLPOWER
2023-04-28,HARSHA
2023-04-28,GMDCLTD
2023-04-28,GRSE
2023-04-28,STYRENIX
2023-04-28,FINOPB
2023-04-28,HCG
2023-04-28,SOMANYCERA
2023-04-28,MAYURUNIQ
2023-04-28,MOL
2023-04-28,SIYSIL
2023-04-28,SIS
2023-04-28,SHANTIGEAR
2023-04-28,SCHNEIDER
2023-04-28,ROLEXRINGS
2023-04-28,RKFORGE
2023-04-28,RUPA
2023-04-28,RAILTEL
2023-04-28,PRUDENT
2023-04-28,PRIVISCL
2023-04-28,NEOGEN
2023-04-28,MOLDTKPAC
2023-04-28,SAFARI
2023-04-28,INOXWIND
2023-04-28,NDTV
2023-04-28,IFCI
2023-04-28,IOLCP
2023-04-28,TATVA
2023-04-28,THYROCARE
2023-04-28,TITAGARH
2023-04-28,UNICHEMLAB
2023-04-28,VESUVIUS
2023-04-28,UJJIVAN
2023-04-28,ACCELYA
2023-04-28,ANANTRAJ
2023-04-28,BARBEQUE
2023-04-28,CAMLINFINE
2023-04-28,CARERATING
2023-04-28,DALMIASUG
2023-04-28,GLOBUSSPR
2023-04-28,GUFICBIO
2023-04-28,SUBEXLTD
2023-04-28,SPLPETRO
2023-04-28,JPASSOCIAT
2023-04-28,JPPOWER
2023-04-28,JKTYRE
2023-04-28,JYOTICNC
2023-04-28,KIRLOSENG
2023-04-28,KRSNAA
2023-04-28,LAOPALA
2023-04-28,LGBBROSLTD
2023-04-28,MASFIN
2023-04-28,NAVNETEDUL
2023-04-28,NEWGEN
2023-04-28,PDSL
2023-04-28,PSPPROJECT
2023-04-28,ELECON
2023-04-28,INDOCO
2023-04-28,RTNPOWER
2023-04-28,WABAG
2023-04-28,TARSONS
2023-04-28,UNIPARTS
2023-04-28,VSTTILLERS
2023-04-28,DBREALTY
2023-04-28,VRLLOG
2023-04-28,ALIVUS
2023-04-28,BAJAJCON
2023-04-28,BALMLAWRIE
2023-04-28,CONFIPET
2023-04-28,TWL
2023-04-28,DCMSHRIRAM
2023-04-28,DEN
2023-04-28,DISHTV
2023-04-28,EVEREADY
2023-04-28,WOCKPHARMA
2023-04-28,FUSION
2023-04-28,HINDWAREAP
2023-04-28,JTEKTINDIA
2023-04-28,KOLTEPATIL
2023-04-28,LANDMARK
2023-04-28,LTFOODS
2023-04-28,MAITHANALL
2023-04-28,NAVA
2023-04-28,NEULANDLAB
2023-04-28,NRBBEARING
2023-04-28,PGEL
2023-04-28,SARDAEN
2023-04-28,SSWL
2023-04-28,VEEDOL
2023-04-28,VENKEYS
2023-04-28,PARADEEP
2023-04-28,WSTCSTPAPR
2023-04-28,GRAVITA
2023-04-28,BAJAJHIND
2023-04-28,KIRLOSBROS
2023-04-28,BOMDYEING
2023-04-28,TIRUMALCHM
2023-04-28,SULA
2023-04-28,SPANDANA
2023-04-28,SBCL
2023-04-28,PAISALO
2023-04-28,HEIDELBERG
2023-04-28,HATHWAY
2023-04-28,FCL
2023-04-28,DCXINDIA
2023-04-28,CHOICEIN
2023-04-28,DHANI
2023-04-28,JAICORPLTD
2023-04-28,HINDOILEXP
2023-04-28,GREENPLY
2023-04-28,AGI
2023-04-28,BOSCH-HCIL
2023-04-28,CARTRADE
2023-04-28,CEMPRO
2023-04-28,DCAL
2023-04-28,GABRIEL
2023-04-28,GANESHHOU
2023-04-28,GATEWAY
2023-04-28,ISGEC
2023-04-28,JKIL
2023-04-28,JISLJALEQS
2023-04-28,LMW
2023-04-28,BEPL
2023-04-28,ACUTAAS
2023-04-28,EMUDHRA
2023-04-28,TEGA
2023-04-28,MANINFRA
2023-04-28,TIMETECHNO
2023-04-28,VOLTAMP
2023-04-28,ARVINDFASN
2023-04-28,ASTRAMICRO
2023-04-28,SOUTHBANK
2023-04-28,THOMASCOOK
2023-04-28,ARVIND
2023-04-28,HGINFRA
2023-04-28,RELIGARE
2023-04-28,KTKBANK
2023-04-28,ELECTCAST
2023-04-28,LLOYDSENGG
2023-04-28,HERITGFOOD
2023-04-28,MSTCLTD
2023-04-28,MARKSANS
2023-04-28,DCBBANK
2023-04-28,CCAVENUE
2023-04-28,IMFA
2023-04-28,SURYAROSNI
2023-04-28,INDIAGLYCO
2023-04-28,HCC
2023-04-28,IIFLCAPS
2023-04-28,WELENT
2023-04-28,EMBDL
2023-04-28,TSFINV
2023-04-28,VIYASH
2023-04-28,BECTORFOOD
2023-04-28,ASHOKA
2023-04-28,CMSINFO
2023-04-28,TIPSMUSIC
2023-04-28,OPTIEMUS
2023-04-28,ORIENTCEM
2023-04-28,KSCL
2023-04-28,GREAVESCOT
2023-04-28,STARCEMENT
2023-04-28,NESCO
2023-04-28,ICIL
2023-04-28,HEMIPROP
2023-04-28,GOKEX
2023-04-28,ETHOSLTD
2023-04-28,ADVENZYMES
2023-04-28,MIDHANI
2023-04-28,IONEXCHANG
2023-04-28,SHAREINDIA
2023-04-28,SANSERA
2023-04-28,RATEGAIN
2023-04-28,PARAS
2023-04-28,CIGNITITEC
2023-04-28,NFL
2023-04-28,SUPRIYA
2023-04-28,STAR
2023-04-28,DATAMATICS
2023-04-28,DBL
2023-04-28,TECHNOE
2023-04-28,JCHAC
2023-04-28,AHLUCONT
2023-04-28,AARTIPHARM
2023-04-28,SUDARSCHEM
2023-04-28,SHILPAMED
2023-04-28,TIPSINDLTD
2023-04-28,PRICOLLTD
2023-04-28,POWERMECH
2023-04-28,MOIL
2023-04-28,FIEMIND
2023-04-28,EMIL
2023-04-28,PTC
2023-09-29,JINDALSAW
2023-09-29,BUTTERFLY
2023-09-29,AKZOINDIA
2023-09-29,ALOKINDS
2023-09-29,ANDHRSUGAR
2023-09-29,BFUTILITIE
2023-09-29,FAIRCHEMOR
2023-09-29,IPL
2023-09-29,GLS
2023-09-29,GPIL
2023-09-29,GRMOVER
2023-09-29,GTLINFRA
2023-09-29,ICRA
2023-09-29,UNIPARTS
2023-09-29,KAYNES
2023-09-29,FILATEX
2023-09-29,KCP
2023-09-29,MANALIPETC
2023-09-29,STOVEKRAFT
2023-09-29,MMFL
2023-09-29,IRCON
2023-09-29,MAHSCOOTER
2023-09-29,MINDACORP
2023-09-29,MOREPENLAB
2023-09-29,NDTV
2023-09-29,PANAMAPET
2023-09-29,POKARNA
2023-09-29,HCG
2023-09-29,PGHL
2023-09-29,PURVA
2023-09-29,SAFARI
2023-09-29,SAGCEM
2023-09-29,SOTL
2023-09-29,SOLARA
2023-09-29,KIRLFER
2023-09-29,SYMPHONY
2023-09-29,ACLGATI
2023-09-29,TATASTLLP
2023-09-29,UJJIVANSFB
2023-09-29,USHAMART
2023-09-29,VALIANTORG
2023-09-29,VSTIND
2023-09-29,FORCEMOT
2023-09-29,GOODYEAR
2023-09-29,GRAUWEIL
2023-09-29,TINPLATE
2023-09-29,TATAMETALI
2023-09-29,ACE
2023-09-29,ANANDRATHI
2023-09-29,APCOTEXIND
2023-09-29,APOLLOPIPE
2023-09-29,ASTEC
2023-09-29,PCJEWELLER
2023-09-29,ASTRAZEN
2023-09-29,TVTODAY
2023-09-29,AUTOAXLES
2023-09-29,CARYSIL
2023-09-29,CAPLIPOINT
2023-09-29,CHENNPETRO
2023-09-29,COSMOFIRST
2023-09-29,DIVGIITTS
2023-09-29,DOLLAR
2023-09-29,DWARKESH
2023-09-29,ELECON
2023-09-29,SYRMA
2023-09-29,ESABINDIA
2023-09-29,GRSE
2023-09-29,GARFIBRES
2023-09-29,GET&D
2023-09-29,GREENLAM
2023-09-29,GMDCLTD
2023-09-29,HARSHA
2023-09-29,HBLPOWER
2023-09-29,FINOPB
2023-09-29,HIL
2023-09-29,TATVA
2023-09-29,HGS
2023-09-29,PTCIL
2023-09-29,HNDFDS
2023-09-29,TCI
2023-09-29,INOXWIND
2023-09-29,J&KBANK
2023-09-29,JWL
2023-09-29,KKCL
2023-09-29,KIRIINDUS
2023-09-29,KIRLPNU
2023-09-29,MAHSEAMLES
2023-09-29,MAYURUNIQ
2023-09-29,MOL
2023-09-29,MOLDTKPAC
2023-09-29,NEOGEN
2023-09-29,PRIVISCL
2023-09-29,RAILTEL
2023-09-29,JINDALPOLY
2023-09-29,RKFORGE
2023-09-29,RAJRATAN
2023-09-29,SCHNEIDER
2023-09-29,SIS
2023-09-29,SHANTIGEAR
2023-09-29,TIIL
2023-09-29,SAKSOFT
2023-09-29,RUPA
2023-09-29,SOMANYCERA
2023-09-29,PRUDENT
2023-09-29,ROLEXRINGS
2023-09-29,UFLEX
2023-09-29,STYRENIX
2023-09-29,SUBEXLTD
2023-09-29,SPLPETRO
2023-09-29,TMB
2023-09-29,THYROCARE
2023-09-29,TCIEXP
2023-09-29,SIYSIL
2023-09-29,HERANBA
2023-09-29,TITAGARH
2023-09-29,UNICHEMLAB
2023-09-29,UJJIVAN
2023-09-29,TCNSBRANDS
2023-09-29,ACCELYA
2023-09-29,ANANTRAJ
2023-09-29,BARBEQUE
2023-09-29,CAMLINFINE
2023-09-29,CARERATING
2023-09-29,DBCORP
2023-09-29,DALMIASUG
2023-09-29,GLOBUSSPR
2023-09-29,GODREJAGRO
2023-09-29,GUFICBIO
2023-09-29,IFCI
2023-09-29,IKIO
2023-09-29,INDOCO
2023-09-29,IOLCP
2023-09-29,VESUVIUS
2023-09-29,JPASSOCIAT
2023-09-29,JKTYRE
2023-09-29,JPPOWER
2023-09-29,JYOTICNC
2023-09-29,KIRLOSBROS
2023-09-29,KIRLOSENG
2023-09-29,KRSNAA
2023-09-29,LAOPALA
2023-09-29,LGBBROSLTD
2023-09-29,PDSL
2023-09-29,MASFIN
2023-09-29,NEWGEN
2023-09-29,PSPPROJECT
2023-09-29,RTNPOWER
2023-09-29,RPOWER
2023-09-29,SCI
2023-09-29,TARSONS
2023-09-29,HSCL
2023-09-29,NAVNETEDUL
2023-09-29,TECHNOE
2023-09-29,HCC
2023-09-29,BECTORFOOD
2023-09-29,KOLTEPATIL
2023-09-29,TEGA
2023-09-29,VRLLOG
2023-09-29,ALIVUS
2023-09-29,BAJAJCON
2023-09-29,BALMLAWRIE
2023-09-29,DCMSHRIRAM
2023-09-29,DEN
2023-09-29,DISHTV
2023-09-29,DREAMFOLKS
2023-09-29,EVEREADY
2023-09-29,FUSION
2023-09-29,GRAVITA
2023-09-29,HINDOILEXP
2023-09-29,HINDWAREAP
2023-09-29,LANDMARK
2023-09-29,JTEKTINDIA
2023-09-29,LTFOODS
2023-09-29,BOMDYEING
2023-09-29,MAITHANALL
2023-09-29,NAVA
2023-09-29,NEULANDLAB
2023-09-29,NRBBEARING
2023-09-29,PGEL
2023-09-29,RAMKY
2023-09-29,SARDAEN
2023-09-29,VEEDOL
2023-09-29,DCXINDIA
2023-09-29,VENKEYS
2023-09-29,WSTCSTPAPR
2023-09-29,WOCKPHARMA
2023-09-29,ZENTEC
2023-09-29,BAJAJHIND
2023-09-29,BEPL
2023-09-29,MAHLOG
2023-09-29,CHOICEIN
2023-09-29,CONFIPET
2023-09-29,FCL
2023-09-29,AGI
2023-09-29,JAICORPLTD
2023-09-29,HEIDELBERG
2023-09-29,VSTTILLERS
2023-09-29,NOCIL
2023-09-29,PAISALO
2023-09-29,RESPONIND
2023-09-29,HATHWAY
2023-09-29,SPANDANA
2023-09-29,SULA
2023-09-29,TIRUMALCHM
2023-09-29,WONDERLA
2023-09-29,DHANI
2023-09-29,STYLAMIND
2023-09-29,ACUTAAS
2023-09-29,SBCL
2023-09-29,BOSCH-HCIL
2023-09-29,MANINFRA
2023-09-29,CEMPRO
2023-09-29,CARTRADE
2023-09-29,DCAL
2023-09-29,DODLA
2023-09-29,EMUDHRA
2023-09-29,GABRIEL
2023-09-29,GANESHHOU
2023-09-29,GATEWAY
2023-09-29,SSWL
2023-09-29,GREENPANEL
2023-09-29,ISGEC
2023-09-29,JKIL
2023-09-29,JISLJALEQS
2023-09-29,LMW
2023-09-29,PARADEEP
2023-09-29,GREENPLY
2023-09-29,SUNFLAG
2023-09-29,HIKAL
2023-09-29,CIGNITITEC
2023-09-29,JTLIND
2023-09-29,VOLTAMP
2023-09-29,ARVINDFASN
2023-09-29,ASTRAMICRO
2023-09-29,SOUTHBANK
2023-09-29,THOMASCOOK
2023-09-29,ARVIND
2023-09-29,HGINFRA
2023-09-29,RELIGARE
2023-09-29,KTKBANK
2023-09-29,ELECTCAST
2023-09-29,LLOYDSENGG
2023-09-29,HERITGFOOD
2023-09-29,MSTCLTD
2023-09-29,MARKSANS
2023-09-29,CCAVENUE
2023-09-29,TIPSMUSIC
2023-09-29,ORIENTCEM
2023-09-29,OPTIEMUS
2023-09-29,IMFA
2023-09-29,INDIAGLYCO
2023-09-29,TWL
2023-09-29,WABAG
2023-09-29,IIFLCAPS
2023-09-29,WELENT
2023-09-29,EMBDL
2023-09-29,TSFINV
2023-09-29,ASHOKA
2023-09-29,PARAS
2023-09-29,CMSINFO
2023-09-29,DCBBANK
2023-09-29,GHCL
2023-09-29,GREAVESCOT
2023-09-29,KSCL
2023-09-29,MIDHANI
2023-09-29,NFL
2023-09-29,SURYAROSNI
2023-09-29,RATEGAIN
2023-09-29,VIYASH
2023-09-29,AVALON
2023-09-29,SHAREINDIA
2023-09-29,SUPRIYA
2023-09-29,IONEXCHANG
2023-09-29,ADVENZYMES
2023-09-29,DATAMATICS
2023-09-29,ETHOSLTD
2023-09-29,GOKEX
2023-09-29,HEMIPROP
2023-09-29,ICIL
2023-09-29,NESCO
2023-09-29,STAR
2023-09-29,DBL
2023-09-29,EMIL
2023-09-29,TIMETECHNO
2023-09-29,FIEMIND
2023-09-29,MOIL
2023-09-29,POWERMECH
2023-09-29,STARCEMENT
2023-09-29,PTC
2023-09-29,PRICOLLTD
2023-09-29,TIPSINDLTD
2023-09-29,SHILPAMED
2023-09-29,AHLUCONT
2023-09-29,JCHAC
2023-09-29,DBREALTY
2023-09-29,EDELWEISS
2023-09-29,AARTIPHARM
2023-09-29,GANESHHOUC
2023-09-29,TI
2023-09-29,SANSERA
2023-09-29,TDPOWERSYS
2023-09-29,LSIL
2023-09-29,SUDARSCHEM
2023-09-29,IBREALEST
2023-09-29,IFBIND
2023-09-29,ITDCEM
2023-10-26,CAPLIPOINT
2023-10-26,GRAUWEIL
2023-10-26,TINPLATE
2023-10-26,GOODYEAR
2023-10-26,ACE
2023-10-26,ACLGATI
2023-10-26,ANANDRATHI
2023-10-26,APCOTEXIND
2023-10-26,APOLLOPIPE
2023-10-26,ASTEC
2023-10-26,ASTRAZEN
2023-10-26,AUTOAXLES
2023-10-26,TATAMETALI
2023-10-26,ESABINDIA
2023-10-26,CHENNPETRO
2023-10-26,COSMOFIRST
2023-10-26,DIVGIITTS
2023-10-26,DOLLAR
2023-10-26,DWARKESH
2023-10-26,ELECON
2023-10-26,FINOPB
2023-10-26,GRSE
2023-10-26,GARFIBRES
2023-10-26,GET&D
2023-10-26,GREENLAM
2023-10-26,GMDCLTD
2023-10-26,FORCEMOT
2023-10-26,HARSHA
2023-10-26,CARYSIL
2023-10-26,HBLPOWER
2023-10-26,NEOGEN
2023-10-26,HIL
2023-10-26,SOMANYCERA
2023-10-26,HNDFDS
2023-10-26,INOXWIND
2023-10-26,J&KBANK
2023-10-26,JINDALPOLY
2023-10-26,JWL
2023-10-26,KKCL
2023-10-26,KIRIINDUS
2023-10-26,KIRLPNU
2023-10-26,MAHSEAMLES
2023-10-26,MAYURUNIQ
2023-10-26,MOL
2023-10-26,MOLDTKPAC
2023-10-26,HSCL
2023-10-26,PRUDENT
2023-10-26,PTCIL
2023-10-26,RAILTEL
2023-10-26,RAJRATAN
2023-10-26,RKFORGE
2023-10-26,ROLEXRINGS
2023-10-26,RUPA
2023-10-26,SAKSOFT
2023-10-26,SBFC
2023-10-26,SCHNEIDER
2023-10-26,GUFICBIO
2023-10-26,SHANTIGEAR
2023-10-26,SIS
2023-10-26,SIYSIL
2023-10-26,PRIVISCL
2023-10-26,HCG
2023-10-26,STYRENIX
2023-10-26,TATVA
2023-10-26,SPLPETRO
2023-10-26,KIRLOSBROS
2023-10-26,TMB
2023-10-26,TCIEXP
2023-10-26,TIIL
2023-10-26,THYROCARE
2023-10-26,TITAGARH
2023-10-26,TCI
2023-10-26,UNICHEMLAB
2023-10-26,VESUVIUS
2023-10-26,UJJIVAN
2023-10-26,TCNSBRANDS
2023-10-26,ACCELYA
2023-10-26,ANANTRAJ
2023-10-26,TVSSCS
2023-10-26,CAMLINFINE
2023-10-26,BARBEQUE
2023-10-26,JPPOWER
2023-10-26,JPASSOCIAT
2023-10-26,IOLCP
2023-10-26,INDOCO
2023-10-26,IKIO
2023-10-26,IFCI
2023-10-26,JKTYRE
2023-10-26,GODREJAGRO
2023-10-26,GLOBUSSPR
2023-10-26,DALMIASUG
2023-10-26,DBCORP
2023-10-26,CARERATING
2023-10-26,HGS
2023-10-26,JYOTICNC
2023-10-26,KOLTEPATIL
2023-10-26,UNIPARTS
2023-10-26,KRSNAA
2023-10-26,LAOPALA
2023-10-26,LGBBROSLTD
2023-10-26,MASFIN
2023-10-26,NAVNETEDUL
2023-10-26,PDSL
2023-10-26,PSPPROJECT
2023-10-26,RTNPOWER
2023-10-26,RPOWER
2023-10-26,SCI
2023-10-26,TARSONS
2023-10-26,TECHNOE
2023-10-26,UFLEX
2023-10-26,SUBEXLTD
2023-10-26,VSTTILLERS
2023-10-26,DBREALTY
2023-10-26,VRLLOG
2023-10-26,ALIVUS
2023-10-26,BAJAJCON
2023-10-26,BALMLAWRIE
2023-10-26,CONFIPET
2023-10-26,DCMSHRIRAM
2023-10-26,DEN
2023-10-26,DISHTV
2023-10-26,DREAMFOLKS
2023-10-26,EVEREADY
2023-10-26,FUSION
2023-10-26,GRAVITA
2023-10-26,HINDOILEXP
2023-10-26,HINDWAREAP
2023-10-26,KIRLOSENG
2023-10-26,JTEKTINDIA
2023-10-26,ELECTCAST
2023-10-26,LANDMARK
2023-10-26,MAHLOG
2023-10-26,MAITHANALL
2023-10-26,NAVA
2023-10-26,NEULANDLAB
2023-10-26,NRBBEARING
2023-10-26,PGEL
2023-10-26,RAMKY
2023-10-26,SARDAEN
2023-10-26,SSWL
2023-10-26,VEEDOL
2023-10-26,VENKEYS
2023-10-26,WSTCSTPAPR
2023-10-26,WOCKPHARMA
2023-10-26,ARVINDFASN
2023-10-26,BAJAJHIND
2023-10-26,BOMDYEING
2023-10-26,CHOICEIN
2023-10-26,DCXINDIA
2023-10-26,FCL
2023-10-26,GREENPLY
2023-10-26,HATHWAY
2023-10-26,HEIDELBERG
2023-10-26,JAICORPLTD
2023-10-26,TI
2023-10-26,JTLIND
2023-10-26,NOCIL
2023-10-26,PAISALO
2023-10-26,RESPONIND
2023-10-26,BEPL
2023-10-26,SBCL
2023-10-26,ZENTEC
2023-10-26,STYLAMIND
2023-10-26,GANESHHOU
2023-10-26,WONDERLA
2023-10-26,DHANI
2023-10-26,TIRUMALCHM
2023-10-26,AGI
2023-10-26,BOSCH-HCIL
2023-10-26,CARTRADE
2023-10-26,CEMPRO
2023-10-26,DCAL
2023-10-26,DODLA
2023-10-26,EMUDHRA
2023-10-26,GABRIEL
2023-10-26,ACUTAAS
2023-10-26,LMW
2023-10-26,GREENPANEL
2023-10-26,HIKAL
2023-10-26,ISGEC
2023-10-26,JKIL
2023-10-26,JISLJALEQS
2023-10-26,JINDWORLD
2023-10-26,MANINFRA
2023-10-26,PARADEEP
2023-10-26,SUNFLAG
2023-10-26,TEGA
2023-10-26,CIGNITITEC
2023-10-26,TIMETECHNO
2023-10-26,SULA
2023-10-26,VOLTAMP
2023-10-26,GATEWAY
2023-10-26,SPANDANA
2023-10-26,ASTRAMICRO
2023-10-26,NEWGEN
2023-10-26,THOMASCOOK
2023-10-26,ARVIND
2023-10-26,HGINFRA
2023-10-26,RELIGARE
2023-10-26,KTKBANK
2023-10-26,LLOYDSENGG
2023-10-26,HERITGFOOD
2023-10-26,MSTCLTD
2023-10-26,MARKSANS
2023-10-26,CCAVENUE
2023-10-26,TIPSMUSIC
2023-10-26,ORIENTCEM
2023-10-26,IMFA
2023-10-26,SHAREINDIA
2023-10-26,INDIAGLYCO
2023-10-26,HCC
2023-10-26,WABAG
2023-10-26,IIFLCAPS
2023-10-26,WELENT
2023-10-26,EMBDL
2023-10-26,TSFINV
2023-10-26,VIYASH
2023-10-26,BECTORFOOD
2023-10-26,ASHOKA
2023-10-26,CMSINFO
2023-10-26,DCBBANK
2023-10-26,GHCL
2023-10-26,GREAVESCOT
2023-10-26,KSCL
2023-10-26,NFL
2023-10-26,MIDHANI
2023-10-26,OPTIEMUS
2023-10-26,SURYAROSNI
2023-10-26,PARAS
2023-10-26,SOUTHBANK
2023-10-26,RATEGAIN
2023-10-26,SANSERA
2023-10-26,SUPRIYA
2023-10-26,IONEXCHANG
2023-10-26,ADVENZYMES
2023-10-26,DATAMATICS
2023-10-26,ETHOSLTD
2023-10-26,HEMIPROP
2023-10-26,ICIL
2023-10-26,NESCO
2023-10-26,STAR
2023-10-26,STARCEMENT
2023-10-26,DBL
2023-10-26,GOKEX
2023-10-26,FIEMIND
2023-10-26,EMIL
2023-10-26,TDPOWERSYS
2023-10-26,IFBIND
2023-10-26,EDELWEISS
2023-10-26,AVALON
2023-10-26,AHLUCONT
2023-10-26,AARTIPHARM
2023-10-26,LTFOODS
2023-10-26,SHILPAMED
2023-10-26,PTC
2023-10-26,PRICOLLTD
2023-10-26,POWERMECH
2023-10-26,MOIL
2023-10-26,SUDARSCHEM
2024-01-19,CARYSIL
2024-01-19,CAPLIPOINT
2024-01-19,AUTOAXLES
2024-01-19,ASTRAZEN
2024-01-19,ASTEC
2024-01-19,APOLLOPIPE
2024-01-19,ACE
2024-01-19,ANANDRATHI
2024-01-19,ACLGATI
2024-01-19,TATAMETALI
2024-01-19,TINPLATE
2024-01-19,LANDMARK
2024-01-19,APCOTEXIND
2024-01-19,CHENNPETRO
2024-01-19,HCG
2024-01-19,DIVGIITTS
2024-01-19,DOLLAR
2024-01-19,DWARKESH
2024-01-19,ELECON
2024-01-19,ESABINDIA
2024-01-19,FINOPB
2024-01-19,GRSE
2024-01-19,GARFIBRES
2024-01-19,GET&D
2024-01-19,GREENLAM
2024-01-19,GMDCLTD
2024-01-19,HARSHA
2024-01-19,HBLPOWER
2024-01-19,COSMOFIRST
2024-01-19,HIL
2024-01-19,J&KBANK
2024-01-19,HGS
2024-01-19,SPLPETRO
2024-01-19,JINDALPOLY
2024-01-19,JWL
2024-01-19,KKCL
2024-01-19,KIRIINDUS
2024-01-19,KIRLPNU
2024-01-19,MAHSEAMLES
2024-01-19,MAYURUNIQ
2024-01-19,MOL
2024-01-19,MOLDTKPAC
2024-01-19,NEOGEN
2024-01-19,PRIVISCL
2024-01-19,PRUDENT
2024-01-19,INOXWIND
2024-01-19,PTCIL
2024-01-19,RAJRATAN
2024-01-19,RKFORGE
2024-01-19,ROLEXRINGS
2024-01-19,RUPA
2024-01-19,SAKSOFT
2024-01-19,SBFC
2024-01-19,SCHNEIDER
2024-01-19,SHANTIGEAR
2024-01-19,SIS
2024-01-19,SIYSIL
2024-01-19,SOMANYCERA
2024-01-19,STYRENIX
2024-01-19,SUBEXLTD
2024-01-19,RAILTEL
2024-01-19,HSCL
2024-01-19,TMB
2024-01-19,LGBBROSLTD
2024-01-19,TCIEXP
2024-01-19,THYROCARE
2024-01-19,TITAGARH
2024-01-19,TCI
2024-01-19,TVSSCS
2024-01-19,UNICHEMLAB
2024-01-19,VESUVIUS
2024-01-19,UJJIVAN
2024-01-19,KRSNAA
2024-01-19,ACCELYA
2024-01-19,ANANTRAJ
2024-01-19,BARBEQUE
2024-01-19,CARERATING
2024-01-19,DBCORP
2024-01-19,TIIL
2024-01-19,CAMLINFINE
2024-01-19,KIRLOSENG
2024-01-19,KIRLOSBROS
2024-01-19,JYOTICNC
2024-01-19,JKTYRE
2024-01-19,DALMIASUG
2024-01-19,JPASSOCIAT
2024-01-19,JPPOWER
2024-01-19,INDOCO
2024-01-19,IKIO
2024-01-19,IFCI
2024-01-19,GUFICBIO
2024-01-19,GODREJAGRO
2024-01-19,JTEKTINDIA
2024-01-19,GLOBUSSPR
2024-01-19,TCNSBRANDS
2024-01-19,HINDWAREAP
2024-01-19,LAOPALA
2024-01-19,MASFIN
2024-01-19,NAVNETEDUL
2024-01-19,NEWGEN
2024-01-19,PDSL
2024-01-19,PSPPROJECT
2024-01-19,RTNPOWER
2024-01-19,RPOWER
2024-01-19,SCI
2024-01-19,TARSONS
2024-01-19,TECHNOE
2024-01-19,TVSHLTD
2024-01-19,UFLEX
2024-01-19,UNIPARTS
2024-01-19,VSTTILLERS
2024-01-19,DBREALTY
2024-01-19,VRLLOG
2024-01-19,ALIVUS
2024-01-19,BAJAJCON
2024-01-19,BALMLAWRIE
2024-01-19,CONFIPET
2024-01-19,DCMSHRIRAM
2024-01-19,DEN
2024-01-19,DISHTV
2024-01-19,DREAMFOLKS
2024-01-19,EVEREADY
2024-01-19,FUSION
2024-01-19,GRAVITA
2024-01-19,HINDOILEXP
2024-01-19,TATVA
2024-01-19,HNDFDS
2024-01-19,IOLCP
2024-01-19,TI
2024-01-19,THOMASCOOK
2024-01-19,MAITHANALL
2024-01-19,NAVA
2024-01-19,NEULANDLAB
2024-01-19,NRBBEARING
2024-01-19,PGEL
2024-01-19,RAMKY
2024-01-19,SARDAEN
2024-01-19,SSWL
2024-01-19,VEEDOL
2024-01-19,VENKEYS
2024-01-19,WSTCSTPAPR
2024-01-19,WOCKPHARMA
2024-01-19,ZENTEC
2024-01-19,ASTRAMICRO
2024-01-19,BAJAJHIND
2024-01-19,BOMDYEING
2024-01-19,CHOICEIN
2024-01-19,DCXINDIA
2024-01-19,FCL
2024-01-19,GREENPLY
2024-01-19,HATHWAY
2024-01-19,HEIDELBERG
2024-01-19,JAICORPLTD
2024-01-19,JTLIND
2024-01-19,NOCIL
2024-01-19,PAISALO
2024-01-19,RESPONIND
2024-01-19,SBCL
2024-01-19,BEPL
2024-01-19,MAHLOG
2024-01-19,SULA
2024-01-19,GREENPANEL
2024-01-19,KOLTEPATIL
2024-01-19,GANESHHOU
2024-01-19,GABRIEL
2024-01-19,EMUDHRA
2024-01-19,DODLA
2024-01-19,DCAL
2024-01-19,CEMPRO
2024-01-19,ACUTAAS
2024-01-19,BOSCH-HCIL
2024-01-19,AGI
2024-01-19,DHANI
2024-01-19,WONDERLA
2024-01-19,TIRUMALCHM
2024-01-19,CARTRADE
2024-01-19,GATEWAY
2024-01-19,ARVINDFASN
2024-01-19,HIKAL
2024-01-19,ISGEC
2024-01-19,JKIL
2024-01-19,JISLJALEQS
2024-01-19,JINDWORLD
2024-01-19,LMW
2024-01-19,MANINFRA
2024-01-19,PARADEEP
2024-01-19,SUNFLAG
2024-01-19,TEGA
2024-01-19,CIGNITITEC
2024-01-19,TIMETECHNO
2024-01-19,VOLTAMP
2024-01-19,STYLAMIND
2024-01-19,SOUTHBANK
2024-01-19,SPANDANA
2024-01-19,ARVIND
2024-01-19,HGINFRA
2024-01-19,RELIGARE
2024-01-19,KTKBANK
2024-01-19,ELECTCAST
2024-01-19,LLOYDSENGG
2024-01-19,HERITGFOOD
2024-01-19,MSTCLTD
2024-01-19,MARKSANS
2024-01-19,CCAVENUE
2024-01-19,TIPSMUSIC
2024-01-19,ORIENTCEM
2024-01-19,IMFA
2024-01-19,SURYAROSNI
2024-01-19,INDIAGLYCO
2024-01-19,HCC
2024-01-19,WABAG
2024-01-19,IIFLCAPS
2024-01-19,WELENT
2024-01-19,EMBDL
2024-01-19,TSFINV
2024-01-19,VIYASH
2024-01-19,BECTORFOOD
2024-01-19,ASHOKA
2024-01-19,CMSINFO
2024-01-19,DCBBANK
2024-01-19,GHCL
2024-01-19,GREAVESCOT
2024-01-19,KSCL
2024-01-19,NFL
2024-01-19,OPTIEMUS
2024-01-19,PARAS
2024-01-19,MIDHANI
2024-01-19,ICIL
2024-01-19,SHAREINDIA
2024-01-19,SUPRIYA
2024-01-19,IONEXCHANG
2024-01-19,ADVENZYMES
2024-01-19,DATAMATICS
2024-01-19,ETHOSLTD
2024-01-19,GOKEX
2024-01-19,HEMIPROP
2024-01-19,RATEGAIN
2024-01-19,NESCO
2024-01-19,STAR
2024-01-19,STARCEMENT
2024-01-19,SANSERA
2024-01-19,EMIL
2024-01-19,DBL
2024-01-19,POWERMECH
2024-01-19,FIEMIND
2024-01-19,LTFOODS
2024-01-19,TDPOWERSYS
2024-01-19,IFBIND
2024-01-19,MOIL
2024-01-19,AVALON
2024-01-19,EDELWEISS
2024-01-19,AARTIPHARM
2024-01-19,SUDARSCHEM
2024-01-19,SHILPAMED
2024-01-19,PTC
2024-01-19,PRICOLLTD
2024-01-19,AHLUCONT
2024-02-06,AUTOAXLES
2024-02-06,COSMOFIRST
2024-02-06,CHENNPETRO
2024-02-06,CARYSIL
2024-02-06,CAPLIPOINT
2024-02-06,ASTRAZEN
2024-02-06,TCIEXP
2024-02-06,APOLLOPIPE
2024-02-06,APCOTEXIND
2024-02-06,ANANDRATHI
2024-02-06,ACLGATI
2024-02-06,ACE
2024-02-06,ASTEC
2024-02-06,DIVGIITTS
2024-02-06,LANDMARK
2024-02-06,DWARKESH
2024-02-06,ELECON
2024-02-06,ESABINDIA
2024-02-06,FINOPB
2024-02-06,GRSE
2024-02-06,GARFIBRES
2024-02-06,GET&D
2024-02-06,GREENLAM
2024-02-06,GMDCLTD
2024-02-06,HBLPOWER
2024-02-06,HIL
2024-02-06,HSCL
2024-02-06,HGS
2024-02-06,TATAMETALI
2024-02-06,DOLLAR
2024-02-06,HNDFDS
2024-02-06,RUPA
2024-02-06,J&KBANK
2024-02-06,JWL
2024-02-06,KKCL
2024-02-06,KIRIINDUS
2024-02-06,KIRLPNU
2024-02-06,MAHSEAMLES
2024-02-06,MAYURUNIQ
2024-02-06,MOL
2024-02-06,MOLDTKPAC
2024-02-06,NEOGEN
2024-02-06,PRIVISCL
2024-02-06,PRUDENT
2024-02-06,PTCIL
2024-02-06,RAILTEL
2024-02-06,INOXWIND
2024-02-06,JINDALPOLY
2024-02-06,ROLEXRINGS
2024-02-06,SAKSOFT
2024-02-06,SBFC
2024-02-06,SCHNEIDER
2024-02-06,SHANTIGEAR
2024-02-06,SIS
2024-02-06,SIYSIL
2024-02-06,SOMANYCERA
2024-02-06,STYRENIX
2024-02-06,SUBEXLTD
2024-02-06,SPLPETRO
2024-02-06,TMB
2024-02-06,RKFORGE
2024-02-06,RAJRATAN
2024-02-06,HARSHA
2024-02-06,KOLTEPATIL
2024-02-06,NEWGEN
2024-02-06,TCI
2024-02-06,TVSSCS
2024-02-06,UNICHEMLAB
2024-02-06,VESUVIUS
2024-02-06,UJJIVAN
2024-02-06,TCNSBRANDS
2024-02-06,ANANTRAJ
2024-02-06,BARBEQUE
2024-02-06,BASF
2024-02-06,CAMLINFINE
2024-02-06,CARERATING
2024-02-06,DBCORP
2024-02-06,DALMIASUG
2024-02-06,LGBBROSLTD
2024-02-06,ACCELYA
2024-02-06,KIRLOSENG
2024-02-06,GLOBUSSPR
2024-02-06,KIRLOSBROS
2024-02-06,JYOTICNC
2024-02-06,JKTYRE
2024-02-06,JPPOWER
2024-02-06,JPASSOCIAT
2024-02-06,KRSNAA
2024-02-06,IOLCP
2024-02-06,INDOCO
2024-02-06,IKIO
2024-02-06,IFCI
2024-02-06,GUFICBIO
2024-02-06,GODREJAGRO
2024-02-06,TITAGARH
2024-02-06,LAOPALA
2024-02-06,BAJAJCON
2024-02-06,PDSL
2024-02-06,PSPPROJECT
2024-02-06,RTNPOWER
2024-02-06,RPOWER
2024-02-06,SCI
2024-02-06,TARSONS
2024-02-06,TECHNOE
2024-02-06,TVSHLTD
2024-02-06,UFLEX
2024-02-06,UNIPARTS
2024-02-06,VSTTILLERS
2024-02-06,DBREALTY
2024-02-06,NAVNETEDUL
2024-02-06,VRLLOG
2024-02-06,BALMLAWRIE
2024-02-06,CONFIPET
2024-02-06,DCMSHRIRAM
2024-02-06,DEN
2024-02-06,DISHTV
2024-02-06,DREAMFOLKS
2024-02-06,EVEREADY
2024-02-06,FUSION
2024-02-06,GRAVITA
2024-02-06,HINDOILEXP
2024-02-06,HINDWAREAP
2024-02-06,JTEKTINDIA
2024-02-06,TIIL
2024-02-06,ALIVUS
2024-02-06,MASFIN
2024-02-06,THYROCARE
2024-02-06,TATVA
2024-02-06,HCG
2024-02-06,ARVIND
2024-02-06,NAVA
2024-02-06,NEULANDLAB
2024-02-06,NRBBEARING
2024-02-06,PGEL
2024-02-06,RAMKY
2024-02-06,SARDAEN
2024-02-06,SSWL
2024-02-06,VEEDOL
2024-02-06,VENKEYS
2024-02-06,WSTCSTPAPR
2024-02-06,WOCKPHARMA
2024-02-06,ZENTEC
2024-02-06,SULA
2024-02-06,MAITHANALL
2024-02-06,BAJAJHIND
2024-02-06,DCXINDIA
2024-02-06,FCL
2024-02-06,GREENPLY
2024-02-06,HATHWAY
2024-02-06,HEIDELBERG
2024-02-06,JAICORPLTD
2024-02-06,JTLIND
2024-02-06,NOCIL
2024-02-06,PAISALO
2024-02-06,RESPONIND
2024-02-06,SBCL
2024-02-06,SPANDANA
2024-02-06,BEPL
2024-02-06,BOMDYEING
2024-02-06,STYLAMIND
2024-02-06,CHOICEIN
2024-02-06,TIRUMALCHM
2024-02-06,DODLA
2024-02-06,GATEWAY
2024-02-06,GANESHHOU
2024-02-06,GABRIEL
2024-02-06,EMUDHRA
2024-02-06,DCAL
2024-02-06,SOUTHBANK
2024-02-06,CARTRADE
2024-02-06,BOSCH-HCIL
2024-02-06,AGI
2024-02-06,ACUTAAS
2024-02-06,DHANI
2024-02-06,CEMPRO
2024-02-06,GREENPANEL
2024-02-06,ASTRAMICRO
2024-02-06,ISGEC
2024-02-06,JKIL
2024-02-06,JISLJALEQS
2024-02-06,JINDWORLD
2024-02-06,LMW
2024-02-06,MANINFRA
2024-02-06,PARADEEP
2024-02-06,SUNFLAG
2024-02-06,TEGA
2024-02-06,TIMETECHNO
2024-02-06,VOLTAMP
2024-02-06,ARVINDFASN
2024-02-06,WONDERLA
2024-02-06,HIKAL
2024-02-06,THOMASCOOK
2024-02-06,MAHLOG
2024-02-06,CIGNITITEC
2024-02-06,SHAREINDIA
2024-02-06,KTKBANK
2024-02-06,ELECTCAST
2024-02-06,LLOYDSENGG
2024-02-06,HERITGFOOD
2024-02-06,MSTCLTD
2024-02-06,MARKSANS
2024-02-06,CCAVENUE
2024-02-06,TIPSMUSIC
2024-02-06,ORIENTCEM
2024-02-06,IMFA
2024-02-06,SURYAROSNI
2024-02-06,INDIAGLYCO
2024-02-06,HCC
2024-02-06,RELIGARE
2024-02-06,WABAG
2024-02-06,EMBDL
2024-02-06,TSFINV
2024-02-06,VIYASH
2024-02-06,BECTORFOOD
2024-02-06,ASHOKA
2024-02-06,CMSINFO
2024-02-06,DCBBANK
2024-02-06,GHCL
2024-02-06,GREAVESCOT
2024-02-06,KSCL
2024-02-06,MIDHANI
2024-02-06,NFL
2024-02-06,HGINFRA
2024-02-06,IIFLCAPS
2024-02-06,OPTIEMUS
2024-02-06,WELENT
2024-02-06,RATEGAIN
2024-02-06,SUPRIYA
2024-02-06,PARAS
2024-02-06,IONEXCHANG
2024-02-06,ADVENZYMES
2024-02-06,LTFOODS
2024-02-06,DATAMATICS
2024-02-06,ETHOSLTD
2024-02-06,GOKEX
2024-02-06,ICIL
2024-02-06,NESCO
2024-02-06,STAR
2024-02-06,STARCEMENT
2024-02-06,DBL
2024-02-06,SANSERA
2024-02-06,EMIL
2024-02-06,HEMIPROP
2024-02-06,POWERMECH
2024-02-06,TI
2024-02-06,MOIL
2024-02-06,TDPOWERSYS
2024-02-06,IFBIND
2024-02-06,EDELWEISS
2024-02-06,AVALON
2024-02-06,AHLUCONT
2024-02-06,FIEMIND
2024-02-06,AARTIPHARM
2024-02-06,SUDARSCHEM
2024-02-06,SHILPAMED
2024-02-06,PTC
2024-02-06,PRICOLLTD
2024-03-28,ASTEC
2024-03-28,ANANDRATHI
2024-03-28,APCOTEXIND
2024-03-28,AUTOAXLES
2024-03-28,APOLLOPIPE
2024-03-28,ACE
2024-03-28,ACLGATI
2024-03-28,COSMOFIRST
2024-03-28,CAPLIPOINT
2024-03-28,ESABINDIA
2024-03-28,CARYSIL
2024-03-28,CHENNPETRO
2024-03-28,DIVGIITTS
2024-03-28,DWARKESH
2024-03-28,PGEL
2024-03-28,DOLLAR
2024-03-28,ASTRAZEN
2024-03-28,GRSE
2024-03-28,HARSHA
2024-03-28,KIRLPNU
2024-03-28,MAYURUNIQ
2024-03-28,ELECON
2024-03-28,GET&D
2024-03-28,GREENLAM
2024-03-28,GMDCLTD
2024-03-28,HBLPOWER
2024-03-28,HCG
2024-03-28,HIL
2024-03-28,HSCL
2024-03-28,HGS
2024-03-28,HNDFDS
2024-03-28,INOXWIND
2024-03-28,J&KBANK
2024-03-28,JINDALPOLY
2024-03-28,JWL
2024-03-28,KKCL
2024-03-28,KIRIINDUS
2024-03-28,GARFIBRES
2024-03-28,MAHSEAMLES
2024-03-28,RKFORGE
2024-03-28,DBCORP
2024-03-28,ROLEXRINGS
2024-03-28,NEOGEN
2024-03-28,PRIVISCL
2024-03-28,PRUDENT
2024-03-28,PTCIL
2024-03-28,RAILTEL
2024-03-28,RAJRATAN
2024-03-28,SPLPETRO
2024-03-28,RUPA
2024-03-28,SBFC
2024-03-28,SCHNEIDER
2024-03-28,SHANTIGEAR
2024-03-28,SIS
2024-03-28,SIYSIL
2024-03-28,SOMANYCERA
2024-03-28,DALMIASUG
2024-03-28,SUBEXLTD
2024-03-28,TMB
2024-03-28,TATVA
2024-03-28,CARERATING
2024-03-28,MOLDTKPAC
2024-03-28,TCIEXP
2024-03-28,TIIL
2024-03-28,THYROCARE
2024-03-28,TITAGARH
2024-03-28,TCI
2024-03-28,TVSSCS
2024-03-28,UNICHEMLAB
2024-03-28,VESUVIUS
2024-03-28,BCG
2024-03-28,UJJIVAN
2024-03-28,TCNSBRANDS
2024-03-28,ACCELYA
2024-03-28,ANANTRAJ
2024-03-28,BARBEQUE
2024-03-28,BASF
2024-03-28,CAMLINFINE
2024-03-28,MOL
2024-03-28,SAKSOFT
2024-03-28,TARSONS
2024-03-28,ESAFSFB
2024-03-28,TTKPRESTIG
2024-03-28,GRINFRA
2024-03-28,GALAXYSURF
2024-03-28,GLOBUSSPR
2024-03-28,GODREJAGRO
2024-03-28,HLEGLAS
2024-03-28,HMAAGRO
2024-03-28,KIRLOSBROS
2024-03-28,IFCI
2024-03-28,INDOCO
2024-03-28,INOXINDIA
2024-03-28,IOLCP
2024-03-28,JPASSOCIAT
2024-03-28,JPPOWER
2024-03-28,JKTYRE
2024-03-28,JSWHL
2024-03-28,IKIO
2024-03-28,KIRLOSENG
2024-03-28,GUFICBIO
2024-03-28,KRSNAA
2024-03-28,LGBBROSLTD
2024-03-28,PDSL
2024-03-28,MASFIN
2024-03-28,NAVNETEDUL
2024-03-28,NETWEB
2024-03-28,LAOPALA
2024-03-28,NEWGEN
2024-03-28,NUCLEUS
2024-03-28,SCI
2024-03-28,PSPPROJECT
2024-03-28,RTNPOWER
2024-03-28,RPOWER
2024-03-28,SAGCEM
2024-03-28,SHOPERSTOP
2024-03-28,SUNCLAY
2024-03-28,KPIGREEN
2024-03-28,STYRENIX
2024-03-28,JYOTICNC
2024-03-28,FLAIR
2024-03-28,TECHNOE
2024-03-28,TVSHLTD
2024-03-28,BALMLAWRIE
2024-03-28,UNIPARTS
2024-03-28,VSTTILLERS
2024-03-28,DBREALTY
2024-03-28,VRLLOG
2024-03-28,KESORAMIND
2024-03-28,ALIVUS
2024-03-28,FUSION
2024-03-28,BAJAJCON
2024-03-28,EVEREADY
2024-03-28,DCMSHRIRAM
2024-03-28,DELTACORP
2024-03-28,DEN
2024-03-28,DHANUKA
2024-03-28,DISHTV
2024-03-28,DREAMFOLKS
2024-03-28,CONFIPET
2024-03-28,GOCOLORS
2024-03-28,GRAVITA
2024-03-28,NRBBEARING
2024-03-28,UFLEX
2024-03-28,GUJALKALI
2024-03-28,HINDOILEXP
2024-03-28,HINDWAREAP
2024-03-28,IDEAFORGE
2024-03-28,IPL
2024-03-28,JTEKTINDIA
2024-03-28,JLHL
2024-03-28,FEDFINA
2024-03-28,LANDMARK
2024-03-28,LTFOODS
2024-03-28,MAHLOG
2024-03-28,MAITHANALL
2024-03-28,MUTHOOTMF
2024-03-28,NAVA
2024-03-28,NEULANDLAB
2024-03-28,NIITMTS
2024-03-28,KOLTEPATIL
2024-03-28,FINOPB
2024-03-28,PURVA
2024-03-28,JKIL
2024-03-28,SINDHUTRAD
2024-03-28,ARVIND
2024-03-28,KALAMANDIR
2024-03-28,SANDUMA
2024-03-28,SANGHIIND
2024-03-28,SANGHVIMOV
2024-03-28,SARDAEN
2024-03-28,BOMDYEING
2024-03-28,SSWL
2024-03-28,VEEDOL
2024-03-28,VENKEYS
2024-03-28,WSTCSTPAPR
2024-03-28,WOCKPHARMA
2024-03-28,ZENTEC
2024-03-28,BAJAJHIND
2024-03-28,BEPL
2024-03-28,BLUEJET
2024-03-28,CHOICEIN
2024-03-28,DCXINDIA
2024-03-28,SUPRAJIT
2024-03-28,WONDERLA
2024-03-28,FCL
2024-03-28,GREENPLY
2024-03-28,HATHWAY
2024-03-28,HEIDELBERG
2024-03-28,JAICORPLTD
2024-03-28,JTLIND
2024-03-28,NOCIL
2024-03-28,ORISSAMINE
2024-03-28,PAISALO
2024-03-28,REDTAPE
2024-03-28,RESPONIND
2024-03-28,ROSSARI
2024-03-28,SBCL
2024-03-28,SPANDANA
2024-03-28,STYLAMIND
2024-03-28,SULA
2024-03-28,TIRUMALCHM
2024-03-28,HGINFRA
2024-03-28,UTKARSHBNK
2024-03-28,JISLJALEQS
2024-03-28,BOSCH-HCIL
2024-03-28,ISGEC
2024-03-28,AGI
2024-03-28,CARTRADE
2024-03-28,CYIENTDLM
2024-03-28,DCAL
2024-03-28,DODLA
2024-03-28,EPIGRAL
2024-03-28,EMUDHRA
2024-03-28,GULFOILLUB
2024-03-28,HIKAL
2024-03-28,GANESHHOU
2024-03-28,INGERRAND
2024-03-28,GATEWAY
2024-03-28,GREENPANEL
2024-03-28,GABRIEL
2024-03-28,CEMPRO
2024-03-28,ORIENTELEC
2024-03-28,VOLTAMP
2024-03-28,JINDWORLD
2024-03-28,LMW
2024-03-28,LUXIND
2024-03-28,MANINFRA
2024-03-28,PARADEEP
2024-03-28,PATELENG
2024-03-28,POLYPLEX
2024-03-28,SUNFLAG
2024-03-28,TEAMLEASE
2024-03-28,TEGA
2024-03-28,ZYDUSWELL
2024-03-28,CIGNITITEC
2024-03-28,TIMETECHNO
2024-03-28,ARVINDFASN
2024-03-28,ASTRAMICRO
2024-03-28,SOUTHBANK
2024-03-28,ACUTAAS
2024-03-28,THOMASCOOK
2024-03-28,DHANI
2024-03-28,AZAD
2024-03-28,SHARDAMOTR
2024-03-28,IFBIND
2024-03-28,ORIENTCEM
2024-03-28,ELECTCAST
2024-03-28,LLOYDSENGG
2024-03-28,HERITGFOOD
2024-03-28,MSTCLTD
2024-03-28,MARKSANS
2024-03-28,CCAVENUE
2024-03-28,VIYASH
2024-03-28,TIPSMUSIC
2024-03-28,TSFINV
2024-03-28,SURYAROSNI
2024-03-28,INDIAGLYCO
2024-03-28,HCC
2024-03-28,WABAG
2024-03-28,IIFLCAPS
2024-03-28,WELENT
2024-03-28,IMFA
2024-03-28,BECTORFOOD
2024-03-28,ASHOKA
2024-03-28,ETHOSLTD
2024-03-28,HEMIPROP
2024-03-28,CMSINFO
2024-03-28,DCBBANK
2024-03-28,GHCL
2024-03-28,GREAVESCOT
2024-03-28,KSCL
2024-03-28,MIDHANI
2024-03-28,NFL
2024-03-28,OPTIEMUS
2024-03-28,KTKBANK
2024-03-28,RATEGAIN
2024-03-28,SANSERA
2024-03-28,SHAREINDIA
2024-03-28,SUPRIYA
2024-03-28,IONEXCHANG
2024-03-28,ADVENZYMES
2024-03-28,DATAMATICS
2024-03-28,EMBDL
2024-03-28,GOKEX
2024-03-28,PARAS
2024-03-28,RELIGARE
2024-03-28,TI
2024-03-28,PRICOLLTD
2024-03-28,STAR
2024-03-28,STARCEMENT
2024-03-28,DBL
2024-03-28,EMIL
2024-03-28,FIEMIND
2024-03-28,MOIL
2024-03-28,POWERMECH
2024-03-28,PTC
2024-03-28,TDPOWERSYS
2024-03-28,SHILPAMED
2024-03-28,AARTIPHARM
2024-03-28,AHLUCONT
2024-03-28,AVALON
2024-03-28,EDELWEISS
2024-03-28,ICIL
2024-03-28,AARTIDRUGS
2024-03-28,ASKAUTOLTD
2024-03-28,SUDARSCHEM
2024-03-28,VMART
2024-03-28,NESCO
2024-03-28,YATHARTH
2024-03-28,RAMKY
2024-03-28,BANCOINDIA
2024-03-28,IIFLSEC
2024-03-28,INDIASHLTR
2024-03-28,INFIBEAM
2024-03-28,JAMNAAUTO
2024-03-28,GRWRHITECH
2024-03-28,RAIN
2024-03-28,RALLIS
2024-03-28,TEXRAIL
2024-03-28,SAMHI
2024-03-28,SENCO
2024-03-28,SFL
2024-03-28,NAZARA
2024-03-28,TARC
2024-04-26,BCG
2024-04-26,FEDFINA
2024-04-26,DALMIASUG
2024-04-26,DBCORP
2024-04-26,CARERATING
2024-04-26,CAMLINFINE
2024-04-26,ANANTRAJ
2024-04-26,BARBEQUE
2024-04-26,ACCELYA
2024-04-26,TCNSBRANDS
2024-04-26,FLAIR
2024-04-26,UJJIVAN
2024-04-26,BASF
2024-04-26,JYOTICNC
2024-04-26,IKIO
2024-04-26,GLOBUSSPR
2024-04-26,GODREJAGRO
2024-04-26,GUFICBIO
2024-04-26,HLEGLAS
2024-04-26,HMAAGRO
2024-04-26,IFCI
2024-04-26,INDOCO
2024-04-26,INOXINDIA
2024-04-26,IOLCP
2024-04-26,JPASSOCIAT
2024-04-26,JPPOWER
2024-04-26,JSWHL
2024-04-26,JKTYRE
2024-04-26,GRINFRA
2024-04-26,KIRLOSBROS
2024-04-26,RTNPOWER
2024-04-26,SCI
2024-04-26,GALAXYSURF
2024-04-26,KPIGREEN
2024-04-26,KRSNAA
2024-04-26,LAOPALA
2024-04-26,LGBBROSLTD
2024-04-26,MASFIN
2024-04-26,NAVNETEDUL
2024-04-26,NETWEB
2024-04-26,NEWGEN
2024-04-26,NUCLEUS
2024-04-26,PDSL
2024-04-26,PSPPROJECT
2024-04-26,RPOWER
2024-04-26,BAJAJCON
2024-04-26,KIRLOSENG
2024-04-26,SHOPERSTOP
2024-04-26,SUNCLAY
2024-04-26,TARSONS
2024-04-26,TECHNOE
2024-04-26,TTKPRESTIG
2024-04-26,TVSHLTD
2024-04-26,UFLEX
2024-04-26,UNIPARTS
2024-04-26,VSTTILLERS
2024-04-26,DBREALTY
2024-04-26,VRLLOG
2024-04-26,KESORAMIND
2024-04-26,ALIVUS
2024-04-26,SAGCEM
2024-04-26,BALMLAWRIE
2024-04-26,REDTAPE
2024-04-26,DCMSHRIRAM
2024-04-26,DEN
2024-04-26,DHANUKA
2024-04-26,DISHTV
2024-04-26,DREAMFOLKS
2024-04-26,ESAFSFB
2024-04-26,EVEREADY
2024-04-26,FUSION
2024-04-26,GOCOLORS
2024-04-26,GUJALKALI
2024-04-26,HINDOILEXP
2024-04-26,HINDWAREAP
2024-04-26,IDEAFORGE
2024-04-26,IPL
2024-04-26,RAMKY
2024-04-26,GRAVITA
2024-04-26,PGEL
2024-04-26,JTEKTINDIA
2024-04-26,DELTACORP
2024-04-26,NIITMTS
2024-04-26,NEULANDLAB
2024-04-26,NAVA
2024-04-26,ORIENTELEC
2024-04-26,MAITHANALL
2024-04-26,MAHLOG
2024-04-26,KOLTEPATIL
2024-04-26,LTFOODS
2024-04-26,LANDMARK
2024-04-26,MUTHOOTMF
2024-04-26,JLHL
2024-04-26,PURVA
2024-04-26,PAISALO
2024-04-26,KALAMANDIR
2024-04-26,SANGHIIND
2024-04-26,SANGHVIMOV
2024-04-26,SARDAEN
2024-04-26,SHARDAMOTR
2024-04-26,SINDHUTRAD
2024-04-26,SSWL
2024-04-26,SPLPETRO
2024-04-26,UTKARSHBNK
2024-04-26,VEEDOL
2024-04-26,VENKEYS
2024-04-26,WSTCSTPAPR
2024-04-26,WOCKPHARMA
2024-04-26,ZENTEC
2024-04-26,SANDUMA
2024-04-26,BAJAJHIND
2024-04-26,BLUEJET
2024-04-26,BOMDYEING
2024-04-26,CHOICEIN
2024-04-26,DCXINDIA
2024-04-26,FCL
2024-04-26,GREENPLY
2024-04-26,HATHWAY
2024-04-26,HEIDELBERG
2024-04-26,JAICORPLTD
2024-04-26,JTLIND
2024-04-26,NOCIL
2024-04-26,ORISSAMINE
2024-04-26,CONFIPET
2024-04-26,BEPL
2024-04-26,RESPONIND
2024-04-26,NRBBEARING
2024-04-26,VMART
2024-04-26,IIFLCAPS
2024-04-26,HCC
2024-04-26,SPANDANA
2024-04-26,STYLAMIND
2024-04-26,SULA
2024-04-26,SUPRAJIT
2024-04-26,TIRUMALCHM
2024-04-26,WONDERLA
2024-04-26,DHANI
2024-04-26,ACUTAAS
2024-04-26,AGI
2024-04-26,BOSCH-HCIL
2024-04-26,CARTRADE
2024-04-26,CYIENTDLM
2024-04-26,LMW
2024-04-26,LUXIND
2024-04-26,EMUDHRA
2024-04-26,EPIGRAL
2024-04-26,GABRIEL
2024-04-26,GANESHHOU
2024-04-26,GATEWAY
2024-04-26,GREENPANEL
2024-04-26,GULFOILLUB
2024-04-26,HIKAL
2024-04-26,INGERRAND
2024-04-26,ISGEC
2024-04-26,JKIL
2024-04-26,JISLJALEQS
2024-04-26,JINDWORLD
2024-04-26,DCAL
2024-04-26,DODLA
2024-04-26,CEMPRO
2024-04-26,HGINFRA
2024-04-26,PATELENG
2024-04-26,SOUTHBANK
2024-04-26,ASTRAMICRO
2024-04-26,ARVINDFASN
2024-04-26,VOLTAMP
2024-04-26,TIMETECHNO
2024-04-26,TEGA
2024-04-26,ZYDUSWELL
2024-04-26,TEAMLEASE
2024-04-26,SUNFLAG
2024-04-26,THOMASCOOK
2024-04-26,POLYPLEX
2024-04-26,CIGNITITEC
2024-04-26,MANINFRA
2024-04-26,ARVIND
2024-04-26,RELIGARE
2024-04-26,KTKBANK
2024-04-26,ELECTCAST
2024-04-26,LLOYDSENGG
2024-04-26,HERITGFOOD
2024-04-26,MSTCLTD
2024-04-26,CCAVENUE
2024-04-26,TIPSMUSIC
2024-04-26,ORIENTCEM
2024-04-26,IMFA
2024-04-26,SURYAROSNI
2024-04-26,PARADEEP
2024-04-26,INDIAGLYCO
2024-04-26,MARKSANS
2024-04-26,WABAG
2024-04-26,ROSSARI
2024-04-26,WELENT
2024-04-26,TSFINV
2024-04-26,VIYASH
2024-04-26,BECTORFOOD
2024-04-26,ASHOKA
2024-04-26,CMSINFO
2024-04-26,DCBBANK
2024-04-26,GHCL
2024-04-26,GREAVESCOT
2024-04-26,KSCL
2024-04-26,MIDHANI
2024-04-26,NFL
2024-04-26,OPTIEMUS
2024-04-26,PARAS
2024-04-26,EMBDL
2024-04-26,RATEGAIN
2024-04-26,SHAREINDIA
2024-04-26,SUPRIYA
2024-04-26,IONEXCHANG
2024-04-26,ADVENZYMES
2024-04-26,DATAMATICS
2024-04-26,ETHOSLTD
2024-04-26,GOKEX
2024-04-26,HEMIPROP
2024-04-26,ICIL
2024-04-26,NESCO
2024-04-26,STAR
2024-04-26,STARCEMENT
2024-04-26,SBCL
2024-04-26,SANSERA
2024-04-26,EMIL
2024-04-26,DBL
2024-04-26,MOIL
2024-04-26,FIEMIND
2024-04-26,PTC
2024-04-26,SHILPAMED
2024-04-26,SUDARSCHEM
2024-04-26,AARTIPHARM
2024-04-26,AHLUCONT
2024-04-26,AVALON
2024-04-26,EDELWEISS
2024-04-26,IFBIND
2024-04-26,TI
2024-04-26,AARTIDRUGS
2024-04-26,ASKAUTOLTD
2024-04-26,POWERMECH
2024-04-26,AZAD
2024-04-26,TDPOWERSYS
2024-04-26,INDIASHLTR
2024-04-26,BANCOINDIA
2024-04-26,GRWRHITECH
2024-04-26,PRICOLLTD
2024-04-26,TEXRAIL
2024-04-26,TARC
2024-04-26,SFL
2024-04-26,YATHARTH
2024-04-26,SAMHI
2024-04-26,RALLIS
2024-04-26,JAMNAAUTO
2024-04-26,RAIN
2024-04-26,NAZARA
2024-04-26,SENCO
2024-05-03,DBCORP
2024-05-03,CARERATING
2024-05-03,CAMLINFINE
2024-05-03,BASF
2024-05-03,ACCELYA
2024-05-03,ANANTRAJ
2024-05-03,TCNSBRANDS
2024-05-03,UJJIVAN
2024-05-03,REDTAPE
2024-05-03,DALMIASUG
2024-05-03,BARBEQUE
2024-05-03,FEDFINA
2024-05-03,JPASSOCIAT
2024-05-03,JYOTICNC
2024-05-03,GRINFRA
2024-05-03,GLOBUSSPR
2024-05-03,GODREJAGRO
2024-05-03,GUFICBIO
2024-05-03,HLEGLAS
2024-05-03,HMAAGRO
2024-05-03,IFCI
2024-05-03,IKIO
2024-05-03,INDOCO
2024-05-03,INOXINDIA
2024-05-03,IOLCP
2024-05-03,JSWHL
2024-05-03,JPPOWER
2024-05-03,FLAIR
2024-05-03,KIRLOSBROS
2024-05-03,SUNCLAY
2024-05-03,SHOPERSTOP
2024-05-03,PAISALO
2024-05-03,JKTYRE
2024-05-03,KRSNAA
2024-05-03,LAOPALA
2024-05-03,LGBBROSLTD
2024-05-03,MASFIN
2024-05-03,NAVNETEDUL
2024-05-03,NETWEB
2024-05-03,NEWGEN
2024-05-03,NUCLEUS
2024-05-03,PDSL
2024-05-03,PSPPROJECT
2024-05-03,RTNPOWER
2024-05-03,RPOWER
2024-05-03,SAGCEM
2024-05-03,KIRLOSENG
2024-05-03,SCI
2024-05-03,TARSONS
2024-05-03,TECHNOE
2024-05-03,TTKPRESTIG
2024-05-03,TVSHLTD
2024-05-03,UFLEX
2024-05-03,UNIPARTS
2024-05-03,VSTTILLERS
2024-05-03,DBREALTY
2024-05-03,VRLLOG
2024-05-03,KESORAMIND
2024-05-03,ALIVUS
2024-05-03,BAJAJCON
2024-05-03,BALMLAWRIE
2024-05-03,GALAXYSURF
2024-05-03,DCMSHRIRAM
2024-05-03,KPIGREEN
2024-05-03,DHANUKA
2024-05-03,DISHTV
2024-05-03,DREAMFOLKS
2024-05-03,ESAFSFB
2024-05-03,EVEREADY
2024-05-03,FUSION
2024-05-03,GOCOLORS
2024-05-03,GRAVITA
2024-05-03,GUJALKALI
2024-05-03,HINDOILEXP
2024-05-03,HINDWAREAP
2024-05-03,IDEAFORGE
2024-05-03,IPL
2024-05-03,PURVA
2024-05-03,DEN
2024-05-03,ORIENTELEC
2024-05-03,NRBBEARING
2024-05-03,NIITMTS
2024-05-03,JTEKTINDIA
2024-05-03,NAVA
2024-05-03,MUTHOOTMF
2024-05-03,NEULANDLAB
2024-05-03,MAHLOG
2024-05-03,LTFOODS
2024-05-03,LANDMARK
2024-05-03,KOLTEPATIL
2024-05-03,RESPONIND
2024-05-03,MAITHANALL
2024-05-03,JUNIPER
2024-05-03,PGEL
2024-05-03,ORISSAMINE
2024-05-03,RAMKY
2024-05-03,DELTACORP
2024-05-03,SANDUMA
2024-05-03,SANGHIIND
2024-05-03,SANGHVIMOV
2024-05-03,SARDAEN
2024-05-03,SHARDAMOTR
2024-05-03,SINDHUTRAD
2024-05-03,SSWL
2024-05-03,SPLPETRO
2024-05-03,UTKARSHBNK
2024-05-03,VEEDOL
2024-05-03,VENKEYS
2024-05-03,WSTCSTPAPR
2024-05-03,WOCKPHARMA
2024-05-03,KALAMANDIR
2024-05-03,ZENTEC
2024-05-03,BEPL
2024-05-03,BLUEJET
2024-05-03,BOMDYEING
2024-05-03,CHOICEIN
2024-05-03,DCXINDIA
2024-05-03,FCL
2024-05-03,GREENPLY
2024-05-03,HATHWAY
2024-05-03,HEIDELBERG
2024-05-03,JAICORPLTD
2024-05-03,JTLIND
2024-05-03,NOCIL
2024-05-03,BAJAJHIND
2024-05-03,CONFIPET
2024-05-03,JLHL
2024-05-03,VMART
2024-05-03,DBL
2024-05-03,INDIAGLYCO
2024-05-03,SPANDANA
2024-05-03,STYLAMIND
2024-05-03,SULA
2024-05-03,SUPRAJIT
2024-05-03,TIRUMALCHM
2024-05-03,WONDERLA
2024-05-03,DHANI
2024-05-03,ACUTAAS
2024-05-03,AGI
2024-05-03,BOSCH-HCIL
2024-05-03,CARTRADE
2024-05-03,CEMPRO
2024-05-03,LMW
2024-05-03,CYIENTDLM
2024-05-03,DODLA
2024-05-03,EPIGRAL
2024-05-03,GABRIEL
2024-05-03,GANESHHOU
2024-05-03,GATEWAY
2024-05-03,GREENPANEL
2024-05-03,GULFOILLUB
2024-05-03,HIKAL
2024-05-03,INGERRAND
2024-05-03,ISGEC
2024-05-03,JKIL
2024-05-03,JISLJALEQS
2024-05-03,JINDWORLD
2024-05-03,DCAL
2024-05-03,LUXIND
2024-05-03,EMUDHRA
2024-05-03,THOMASCOOK
2024-05-03,WABAG
2024-05-03,ARVINDFASN
2024-05-03,VOLTAMP
2024-05-03,TIMETECHNO
2024-05-03,CIGNITITEC
2024-05-03,TEAMLEASE
2024-05-03,TEGA
2024-05-03,SUNFLAG
2024-05-03,POLYPLEX
2024-05-03,PATELENG
2024-05-03,ASTRAMICRO
2024-05-03,ZYDUSWELL
2024-05-03,SOUTHBANK
2024-05-03,MANINFRA
2024-05-03,IMFA
2024-05-03,HGINFRA
2024-05-03,RELIGARE
2024-05-03,KTKBANK
2024-05-03,ELECTCAST
2024-05-03,LLOYDSENGG
2024-05-03,HERITGFOOD
2024-05-03,MSTCLTD
2024-05-03,MARKSANS
2024-05-03,CCAVENUE
2024-05-03,TIPSMUSIC
2024-05-03,ORIENTCEM
2024-05-03,PARADEEP
2024-05-03,SURYAROSNI
2024-05-03,ARVIND
2024-05-03,HCC
2024-05-03,SBCL
2024-05-03,IIFLCAPS
2024-05-03,WELENT
2024-05-03,EMBDL
2024-05-03,TSFINV
2024-05-03,VIYASH
2024-05-03,BECTORFOOD
2024-05-03,ASHOKA
2024-05-03,CMSINFO
2024-05-03,DCBBANK
2024-05-03,GHCL
2024-05-03,GREAVESCOT
2024-05-03,KSCL
2024-05-03,MIDHANI
2024-05-03,NFL
2024-05-03,EMIL
2024-05-03,OPTIEMUS
2024-05-03,RATEGAIN
2024-05-03,SANSERA
2024-05-03,SHAREINDIA
2024-05-03,SUPRIYA
2024-05-03,IONEXCHANG
2024-05-03,ADVENZYMES
2024-05-03,DATAMATICS
2024-05-03,ETHOSLTD
2024-05-03,GOKEX
2024-05-03,HEMIPROP
2024-05-03,ICIL
2024-05-03,NESCO
2024-05-03,STARCEMENT
2024-05-03,PARAS
2024-05-03,FIEMIND
2024-05-03,STAR
2024-05-03,BANCOINDIA
2024-05-03,MOIL
2024-05-03,PTC
2024-05-03,SHILPAMED
2024-05-03,SUDARSCHEM
2024-05-03,AARTIPHARM
2024-05-03,AHLUCONT
2024-05-03,AVALON
2024-05-03,EDELWEISS
2024-05-03,IFBIND
2024-05-03,TDPOWERSYS
2024-05-03,TI
2024-05-03,AARTIDRUGS
2024-05-03,ASKAUTOLTD
2024-05-03,POWERMECH
2024-05-03,PRICOLLTD
2024-05-03,GRWRHITECH
2024-05-03,YATHARTH
2024-05-03,ROSSARI
2024-05-03,TEXRAIL
2024-05-03,AZAD
2024-05-03,SFL
2024-05-03,SENCO
2024-05-03,TARC
2024-05-03,RALLIS
2024-05-03,RAIN
2024-05-03,NAZARA
2024-05-03,JAMNAAUTO
2024-05-03,INDIASHLTR
2024-05-03,SAMHI
2024-09-03,GLOBUSSPR
2024-09-03,GALAXYSURF
2024-09-03,GRINFRA
2024-09-03,FLAIR
2024-09-03,FEDFINA
2024-09-03,ANANTRAJ
2024-09-03,DBCORP
2024-09-03,CARERATING
2024-09-03,CAMLINFINE
2024-09-03,BASF
2024-09-03,BARBEQUE
2024-09-03,DCMSHRIRAM
2024-09-03,DALMIASUG
2024-09-03,GODREJAGRO
2024-09-03,INOXINDIA
2024-09-03,HLEGLAS
2024-09-03,HMAAGRO
2024-09-03,IFCI
2024-09-03,IKIO
2024-09-03,INDOCO
2024-09-03,IOLCP
2024-09-03,JPASSOCIAT
2024-09-03,JPPOWER
2024-09-03,JKTYRE
2024-09-03,JSWHL
2024-09-03,JYOTICNC
2024-09-03,KIRLOSBROS
2024-09-03,ACCELYA
2024-09-03,GUFICBIO
2024-09-03,TCNSBRANDS
2024-09-03,TVSHLTD
2024-09-03,KPIGREEN
2024-09-03,DELTACORP
2024-09-03,MASFIN
2024-09-03,NAVNETEDUL
2024-09-03,NETWEB
2024-09-03,NEWGEN
2024-09-03,NUCLEUS
2024-09-03,PDSL
2024-09-03,PSPPROJECT
2024-09-03,RTNPOWER
2024-09-03,RPOWER
2024-09-03,SAGCEM
2024-09-03,SCI
2024-09-03,SHOPERSTOP
2024-09-03,KIRLOSENG
2024-09-03,LAOPALA
2024-09-03,TECHNOE
2024-09-03,UFLEX
2024-09-03,UNIPARTS
2024-09-03,VSTTILLERS
2024-09-03,DBREALTY
2024-09-03,VRLLOG
2024-09-03,KESORAMIND
2024-09-03,ALIVUS
2024-09-03,BAJAJCON
2024-09-03,BALMLAWRIE
2024-09-03,CONFIPET
2024-09-03,TARSONS
2024-09-03,KRSNAA
2024-09-03,SUNCLAY
2024-09-03,ROSSARI
2024-09-03,LGBBROSLTD
2024-09-03,SANGHVIMOV
2024-09-03,KALAMANDIR
2024-09-03,DREAMFOLKS
2024-09-03,ESAFSFB
2024-09-03,EVEREADY
2024-09-03,FUSION
2024-09-03,GOCOLORS
2024-09-03,GRAVITA
2024-09-03,GUJALKALI
2024-09-03,HINDWAREAP
2024-09-03,IDEAFORGE
2024-09-03,IPL
2024-09-03,JTEKTINDIA
2024-09-03,JUNIPER
2024-09-03,DISHTV
2024-09-03,HINDOILEXP
2024-09-03,PGEL
2024-09-03,JLHL
2024-09-03,ORIENTELEC
2024-09-03,NRBBEARING
2024-09-03,NIITMTS
2024-09-03,NAVA
2024-09-03,MUTHOOTMF
2024-09-03,PURVA
2024-09-03,MAHLOG
2024-09-03,LTFOODS
2024-09-03,LANDMARK
2024-09-03,KOLTEPATIL
2024-09-03,MAITHANALL
2024-09-03,NEULANDLAB
2024-09-03,DHANUKA
2024-09-03,RAMKY
2024-09-03,SANDUMA
2024-09-03,SARDAEN
2024-09-03,SHARDAMOTR
2024-09-03,SINDHUTRAD
2024-09-03,SSWL
2024-09-03,SPLPETRO
2024-09-03,UTKARSHBNK
2024-09-03,VEEDOL
2024-09-03,VENKEYS
2024-09-03,WSTCSTPAPR
2024-09-03,WOCKPHARMA
2024-09-03,ZENTEC
2024-09-03,BAJAJHIND
2024-09-03,SANGHIIND
2024-09-03,BLUEJET
2024-09-03,BEPL
2024-09-03,DCXINDIA
2024-09-03,FCL
2024-09-03,GREENPLY
2024-09-03,HATHWAY
2024-09-03,HEIDELBERG
2024-09-03,JAICORPLTD
2024-09-03,JTLIND
2024-09-03,NOCIL
2024-09-03,ORISSAMINE
2024-09-03,PAISALO
2024-09-03,REDTAPE
2024-09-03,DEN
2024-09-03,BOMDYEING
2024-09-03,CHOICEIN
2024-09-03,RESPONIND
2024-09-03,TTKPRESTIG
2024-09-03,SBCL
2024-09-03,STYLAMIND
2024-09-03,SULA
2024-09-03,SUPRAJIT
2024-09-03,TIRUMALCHM
2024-09-03,WONDERLA
2024-09-03,DHANI
2024-09-03,ACUTAAS
2024-09-03,AGI
2024-09-03,BOSCH-HCIL
2024-09-03,CARTRADE
2024-09-03,CEMPRO
2024-09-03,CYIENTDLM
2024-09-03,MANINFRA
2024-09-03,WABAG
2024-09-03,DCAL
2024-09-03,GANESHHOU
2024-09-03,GATEWAY
2024-09-03,GREENPANEL
2024-09-03,GULFOILLUB
2024-09-03,HIKAL
2024-09-03,INGERRAND
2024-09-03,ISGEC
2024-09-03,JKIL
2024-09-03,JISLJALEQS
2024-09-03,JINDWORLD
2024-09-03,KSL
2024-09-03,LMW
2024-09-03,DODLA
2024-09-03,EMUDHRA
2024-09-03,LUXIND
2024-09-03,GABRIEL
2024-09-03,PARADEEP
2024-09-03,THOMASCOOK
2024-09-03,SOUTHBANK
2024-09-03,ASTRAMICRO
2024-09-03,ARVINDFASN
2024-09-03,VOLTAMP
2024-09-03,POLYPLEX
2024-09-03,CIGNITITEC
2024-09-03,ZYDUSWELL
2024-09-03,TEGA
2024-09-03,TEAMLEASE
2024-09-03,SUNFLAG
2024-09-03,HCC
2024-09-03,TIMETECHNO
2024-09-03,ARVIND
2024-09-03,MSTCLTD
2024-09-03,RELIGARE
2024-09-03,KTKBANK
2024-09-03,ELECTCAST
2024-09-03,LLOYDSENGG
2024-09-03,HERITGFOOD
2024-09-03,MARKSANS
2024-09-03,CCAVENUE
2024-09-03,TIPSMUSIC
2024-09-03,ORIENTCEM
2024-09-03,IMFA
2024-09-03,SURYAROSNI
2024-09-03,INDIAGLYCO
2024-09-03,PATELENG
2024-09-03,HGINFRA
2024-09-03,IIFLCAPS
2024-09-03,SPANDANA
2024-09-03,EPIGRAL
2024-09-03,PRICOLLTD
2024-09-03,VIYASH
2024-09-03,BECTORFOOD
2024-09-03,ASHOKA
2024-09-03,CMSINFO
2024-09-03,DCBBANK
2024-09-03,GHCL
2024-09-03,GREAVESCOT
2024-09-03,KSCL
2024-09-03,MIDHANI
2024-09-03,NFL
2024-09-03,OPTIEMUS
2024-09-03,PARAS
2024-09-03,FIEMIND
2024-09-03,TSFINV
2024-09-03,RATEGAIN
2024-09-03,IONEXCHANG
2024-09-03,ADVENZYMES
2024-09-03,DATAMATICS
2024-09-03,ETHOSLTD
2024-09-03,GOKEX
2024-09-03,HEMIPROP
2024-09-03,ICIL
2024-09-03,NESCO
2024-09-03,STAR
2024-09-03,STARCEMENT
2024-09-03,DBL
2024-09-03,SANSERA
2024-09-03,EMBDL
2024-09-03,SUPRIYA
2024-09-03,EMIL
2024-09-03,SHAREINDIA
2024-09-03,WELENT
2024-09-03,PTC
2024-09-03,MOIL
2024-09-03,SHILPAMED
2024-09-03,SUDARSCHEM
2024-09-03,AARTIPHARM
2024-09-03,AHLUCONT
2024-09-03,AVALON
2024-09-03,EDELWEISS
2024-09-03,IFBIND
2024-09-03,TI
2024-09-03,AARTIDRUGS
2024-09-03,ASKAUTOLTD
2024-09-03,POWERMECH
2024-09-03,AZAD
2024-09-03,TDPOWERSYS
2024-09-03,SFL
2024-09-03,YATHARTH
2024-09-03,GRWRHITECH
2024-09-03,VMART
2024-09-03,TEXRAIL
2024-09-03,TARC
2024-09-03,SENCO
2024-09-03,SAMHI
2024-09-03,BANCOINDIA
2024-09-03,RAIN
2024-09-03,NAZARA
2024-09-03,JAMNAAUTO
2024-09-03,INDIASHLTR
2024-09-03,RALLIS
2024-09-30,ANANTRAJ
2024-09-30,CARERATING
2024-09-30,ACCELYA
2024-09-30,BARBEQUE
2024-09-30,BASF
2024-09-30,CAMLINFINE
2024-09-30,CARTRADE
2024-09-30,GALAXYSURF
2024-09-30,DALMIASUG
2024-09-30,FEDFINA
2024-09-30,FLAIR
2024-09-30,GRINFRA
2024-09-30,HLEGLAS
2024-09-30,GODREJAGRO
2024-09-30,DBCORP
2024-09-30,HMAAGRO
2024-09-30,JPASSOCIAT
2024-09-30,IKIO
2024-09-30,INDOCO
2024-09-30,GUFICBIO
2024-09-30,INOXINDIA
2024-09-30,IOLCP
2024-09-30,JPPOWER
2024-09-30,JKTYRE
2024-09-30,JSWHL
2024-09-30,IFCI
2024-09-30,KIRLOSBROS
2024-09-30,KIRLOSENG
2024-09-30,KPIGREEN
2024-09-30,KRSNAA
2024-09-30,LAOPALA
2024-09-30,LGBBROSLTD
2024-09-30,MASFIN
2024-09-30,NAVNETEDUL
2024-09-30,GUJALKALI
2024-09-30,NETWEB
2024-09-30,TARSONS
2024-09-30,NUCLEUS
2024-09-30,PSPPROJECT
2024-09-30,RTNPOWER
2024-09-30,RPOWER
2024-09-30,SAGCEM
2024-09-30,SCI
2024-09-30,SHOPERSTOP
2024-09-30,SUNCLAY
2024-09-30,JYOTICNC
2024-09-30,TECHNOE
2024-09-30,TTKPRESTIG
2024-09-30,TVSHLTD
2024-09-30,UFLEX
2024-09-30,UNIPARTS
2024-09-30,VSTTILLERS
2024-09-30,DBREALTY
2024-09-30,VRLLOG
2024-09-30,PDSL
2024-09-30,KESORAMIND
2024-09-30,ANURAS
2024-09-30,ALIVUS
2024-09-30,BAJAJCON
2024-09-30,BAJAJELEC
2024-09-30,BALMLAWRIE
2024-09-30,CONFIPET
2024-09-30,DCMSHRIRAM
2024-09-30,DELTACORP
2024-09-30,NEWGEN
2024-09-30,DEN
2024-09-30,DISHTV
2024-09-30,DREAMFOLKS
2024-09-30,ESAFSFB
2024-09-30,EVEREADY
2024-09-30,FUSION
2024-09-30,GOCOLORS
2024-09-30,GRAVITA
2024-09-30,DHANUKA
2024-09-30,HAPPYFORGE
2024-09-30,SULA
2024-09-30,HNDFDS
2024-09-30,NEULANDLAB
2024-09-30,HINDOILEXP
2024-09-30,VENKEYS
2024-09-30,HINDWAREAP
2024-09-30,IDEAFORGE
2024-09-30,JTEKTINDIA
2024-09-30,JUNIPER
2024-09-30,JLHL
2024-09-30,KOLTEPATIL
2024-09-30,LANDMARK
2024-09-30,LTFOODS
2024-09-30,MHRIL
2024-09-30,MAHLOG
2024-09-30,MAITHANALL
2024-09-30,MUTHOOTMF
2024-09-30,NIITMTS
2024-09-30,IPL
2024-09-30,ORIENTELEC
2024-09-30,NRBBEARING
2024-09-30,KALAMANDIR
2024-09-30,ROLEXRINGS
2024-09-30,RAMKY
2024-09-30,TCIEXP
2024-09-30,PURVA
2024-09-30,PGHL
2024-09-30,SANGHIIND
2024-09-30,NAVA
2024-09-30,PGEL
2024-09-30,SSWL
2024-09-30,SANGHVIMOV
2024-09-30,SARDAEN
2024-09-30,SHARDAMOTR
2024-09-30,BBL
2024-09-30,SPLPETRO
2024-09-30,UTKARSHBNK
2024-09-30,SANDUMA
2024-09-30,GLOBUSSPR
2024-09-30,VEEDOL
2024-09-30,WSTCSTPAPR
2024-09-30,ZENTEC
2024-09-30,BAJAJHIND
2024-09-30,BEPL
2024-09-30,BLUEJET
2024-09-30,BOMDYEING
2024-09-30,BOROLTD
2024-09-30,CHOICEIN
2024-09-30,DCXINDIA
2024-09-30,FCL
2024-09-30,FORCEMOT
2024-09-30,GOPAL
2024-09-30,GREENPLY
2024-09-30,HATHWAY
2024-09-30,HEIDELBERG
2024-09-30,JAICORPLTD
2024-09-30,JTLIND
2024-09-30,NOCIL
2024-09-30,ORISSAMINE
2024-09-30,PAISALO
2024-09-30,SUPRAJIT
2024-09-30,REDTAPE
2024-09-30,RESPONIND
2024-09-30,ROSSARI
2024-09-30,SBCL
2024-09-30,SPANDANA
2024-09-30,STYLAMIND
2024-09-30,TIRUMALCHM
2024-09-30,TIIL
2024-09-30,VENUSPIPES
2024-09-30,WONDERLA
2024-09-30,DHANI
2024-09-30,ACUTAAS
2024-09-30,AGI
2024-09-30,PARKHOTELS
2024-09-30,HARSHA
2024-09-30,WOCKPHARMA
2024-09-30,SINDHUTRAD
2024-09-30,JNKINDIA
2024-09-30,TDPOWERSYS
2024-09-30,JKIL
2024-09-30,CYIENTDLM
2024-09-30,DCAL
2024-09-30,DODLA
2024-09-30,EMUDHRA
2024-09-30,EPIGRAL
2024-09-30,FDC
2024-09-30,GABRIEL
2024-09-30,OPTIEMUS
2024-09-30,GATEWAY
2024-09-30,GREENPANEL
2024-09-30,GULFOILLUB
2024-09-30,HIKAL
2024-09-30,IMAGICAA
2024-09-30,INGERRAND
2024-09-30,JISLJALEQS
2024-09-30,ISGEC
2024-09-30,JINDWORLD
2024-09-30,CIGNITITEC
2024-09-30,LMW
2024-09-30,LUXIND
2024-09-30,MANINFRA
2024-09-30,ORCHPHARMA
2024-09-30,PARADEEP
2024-09-30,PATELENG
2024-09-30,POLYPLEX
2024-09-30,SUNFLAG
2024-09-30,VOLTAMP
2024-09-30,SYMPHONY
2024-09-30,TEAMLEASE
2024-09-30,TEGA
2024-09-30,VESUVIUS
2024-09-30,VSTIND
2024-09-30,ZYDUSWELL
2024-09-30,KSL
2024-09-30,TIMETECHNO
2024-09-30,GANESHHOU
2024-09-30,ARVINDFASN
2024-09-30,LLOYDSENGG
2024-09-30,SOUTHBANK
2024-09-30,BOSCH-HCIL
2024-09-30,HGINFRA
2024-09-30,RELIGARE
2024-09-30,KTKBANK
2024-09-30,ELECTCAST
2024-09-30,ARVIND
2024-09-30,THOMASCOOK
2024-09-30,MSTCLTD
2024-09-30,MARKSANS
2024-09-30,CCAVENUE
2024-09-30,ORIENTCEM
2024-09-30,HERITGFOOD
2024-09-30,TIPSMUSIC
2024-09-30,SURYAROSNI
2024-09-30,GREAVESCOT
2024-09-30,HCC
2024-09-30,NFL
2024-09-30,MTARTECH
2024-09-30,WABAG
2024-09-30,IIFLCAPS
2024-09-30,WELENT
2024-09-30,EMBDL
2024-09-30,TSFINV
2024-09-30,VIYASH
2024-09-30,PRINCEPIPE
2024-09-30,BECTORFOOD
2024-09-30,INDIAGLYCO
2024-09-30,CMSINFO
2024-09-30,DCBBANK
2024-09-30,GHCL
2024-09-30,KSCL
2024-09-30,MIDHANI
2024-09-30,ASTRAMICRO
2024-09-30,ASHOKA
2024-09-30,PARAS
2024-09-30,IMFA
2024-09-30,SANSERA
2024-09-30,SHAREINDIA
2024-09-30,SUPRIYA
2024-09-30,IONEXCHANG
2024-09-30,ADVENZYMES
2024-09-30,DATAMATICS
2024-09-30,ETHOSLTD
2024-09-30,GOKEX
2024-09-30,HEMIPROP
2024-09-30,ICIL
2024-09-30,NESCO
2024-09-30,STAR
2024-09-30,STARCEMENT
2024-09-30,DBL
2024-09-30,EMIL
2024-09-30,FIEMIND
2024-09-30,MOIL
2024-09-30,POWERMECH
2024-09-30,PRICOLLTD
2024-09-30,PTC
2024-09-30,AARTIDRUGS
2024-09-30,SHILPAMED
2024-09-30,SUDARSCHEM
2024-09-30,AARTIPHARM
2024-09-30,AHLUCONT
2024-09-30,AVALON
2024-09-30,EDELWEISS
2024-09-30,RAIN
2024-09-30,TI
2024-09-30,ASKAUTOLTD
2024-09-30,AZAD
2024-09-30,BANCOINDIA
2024-09-30,GRWRHITECH
2024-09-30,INDIASHLTR
2024-09-30,JAMNAAUTO
2024-09-30,NAZARA
2024-09-30,RALLIS
2024-09-30,SAMHI
2024-09-30,IFBIND
2024-09-30,MEDPLUS
2024-09-30,SFL
2024-09-30,TARC
2024-09-30,TEXRAIL
2024-09-30,VMART
2024-09-30,YATHARTH
2024-09-30,AETHER
2024-09-30,ALLCARGO
2024-09-30,BORORENEW
2024-09-30,CSBBANK
2024-09-30,DYNAMATECH
2024-09-30,ENTERO
2024-09-30,EXICOM
2024-09-30,GLS
2024-09-30,RATEGAIN
2024-09-30,GMMPFAUDLR
2024-09-30,HCG
2024-09-30,INDIGOPNTS
2024-09-30,EPL
2024-09-30,JAIBALAJI
2024-09-30,INOXGREEN
2024-09-30,JSFB
2024-09-30,CEMPRO
2024-09-30,KRBL
2024-09-30,LXCHEM
2024-09-30,IXIGO
2024-09-30,PRUDENT
2024-09-30,KIRLPNU
2024-09-30,RBA
2024-09-30,VAIBHAVGBL
2024-09-30,SENCO
2024-09-30,SUNTECK
2024-09-30,SUBROS
2024-09-30,JKPAPER
2024-09-30,STLTECH
2024-09-30,SHRIPISTON
2024-09-30,SAFARI
2025-03-10,DREAMFOLKS
2025-03-10,ANURAS
2025-03-10,BAJAJELEC
2025-03-10,BALMLAWRIE
2025-03-10,CONFIPET
2025-03-10,KESORAMIND
2025-03-10,DCMSHRIRAM
2025-03-10,DELTACORP
2025-03-10,DEN
2025-03-10,DHANUKA
2025-03-10,DISHTV
2025-03-10,ALIVUS
2025-03-10,BAJAJCON
2025-03-10,HARSHA
2025-03-10,ESAFSFB
2025-03-10,FUSION
2025-03-10,GOCOLORS
2025-03-10,GRAVITA
2025-03-10,GUJALKALI
2025-03-10,HAPPYFORGE
2025-03-10,HNDFDS
2025-03-10,HINDOILEXP
2025-03-10,HINDWAREAP
2025-03-10,IDEAFORGE
2025-03-10,IPL
2025-03-10,JTEKTINDIA
2025-03-10,JLHL
2025-03-10,JUNIPER
2025-03-10,KOLTEPATIL
2025-03-10,LANDMARK
2025-03-10,LTFOODS
2025-03-10,KALAMANDIR
2025-03-10,EVEREADY
2025-03-10,MHRIL
2025-03-10,MAHLOG
2025-03-10,MAITHANALL
2025-03-10,MUTHOOTMF
2025-03-10,NAVA
2025-03-10,NEULANDLAB
2025-03-10,NIITMTS
2025-03-10,NRBBEARING
2025-03-10,ORIENTELEC
2025-03-10,PGEL
2025-03-10,PGHL
2025-03-10,PURVA
2025-03-10,WOCKPHARMA
2025-03-10,RAMKY
2025-03-10,SANDUMA
2025-03-10,SANGHIIND
2025-03-10,SANGHVIMOV
2025-03-10,SARDAEN
2025-03-10,SHARDAMOTR
2025-03-10,SINDHUTRAD
2025-03-10,SSWL
2025-03-10,SPLPETRO
2025-03-10,TCIEXP
2025-03-10,UTKARSHBNK
2025-03-10,VEEDOL
2025-03-10,VENKEYS
2025-03-10,WSTCSTPAPR
2025-03-10,ROLEXRINGS
2025-03-10,ZENTEC
2025-03-10,BOROLTD
2025-03-10,BEPL
2025-03-10,BLUEJET
2025-03-10,ACUTAAS
2025-03-10,BOMDYEING
2025-03-10,CHOICEIN
2025-03-10,DCXINDIA
2025-03-10,FCL
2025-03-10,GOPAL
2025-03-10,GREENPLY
2025-03-10,HATHWAY
2025-03-10,HEIDELBERG
2025-03-10,JAICORPLTD
2025-03-10,JTLIND
2025-03-10,NOCIL
2025-03-10,DHANI
2025-03-10,FORCEMOT
2025-03-10,VENUSPIPES
2025-03-10,ORISSAMINE
2025-03-10,TIRUMALCHM
2025-03-10,TIIL
2025-03-10,SULA
2025-03-10,STYLAMIND
2025-03-10,SUPRAJIT
2025-03-10,SPANDANA
2025-03-10,SBCL
2025-03-10,ROSSARI
2025-03-10,RESPONIND
2025-03-10,REDTAPE
2025-03-10,WONDERLA
2025-03-10,PAISALO
2025-03-10,PATELENG
2025-03-10,IMAGICAA
2025-03-10,GULFOILLUB
2025-03-10,BBL
2025-03-10,BOSCH-HCIL
2025-03-10,CARTRADE
2025-03-10,CEMPRO
2025-03-10,CYIENTDLM
2025-03-10,DCAL
2025-03-10,DODLA
2025-03-10,EMUDHRA
2025-03-10,EPIGRAL
2025-03-10,FDC
2025-03-10,GABRIEL
2025-03-10,GANESHHOU
2025-03-10,GATEWAY
2025-03-10,AGI
2025-03-10,PARKHOTELS
2025-03-10,HIKAL
2025-03-10,INGERRAND
2025-03-10,INNOVACAP
2025-03-10,ISGEC
2025-03-10,JKIL
2025-03-10,JISLJALEQS
2025-03-10,JINDWORLD
2025-03-10,KSL
2025-03-10,LMW
2025-03-10,LUXIND
2025-03-10,MANINFRA
2025-03-10,ORCHPHARMA
2025-03-10,BAJAJHIND
2025-03-10,GREENPANEL
2025-03-10,PRINCEPIPE
2025-03-10,PARADEEP
2025-03-10,AARTIDRUGS
2025-03-10,STAR
2025-03-10,SUNFLAG
2025-03-10,SYMPHONY
2025-03-10,TEAMLEASE
2025-03-10,TEGA
2025-03-10,VESUVIUS
2025-03-10,VSTIND
2025-03-10,ZYDUSWELL
2025-03-10,CIGNITITEC
2025-03-10,TIMETECHNO
2025-03-10,VOLTAMP
2025-03-10,ARVINDFASN
2025-03-10,ASTRAMICRO
2025-03-10,INDIAGLYCO
2025-03-10,HCC
2025-03-10,HGINFRA
2025-03-10,RELIGARE
2025-03-10,KTKBANK
2025-03-10,ELECTCAST
2025-03-10,LLOYDSENGG
2025-03-10,HERITGFOOD
2025-03-10,MSTCLTD
2025-03-10,MARKSANS
2025-03-10,CCAVENUE
2025-03-10,TIPSMUSIC
2025-03-10,ORIENTCEM
2025-03-10,IMFA
2025-03-10,SURYAROSNI
2025-03-10,SOUTHBANK
2025-03-10,ARVIND
2025-03-10,THOMASCOOK
2025-03-10,NFL
2025-03-10,MIDHANI
2025-03-10,TSFINV
2025-03-10,BECTORFOOD
2025-03-10,MTARTECH
2025-03-10,ASHOKA
2025-03-10,WELENT
2025-03-10,CMSINFO
2025-03-10,DCBBANK
2025-03-10,GHCL
2025-03-10,GREAVESCOT
2025-03-10,KSCL
2025-03-10,EMBDL
2025-03-10,VIYASH
2025-03-10,WABAG
2025-03-10,IONEXCHANG
2025-03-10,PARAS
2025-03-10,RATEGAIN
2025-03-10,SANSERA
2025-03-10,SHAREINDIA
2025-03-10,SUPRIYA
2025-03-10,ADVENZYMES
2025-03-10,DATAMATICS
2025-03-10,ETHOSLTD
2025-03-10,GOKEX
2025-03-10,HEMIPROP
2025-03-10,ICIL
2025-03-10,IIFLCAPS
2025-03-10,NESCO
2025-03-10,OPTIEMUS
2025-03-10,STARCEMENT
2025-03-10,POLYPLEX
2025-03-10,EMIL
2025-03-10,FIEMIND
2025-03-10,MOIL
2025-03-10,POWERMECH
2025-03-10,PRICOLLTD
2025-03-10,PTC
2025-03-10,SHILPAMED
2025-03-10,SUDARSCHEM
2025-03-10,AARTIPHARM
2025-03-10,AHLUCONT
2025-03-10,AVALON
2025-03-10,EDELWEISS
2025-03-10,IFBIND
2025-03-10,TDPOWERSYS
2025-03-10,TEXRAIL
2025-03-10,VMART
2025-03-10,ASKAUTOLTD
2025-03-10,BANCOINDIA
2025-03-10,GRWRHITECH
2025-03-10,INDIASHLTR
2025-03-10,JAMNAAUTO
2025-03-10,NAZARA
2025-03-10,RAIN
2025-03-10,RALLIS
2025-03-10,SAMHI
2025-03-10,SENCO
2025-03-10,SFL
2025-03-10,TARC
2025-03-10,DYNAMATECH
2025-03-10,TI
2025-03-10,YATHARTH
2025-03-10,AZAD
2025-03-10,JNKINDIA
2025-03-10,ALLCARGO
2025-03-10,DBL
2025-03-10,BORORENEW
2025-03-10,CSBBANK
2025-03-10,ENTERO
2025-03-10,EPL
2025-03-10,EXICOM
2025-03-10,GMMPFAUDLR
2025-03-10,HCG
2025-03-10,INDIGOPNTS
2025-03-10,INOXGREEN
2025-03-10,JAIBALAJI
2025-03-10,JSFB
2025-03-10,AETHER
2025-03-10,GLS
2025-03-10,KIRLPNU
2025-03-10,SUNTECK
2025-03-10,JKPAPER
2025-03-10,SUBROS
2025-03-10,STLTECH
2025-03-10,SAFARI
2025-03-10,RBA
2025-03-10,SHRIPISTON
2025-03-10,PRUDENT
2025-03-10,MEDPLUS
2025-03-10,IXIGO
2025-03-10,LXCHEM
2025-03-10,KRBL
2025-03-10,VAIBHAVGBL
2025-03-28,DCMSHRIRAM
2025-03-28,BAJAJCON
2025-03-28,BAJAJELEC
2025-03-28,BALMLAWRIE
2025-03-28,ALIVUS
2025-03-28,CONFIPET
2025-03-28,ANURAS
2025-03-28,DREAMFOLKS
2025-03-28,GRAVITA
2025-03-28,DHANUKA
2025-03-28,DISHTV
2025-03-28,ESAFSFB
2025-03-28,EVEREADY
2025-03-28,DELTACORP
2025-03-28,FUSION
2025-03-28,DEN
2025-03-28,GREENPLY
2025-03-28,IPL
2025-03-28,HARSHA
2025-03-28,CIEINDIA
2025-03-28,HNDFDS
2025-03-28,HINDOILEXP
2025-03-28,HINDWAREAP
2025-03-28,IDEAFORGE
2025-03-28,JTEKTINDIA
2025-03-28,JUNIPER
2025-03-28,GUJALKALI
2025-03-28,KOLTEPATIL
2025-03-28,LANDMARK
2025-03-28,LTFOODS
2025-03-28,MHRIL
2025-03-28,MAHLOG
2025-03-28,MAITHANALL
2025-03-28,MUTHOOTMF
2025-03-28,NAVA
2025-03-28,HAPPYFORGE
2025-03-28,NEULANDLAB
2025-03-28,SANDUMA
2025-03-28,NRBBEARING
2025-03-28,UTKARSHBNK
2025-03-28,PGEL
2025-03-28,PGHL
2025-03-28,PURVA
2025-03-28,RAMKY
2025-03-28,ROLEXRINGS
2025-03-28,KALAMANDIR
2025-03-28,VEEDOL
2025-03-28,JLHL
2025-03-28,SANGHVIMOV
2025-03-28,SARDAEN
2025-03-28,SHARDAMOTR
2025-03-28,SINDHUTRAD
2025-03-28,SSWL
2025-03-28,SPLPETRO
2025-03-28,TCIEXP
2025-03-28,SANGHIIND
2025-03-28,NIITMTS
2025-03-28,VENKEYS
2025-03-28,GOPAL
2025-03-28,BLUEJET
2025-03-28,WOCKPHARMA
2025-03-28,ZENTEC
2025-03-28,AVL
2025-03-28,AKZOINDIA
2025-03-28,BAJAJHIND
2025-03-28,BANSALWIRE
2025-03-28,WSTCSTPAPR
2025-03-28,BEPL
2025-03-28,ORIENTELEC
2025-03-28,BOROLTD
2025-03-28,CHEMPLASTS
2025-03-28,CHOICEIN
2025-03-28,DCXINDIA
2025-03-28,FCL
2025-03-28,FORCEMOT
2025-03-28,BOMDYEING
2025-03-28,HATHWAY
2025-03-28,POLYPLEX
2025-03-28,JAICORPLTD
2025-03-28,REDTAPE
2025-03-28,JTLIND
2025-03-28,EPIGRAL
2025-03-28,KSB
2025-03-28,MAHSCOOTER
2025-03-28,NOCIL
2025-03-28,ORISSAMINE
2025-03-28,PAISALO
2025-03-28,RESPONIND
2025-03-28,TIIL
2025-03-28,ROSSARI
2025-03-28,SBCL
2025-03-28,SHOPERSTOP
2025-03-28,SPANDANA
2025-03-28,STYLAMIND
2025-03-28,TIRUMALCHM
2025-03-28,NUVOCO
2025-03-28,VENUSPIPES
2025-03-28,VENTIVE
2025-03-28,WONDERLA
2025-03-28,DHANI
2025-03-28,RAJESHEXPO
2025-03-28,ACUTAAS
2025-03-28,AGI
2025-03-28,ABDL
2025-03-28,PARKHOTELS
2025-03-28,SULA
2025-03-28,BBL
2025-03-28,BOSCH-HCIL
2025-03-28,CARTRADE
2025-03-28,CEIGALL
2025-03-28,CEMPRO
2025-03-28,DODLA
2025-03-28,DCAL
2025-03-28,VSTIND
2025-03-28,CYIENTDLM
2025-03-28,SUPRAJIT
2025-03-28,EMUDHRA
2025-03-28,SANOFICONR
2025-03-28,JINDWORLD
2025-03-28,GRINFRA
2025-03-28,GABRIEL
2025-03-28,GANESHHOU
2025-03-28,GANECOS
2025-03-28,GARFIBRES
2025-03-28,GATEWAY
2025-03-28,KSL
2025-03-28,GREENPANEL
2025-03-28,HIKAL
2025-03-28,IMAGICAA
2025-03-28,INGERRAND
2025-03-28,INNOVACAP
2025-03-28,ISGEC
2025-03-28,JKIL
2025-03-28,JISLJALEQS
2025-03-28,GULFOILLUB
2025-03-28,GOCOLORS
2025-03-28,LMW
2025-03-28,HEIDELBERG
2025-03-28,FDC
2025-03-28,PRINCEPIPE
2025-03-28,MAHLIFE
2025-03-28,MANINFRA
2025-03-28,MAXESTATES
2025-03-28,ORCHPHARMA
2025-03-28,PARADEEP
2025-03-28,LUXIND
2025-03-28,PATELENG
2025-03-28,FINEORG
2025-03-28,SUNFLAG
2025-03-28,SYMPHONY
2025-03-28,TEAMLEASE
2025-03-28,TEGA
2025-03-28,UNIMECH
2025-03-28,VESUVIUS
2025-03-28,SANOFI
2025-03-28,EASEMYTRIP
2025-03-28,REFEX
2025-03-28,LXCHEM
2025-03-28,TIMETECHNO
2025-03-28,VOLTAMP
2025-03-28,ARVINDFASN
2025-03-28,ASTRAMICRO
2025-03-28,SOUTHBANK
2025-03-28,THOMASCOOK
2025-03-28,ARVIND
2025-03-28,INDIASHLTR
2025-03-28,TIPSMUSIC
2025-03-28,KTKBANK
2025-03-28,ELECTCAST
2025-03-28,LLOYDSENGG
2025-03-28,HERITGFOOD
2025-03-28,MSTCLTD
2025-03-28,MARKSANS
2025-03-28,HGINFRA
2025-03-28,NFL
2025-03-28,ORIENTCEM
2025-03-28,SURYAROSNI
2025-03-28,INDIAGLYCO
2025-03-28,HCC
2025-03-28,WABAG
2025-03-28,IIFLCAPS
2025-03-28,WELENT
2025-03-28,EMBDL
2025-03-28,TSFINV
2025-03-28,CCAVENUE
2025-03-28,BECTORFOOD
2025-03-28,MTARTECH
2025-03-28,ASHOKA
2025-03-28,CMSINFO
2025-03-28,DCBBANK
2025-03-28,GHCL
2025-03-28,GREAVESCOT
2025-03-28,KSCL
2025-03-28,IMFA
2025-03-28,MIDHANI
2025-03-28,RELIGARE
2025-03-28,OPTIEMUS
2025-03-28,ZYDUSWELL
2025-03-28,RATEGAIN
2025-03-28,EMIL
2025-03-28,SANSERA
2025-03-28,SHAREINDIA
2025-03-28,IONEXCHANG
2025-03-28,ADVENZYMES
2025-03-28,FIEMIND
2025-03-28,DATAMATICS
2025-03-28,STARCEMENT
2025-03-28,HEMIPROP
2025-03-28,DBL
2025-03-28,ICIL
2025-03-28,NESCO
2025-03-28,STAR
2025-03-28,GOKEX
2025-03-28,SUPRIYA
2025-03-28,VIYASH
2025-03-28,AARTIDRUGS
2025-03-28,PARAS
2025-03-28,EDELWEISS
2025-03-28,PRICOLLTD
2025-03-28,PTC
2025-03-28,SHILPAMED
2025-03-28,SUDARSCHEM
2025-03-28,AARTIPHARM
2025-03-28,AHLUCONT
2025-03-28,POWERMECH
2025-03-28,AVALON
2025-03-28,MOIL
2025-03-28,TDPOWERSYS
2025-03-28,TI
2025-03-28,ASKAUTOLTD
2025-03-28,AZAD
2025-03-28,BANCOINDIA
2025-03-28,GRWRHITECH
2025-03-28,IFBIND
2025-03-28,JAMNAAUTO
2025-03-28,ETHOSLTD
2025-03-28,RAIN
2025-03-28,RALLIS
2025-03-28,SAMHI
2025-03-28,SENCO
2025-03-28,SFL
2025-03-28,TARC
2025-03-28,TEXRAIL
2025-03-28,VMART
2025-03-28,AETHER
2025-03-28,GLS
2025-03-28,ALLCARGO
2025-03-28,BORORENEW
2025-03-28,CSBBANK
2025-03-28,DYNAMATECH
2025-03-28,ENTERO
2025-03-28,EPL
2025-03-28,YATHARTH
2025-03-28,NAZARA
2025-03-28,GMMPFAUDLR
2025-03-28,INDIGOPNTS
2025-03-28,IXIGO
2025-03-28,INOXGREEN
2025-03-28,JAIBALAJI
2025-03-28,JSFB
2025-03-28,JKPAPER
2025-03-28,JNKINDIA
2025-03-28,KIRLPNU
2025-03-28,EXICOM
2025-03-28,KRBL
2025-03-28,PRUDENT
2025-03-28,RBA
2025-03-28,SAFARI
2025-03-28,SHRIPISTON
2025-03-28,STLTECH
2025-03-28,SUBROS
2025-03-28,SUNTECK
2025-03-28,HCG
2025-03-28,VAIBHAVGBL
2025-03-28,MEDPLUS
2025-03-28,AURIONPRO
2025-03-28,PCJEWELLER
2025-03-28,AWFIS
2025-03-28,BALAMINES
2025-03-28,BALUFORGE
2025-03-28,BIRLACORPN
2025-03-28,CELLO
2025-03-28,EIEL
2025-03-28,PGIL
2025-03-28,EQUITASBNK
2025-03-28,GMRP&UI
2025-03-28,GAEL
2025-03-28,JKLAKSHMI
2025-03-28,KPIGREEN
2025-03-28,LLOYDSENT
2025-03-28,ACI
2025-03-28,PNGJL
2025-03-28,EUREKAFORB
2025-03-28,PRSMJOHNSN
2025-03-28,GSFC
2025-03-28,BLACKBUCK
2025-03-28,RTNPOWER
2025-03-28,ANUP
2025-03-28,SHAILY
2025-03-28,CIGNITITEC
2025-03-28,SHARDACROP
2025-03-28,SKIPPER
2025-03-28,SPARC
2025-03-28,THANGAMAYL
2025-03-28,SHAKTIPUMP
2025-03-28,TRANSRAILL
2025-03-28,AVANTIFEED
2025-03-28,TVSSCS
2025-03-28,UJJIVANSFB
2025-03-28,VIPIND
2025-03-28,VARROC
2025-03-28,WEBELSOLAR
2025-03-28,ZAGGLE
2025-09-23,FORCEMOT
2025-09-23,FCL
2025-09-23,DCXINDIA
2025-09-23,CHOICEIN
2025-09-23,CHEMPLASTS
2025-09-23,BEPL
2025-09-23,BLUEJET
2025-09-23,AVL
2025-09-23,BANSALWIRE
2025-09-23,BAJAJHIND
2025-09-23,AKZOINDIA
2025-09-23,BOROLTD
2025-09-23,GANESHHOU
2025-09-23,MAHSCOOTER
2025-09-23,HATHWAY
2025-09-23,HEIDELBERG
2025-09-23,JAICORPLTD
2025-09-23,JTLIND
2025-09-23,KSB
2025-09-23,NOCIL
2025-09-23,NUVOCO
2025-09-23,ORISSAMINE
2025-09-23,PAISALO
2025-09-23,REDTAPE
2025-09-23,RESPONIND
2025-09-23,VIYASH
2025-09-23,SBCL
2025-09-23,GOPAL
2025-09-23,SHOPERSTOP
2025-09-23,BBL
2025-09-23,STYLAMIND
2025-09-23,GREENPLY
2025-09-23,SUPRAJIT
2025-09-23,TIIL
2025-09-23,TIRUMALCHM
2025-09-23,VENTIVE
2025-09-23,VENUSPIPES
2025-09-23,WONDERLA
2025-09-23,MANINFRA
2025-09-23,RAJESHEXPO
2025-09-23,ACUTAAS
2025-09-23,AGI
2025-09-23,ABDL
2025-09-23,PARKHOTELS
2025-09-23,SPANDANA
2025-09-23,BOSCH-HCIL
2025-09-23,CEIGALL
2025-09-23,CEMPRO
2025-09-23,CYIENTDLM
2025-09-23,DCAL
2025-09-23,DODLA
2025-09-23,EASEMYTRIP
2025-09-23,EMUDHRA
2025-09-23,EPIGRAL
2025-09-23,FDC
2025-09-23,FINEORG
2025-09-23,GRINFRA
2025-09-23,GABRIEL
2025-09-23,SULA
2025-09-23,CARTRADE
2025-09-23,GANECOS
2025-09-23,IMAGICAA
2025-09-23,GATEWAY
2025-09-23,VSTIND
2025-09-23,GULFOILLUB
2025-09-23,HIKAL
2025-09-23,INGERRAND
2025-09-23,INNOVACAP
2025-09-23,ISGEC
2025-09-23,JKIL
2025-09-23,JINDWORLD
2025-09-23,KSL
2025-09-23,LMW
2025-09-23,LUXIND
2025-09-23,MAHLIFE
2025-09-23,JISLJALEQS
2025-09-23,SUNFLAG
2025-09-23,MAXESTATES
2025-09-23,ORCHPHARMA
2025-09-23,PARADEEP
2025-09-23,PATELENG
2025-09-23,POLYPLEX
2025-09-23,UNIMECH
2025-09-23,PRINCEPIPE
2025-09-23,SANOFICONR
2025-09-23,SANOFI
2025-09-23,SYMPHONY
2025-09-23,TEAMLEASE
2025-09-23,TEGA
2025-09-23,TSFINV
2025-09-23,GREENPANEL
2025-09-23,VESUVIUS
2025-09-23,HERITGFOOD
2025-09-23,ZYDUSWELL
2025-09-23,CIGNITITEC
2025-09-23,TIMETECHNO
2025-09-23,VOLTAMP
2025-09-23,ARVINDFASN
2025-09-23,ASTRAMICRO
2025-09-23,SOUTHBANK
2025-09-23,THOMASCOOK
2025-09-23,ARVIND
2025-09-23,HGINFRA
2025-09-23,RELIGARE
2025-09-23,KTKBANK
2025-09-23,ELECTCAST
2025-09-23,LLOYDSENGG
2025-09-23,ROSSARI
2025-09-23,MSTCLTD
2025-09-23,CCAVENUE
2025-09-23,TIPSMUSIC
2025-09-23,ORIENTCEM
2025-09-23,IMFA
2025-09-23,SURYAROSNI
2025-09-23,INDIAGLYCO
2025-09-23,HCC
2025-09-23,WABAG
2025-09-23,IIFLCAPS
2025-09-23,WELENT
2025-09-23,EMBDL
2025-09-23,GARFIBRES
2025-09-23,CIEINDIA
2025-09-23,MARKSANS
2025-09-23,BOMDYEING
2025-09-23,DHANI
2025-09-23,SAFARI
2025-09-23,ASHOKA
2025-09-23,CMSINFO
2025-09-23,DCBBANK
2025-09-23,GHCL
2025-09-23,GREAVESCOT
2025-09-23,KSCL
2025-09-23,MIDHANI
2025-09-23,NFL
2025-09-23,OPTIEMUS
2025-09-23,PARAS
2025-09-23,RATEGAIN
2025-09-23,SANSERA
2025-09-23,PRICOLLTD
2025-09-23,SUPRIYA
2025-09-23,ADVENZYMES
2025-09-23,DATAMATICS
2025-09-23,ETHOSLTD
2025-09-23,GOKEX
2025-09-23,HEMIPROP
2025-09-23,ICIL
2025-09-23,NESCO
2025-09-23,STAR
2025-09-23,STARCEMENT
2025-09-23,DBL
2025-09-23,EMIL
2025-09-23,FIEMIND
2025-09-23,MOIL
2025-09-23,CSBBANK
2025-09-23,POWERMECH
2025-09-23,SHAREINDIA
2025-09-23,PTC
2025-09-23,BECTORFOOD
2025-09-23,BANCOINDIA
2025-09-23,AZAD
2025-09-23,ASKAUTOLTD
2025-09-23,AARTIDRUGS
2025-09-23,TI
2025-09-23,EDELWEISS
2025-09-23,IFBIND
2025-09-23,SUDARSCHEM
2025-09-23,AVALON
2025-09-23,AHLUCONT
2025-09-23,AARTIPHARM
2025-09-23,TDPOWERSYS
2025-09-23,IONEXCHANG
2025-09-23,GRWRHITECH
2025-09-23,JAMNAAUTO
2025-09-23,NAZARA
2025-09-23,RAIN
2025-09-23,RALLIS
2025-09-23,SAMHI
2025-09-23,SFL
2025-09-23,TARC
2025-09-23,TEXRAIL
2025-09-23,VMART
2025-09-23,YATHARTH
2025-09-23,AETHER
2025-09-23,SHILPAMED
2025-09-23,INDIASHLTR
2025-09-23,SENCO
2025-09-23,DYNAMATECH
2025-09-23,BORORENEW
2025-09-23,EPL
2025-09-23,HCG
2025-09-23,INDIGOPNTS
2025-09-23,INOXGREEN
2025-09-23,JAIBALAJI
2025-09-23,JSFB
2025-09-23,JKPAPER
2025-09-23,KIRLPNU
2025-09-23,KRBL
2025-09-23,LXCHEM
2025-09-23,IXIGO
2025-09-23,MEDPLUS
2025-09-23,PRUDENT
2025-09-23,ENTERO
2025-09-23,SHRIPISTON
2025-09-23,STLTECH
2025-09-23,SUBROS
2025-09-23,SUNTECK
2025-09-23,VAIBHAVGBL
2025-09-23,ACI
2025-09-23,AURIONPRO
2025-09-23,AVANTIFEED
2025-09-23,AWFIS
2025-09-23,BALAMINES
2025-09-23,BALUFORGE
2025-09-23,BIRLACORPN
2025-09-23,CELLO
2025-09-23,KPIGREEN
2025-09-23,GMMPFAUDLR
2025-09-23,EIEL
2025-09-23,RBA
2025-09-23,EUREKAFORB
2025-09-23,GAEL
2025-09-23,EQUITASBNK
2025-09-23,GSFC
2025-09-23,JKLAKSHMI
2025-09-23,LLOYDSENT
2025-09-23,PNGJL
2025-09-23,PCJEWELLER
2025-09-23,PGIL
2025-09-23,PRSMJOHNSN
2025-09-23,REFEX
2025-09-23,SHAILY
2025-09-23,SHAKTIPUMP
2025-09-23,SHARDACROP
2025-09-23,SKIPPER
2025-09-23,RTNPOWER
2025-09-23,WEBELSOLAR
2025-09-23,THANGAMAYL
2025-09-23,ANUP
2025-09-23,TRANSRAILL
2025-09-23,TVSSCS
2025-09-23,KITEX
2025-09-23,GMRP&UI
2025-09-23,UJJIVANSFB
2025-09-23,VIPIND
2025-09-23,VARROC
2025-09-23,ZAGGLE
2025-09-23,BLACKBUCK
2025-09-23,MTARTECH
2025-09-23,SPARC
2025-09-30,AKZOINDIA
2025-09-30,AVL
2025-09-30,DCXINDIA
2025-09-30,BAJAJHIND
2025-09-30,HATHWAY
2025-09-30,BOMDYEING
2025-09-30,BANSALWIRE
2025-09-30,PARAS
2025-09-30,BLUEJET
2025-09-30,BOROLTD
2025-09-30,GREENPLY
2025-09-30,CHEMPLASTS
2025-09-30,FCL
2025-09-30,HEIDELBERG
2025-09-30,BEPL
2025-09-30,JAICORPLTD
2025-09-30,KSB
2025-09-30,STYLAMIND
2025-09-30,GULFOILLUB
2025-09-30,FORCEMOT
2025-09-30,JTLIND
2025-09-30,MAHSCOOTER
2025-09-30,NOCIL
2025-09-30,NUVOCO
2025-09-30,SULA
2025-09-30,ORISSAMINE
2025-09-30,REDTAPE
2025-09-30,RESPONIND
2025-09-30,ROSSARI
2025-09-30,SBCL
2025-09-30,SHOPERSTOP
2025-09-30,SPANDANA
2025-09-30,PAISALO
2025-09-30,GOPAL
2025-09-30,CEMPRO
2025-09-30,TIIL
2025-09-30,VENTIVE
2025-09-30,ABDL
2025-09-30,VENUSPIPES
2025-09-30,WONDERLA
2025-09-30,DHANI
2025-09-30,RAJESHEXPO
2025-09-30,CYIENTDLM
2025-09-30,AGI
2025-09-30,ANURAS
2025-09-30,PARKHOTELS
2025-09-30,BELRISE
2025-09-30,BBL
2025-09-30,BOSCH-HCIL
2025-09-30,HIKAL
2025-09-30,AJAXENGG
2025-09-30,SUPRAJIT
2025-09-30,DCAL
2025-09-30,GATEWAY
2025-09-30,TIRUMALCHM
2025-09-30,GRINFRA
2025-09-30,DODLA
2025-09-30,EASEMYTRIP
2025-09-30,EMUDHRA
2025-09-30,EPIGRAL
2025-09-30,GREENPANEL
2025-09-30,FDC
2025-09-30,GABRIEL
2025-09-30,DHANUKA
2025-09-30,GALLANTT
2025-09-30,GANESHHOU
2025-09-30,GANECOS
2025-09-30,GARFIBRES
2025-09-30,FINEORG
2025-09-30,ACUTAAS
2025-09-30,VINATIORGA
2025-09-30,SURYAROSNI
2025-09-30,LMW
2025-09-30,ASTRAMICRO
2025-09-30,INNOVACAP
2025-09-30,ISGEC
2025-09-30,JISLJALEQS
2025-09-30,JINDWORLD
2025-09-30,PRINCEPIPE
2025-09-30,KSL
2025-09-30,POLYPLEX
2025-09-30,MAHLIFE
2025-09-30,MANINFRA
2025-09-30,MAXESTATES
2025-09-30,ORCHPHARMA
2025-09-30,PARADEEP
2025-09-30,LUXIND
2025-09-30,PATELENG
2025-09-30,JKIL
2025-09-30,SANOFICONR
2025-09-30,SYMPHONY
2025-09-30,TEGA
2025-09-30,TEAMLEASE
2025-09-30,VOLTAMP
2025-09-30,SUNFLAG
2025-09-30,VESUVIUS
2025-09-30,SANOFI
2025-09-30,SHARDAMOTR
2025-09-30,CIGNITITEC
2025-09-30,CARTRADE
2025-09-30,VSTIND
2025-09-30,ZYDUSWELL
2025-09-30,CIEINDIA
2025-09-30,TIMETECHNO
2025-09-30,UNIMECH
2025-09-30,ARVINDFASN
2025-09-30,GHCL
2025-09-30,SOUTHBANK
2025-09-30,HERITGFOOD
2025-09-30,ARVIND
2025-09-30,HGINFRA
2025-09-30,RELIGARE
2025-09-30,KTKBANK
2025-09-30,ELECTCAST
2025-09-30,HCC
2025-09-30,LLOYDSENGG
2025-09-30,INDIAGLYCO
2025-09-30,MARKSANS
2025-09-30,CCAVENUE
2025-09-30,TIPSMUSIC
2025-09-30,ORIENTCEM
2025-09-30,IMFA
2025-09-30,MSTCLTD
2025-09-30,WABAG
2025-09-30,IIFLCAPS
2025-09-30,OPTIEMUS
2025-09-30,THOMASCOOK
2025-09-30,WELENT
2025-09-30,EMBDL
2025-09-30,TSFINV
2025-09-30,VIYASH
2025-09-30,BECTORFOOD
2025-09-30,MTARTECH
2025-09-30,ASHOKA
2025-09-30,CMSINFO
2025-09-30,DCBBANK
2025-09-30,IMAGICAA
2025-09-30,GREAVESCOT
2025-09-30,KSCL
2025-09-30,MIDHANI
2025-09-30,NFL
2025-09-30,INGERRAND
2025-09-30,CEIGALL
2025-09-30,CHOICEIN
2025-09-30,TEXRAIL
2025-09-30,JAMNAAUTO
2025-09-30,HEMIPROP
2025-09-30,SUNTECK
2025-09-30,SUPRIYA
2025-09-30,IONEXCHANG
2025-09-30,ADVENZYMES
2025-09-30,POWERMECH
2025-09-30,DATAMATICS
2025-09-30,ICIL
2025-09-30,MOIL
2025-09-30,STAR
2025-09-30,STARCEMENT
2025-09-30,DBL
2025-09-30,EMIL
2025-09-30,GOKEX
2025-09-30,FIEMIND
2025-09-30,PTC
2025-09-30,BANCOINDIA
2025-09-30,VAIBHAVGBL
2025-09-30,IFBIND
2025-09-30,SHILPAMED
2025-09-30,SUDARSCHEM
2025-09-30,AARTIPHARM
2025-09-30,AHLUCONT
2025-09-30,GRWRHITECH
2025-09-30,AVALON
2025-09-30,TDPOWERSYS
2025-09-30,PRICOLLTD
2025-09-30,TI
2025-09-30,AARTIDRUGS
2025-09-30,ASKAUTOLTD
2025-09-30,AZAD
2025-09-30,EDELWEISS
2025-09-30,INDIASHLTR
2025-09-30,ETHOSLTD
2025-09-30,NAZARA
2025-09-30,GMMPFAUDLR
2025-09-30,RALLIS
2025-09-30,SFL
2025-09-30,TARC
2025-09-30,RATEGAIN
2025-09-30,VMART
2025-09-30,YATHARTH
2025-09-30,SENCO
2025-09-30,ENTERO
2025-09-30,EPL
2025-09-30,BORORENEW
2025-09-30,SAMHI
2025-09-30,DYNAMATECH
2025-09-30,CSBBANK
2025-09-30,AETHER
2025-09-30,HCG
2025-09-30,SHRIPISTON
2025-09-30,INOXGREEN
2025-09-30,IXIGO
2025-09-30,JAIBALAJI
2025-09-30,JSFB
2025-09-30,JKPAPER
2025-09-30,KIRLPNU
2025-09-30,KRBL
2025-09-30,LXCHEM
2025-09-30,MEDPLUS
2025-09-30,INDIGOPNTS
2025-09-30,PRUDENT
2025-09-30,RBA
2025-09-30,SAFARI
2025-09-30,STLTECH
2025-09-30,RAIN
2025-09-30,SUBROS
2025-09-30,RENUKA
2025-09-30,AURIONPRO
2025-09-30,NESCO
2025-09-30,NETWORK18
2025-09-30,PNGJL
2025-09-30,EIEL
2025-09-30,AVANTIFEED
2025-09-30,AWFIS
2025-09-30,BALAMINES
2025-09-30,BALUFORGE
2025-09-30,PCJEWELLER
2025-09-30,BIRLACORPN
2025-09-30,EQUITASBNK
2025-09-30,LLOYDSENT
2025-09-30,EUREKAFORB
2025-09-30,GMRP&UI
2025-09-30,GAEL
2025-09-30,GSFC
2025-09-30,CELLO
2025-09-30,PGIL
2025-09-30,VIPIND
2025-09-30,UJJIVANSFB
2025-09-30,SANSERA
2025-09-30,ACI
2025-09-30,PRSMJOHNSN
2025-09-30,RTNPOWER
2025-09-30,RAYMONDLSL
2025-09-30,OSWALPUMPS
2025-09-30,SHAILY
2025-09-30,SHAKTIPUMP
2025-09-30,SHARDACROP
2025-09-30,SKIPPER
2025-09-30,SPARC
2025-09-30,THANGAMAYL
2025-09-30,ANUP
2025-09-30,TRANSRAILL
2025-09-30,TVSSCS
2025-09-30,JKLAKSHMI
2025-09-30,KPIGREEN
2025-09-30,REFEX
2025-09-30,WEBELSOLAR
2025-09-30,BLACKBUCK
2025-09-30,JUSTDIAL
2025-09-30,KITEX
2025-09-30,ALIVUS
2025-09-30,BAJAJELEC
2025-09-30,DIACABS
2025-09-30,PRIVISCL
2025-09-30,GNFC
2025-09-30,KNRCON
2025-09-30,PNCINFRA
2025-09-30,KRN
2025-09-30,MANORAMA
2025-09-30,MASTEK
2025-09-30,VARROC
2025-09-30,GPPL
2025-09-30,QUESS
2025-09-30,LUMAXTECH
2025-09-30,WAAREERTL
2025-09-30,WESTLIFE
2025-09-30,SWSOLAR
2025-09-30,RELAXO
2025-09-30,ROUTE
2025-09-30,SANDUMA
2025-09-30,SHAREINDIA
2025-09-30,RTNINDIA
2025-09-30,STYRENIX
2025-09-30,V2RETAIL
2025-09-30,SKYGOLD
2025-09-30,THYROCARE
2025-09-30,ZAGGLE
2025-09-30,SUNDARMHLD
2025-09-30,PURVA
2025-09-30,TANLA
2025-10-28,ACUTAAS
2025-10-28,UNIMECH
2025-10-28,RAJESHEXPO
2025-10-28,AGI
2025-10-28,AJAXENGG
2025-10-28,ANURAS
2025-10-28,PARKHOTELS
2025-10-28,BELRISE
2025-10-28,BBL
2025-10-28,BOSCH-HCIL
2025-10-28,CARTRADE
2025-10-28,CEIGALL
2025-10-28,ABDL
2025-10-28,EPIGRAL
2025-10-28,DHANUKA
2025-10-28,DCAL
2025-10-28,DODLA
2025-10-28,EASEMYTRIP
2025-10-28,EMUDHRA
2025-10-28,FDC
2025-10-28,FINEORG
2025-10-28,GRINFRA
2025-10-28,GABRIEL
2025-10-28,GALLANTT
2025-10-28,GANESHHOU
2025-10-28,POWERMECH
2025-10-28,GANECOS
2025-10-28,CEMPRO
2025-10-28,GARFIBRES
2025-10-28,MAXESTATES
2025-10-28,GREENPANEL
2025-10-28,CYIENTDLM
2025-10-28,HIKAL
2025-10-28,IMAGICAA
2025-10-28,INGERRAND
2025-10-28,INNOVACAP
2025-10-28,ISGEC
2025-10-28,JKIL
2025-10-28,JISLJALEQS
2025-10-28,JINDWORLD
2025-10-28,KSL
2025-10-28,LMW
2025-10-28,LUXIND
2025-10-28,MAHLIFE
2025-10-28,GATEWAY
2025-10-28,MANINFRA
2025-10-28,PARADEEP
2025-10-28,PATELENG
2025-10-28,POLYPLEX
2025-10-28,PRINCEPIPE
2025-10-28,RATNAMANI
2025-10-28,SANOFICONR
2025-10-28,SANOFI
2025-10-28,SHARDAMOTR
2025-10-28,SUNFLAG
2025-10-28,SYMPHONY
2025-10-28,TEAMLEASE
2025-10-28,TEGA
2025-10-28,GULFOILLUB
2025-10-28,ORCHPHARMA
2025-10-28,VESUVIUS
2025-10-28,MOIL
2025-10-28,VSTIND
2025-10-28,CIGNITITEC
2025-10-28,TIMETECHNO
2025-10-28,VOLTAMP
2025-10-28,ARVINDFASN
2025-10-28,ASTRAMICRO
2025-10-28,SOUTHBANK
2025-10-28,THOMASCOOK
2025-10-28,HGINFRA
2025-10-28,RELIGARE
2025-10-28,KTKBANK
2025-10-28,ELECTCAST
2025-10-28,LLOYDSENGG
2025-10-28,ARVIND
2025-10-28,TSFINV
2025-10-28,ZYDUSWELL
2025-10-28,IIFLCAPS
2025-10-28,WABAG
2025-10-28,HCC
2025-10-28,INDIAGLYCO
2025-10-28,SURYAROSNI
2025-10-28,WELENT
2025-10-28,ORIENTCEM
2025-10-28,IMFA
2025-10-28,MSTCLTD
2025-10-28,MARKSANS
2025-10-28,CIEINDIA
2025-10-28,TIPSMUSIC
2025-10-28,CCAVENUE
2025-10-28,HERITGFOOD
2025-10-28,DHANI
2025-10-28,EMBDL
2025-10-28,VIYASH
2025-10-28,MTARTECH
2025-10-28,ASHOKA
2025-10-28,CMSINFO
2025-10-28,DCBBANK
2025-10-28,GHCL
2025-10-28,GREAVESCOT
2025-10-28,KSCL
2025-10-28,MIDHANI
2025-10-28,NFL
2025-10-28,OPTIEMUS
2025-10-28,PARAS
2025-10-28,SANSERA
2025-10-28,SHAREINDIA
2025-10-28,RATEGAIN
2025-10-28,SUPRIYA
2025-10-28,ADVENZYMES
2025-10-28,DATAMATICS
2025-10-28,ETHOSLTD
2025-10-28,GOKEX
2025-10-28,HEMIPROP
2025-10-28,ICIL
2025-10-28,NESCO
2025-10-28,STAR
2025-10-28,STARCEMENT
2025-10-28,DBL
2025-10-28,FIEMIND
2025-10-28,VINATIORGA
2025-10-28,BECTORFOOD
2025-10-28,IONEXCHANG
2025-10-28,EMIL
2025-10-28,ZAGGLE
2025-10-28,SHAKTIPUMP
2025-10-28,SHILPAMED
2025-10-28,SUDARSCHEM
2025-10-28,AARTIPHARM
2025-10-28,AHLUCONT
2025-10-28,AVALON
2025-10-28,EDELWEISS
2025-10-28,IFBIND
2025-10-28,TDPOWERSYS
2025-10-28,TI
2025-10-28,AARTIDRUGS
2025-10-28,ASKAUTOLTD
2025-10-28,AZAD
2025-10-28,DYNAMATECH
2025-10-28,BANCOINDIA
2025-10-28,JAMNAAUTO
2025-10-28,NAZARA
2025-10-28,RAIN
2025-10-28,RALLIS
2025-10-28,SAMHI
2025-10-28,SENCO
2025-10-28,SFL
2025-10-28,TARC
2025-10-28,TEXRAIL
2025-10-28,VMART
2025-10-28,YATHARTH
2025-10-28,AETHER
2025-10-28,BORORENEW
2025-10-28,CELLO
2025-10-28,CSBBANK
2025-10-28,GRWRHITECH
2025-10-28,ENTERO
2025-10-28,PRICOLLTD
2025-10-28,PRUDENT
2025-10-28,GMMPFAUDLR
2025-10-28,INDIGOPNTS
2025-10-28,INOXGREEN
2025-10-28,JSFB
2025-10-28,JKPAPER
2025-10-28,KIRLPNU
2025-10-28,KRBL
2025-10-28,LXCHEM
2025-10-28,IXIGO
2025-10-28,MEDPLUS
2025-10-28,JAIBALAJI
2025-10-28,INDIASHLTR
2025-10-28,VAIBHAVGBL
2025-10-28,SHRIPISTON
2025-10-28,STLTECH
2025-10-28,SUBROS
2025-10-28,SUNTECK
2025-10-28,ACI
2025-10-28,AURIONPRO
2025-10-28,AVANTIFEED
2025-10-28,AWFIS
2025-10-28,BALAMINES
2025-10-28,BALUFORGE
2025-10-28,EPL
2025-10-28,BIRLACORPN
2025-10-28,RBA
2025-10-28,SAFARI
2025-10-28,EIEL
2025-10-28,HCG
2025-10-28,EUREKAFORB
2025-10-28,GMRP&UI
2025-10-28,GAEL
2025-10-28,GSFC
2025-10-28,JKLAKSHMI
2025-10-28,KPIGREEN
2025-10-28,LLOYDSENT
2025-10-28,PNGJL
2025-10-28,PCJEWELLER
2025-10-28,PGIL
2025-10-28,PRSMJOHNSN
2025-10-28,RTNPOWER
2025-10-28,REFEX
2025-10-28,ALIVUS
2025-10-28,SHAILY
2025-10-28,SHARDACROP
2025-10-28,SKIPPER
2025-10-28,SPARC
2025-10-28,THANGAMAYL
2025-10-28,ANUP
2025-10-28,TRANSRAILL
2025-10-28,TVSSCS
2025-10-28,UJJIVANSFB
2025-10-28,VIPIND
2025-10-28,VARROC
2025-10-28,WEBELSOLAR
2025-10-28,BLACKBUCK
2025-10-28,PTC
2025-10-28,KITEX
2025-10-28,BAJAJELEC
2025-10-28,RAYMONDLSL
2025-10-28,RTNINDIA
2025-10-28,EQUITASBNK
2025-10-28,JUSTDIAL
2025-10-28,KNRCON
2025-10-28,KRN
2025-10-28,LUMAXTECH
2025-10-28,MANORAMA
2025-10-28,MASTEK
2025-10-28,NETWORK18
2025-10-28,PNCINFRA
2025-10-28,PRIVISCL
2025-10-28,PURVA
2025-10-28,DIACABS
2025-10-28,QUESS
2025-10-28,OSWALPUMPS
2025-10-28,GNFC
2025-10-28,RELAXO
2025-10-28,WAAREERTL
2025-10-28,V2RETAIL
2025-10-28,THYROCARE
2025-10-28,TANLA
2025-10-28,SUNDARMHLD
2025-10-28,WESTLIFE
2025-10-28,SWSOLAR
2025-10-28,STYRENIX
2025-10-28,ROUTE
2025-10-28,SANDUMA
2025-10-28,GPPL
2025-10-28,SKYGOLD
2025-10-28,RENUKA
2025-12-26,AGI
2025-12-26,AJAXENGG
2025-12-26,ABDL
2025-12-26,CEMPRO
2025-12-26,PARKHOTELS
2025-12-26,BELRISE
2025-12-26,BBL
2025-12-26,BOSCH-HCIL
2025-12-26,CARTRADE
2025-12-26,CEIGALL
2025-12-26,VESUVIUS
2025-12-26,ANURAS
2025-12-26,CYIENTDLM
2025-12-26,DCAL
2025-12-26,DODLA
2025-12-26,EASEMYTRIP
2025-12-26,EMUDHRA
2025-12-26,EPIGRAL
2025-12-26,FDC
2025-12-26,FINEORG
2025-12-26,GRINFRA
2025-12-26,GALLANTT
2025-12-26,GANESHHOU
2025-12-26,GANECOS
2025-12-26,GARFIBRES
2025-12-26,ACUTAAS
2025-12-26,DHANUKA
2025-12-26,RAJESHEXPO
2025-12-26,INNOVACAP
2025-12-26,GATEWAY
2025-12-26,INGERRAND
2025-12-26,VINATIORGA
2025-12-26,ISGEC
2025-12-26,JKIL
2025-12-26,JISLJALEQS
2025-12-26,JINDWORLD
2025-12-26,KSL
2025-12-26,LMW
2025-12-26,LUXIND
2025-12-26,MAHLIFE
2025-12-26,MANINFRA
2025-12-26,MAXESTATES
2025-12-26,ORCHPHARMA
2025-12-26,PRICOLLTD
2025-12-26,PATELENG
2025-12-26,PRINCEPIPE
2025-12-26,RATNAMANI
2025-12-26,SANOFICONR
2025-12-26,SANOFI
2025-12-26,SHARDAMOTR
2025-12-26,SUNFLAG
2025-12-26,SYMPHONY
2025-12-26,TEAMLEASE
2025-12-26,TEGA
2025-12-26,UNIMECH
2025-12-26,HIKAL
2025-12-26,GULFOILLUB
2025-12-26,GREENPANEL
2025-12-26,POLYPLEX
2025-12-26,GABRIEL
2025-12-26,IONEXCHANG
2025-12-26,ASHOKA
2025-12-26,TIMETECHNO
2025-12-26,VOLTAMP
2025-12-26,ARVINDFASN
2025-12-26,ASTRAMICRO
2025-12-26,SOUTHBANK
2025-12-26,CIEINDIA
2025-12-26,ARVIND
2025-12-26,HGINFRA
2025-12-26,RELIGARE
2025-12-26,KTKBANK
2025-12-26,ELECTCAST
2025-12-26,LLOYDSENGG
2025-12-26,THOMASCOOK
2025-12-26,VIYASH
2025-12-26,MSTCLTD
2025-12-26,HERITGFOOD
2025-12-26,IIFLCAPS
2025-12-26,WABAG
2025-12-26,HCC
2025-12-26,INDIAGLYCO
2025-12-26,EMBDL
2025-12-26,IMFA
2025-12-26,ORIENTCEM
2025-12-26,TIPSMUSIC
2025-12-26,CCAVENUE
2025-12-26,MARKSANS
2025-12-26,IMAGICAA
2025-12-26,SURYAROSNI
2025-12-26,WELENT
2025-12-26,ZYDUSWELL
2025-12-26,CIGNITITEC
2025-12-26,ADVENZYMES
2025-12-26,CMSINFO
2025-12-26,DCBBANK
2025-12-26,GHCL
2025-12-26,GREAVESCOT
2025-12-26,KSCL
2025-12-26,MIDHANI
2025-12-26,NFL
2025-12-26,OPTIEMUS
2025-12-26,PARAS
2025-12-26,RATEGAIN
2025-12-26,SANSERA
2025-12-26,SHAREINDIA
2025-12-26,MTARTECH
2025-12-26,TSFINV
2025-12-26,SUPRIYA
2025-12-26,ETHOSLTD
2025-12-26,GOKEX
2025-12-26,HEMIPROP
2025-12-26,ICIL
2025-12-26,NESCO
2025-12-26,STAR
2025-12-26,STARCEMENT
2025-12-26,DBL
2025-12-26,EMIL
2025-12-26,FIEMIND
2025-12-26,VSTIND
2025-12-26,MOIL
2025-12-26,BECTORFOOD
2025-12-26,DATAMATICS
2025-12-26,POWERMECH
2025-12-26,PARADEEP
2025-12-26,PTC
2025-12-26,AHLUCONT
2025-12-26,AVALON
2025-12-26,EDELWEISS
2025-12-26,IFBIND
2025-12-26,TDPOWERSYS
2025-12-26,TI
2025-12-26,AARTIDRUGS
2025-12-26,ASKAUTOLTD
2025-12-26,AZAD
2025-12-26,BANCOINDIA
2025-12-26,GRWRHITECH
2025-12-26,EPL
2025-12-26,JAMNAAUTO
2025-12-26,RAIN
2025-12-26,RALLIS
2025-12-26,SAMHI
2025-12-26,SENCO
2025-12-26,SFL
2025-12-26,TARC
2025-12-26,TEXRAIL
2025-12-26,VMART
2025-12-26,YATHARTH
2025-12-26,AETHER
2025-12-26,BORORENEW
2025-12-26,CSBBANK
2025-12-26,DYNAMATECH
2025-12-26,NAZARA
2025-12-26,EIEL
2025-12-26,SUDARSCHEM
2025-12-26,ENTERO
2025-12-26,AARTIPHARM
2025-12-26,INDIASHLTR
2025-12-26,INDIGOPNTS
2025-12-26,INOXGREEN
2025-12-26,JAIBALAJI
2025-12-26,RBA
2025-12-26,JKPAPER
2025-12-26,KIRLPNU
2025-12-26,KRBL
2025-12-26,LXCHEM
2025-12-26,IXIGO
2025-12-26,MEDPLUS
2025-12-26,PRUDENT
2025-12-26,JSFB
2025-12-26,EQUITASBNK
2025-12-26,CELLO
2025-12-26,STLTECH
2025-12-26,SUBROS
2025-12-26,SUNTECK
2025-12-26,VAIBHAVGBL
2025-12-26,ACI
2025-12-26,AURIONPRO
2025-12-26,AVANTIFEED
2025-12-26,AWFIS
2025-12-26,BALAMINES
2025-12-26,BIRLACORPN
2025-12-26,HCG
2025-12-26,SAFARI
2025-12-26,GMMPFAUDLR
2025-12-26,SHRIPISTON
2025-12-26,KITEX
2025-12-26,BALUFORGE
2025-12-26,JUSTDIAL
2025-12-26,GSFC
2025-12-26,JKLAKSHMI
2025-12-26,KPIGREEN
2025-12-26,LLOYDSENT
2025-12-26,PNGJL
2025-12-26,PCJEWELLER
2025-12-26,PGIL
2025-12-26,PRSMJOHNSN
2025-12-26,RTNPOWER
2025-12-26,RAYMONDLSL
2025-12-26,REFEX
2025-12-26,SHAILY
2025-12-26,DIACABS
2025-12-26,GAEL
2025-12-26,SHAKTIPUMP
2025-12-26,THANGAMAYL
2025-12-26,ANUP
2025-12-26,TRANSRAILL
2025-12-26,TVSSCS
2025-12-26,UJJIVANSFB
2025-12-26,VIPIND
2025-12-26,VARROC
2025-12-26,WEBELSOLAR
2025-12-26,ZAGGLE
2025-12-26,BLACKBUCK
2025-12-26,ALIVUS
2025-12-26,GMRP&UI
2025-12-26,SHARDACROP
2025-12-26,SKIPPER
2025-12-26,BAJAJELEC
2025-12-26,SPARC
2025-12-26,EUREKAFORB
2025-12-26,KNRCON
2025-12-26,KRN
2025-12-26,GNFC
2025-12-26,LUMAXTECH
2025-12-26,MANORAMA
2025-12-26,MASTEK
2025-12-26,NETWORK18
2025-12-26,OSWALPUMPS
2025-12-26,PRIVISCL
2025-12-26,PURVA
2025-12-26,QUESS
2025-12-26,RTNINDIA
2025-12-26,GPPL
2025-12-26,RELAXO
2025-12-26,PNCINFRA
2025-12-26,RENUKA
2025-12-26,SHILPAMED
2025-12-26,SANDUMA
2025-12-26,WESTLIFE
2025-12-26,V2RETAIL
2025-12-26,THYROCARE
2025-12-26,WAAREERTL
2025-12-26,SUNDARMHLD
2025-12-26,STYRENIX
2025-12-26,SWSOLAR
2025-12-26,SKYGOLD
2025-12-26,ROUTE
2025-12-26,TANLA
2025-12-26,KANSAINER
2026-03-30,DYNAMATECH
2026-03-30,PARKHOTELS
2026-03-30,ACUTAAS
2026-03-30,AGI
2026-03-30,AJAXENGG
2026-03-30,ABDL
2026-03-30,ANURAS
2026-03-30,KSCL
2026-03-30,BBL
2026-03-30,BOSCH-HCIL
2026-03-30,CEIGALL
2026-03-30,CEMPRO
2026-03-30,DHANUKA
2026-03-30,DODLA
2026-03-30,CYIENTDLM
2026-03-30,BELRISE
2026-03-30,EASEMYTRIP
2026-03-30,GANESHHOU
2026-03-30,EPIGRAL
2026-03-30,FDC
2026-03-30,JKIL
2026-03-30,FINEORG
2026-03-30,GRINFRA
2026-03-30,GABRIEL
2026-03-30,GALLANTT
2026-03-30,GANECOS
2026-03-30,EMUDHRA
2026-03-30,GATEWAY
2026-03-30,GREENPANEL
2026-03-30,GULFOILLUB
2026-03-30,HIKAL
2026-03-30,IMAGICAA
2026-03-30,INGERRAND
2026-03-30,INNOVACAP
2026-03-30,ISGEC
2026-03-30,JISLJALEQS
2026-03-30,JINDWORLD
2026-03-30,PATELENG
2026-03-30,VOLTAMP
2026-03-30,LMW
2026-03-30,LUXIND
2026-03-30,MAHLIFE
2026-03-30,MANINFRA
2026-03-30,MAXESTATES
2026-03-30,ORCHPHARMA
2026-03-30,PARADEEP
2026-03-30,POLYPLEX
2026-03-30,PRINCEPIPE
2026-03-30,RATNAMANI
2026-03-30,SANOFICONR
2026-03-30,SANOFI
2026-03-30,SHARDAMOTR
2026-03-30,SUNFLAG
2026-03-30,GARFIBRES
2026-03-30,SYMPHONY
2026-03-30,TEAMLEASE
2026-03-30,TEGA
2026-03-30,UNIMECH
2026-03-30,VESUVIUS
2026-03-30,VINATIORGA
2026-03-30,VSTIND
2026-03-30,ZYDUSWELL
2026-03-30,CIEINDIA
2026-03-30,CIGNITITEC
2026-03-30,TIMETECHNO
2026-03-30,ELECTCAST
2026-03-30,ARVINDFASN
2026-03-30,ASTRAMICRO
2026-03-30,SOUTHBANK
2026-03-30,THOMASCOOK
2026-03-30,ARVIND
2026-03-30,HGINFRA
2026-03-30,RELIGARE
2026-03-30,KTKBANK
2026-03-30,KSL
2026-03-30,LLOYDSENGG
2026-03-30,ICIL
2026-03-30,MARKSANS
2026-03-30,CCAVENUE
2026-03-30,STAR
2026-03-30,TIPSMUSIC
2026-03-30,ORIENTCEM
2026-03-30,IMFA
2026-03-30,SURYAROSNI
2026-03-30,HCC
2026-03-30,IIFLCAPS
2026-03-30,CMSINFO
2026-03-30,WELENT
2026-03-30,EMBDL
2026-03-30,TSFINV
2026-03-30,VIYASH
2026-03-30,BECTORFOOD
2026-03-30,MTARTECH
2026-03-30,WABAG
2026-03-30,DCBBANK
2026-03-30,INDIAGLYCO
2026-03-30,GREAVESCOT
2026-03-30,CSBBANK
2026-03-30,MIDHANI
2026-03-30,NFL
2026-03-30,OPTIEMUS
2026-03-30,PARAS
2026-03-30,RATEGAIN
2026-03-30,SANSERA
2026-03-30,ASHOKA
2026-03-30,DATAMATICS
2026-03-30,SUPRIYA
2026-03-30,IONEXCHANG
2026-03-30,ADVENZYMES
2026-03-30,HEMIPROP
2026-03-30,ETHOSLTD
2026-03-30,GOKEX
2026-03-30,GHCL
2026-03-30,SHAREINDIA
2026-03-30,NESCO
2026-03-30,SENCO
2026-03-30,STARCEMENT
2026-03-30,AARTIDRUGS
2026-03-30,EMIL
2026-03-30,FIEMIND
2026-03-30,MOIL
2026-03-30,POWERMECH
2026-03-30,PRICOLLTD
2026-03-30,PTC
2026-03-30,ASKAUTOLTD
2026-03-30,SHILPAMED
2026-03-30,AARTIPHARM
2026-03-30,AHLUCONT
2026-03-30,AVALON
2026-03-30,EDELWEISS
2026-03-30,IFBIND
2026-03-30,TDPOWERSYS
2026-03-30,TI
2026-03-30,SUDARSCHEM
2026-03-30,DCAL
2026-03-30,AZAD
2026-03-30,MSTCLTD
2026-03-30,SFL
2026-03-30,GRWRHITECH
2026-03-30,INDIASHLTR
2026-03-30,JAMNAAUTO
2026-03-30,NAZARA
2026-03-30,RAIN
2026-03-30,RALLIS
2026-03-30,BANCOINDIA
2026-03-30,SAMHI
2026-03-30,DBL
2026-03-30,TEXRAIL
2026-03-30,VGUARD
2026-03-30,VMART
2026-03-30,YATHARTH
2026-03-30,AETHER
2026-03-30,BORORENEW
2026-03-30,TARC
2026-03-30,HERITGFOOD
2026-03-30,CARTRADE
2026-03-30,CRAMC
2026-03-30,PURVA
2026-03-30,GMMPFAUDLR
2026-03-30,HCG
2026-03-30,INDIGOPNTS
2026-03-30,INOXGREEN
2026-03-30,JAIBALAJI
2026-03-30,JSFB
2026-03-30,KIRLPNU
2026-03-30,STLTECH
2026-03-30,LXCHEM
2026-03-30,IXIGO
2026-03-30,MEDPLUS
2026-03-30,PRUDENT
2026-03-30,RBA
2026-03-30,SAFARI
2026-03-30,JKPAPER
2026-03-30,PNGJL
2026-03-30,SUBROS
2026-03-30,VAIBHAVGBL
2026-03-30,ACI
2026-03-30,AURIONPRO
2026-03-30,AVANTIFEED
2026-03-30,AWFIS
2026-03-30,BALAMINES
2026-03-30,BALUFORGE
2026-03-30,BIRLACORPN
2026-03-30,SHRIPISTON
2026-03-30,EIEL
2026-03-30,EQUITASBNK
2026-03-30,EUREKAFORB
2026-03-30,GMRP&UI
2026-03-30,GAEL
2026-03-30,GSFC
2026-03-30,JKLAKSHMI
2026-03-30,KPIGREEN
2026-03-30,SUNTECK
2026-03-30,LLOYDSENT
2026-03-30,KRBL
2026-03-30,PCJEWELLER
2026-03-30,SPARC
2026-03-30,PRSMJOHNSN
2026-03-30,RAYMONDLSL
2026-03-30,REFEX
2026-03-30,SHAKTIPUMP
2026-03-30,SHARDACROP
2026-03-30,SKIPPER
2026-03-30,WEBELSOLAR
2026-03-30,SHAILY
2026-03-30,ANUP
2026-03-30,VARROC
2026-03-30,TRANSRAILL
2026-03-30,TVSSCS
2026-03-30,UJJIVANSFB
2026-03-30,THANGAMAYL
2026-03-30,ENTERO
2026-03-30,VIPIND
2026-03-30,CELLO
2026-03-30,MANORAMA
2026-03-30,PRIVISCL
2026-03-30,KNRCON
2026-03-30,KITEX
2026-03-30,ALIVUS
2026-03-30,BAJAJELEC
2026-03-30,DIACABS
2026-03-30,GNFC
2026-03-30,GPPL
2026-03-30,BLACKBUCK
2026-03-30,JUSTDIAL
2026-03-30,ZAGGLE
2026-03-30,LUMAXTECH
2026-03-30,MASTEK
2026-03-30,NETWORK18
2026-03-30,OSWALPUMPS
2026-03-30,PNCINFRA
2026-03-30,PGIL
2026-03-30,KRN
2026-03-30,QUESS
2026-03-30,RTNPOWER
2026-03-30,RTNINDIA
2026-03-30,RELAXO
2026-03-30,ROUTE
2026-03-30,SANDUMA
2026-03-30,RENUKA
2026-03-30,SKYGOLD
2026-03-30,SWSOLAR
2026-03-30,STYRENIX
2026-03-30,TANLA
2026-03-30,AKUMS
2026-03-30,THYROCARE
2026-03-30,V2RETAIL
2026-03-30,WAAREERTL
2026-03-30,WESTLIFE
2026-03-30,KANSAINER
2026-03-30,AVL
2026-03-30,SUNDARMHLD
2026-03-30,WEWORK
2026-03-30,APLLTD
2026-03-30,ALOKINDS
2026-03-30,REDTAPE
2026-03-30,APOLLO
2026-03-30,ASHAPURMIN
2026-03-30,ATLANTAELE
2026-03-30,AXISCADES
2026-03-30,BBOX
2026-03-30,BLUESTONE
2026-03-30,AEQUS
2026-03-30,CAMPUS
2026-03-30,CENTURYPLY
2026-03-30,CERA
2026-03-30,CORONA
2026-03-30,CRIZAC
2026-03-30,CUPID
2026-03-30,AGARWALEYE
2026-03-30,ELLEN
2026-03-30,CAPILLARY
2026-03-30,FEDFINA
2026-03-30,ALKYLAMINE
2026-03-30,UTLSOLAR
2026-03-30,PRAJIND
2026-03-30,GOKULAGRO
2026-03-30,HAPPSTMNDS
2026-03-30,INOXINDIA
2026-03-30,JAYNECOIND
2026-03-30,JSLL
2026-03-30,JLHL
2026-03-30,PFOCUS
2026-03-30,JYOTHYLAB
2026-03-30,KSB
2026-03-30,MAHSEAMLES
2026-03-30,METROPOLIS
2026-03-30,ORKLAINDIA
2026-03-30,PARKHOSPS
2026-03-30,FINPIPE
2026-03-30,PICCADIL
2026-03-30,KIRLOSBROS
2026-03-30,QPOWER
2026-03-30,MAHSCOOTER
2026-03-30,EPL
2026-03-30,RCF
2026-03-30,LOTUSDEV
2026-03-30,SAATVIKGL
2026-03-30,STYL
2026-03-30,RUBICON
2026-03-30,SKFINDIA
2026-03-30,SMARTWORKS
2026-03-30,SMLMAH
2026-03-30,SUDEEPPHRM
2026-03-30,SKFINDUS
2026-03-30,GODREJAGRO
2026-03-30,TMB
2026-03-30,TRIVENI
2026-03-30,DBREALTY
2026-03-30,MANYAVAR
2026-03-30,VIKRAMSOLR
2026-03-30,WAKEFIT
2026-03-31,ELECTCAST
2026-03-31,KTKBANK
2026-03-31,RELIGARE
2026-03-31,HGINFRA
2026-03-31,ARVIND
2026-03-31,ASTRAMICRO
2026-03-31,SOUTHBANK
2026-03-31,TIMETECHNO
2026-03-31,ARVINDFASN
2026-03-31,CIGNITITEC
2026-03-31,VOLTAMP
2026-03-31,THOMASCOOK
2026-03-31,VIYASH
2026-03-31,IMFA
2026-03-31,MSTCLTD
2026-03-31,MARKSANS
2026-03-31,CCAVENUE
2026-03-31,TIPSMUSIC
2026-03-31,ORIENTCEM
2026-03-31,SURYAROSNI
2026-03-31,INDIAGLYCO
2026-03-31,HCC
2026-03-31,WABAG
2026-03-31,IIFLCAPS
2026-03-31,EQUITASBNK
2026-03-31,WELENT
2026-03-31,EMBDL
2026-03-31,LLOYDSENGG
2026-03-31,TSFINV
2026-03-31,MTARTECH
2026-03-31,POWERMECH
2026-03-31,CMSINFO
2026-03-31,HERITGFOOD
2026-03-31,DCBBANK
2026-03-31,GHCL
2026-03-31,GREAVESCOT
2026-03-31,KSCL
2026-03-31,MIDHANI
2026-03-31,NFL
2026-03-31,OPTIEMUS
2026-03-31,PARAS
2026-03-31,RATEGAIN
2026-03-31,SANSERA
2026-03-31,SHAREINDIA
2026-03-31,BECTORFOOD
2026-03-31,SUPRIYA
2026-03-31,DATAMATICS
2026-03-31,ETHOSLTD
2026-03-31,GOKEX
2026-03-31,HEMIPROP
2026-03-31,ICIL
2026-03-31,NESCO
2026-03-31,STAR
2026-03-31,STARCEMENT
2026-03-31,DBL
2026-03-31,EMIL
2026-03-31,FIEMIND
2026-03-31,MOIL
2026-03-31,IONEXCHANG
2026-03-31,ADVENZYMES
2026-03-31,PRICOLLTD
2026-03-31,IFBIND
2026-03-31,SHILPAMED
2026-03-31,AARTIPHARM
2026-03-31,AHLUCONT
2026-03-31,AVALON
2026-03-31,EDELWEISS
2026-03-31,TDPOWERSYS
2026-03-31,TI
2026-03-31,AARTIDRUGS
2026-03-31,AZAD
2026-03-31,BANCOINDIA
2026-03-31,GRWRHITECH
2026-03-31,SUDARSCHEM
2026-03-31,INDIASHLTR
2026-03-31,ASKAUTOLTD
2026-03-31,DYNAMATECH
2026-03-31,NAZARA
2026-03-31,JAMNAAUTO
2026-03-31,YATHARTH
2026-03-31,VMART
2026-03-31,VGUARD
2026-03-31,TEXRAIL
2026-03-31,AETHER
2026-03-31,SFL
2026-03-31,SENCO
2026-03-31,RAIN
2026-03-31,SAMHI
2026-03-31,RALLIS
2026-03-31,TARC
2026-03-31,ASHOKA
2026-03-31,BORORENEW
2026-03-31,CIEINDIA
2026-03-31,CSBBANK
2026-03-31,ENTERO
2026-03-31,GMMPFAUDLR
2026-03-31,HCG
2026-03-31,INDIGOPNTS
2026-03-31,INOXGREEN
2026-03-31,JAIBALAJI
2026-03-31,JSFB
2026-03-31,JKPAPER
2026-03-31,KIRLPNU
2026-03-31,KRBL
2026-03-31,LXCHEM
2026-03-31,IXIGO
2026-03-31,MEDPLUS
2026-03-31,PRUDENT
2026-03-31,CELLO
2026-03-31,RBA
2026-03-31,STLTECH
2026-03-31,SUBROS
2026-03-31,SUNTECK
2026-03-31,VAIBHAVGBL
2026-03-31,ACI
2026-03-31,AURIONPRO
2026-03-31,AVANTIFEED
2026-03-31,AWFIS
2026-03-31,BALAMINES
2026-03-31,BALUFORGE
2026-03-31,BIRLACORPN
2026-03-31,PTC
2026-03-31,EPL
2026-03-31,SHRIPISTON
2026-03-31,EIEL
2026-03-31,CERA
2026-03-31,EUREKAFORB
2026-03-31,KANSAINER
2026-03-31,GSFC
2026-03-31,JKLAKSHMI
2026-03-31,KPIGREEN
2026-03-31,LLOYDSENT
2026-03-31,PNGJL
2026-03-31,PCJEWELLER
2026-03-31,PGIL
2026-03-31,PRSMJOHNSN
2026-03-31,RTNPOWER
2026-03-31,RAYMONDLSL
2026-03-31,REFEX
2026-03-31,BAJAJELEC
2026-03-31,GAEL
2026-03-31,SHAKTIPUMP
2026-03-31,SPARC
2026-03-31,THANGAMAYL
2026-03-31,ANUP
2026-03-31,TRANSRAILL
2026-03-31,TVSSCS
2026-03-31,UJJIVANSFB
2026-03-31,VIPIND
2026-03-31,VARROC
2026-03-31,WEBELSOLAR
2026-03-31,ZAGGLE
2026-03-31,BLACKBUCK
2026-03-31,KITEX
2026-03-31,SHARDACROP
2026-03-31,SKIPPER
2026-03-31,AVL
2026-03-31,ALIVUS
2026-03-31,DIACABS
2026-03-31,SAFARI
2026-03-31,PRIVISCL
2026-03-31,PNCINFRA
2026-03-31,OSWALPUMPS
2026-03-31,NETWORK18
2026-03-31,LUMAXTECH
2026-03-31,MANORAMA
2026-03-31,JUSTDIAL
2026-03-31,KRN
2026-03-31,GPPL
2026-03-31,KNRCON
2026-03-31,MASTEK
2026-03-31,QUESS
2026-03-31,SHAILY
2026-03-31,SWSOLAR
2026-03-31,ROUTE
2026-03-31,SANDUMA
2026-03-31,RENUKA
2026-03-31,SKYGOLD
2026-03-31,STYRENIX
2026-03-31,SUNDARMHLD
2026-03-31,TANLA
2026-03-31,THYROCARE
2026-03-31,V2RETAIL
2026-03-31,GNFC
2026-03-31,WAAREERTL
2026-03-31,WESTLIFE
2026-03-31,RTNINDIA
2026-03-31,RELAXO
2026-03-31,PARKHOSPS
2026-03-31,PURVA
2026-03-31,MAHSCOOTER
2026-03-31,ALKYLAMINE
2026-03-31,ALOKINDS
2026-03-31,APOLLO
2026-03-31,ASHAPURMIN
2026-03-31,ATLANTAELE
2026-03-31,AXISCADES
2026-03-31,BBOX
2026-03-31,BLUESTONE
2026-03-31,CAMPUS
2026-03-31,CRAMC
2026-03-31,CAPILLARY
2026-03-31,CENTURYPLY
2026-03-31,JYOTHYLAB
2026-03-31,CRIZAC
2026-03-31,CUPID
2026-03-31,AGARWALEYE
2026-03-31,ELLEN
2026-03-31,FEDFINA
2026-03-31,FINPIPE
2026-03-31,UTLSOLAR
2026-03-31,GODREJAGRO
2026-03-31,GOKULAGRO
2026-03-31,HAPPSTMNDS
2026-03-31,INOXINDIA
2026-03-31,JAYNECOIND
2026-03-31,JSLL
2026-03-31,AKUMS
2026-03-31,APLLTD
2026-03-31,JLHL
2026-03-31,CORONA
2026-03-31,AEQUS
2026-03-31,KIRLOSBROS
2026-03-31,METROPOLIS
2026-03-31,ORKLAINDIA
2026-03-31,PICCADIL
2026-03-31,PRAJIND
2026-03-31,PFOCUS
2026-03-31,QPOWER
2026-03-31,RCF
2026-03-31,REDTAPE
2026-03-31,SAATVIKGL
2026-03-31,STYL
2026-03-31,KSB
2026-03-31,SKFINDUS
2026-03-31,MAHSEAMLES
2026-03-31,RUBICON
2026-03-31,SMLMAH
2026-03-31,SKFINDIA
2026-03-31,SMARTWORKS
2026-03-31,NEOGEN
2026-03-31,WEWORK
2026-03-31,WAKEFIT
2026-03-31,VIKRAMSOLR
2026-03-31,GMRP&UI
2026-03-31,DBREALTY
2026-03-31,TRIVENI
2026-03-31,LOTUSDEV
2026-03-31,TMB
2026-03-31,SUDEEPPHRM
2026-03-31,MANYAVAR
2026-05-12,RELIGARE
2026-05-12,HGINFRA
2026-05-12,ARVIND
2026-05-12,THOMASCOOK
2026-05-12,ARVINDFASN
2026-05-12,ASTRAMICRO
2026-05-12,VOLTAMP
2026-05-12,TIMETECHNO
2026-05-12,CIGNITITEC
2026-05-12,KTKBANK
2026-05-12,SOUTHBANK
2026-05-12,ELECTCAST
2026-05-12,WELENT
2026-05-12,TARC
2026-05-12,MSTCLTD
2026-05-12,MARKSANS
2026-05-12,CCAVENUE
2026-05-12,TIPSMUSIC
2026-05-12,ORIENTCEM
2026-05-12,IMFA
2026-05-12,SURYAROSNI
2026-05-12,INDIAGLYCO
2026-05-12,HCC
2026-05-12,WABAG
2026-05-12,IIFLCAPS
2026-05-12,CIEINDIA
2026-05-12,EMBDL
2026-05-12,POWERMECH
2026-05-12,TSFINV
2026-05-12,ETHOSLTD
2026-05-12,BECTORFOOD
2026-05-12,ASHOKA
2026-05-12,HERITGFOOD
2026-05-12,CMSINFO
2026-05-12,DCBBANK
2026-05-12,GHCL
2026-05-12,GREAVESCOT
2026-05-12,KSCL
2026-05-12,MIDHANI
2026-05-12,NFL
2026-05-12,OPTIEMUS
2026-05-12,PARAS
2026-05-12,RATEGAIN
2026-05-12,SANSERA
2026-05-12,VIYASH
2026-05-12,SHAREINDIA
2026-05-12,IONEXCHANG
2026-05-12,DATAMATICS
2026-05-12,GOKEX
2026-05-12,HEMIPROP
2026-05-12,ICIL
2026-05-12,NESCO
2026-05-12,STAR
2026-05-12,STARCEMENT
2026-05-12,DBL
2026-05-12,EMIL
2026-05-12,FIEMIND
2026-05-12,MOIL
2026-05-12,EQUITASBNK
2026-05-12,SUPRIYA
2026-05-12,PRICOLLTD
2026-05-12,SAFARI
2026-05-12,SHILPAMED
2026-05-12,AARTIPHARM
2026-05-12,AHLUCONT
2026-05-12,AVALON
2026-05-12,EDELWEISS
2026-05-12,IFBIND
2026-05-12,TDPOWERSYS
2026-05-12,DYNAMATECH
2026-05-12,AARTIDRUGS
2026-05-12,ASKAUTOLTD
2026-05-12,AZAD
2026-05-12,BANCOINDIA
2026-05-12,GRWRHITECH
2026-05-12,INDIASHLTR
2026-05-12,SUDARSCHEM
2026-05-12,TI
2026-05-12,JAMNAAUTO
2026-05-12,BORORENEW
2026-05-12,AETHER
2026-05-12,YATHARTH
2026-05-12,VGUARD
2026-05-12,TEXRAIL
2026-05-12,VMART
2026-05-12,SFL
2026-05-12,SENCO
2026-05-12,SAMHI
2026-05-12,RALLIS
2026-05-12,RAIN
2026-05-12,EIEL
2026-05-12,NAZARA
2026-05-12,MTARTECH
2026-05-12,CSBBANK
2026-05-12,ENTERO
2026-05-12,GMMPFAUDLR
2026-05-12,HCG
2026-05-12,INDIGOPNTS
2026-05-12,INOXGREEN
2026-05-12,JAIBALAJI
2026-05-12,JSFB
2026-05-12,JKPAPER
2026-05-12,KIRLPNU
2026-05-12,KRBL
2026-05-12,LXCHEM
2026-05-12,IXIGO
2026-05-12,MEDPLUS
2026-05-12,PRUDENT
2026-05-12,CELLO
2026-05-12,EPL
2026-05-12,SHRIPISTON
2026-05-12,STLTECH
2026-05-12,SUBROS
2026-05-12,SUNTECK
2026-05-12,VAIBHAVGBL
2026-05-12,ACI
2026-05-12,AURIONPRO
2026-05-12,AVANTIFEED
2026-05-12,AWFIS
2026-05-12,BALAMINES
2026-05-12,BALUFORGE
2026-05-12,BIRLACORPN
2026-05-12,PTC
2026-05-12,RBA
2026-05-12,ADVENZYMES
2026-05-12,LLOYDSENGG
2026-05-12,CORONA
2026-05-12,GSFC
2026-05-12,JKLAKSHMI
2026-05-12,KPIGREEN
2026-05-12,LLOYDSENT
2026-05-12,PNGJL
2026-05-12,PCJEWELLER
2026-05-12,PGIL
2026-05-12,PRSMJOHNSN
2026-05-12,RTNPOWER
2026-05-12,RAYMONDLSL
2026-05-12,REFEX
2026-05-12,BAJAJELEC
2026-05-12,SHAILY
2026-05-12,SHARDACROP
2026-05-12,SKIPPER
2026-05-12,THANGAMAYL
2026-05-12,ANUP
2026-05-12,TRANSRAILL
2026-05-12,TVSSCS
2026-05-12,UJJIVANSFB
2026-05-12,VIPIND
2026-05-12,VARROC
2026-05-12,WEBELSOLAR
2026-05-12,ZAGGLE
2026-05-12,BLACKBUCK
2026-05-12,KITEX
2026-05-12,SHAKTIPUMP
2026-05-12,AVL
2026-05-12,ALIVUS
2026-05-12,SPARC
2026-05-12,DIACABS
2026-05-12,PNCINFRA
2026-05-12,OSWALPUMPS
2026-05-12,NETWORK18
2026-05-12,MASTEK
2026-05-12,KRN
2026-05-12,LUMAXTECH
2026-05-12,KNRCON
2026-05-12,JUSTDIAL
2026-05-12,GPPL
2026-05-12,PRIVISCL
2026-05-12,MANORAMA
2026-05-12,PURVA
2026-05-12,WESTLIFE
2026-05-12,AEQUS
2026-05-12,RTNINDIA
2026-05-12,ROUTE
2026-05-12,SANDUMA
2026-05-12,RENUKA
2026-05-12,SKYGOLD
2026-05-12,SWSOLAR
2026-05-12,STYRENIX
2026-05-12,TANLA
2026-05-12,THYROCARE
2026-05-12,V2RETAIL
2026-05-12,WAAREERTL
2026-05-12,GNFC
2026-05-12,KANSAINER
2026-05-12,QUESS
2026-05-12,RELAXO
2026-05-12,JLHL
2026-05-12,GAEL
2026-05-12,MAHSEAMLES
2026-05-12,ALOKINDS
2026-05-12,APOLLO
2026-05-12,ASHAPURMIN
2026-05-12,ATLANTAELE
2026-05-12,AXISCADES
2026-05-12,BBOX
2026-05-12,BLUESTONE
2026-05-12,CAMPUS
2026-05-12,CRAMC
2026-05-12,CAPILLARY
2026-05-12,CENTURYPLY
2026-05-12,NEOGEN
2026-05-12,KIRLOSBROS
2026-05-12,ALKYLAMINE
2026-05-12,CERA
2026-05-12,CUPID
2026-05-12,AGARWALEYE
2026-05-12,ELLEN
2026-05-12,FEDFINA
2026-05-12,FINPIPE
2026-05-12,UTLSOLAR
2026-05-12,GODREJAGRO
2026-05-12,GOKULAGRO
2026-05-12,HAPPSTMNDS
2026-05-12,INOXINDIA
2026-05-12,JAYNECOIND
2026-05-12,JSLL
2026-05-12,APLLTD
2026-05-12,CRIZAC
2026-05-12,JYOTHYLAB
2026-05-12,EUREKAFORB
2026-05-12,AKUMS
2026-05-12,KSB
2026-05-12,ORKLAINDIA
2026-05-12,PARKHOSPS
2026-05-12,PICCADIL
2026-05-12,PRAJIND
2026-05-12,PFOCUS
2026-05-12,QPOWER
2026-05-12,RCF
2026-05-12,REDTAPE
2026-05-12,RUBICON
2026-05-12,SAATVIKGL
2026-05-12,STYL
2026-05-12,MAHSCOOTER
2026-05-12,SKFINDUS
2026-05-12,METROPOLIS
2026-05-12,SMLMAH
2026-05-12,SMARTWORKS
2026-05-12,SKFINDIA
2026-05-12,GMRP&UI
2026-05-12,RATNAMANI
2026-05-12,WAKEFIT
2026-05-12,VIKRAMSOLR
2026-05-12,WEWORK
2026-05-12,DBREALTY
2026-05-12,TRIVENI
2026-05-12,TMB
2026-05-12,SUDEEPPHRM
2026-05-12,LOTUSDEV
2026-05-12,MANYAVAR
2026-05-15,RELIGARE
2026-05-15,MOIL
2026-05-15,ELECTCAST
2026-05-15,KTKBANK
2026-05-15,HGINFRA
2026-05-15,VOLTAMP
2026-05-15,THOMASCOOK
2026-05-15,SOUTHBANK
2026-05-15,ASTRAMICRO
2026-05-15,ARVINDFASN
2026-05-15,POWERMECH
2026-05-15,ARVIND
2026-05-15,LLOYDSENGG
2026-05-15,SURYAROSNI
2026-05-15,MARKSANS
2026-05-15,CCAVENUE
2026-05-15,TIPSMUSIC
2026-05-15,ORIENTCEM
2026-05-15,IMFA
2026-05-15,INDIAGLYCO
2026-05-15,HCC
2026-05-15,WABAG
2026-05-15,IIFLCAPS
2026-05-15,WELENT
2026-05-15,EMBDL
2026-05-15,HERITGFOOD
2026-05-15,TIMETECHNO
2026-05-15,MSTCLTD
2026-05-15,CIGNITITEC
2026-05-15,ETHOSLTD
2026-05-15,TSFINV
2026-05-15,PRICOLLTD
2026-05-15,DCBBANK
2026-05-15,GHCL
2026-05-15,GREAVESCOT
2026-05-15,KSCL
2026-05-15,MIDHANI
2026-05-15,NFL
2026-05-15,OPTIEMUS
2026-05-15,PARAS
2026-05-15,RATEGAIN
2026-05-15,SANSERA
2026-05-15,SHAREINDIA
2026-05-15,SUPRIYA
2026-05-15,SANOFICONR
2026-05-15,IONEXCHANG
2026-05-15,DATAMATICS
2026-05-15,GOKEX
2026-05-15,HEMIPROP
2026-05-15,ICIL
2026-05-15,NESCO
2026-05-15,STAR
2026-05-15,STARCEMENT
2026-05-15,DBL
2026-05-15,EMIL
2026-05-15,FIEMIND
2026-05-15,MTARTECH
2026-05-15,BECTORFOOD
2026-05-15,VIYASH
2026-05-15,ADVENZYMES
2026-05-15,CMSINFO
2026-05-15,NEOGEN
2026-05-15,HCG
2026-05-15,AHLUCONT
2026-05-15,AVALON
2026-05-15,EDELWEISS
2026-05-15,IFBIND
2026-05-15,TDPOWERSYS
2026-05-15,TI
2026-05-15,AARTIDRUGS
2026-05-15,ASKAUTOLTD
2026-05-15,AZAD
2026-05-15,BANCOINDIA
2026-05-15,GRWRHITECH
2026-05-15,DYNAMATECH
2026-05-15,INDIASHLTR
2026-05-15,AARTIPHARM
2026-05-15,NAZARA
2026-05-15,RALLIS
2026-05-15,SAMHI
2026-05-15,SENCO
2026-05-15,SFL
2026-05-15,TARC
2026-05-15,TEXRAIL
2026-05-15,VGUARD
2026-05-15,VMART
2026-05-15,YATHARTH
2026-05-15,AETHER
2026-05-15,BORORENEW
2026-05-15,JAMNAAUTO
2026-05-15,ASHOKA
2026-05-15,RAIN
2026-05-15,GMMPFAUDLR
2026-05-15,SUDARSCHEM
2026-05-15,ENTERO
2026-05-15,INDIGOPNTS
2026-05-15,INOXGREEN
2026-05-15,JAIBALAJI
2026-05-15,JSFB
2026-05-15,JKPAPER
2026-05-15,KIRLPNU
2026-05-15,KRBL
2026-05-15,LXCHEM
2026-05-15,IXIGO
2026-05-15,MEDPLUS
2026-05-15,PRUDENT
2026-05-15,EPL
2026-05-15,RBA
2026-05-15,CSBBANK
2026-05-15,SHRIPISTON
2026-05-15,SUBROS
2026-05-15,SUNTECK
2026-05-15,VAIBHAVGBL
2026-05-15,ACI
2026-05-15,AURIONPRO
2026-05-15,AVANTIFEED
2026-05-15,AWFIS
2026-05-15,BALAMINES
2026-05-15,BALUFORGE
2026-05-15,BIRLACORPN
2026-05-15,CELLO
2026-05-15,SAFARI
2026-05-15,EQUITASBNK
2026-05-15,STLTECH
2026-05-15,EIEL
2026-05-15,PTC
2026-05-15,EUREKAFORB
2026-05-15,GSFC
2026-05-15,JKLAKSHMI
2026-05-15,KPIGREEN
2026-05-15,LLOYDSENT
2026-05-15,PNGJL
2026-05-15,PCJEWELLER
2026-05-15,PGIL
2026-05-15,PRSMJOHNSN
2026-05-15,RTNPOWER
2026-05-15,RAYMONDLSL
2026-05-15,REFEX
2026-05-15,SHAILY
2026-05-15,SHAKTIPUMP
2026-05-15,SHARDACROP
2026-05-15,SPARC
2026-05-15,THANGAMAYL
2026-05-15,ANUP
2026-05-15,TRANSRAILL
2026-05-15,TVSSCS
2026-05-15,UJJIVANSFB
2026-05-15,VIPIND
2026-05-15,VARROC
2026-05-15,WEBELSOLAR
2026-05-15,ZAGGLE
2026-05-15,BLACKBUCK
2026-05-15,KITEX
2026-05-15,BAJAJELEC
2026-05-15,SHILPAMED
2026-05-15,ALIVUS
2026-05-15,SKIPPER
2026-05-15,DIACABS
2026-05-15,OSWALPUMPS
2026-05-15,PURVA
2026-05-15,PRIVISCL
2026-05-15,PNCINFRA
2026-05-15,NETWORK18
2026-05-15,GPPL
2026-05-15,MANORAMA
2026-05-15,LUMAXTECH
2026-05-15,KRN
2026-05-15,KNRCON
2026-05-15,JUSTDIAL
2026-05-15,MASTEK
2026-05-15,QUESS
2026-05-15,AVL
2026-05-15,KANSAINER
2026-05-15,ROUTE
2026-05-15,SANDUMA
2026-05-15,RENUKA
2026-05-15,SKYGOLD
2026-05-15,SWSOLAR
2026-05-15,STYRENIX
2026-05-15,TANLA
2026-05-15,THYROCARE
2026-05-15,V2RETAIL
2026-05-15,WAAREERTL
2026-05-15,WESTLIFE
2026-05-15,GNFC
2026-05-15,RTNINDIA
2026-05-15,RELAXO
2026-05-15,RATNAMANI
2026-05-15,GAEL
2026-05-15,MAHSCOOTER
2026-05-15,ALKYLAMINE
2026-05-15,ALOKINDS
2026-05-15,APOLLO
2026-05-15,ASHAPURMIN
2026-05-15,ATLANTAELE
2026-05-15,AXISCADES
2026-05-15,BBOX
2026-05-15,BLUESTONE
2026-05-15,CAMPUS
2026-05-15,CRAMC
2026-05-15,CAPILLARY
2026-05-15,CENTURYPLY
2026-05-15,JYOTHYLAB
2026-05-15,APLLTD
2026-05-15,CERA
2026-05-15,CUPID
2026-05-15,AGARWALEYE
2026-05-15,ELLEN
2026-05-15,FEDFINA
2026-05-15,FINPIPE
2026-05-15,UTLSOLAR
2026-05-15,GODREJAGRO
2026-05-15,GOKULAGRO
2026-05-15,HAPPSTMNDS
2026-05-15,INOXINDIA
2026-05-15,JAYNECOIND
2026-05-15,JSLL
2026-05-15,AKUMS
2026-05-15,CRIZAC
2026-05-15,JLHL
2026-05-15,CORONA
2026-05-15,AEQUS
2026-05-15,MAHSEAMLES
2026-05-15,METROPOLIS
2026-05-15,ORKLAINDIA
2026-05-15,PARKHOSPS
2026-05-15,PICCADIL
2026-05-15,PRAJIND
2026-05-15,PFOCUS
2026-05-15,KIRLOSBROS
2026-05-15,RCF
2026-05-15,REDTAPE
2026-05-15,RUBICON
2026-05-15,SAATVIKGL
2026-05-15,KSB
2026-05-15,STYL
2026-05-15,QPOWER
2026-05-15,SMARTWORKS
2026-05-15,SKFINDIA
2026-05-15,SKFINDUS
2026-05-15,GMRP&UI
2026-05-15,WEWORK
2026-05-15,VIKRAMSOLR
2026-05-15,MANYAVAR
2026-05-15,WAKEFIT
2026-05-15,TRIVENI
2026-05-15,TMB
2026-05-15,SUDEEPPHRM
2026-05-15,LOTUSDEV
2026-05-15,SMLMAH
2026-05-15,DBREALTY
2026-10-02,RATNAMANI
2026-10-02,RAYMONDLSL
2026-10-02,RTNPOWER
2026-10-02,RTNINDIA
2026-10-02,RATEGAIN
2026-10-02,PRUDENT
2026-10-02,RALLIS
2026-10-02,RAIN
2026-10-02,QUESS
2026-10-02,QPOWER
2026-10-02,PURVA
2026-10-02,RCF
2026-10-02,REDTAPE
2026-10-02,SANDUMA
2026-10-02,RELAXO
2026-10-02,RELIGARE
2026-10-02,RBA
2026-10-02,ROUTE
2026-10-02,RUBICON
2026-10-02,SKFINDUS
2026-10-02,SKFINDIA
2026-10-02,SKYGOLD
2026-10-02,SMLMAH
2026-10-02,SAATVIKGL
2026-10-02,SAFARI
2026-10-02,SAMHI
2026-10-02,PRIVISCL
2026-10-02,REFEX
2026-10-02,PRSMJOHNSN
2026-10-02,ORIENTCEM
2026-10-02,PRICOLLTD
2026-10-02,MAHSCOOTER
2026-10-02,MAHSEAMLES
2026-10-02,MANORAMA
2026-10-02,MARKSANS
2026-10-02,MASTEK
2026-10-02,MEDPLUS
2026-10-02,METROPOLIS
2026-10-02,MIDHANI
2026-10-02,BECTORFOOD
2026-10-02,NEOGEN
2026-10-02,NESCO
2026-10-02,NFL
2026-10-02,NAZARA
2026-10-02,NETWORK18
2026-10-02,OPTIEMUS
2026-10-02,ORKLAINDIA
2026-10-02,OSWALPUMPS
2026-10-02,PNGJL
2026-10-02,PCJEWELLER
2026-10-02,PNCINFRA
2026-10-02,PTC
2026-10-02,PARAS
2026-10-02,PARKHOSPS
2026-10-02,PGIL
2026-10-02,PICCADIL
2026-10-02,POWERMECH
2026-10-02,PRAJIND
2026-10-02,PFOCUS
2026-10-02,SANOFICONR
2026-10-02,WESTLIFE
2026-10-02,SENCO
2026-10-02,THANGAMAYL
2026-10-02,ANUP
2026-10-02,THOMASCOOK
2026-10-02,THYROCARE
2026-10-02,TI
2026-10-02,TIMETECHNO
2026-10-02,TIPSMUSIC
2026-10-02,TRANSRAILL
2026-10-02,TRIVENI
2026-10-02,UJJIVANSFB
2026-10-02,VGUARD
2026-10-02,VMART
2026-10-02,VIPIND
2026-10-02,TEXRAIL
2026-10-02,V2RETAIL
2026-10-02,VAIBHAVGBL
2026-10-02,DBREALTY
2026-10-02,VARROC
2026-10-02,MANYAVAR
2026-10-02,VIKRAMSOLR
2026-10-02,VIYASH
2026-10-02,VOLTAMP
2026-10-02,WAAREERTL
2026-10-02,WAKEFIT
2026-10-02,WEWORK
2026-10-02,WEBELSOLAR
2026-10-02,WELENT
2026-10-02,MTARTECH
2026-10-02,WABAG
2026-10-02,SANSERA
2026-10-02,TANLA
2026-10-02,TVSSCS
2026-10-02,STYL
2026-10-02,SHAILY
2026-10-02,SHAKTIPUMP
2026-10-02,SHARDACROP
2026-10-02,SHAREINDIA
2026-10-02,SFL
2026-10-02,SHILPAMED
2026-10-02,RENUKA
2026-10-02,SHRIPISTON
2026-10-02,SKIPPER
2026-10-02,SMARTWORKS
2026-10-02,SOUTHBANK
2026-10-02,LOTUSDEV
2026-10-02,TMB
2026-10-02,STARCEMENT
2026-10-02,STLTECH
2026-10-02,STAR
2026-10-02,STYRENIX
2026-10-02,SUBROS
2026-10-02,SUDARSCHEM
2026-10-02,SUDEEPPHRM
2026-10-02,SPARC
2026-10-02,SUNTECK
2026-10-02,SUPRIYA
2026-10-02,SURYAROSNI
2026-10-02,TARC
2026-10-02,TDPOWERSYS
2026-10-02,TSFINV
2026-10-02,SWSOLAR
2026-10-02,MSTCLTD
2026-10-02,EIEL
2026-10-02,LUMAXTECH
2026-10-02,BANCOINDIA
2026-10-02,BIRLACORPN
2026-10-02,BBOX
2026-10-02,BLACKBUCK
2026-10-02,BLUESTONE
2026-10-02,BORORENEW
2026-10-02,CMSINFO
2026-10-02,CORONA
2026-10-02,CSBBANK
2026-10-02,CAMPUS
2026-10-02,CRAMC
2026-10-02,CAPILLARY
2026-10-02,CELLO
2026-10-02,CENTURYPLY
2026-10-02,CERA
2026-10-02,CRIZAC
2026-10-02,CUPID
2026-10-02,DCBBANK
2026-10-02,DATAMATICS
2026-10-02,DIACABS
2026-10-02,DBL
2026-10-02,AGARWALEYE
2026-10-02,DUMMYALCAR
2026-10-02,DYNAMATECH
2026-10-02,EPL
2026-10-02,EDELWEISS
2026-10-02,EMIL
2026-10-02,BALUFORGE
2026-10-02,BALAMINES
2026-10-02,BAJAJELEC
2026-10-02,AZAD
2026-10-02,YATHARTH
2026-10-02,ASKAUTOLTD
2026-10-02,AXISCADES
2026-10-02,AARTIDRUGS
2026-10-02,AARTIPHARM
2026-10-02,AVL
2026-10-02,ADVENZYMES
2026-10-02,AEQUS
2026-10-02,AETHER
2026-10-02,AHLUCONT
2026-10-02,AKUMS
2026-10-02,APLLTD
2026-10-02,ALIVUS
2026-10-02,ELECTCAST
2026-10-02,ALKYLAMINE
2026-10-02,APOLLO
2026-10-02,ACI
2026-10-02,ARVINDFASN
2026-10-02,ARVIND
2026-10-02,ASHAPURMIN
2026-10-02,ASHOKA
2026-10-02,ASTRAMICRO
2026-10-02,ATLANTAELE
2026-10-02,AURIONPRO
2026-10-02,AVALON
2026-10-02,AVANTIFEED
2026-10-02,CCAVENUE
2026-10-02,AWFIS
2026-10-02,ALOKINDS
2026-10-02,ELLEN
2026-10-02,EMBDL
2026-10-02,ENTERO
2026-10-02,ICIL
2026-10-02,INOXGREEN
2026-10-02,IONEXCHANG
2026-10-02,JKLAKSHMI
2026-10-02,JKPAPER
2026-10-02,JAIBALAJI
2026-10-02,JAMNAAUTO
2026-10-02,JSFB
2026-10-02,JAYNECOIND
2026-10-02,JSLL
2026-10-02,JLHL
2026-10-02,JUSTDIAL
2026-10-02,JYOTHYLAB
2026-10-02,INDIGOPNTS
2026-10-02,KNRCON
2026-10-02,KRBL
2026-10-02,KRN
2026-10-02,KSB
2026-10-02,KANSAINER
2026-10-02,KTKBANK
2026-10-02,KSCL
2026-10-02,KIRLOSBROS
2026-10-02,KIRLPNU
2026-10-02,KITEX
2026-10-02,LXCHEM
2026-10-02,IXIGO
2026-10-02,LLOYDSENGG
2026-10-02,LLOYDSENT
2026-10-02,KPIGREEN
2026-10-02,MOIL
2026-10-02,IMFA
2026-10-02,INDIAGLYCO
2026-10-02,EQUITASBNK
2026-10-02,ETHOSLTD
2026-10-02,EUREKAFORB
2026-10-02,FEDFINA
2026-10-02,FIEMIND
2026-10-02,FINPIPE
2026-10-02,UTLSOLAR
2026-10-02,GHCL
2026-10-02,GMMPFAUDLR
2026-10-02,GMRP&UI
2026-10-02,GRWRHITECH
2026-10-02,GODREJAGRO
2026-10-02,GOKEX
2026-10-02,INDIASHLTR
2026-10-02,GOKULAGRO
2026-10-02,GAEL
2026-10-02,GNFC
2026-10-02,GPPL
2026-10-02,GSFC
2026-10-02,HGINFRA
2026-10-02,HAPPSTMNDS
2026-10-02,HCG
2026-10-02,HEMIPROP
2026-10-02,HERITGFOOD
2026-10-02,HCC
2026-10-02,IFBIND
2026-10-02,IIFLCAPS
2026-10-02,INOXINDIA
2026-10-02,GREAVESCOT
2026-10-02,ZAGGLE
