symbol,isin,first,last
20MICRONS,INE144J01019,2011-06-22,2013-01-25
20MICRONS,INE144J01027,2013-02-01,2021-06-04
21STCENMGM,INE253B01015,2018-01-11,2021-06-04
3IINFOTECH,INE748C01020,2011-06-22,2021-06-04
3MINDIA,INE470A01017,2011-06-22,2021-06-04
3PLAND,INE105C01023,2018-05-04,2021-06-04
5PAISA,INE618L01018,2017-11-16,2021-06-04
63MOONS,INE111B01023,2017-01-19,2021-06-04
8KMILES,INE650K01013,2014-02-03,2016-10-10
8KMILES,INE650K01021,2016-10-13,2021-01-19
A2ZINFRA,INE619I01012,2015-01-01,2021-06-04
A2ZMES,INE619I01012,2011-06-22,2014-12-26
AAATECH,INE0D0U01013,2020-10-13,2021-06-04
AAKASH,INE087Z01016,2018-04-27,2021-06-04
AANJANEYA,INE928K01013,2011-06-22,2013-08-27
AARON,INE721Z01010,2018-09-03,2021-06-04
AARTIDRUGS,INE767A01016,2011-06-22,2021-06-04
AARTIIND,INE769A01020,2011-06-22,2021-06-04
AARTISURF,INE09EO01013,2020-07-14,2021-06-04
AARVEEDEN,INE273D01019,2011-06-22,2021-06-04
AARVI,INE754X01016,2017-10-05,2021-06-04
AAVAS,INE216P01012,2018-10-08,2021-06-04
ABAN,INE421A01028,2011-06-22,2021-06-04
ABB,INE117A01022,2011-06-22,2021-06-04
ABBOTINDIA,INE358A01014,2011-06-22,2021-06-04
ABCAPITAL,INE674K01013,2017-09-01,2021-06-04
ABCIL,INE605B01016,2011-06-22,2016-01-13
ABFRL,INE647O01011,2016-02-01,2021-06-04
ABFRL-RE,INE647O20011,2020-07-08,2020-07-17
ABGSHIP,INE067H01016,2011-06-22,2019-05-15
ABHISHEK,INE004I01017,2011-06-22,2013-06-04
ABINFRA,INE00YB01017,2019-07-12,2021-06-04
ABIRLANUVO,INE069A01017,2011-06-22,2017-07-04
ABMINTLTD,INE251C01017,2016-07-04,2021-06-04
ABSLBANETF,INF209KB1O58,2019-11-04,2021-06-04
ABSLNN50ET,INF209KB1B87,2019-01-01,2021-06-04
ACC,INE012A01025,2011-06-22,2021-06-04
ACCELYA,INE793A01012,2012-09-06,2021-06-04
ACCORD,INE113X01015,2017-07-06,2021-06-04
ACCURACY,INE648Z01015,2018-06-22,2021-06-04
ACE,INE731H01025,2011-06-22,2021-06-04
ACEINTEG,INE543V01017,2017-07-13,2021-03-10
ACKRUTI,INE703H01016,2011-06-22,2011-11-14
ACROPETAL,INE055L01013,2011-06-22,2017-05-02
ACRYSIL,INE482D01024,2021-01-14,2021-06-04
ADANIENT,INE423A01024,2011-06-22,2021-06-04
ADANIGAS,INE399L01023,2018-11-05,2021-01-12
ADANIGREEN,INE364U01010,2018-06-18,2021-06-04
ADANIPORTS,INE742F01042,2012-01-17,2021-06-04
ADANIPOWER,INE814H01011,2011-06-22,2021-06-04
ADANITRANS,INE931S01010,2015-08-03,2021-06-04
ADFFOODS,INE982B01019,2011-06-22,2021-06-04
ADHUNIK,INE400H01019,2011-06-22,2019-11-26
ADHUNIKIND,INE452L01012,2016-07-01,2021-05-19
ADI,INE959A01019,2015-05-08,2017-01-18
ADL,INE0CHO01012,2020-10-01,2021-06-04
ADLABS,INE172N01012,2015-04-06,2020-04-21
ADORWELD,INE045A01017,2011-06-22,2021-06-04
ADROITINFO,INE737B01033,2018-04-19,2021-06-04
ADSL,INE102I01027,2011-06-22,2021-06-04
ADVANIHOTR,INE199C01026,2011-06-23,2021-06-04
ADVANTA,INE517H01010,2011-06-22,2013-07-05
ADVANTA,INE517H01028,2013-07-08,2016-07-26
ADVENZYMES,INE837H01012,2016-08-01,2017-05-25
ADVENZYMES,INE837H01020,2017-05-26,2021-06-04
AEGISCHEM,INE208C01017,2011-06-22,2015-09-16
AEGISCHEM,INE208C01025,2015-09-18,2021-06-04
AFFLE,INE00WC01019,2019-08-08,2021-06-04
AFL,INE020G01017,2011-06-22,2018-10-11
AFL-RE,INE955V20021,2021-03-04,2021-03-12
AFTEK,INE796A01023,2011-06-22,2015-11-23
AGARIND,INE204E01012,2014-05-26,2021-06-04
AGCNET,INE676A01019,2011-06-22,2021-06-04
AGLSL,INE517U01013,2017-07-20,2019-10-23
AGRE,INE360L01017,2011-06-22,2012-03-05
AGRITECH,INE449G01018,2014-02-03,2021-06-04
AGRODUTCH,INE135B01014,2011-06-22,2017-04-03
AGROPHOS,INE740V01019,2016-11-16,2021-06-04
AHIMSA,INE136T01014,2015-10-15,2021-03-22
AHLADA,INE00PV01013,2018-10-01,2021-06-04
AHLEAST,INE926K01017,2011-06-22,2021-06-04
AHLUCONT,INE758C01029,2011-06-22,2021-06-04
AHLWEST,INE915K01010,2011-06-22,2021-06-04
AHMEDFORGE,INE425A01011,2011-06-22,2015-05-26
AIAENG,INE212H01026,2011-06-22,2021-06-04
AICHAMP,INE768E01024,2011-06-22,2018-10-08
AIFL,INE428O01016,2015-12-02,2020-01-20
AIL,INE878A01011,2012-07-11,2016-09-12
AIONJSW,INE743C01021,2018-09-14,2020-10-09
AIRAN,INE645W01018,2017-03-24,2018-08-14
AIRAN,INE645W01026,2018-08-16,2021-06-04
AIROLAM,INE801L01010,2017-10-06,2021-06-04
AISL,INE635Y01015,2017-11-20,2021-06-04
AJANTPHARM,INE031B01015,2011-06-22,2012-08-09
AJANTPHARM,INE031B01031,2012-08-10,2015-03-20
AJANTPHARM,INE031B01049,2015-03-23,2021-06-04
AJMERA,INE298G01027,2011-06-22,2021-06-04
AJOONI,INE820Y01013,2018-01-02,2021-06-04
AKASH,INE737W01013,2017-03-15,2021-06-04
AKG,INE00Y801016,2018-09-25,2021-06-04
AKSHARCHEM,INE542B01011,2017-04-03,2021-06-04
AKSHOPTFBR,INE523B01011,2011-06-22,2021-06-04
AKZOINDIA,INE133A01011,2011-06-22,2021-06-04
ALANKIT,INE914E01024,2015-07-01,2015-09-23
ALANKIT,INE914E01032,2015-09-24,2016-12-15
ALANKIT,INE914E01040,2016-12-16,2021-06-04
ALBERTDAVD,INE155C01010,2016-06-14,2021-06-04
ALBK,INE428A01015,2011-06-22,2020-03-19
ALCHEM,INE964B01033,2011-06-22,2021-05-24
ALEMBICLTD,INE426A01027,2011-06-22,2021-06-04
ALFALAVAL,INE427A01017,2011-06-22,2012-04-11
ALICON,INE062D01024,2011-06-22,2021-06-04
ALKALI,INE773I01017,2011-06-22,2021-06-04
ALKEM,INE540L01014,2015-12-23,2021-06-04
ALKYLAMINE,INE150B01013,2011-06-22,2014-09-08
ALKYLAMINE,INE150B01021,2014-09-09,2021-05-11
ALKYLAMINE,INE150B01039,2021-05-12,2021-06-04
ALLCARGO,INE418H01029,2011-06-22,2021-06-04
ALLSEC,INE835G01018,2011-06-22,2021-06-04
ALMONDZ,INE326B01027,2011-06-22,2021-06-04
ALOKINDS,INE270A01029,2020-02-19,2021-06-04
ALOKTEXT,INE270A01011,2011-06-22,2020-01-24
ALPA,INE385I01010,2011-06-22,2021-06-04
ALPHAGEO,INE137C01018,2011-06-22,2021-06-04
ALPINEHOU,INE840D01015,2012-01-03,2015-01-19
ALPSINDUS,INE093B01015,2011-06-22,2021-06-04
ALSTOMT&D,INE200A01026,2012-03-12,2016-09-12
AMAR,INE787G01011,2011-06-22,2013-12-09
AMARAJABAT,INE885A01024,2011-06-22,2012-09-25
AMARAJABAT,INE885A01032,2012-09-26,2021-06-04
AMARJOTHI,INE484D01012,2011-06-22,2015-01-23
AMBANIORG,INE00C501018,2018-07-18,2021-06-04
AMBER,INE371P01015,2018-02-01,2021-06-04
AMBICAAGAR,INE792B01012,2021-04-22,2021-06-04
AMBIKCO,INE540G01014,2011-06-22,2021-06-04
AMBUJACEM,INE079A01024,2011-06-22,2021-06-04
AMDIND,INE005I01014,2011-06-22,2021-06-04
AMJLAND,INE606A01024,2018-01-19,2021-06-04
AMJUMBO,INE749Y01014,2018-02-12,2021-06-04
AMLSTEEL,INE577F01018,2011-06-22,2015-01-22
AMRUTANJAN,INE098F01015,2011-06-22,2012-10-26
AMRUTANJAN,INE098F01023,2012-11-01,2018-04-13
AMRUTANJAN,INE098F01031,2018-04-16,2021-06-04
AMTEKAUTO,INE130C01021,2011-06-22,2019-04-01
AMTEKINDIA,INE068D01021,2011-06-22,2015-06-10
AMTL,INE436N01029,2012-08-07,2017-04-21
ANANDAMRUB,INE618N01014,2015-12-01,2017-09-21
ANANTRAJ,INE242C01024,2011-06-22,2021-06-04
ANDHRABANK,INE434A01013,2011-06-22,2020-03-19
ANDHRACEMT,INE666E01012,2011-06-22,2021-06-04
ANDHRAPAP,INE435A01028,2020-03-05,2021-06-04
ANDHRSUGAR,INE715B01013,2011-06-22,2021-06-04
ANDPAPER,INE435A01028,2020-01-22,2020-03-04
ANGELBRKG,INE732I01013,2020-10-05,2021-06-04
ANGIND,INE017D01010,2011-06-22,2019-06-04
ANIKINDS,INE087B01017,2011-06-22,2021-06-04
ANKITMETAL,INE106I01010,2013-03-14,2021-06-04
ANKURDRUGS,INE238D01012,2011-06-22,2013-09-10
ANMOL,INE02AR01019,2021-06-04,2021-06-04
ANSALAPI,INE436A01026,2011-06-22,2021-06-04
ANSALHSG,INE880B01015,2011-06-22,2021-06-04
ANTGRAPHIC,INE414B01021,2011-06-22,2021-05-24
ANUP,INE294Z01018,2019-03-01,2021-06-04
ANURAS,INE930P01018,2021-03-24,2021-06-04
APARINDS,INE372A01015,2011-06-22,2021-06-04
APCL,INE071F01012,2017-04-10,2021-06-04
APCOTEXIND,INE116A01016,2011-06-22,2013-08-14
APCOTEXIND,INE116A01024,2013-08-16,2019-07-04
APCOTEXIND,INE116A01032,2019-07-05,2021-06-04
APEX,INE346W01013,2017-09-04,2021-06-04
APIL,INE878A01011,2011-06-22,2012-07-10
APLAB,INE273A01015,2011-06-22,2015-01-23
APLAPOLLO,INE702C01019,2011-12-14,2020-12-15
APLAPOLLO,INE702C01027,2020-12-16,2021-06-04
APLLTD,INE901L01018,2011-09-20,2021-06-04
APOLLO,INE713T01010,2018-01-22,2021-06-04
APOLLOHOSP,INE437A01024,2011-06-22,2021-06-04
APOLLOPIPE,INE126J01016,2019-11-11,2021-06-04
APOLLOTYRE,INE438A01022,2011-06-22,2021-06-04
APOLSINHOT,INE451F01016,2015-02-16,2018-10-12
APOLSINHOT,INE451F01024,2018-10-15,2021-06-04
APPAPER,INE435A01028,2011-06-22,2014-01-20
APTECHT,INE266F01018,2011-06-22,2021-06-04
AQUA,INE544K01026,2011-06-22,2013-12-09
ARCHIDPLY,INE877I01016,2011-06-22,2021-06-04
ARCHIES,INE731A01020,2011-06-22,2021-06-04
ARCOTECH,INE574I01027,2014-04-16,2017-06-22
ARCOTECH,INE574I01035,2017-06-23,2021-05-24
ARENTERP,INE610C01014,2017-11-07,2021-06-04
AREVAT&D,INE200A01026,2011-06-22,2012-03-09
ARIES,INE298I01015,2011-06-22,2021-06-04
ARIHANT,INE413D01011,2011-06-22,2021-06-04
ARIHANTSUP,INE643K01018,2017-04-03,2021-06-04
ARL,INE211C01029,2011-06-22,2012-05-11
ARMANFIN,INE109C01017,2016-06-14,2021-06-04
AROGRANITE,INE210C01013,2011-06-22,2021-06-04
ARROWCOAT,INE570D01018,2015-05-21,2016-05-10
ARROWGREEN,INE570D01018,2016-05-11,2021-06-04
ARROWTEX,INE933J01015,2011-06-22,2020-02-05
ARSHIYA,INE968D01022,2011-06-22,2021-06-04
ARSSINFRA,INE267I01010,2011-06-22,2021-06-04
ARTEDZ,INE00CO01016,2019-04-01,2020-02-20
ARTEMISMED,INE025R01013,2020-01-24,2021-06-04
ARTNIRMAN,INE738V01013,2016-10-19,2021-05-05
ARVEE,INE006Z01016,2018-02-22,2021-06-04
ARVIND,INE034A01011,2011-06-22,2021-06-04
ARVINDF-RE,INE955V20013,2020-07-01,2020-07-10
ARVINDFASN,INE955V01021,2019-03-08,2021-06-04
ARVINDREM,INE211C01037,2012-06-08,2016-06-13
ARVINFRA,INE034S01021,2015-08-26,2016-12-02
ARVSMART,INE034S01021,2016-12-05,2021-06-04
ASAHIINDIA,INE439A01020,2011-06-22,2021-06-04
ASAHISONG,INE228I01012,2011-09-05,2021-06-04
ASAL,INE900C01027,2011-06-22,2021-06-04
ASALCBR,INE073G01016,2020-02-12,2021-06-04
ASCOM,INE08KD01015,2019-12-06,2021-05-12
ASHAPURMIN,INE348A01023,2011-06-22,2021-06-04
ASHCONIUL,INE714F01033,2011-06-22,2013-09-16
ASHIANA,INE365D01013,2011-07-01,2013-10-24
ASHIANA,INE365D01021,2013-10-25,2021-06-04
ASHIMASYN,INE440A01010,2011-06-22,2021-06-04
ASHOKA,INE442H01011,2011-06-22,2013-07-03
ASHOKA,INE442H01029,2013-07-04,2021-06-04
ASHOKLEY,INE208A01029,2011-06-22,2021-06-04
ASIANELEC,INE441A01026,2011-06-22,2014-12-08
ASIANHOTNR,INE363A01022,2011-06-22,2021-06-04
ASIANPAINT,INE021A01018,2011-06-22,2013-07-26
ASIANPAINT,INE021A01026,2013-08-01,2021-06-04
ASIANTILES,INE022I01019,2011-06-22,2021-06-04
ASIL,INE988A01026,2011-06-24,2017-08-02
ASLIND,INE617I01024,2017-04-18,2021-06-04
ASPINWALL,INE991I01015,2016-06-14,2021-06-04
ASSAMCO,INE442A01024,2011-06-22,2019-10-25
ASTEC,INE563J01010,2011-06-22,2021-06-04
ASTERDM,INE914M01019,2018-02-26,2021-06-04
ASTERSILI,INE900K01012,2011-06-22,2014-01-24
ASTRAL,INE006I01020,2011-06-22,2013-09-05
ASTRAL,INE006I01038,2013-09-06,2014-09-25
ASTRAL,INE006I01046,2014-09-26,2021-06-04
ASTRAMICRO,INE386C01029,2011-06-22,2021-06-04
ASTRAZEN,INE203A01020,2011-06-22,2021-06-04
ASTRON,INE646X01014,2018-01-01,2021-06-04
ATALREAL,INE0ALR01011,2020-10-15,2021-06-03
ATFL,INE209A01019,2011-06-22,2021-06-04
ATGL,INE399L01023,2021-01-13,2021-06-04
ATLANTA,INE285H01022,2011-06-22,2021-06-04
ATLASCYCLE,INE446A01017,2011-06-22,2017-10-26
ATLASCYCLE,INE446A01025,2017-11-01,2021-05-24
ATNINTER,INE803A01027,2011-06-22,2021-04-05
ATUL,INE100A01010,2011-06-22,2021-06-04
ATULAUTO,INE951D01010,2013-06-26,2014-09-12
ATULAUTO,INE951D01028,2014-09-15,2021-06-04
AUBANK,INE949L01017,2017-07-10,2021-06-04
AURDIS,INE448V01019,2016-10-17,2021-06-02
AURIONPRO,INE132H01018,2011-06-22,2021-06-04
AUROPHARMA,INE406A01037,2011-06-22,2021-06-04
AUSOMENT,INE218C01016,2011-06-22,2021-06-04
AUSTRAL,INE455J01027,2011-06-22,2018-07-16
AUTOAXLES,INE449A01011,2011-06-22,2021-06-04
AUTOIND,INE718H01014,2011-06-22,2021-06-04
AUTOLITIND,INE448A01013,2011-06-22,2021-05-24
AVADHSUGAR,INE349W01017,2017-08-01,2021-06-04
AVANTI,INE871C01012,2011-06-22,2015-01-23
AVANTIFEED,INE871C01012,2015-04-15,2015-11-26
AVANTIFEED,INE871C01020,2015-12-01,2018-06-26
AVANTIFEED,INE871C01038,2018-07-02,2021-06-04
AVENTIS,INE058A01010,2011-06-22,2012-07-10
AVG,INE680Z01018,2018-04-11,2021-06-03
AVONMPL,INE652Z01017,2018-07-26,2019-10-10
AVROIND,INE652Z01017,2019-11-21,2021-05-26
AVSL,INE522V01011,2016-10-06,2021-05-17
AVTNPL,INE488D01013,2011-06-22,2012-06-07
AVTNPL,INE488D01021,2012-06-08,2021-06-04
AWHCL,INE01BK01022,2021-01-01,2021-06-04
AXIS-IT&T,INE555B01013,2011-06-22,2014-10-07
AXISBANK,INE238A01026,2011-06-22,2014-07-25
AXISBANK,INE238A01034,2014-08-01,2021-06-04
AXISBNKETF,INF846K01X63,2020-11-09,2021-06-04
AXISBPSETF,INF846K01Z04,2021-05-18,2021-06-04
AXISCADES,INE555B01013,2014-10-08,2021-06-04
AXISGOLD,INF846K01347,2011-06-22,2020-07-23
AXISGOLD,INF846K01W80,2020-08-03,2021-06-04
AXISHCETF,INF846K01Z12,2021-05-21,2021-06-04
AXISNIFTY,INF846K01ZL0,2017-07-10,2020-07-23
AXISNIFTY,INF846K01W98,2020-08-03,2021-06-04
AXISTECETF,INF846K01Y96,2021-04-01,2021-06-04
AYMSYNTEX,INE193B01039,2016-02-03,2021-06-04
BABAFOOD,INE672X01010,2019-06-11,2021-01-11
BAFNAPH,INE878I01022,2020-03-02,2021-06-04
BAFNAPHARM,INE878I01014,2012-11-12,2019-08-23
BAGFILMS,INE116D01028,2011-06-22,2021-06-04
BAJAJ-AUTO,INE917I01010,2011-06-22,2021-06-04
BAJAJCON,INE933K01021,2019-01-15,2021-06-04
BAJAJCORP,INE933K01021,2011-06-22,2019-01-14
BAJAJELEC,INE193E01025,2011-06-22,2021-06-04
BAJAJFINSV,INE918I01018,2011-06-22,2021-06-04
BAJAJHIND,INE306A01021,2011-06-22,2021-06-04
BAJAJHLDNG,INE118A01012,2011-06-22,2021-06-04
BAJFINANCE,INE296A01016,2011-06-22,2016-09-08
BAJFINANCE,INE296A01024,2016-09-09,2021-06-04
BALAJITELE,INE794B01026,2011-06-22,2021-06-04
BALAMINES,INE050E01027,2011-06-22,2021-06-04
BALAXI,INE618N01014,2017-10-09,2021-06-04
BALKRISHNA,INE875R01011,2016-09-06,2021-06-04
BALKRISIND,INE787D01026,2011-06-22,2021-06-04
BALLARPUR,INE294A01037,2011-06-22,2021-06-04
BALMLAWRIE,INE164A01016,2011-06-22,2021-06-04
BALPHARMA,INE083D01012,2011-06-22,2021-06-04
BALRAMCHIN,INE119A01028,2011-06-22,2021-06-04
BANARBEADS,INE655B01011,2012-01-09,2021-06-04
BANARISUG,INE459A01010,2011-06-22,2021-06-04
BANCOINDIA,INE213C01025,2011-06-22,2021-06-04
BANDHANBNK,INE545U01014,2018-04-02,2021-06-04
BANG,INE863I01016,2011-06-22,2021-06-04
BANKA,INE862Y01015,2018-03-01,2021-06-04
BANKBARODA,INE028A01013,2011-06-22,2015-01-22
BANKBARODA,INE028A01039,2015-01-23,2021-06-04
BANKBEES,INF732E01078,2011-06-22,2019-12-19
BANKBEES,INF204KB15I9,2019-12-20,2021-06-04
BANKINDIA,INE084A01016,2011-06-22,2021-06-04
BANSAL,INE668X01018,2017-07-12,2019-12-09
BANSWRAS,INE629D01012,2011-06-22,2021-06-04
BARBEQUE,INE382M01027,2021-04-07,2021-06-04
BARTRONICS,INE855F01034,2011-06-22,2021-06-04
BASF,INE373A01013,2011-06-22,2021-06-04
BASML,INE186H01014,2011-06-22,2021-02-12
BASML,INE186H01022,2021-02-15,2021-06-04
BATAINDIA,INE176A01010,2011-06-22,2015-10-07
BATAINDIA,INE176A01028,2015-10-08,2021-06-04
BATLIBOI,INE177C01022,2011-06-22,2012-06-20
BAYERCROP,INE462A01022,2011-06-22,2021-06-04
BBL,INE464A01028,2011-06-22,2021-06-04
BBTC,INE050A01017,2011-06-22,2012-11-08
BBTC,INE050A01025,2012-11-09,2021-06-04
BBTCL,INE01EE01011,2018-10-15,2021-06-04
BCG,INE425B01027,2018-10-08,2021-06-04
BCLIND,INE412G01016,2021-03-04,2021-06-04
BCONCEPTS,INE977Y01011,2018-01-10,2021-06-04
BCP,INE905P01028,2019-08-19,2021-06-04
BDL,INE171Z01018,2018-03-23,2021-06-04
BEARDSELL,INE520H01014,2011-06-22,2017-05-04
BEARDSELL,INE520H01022,2017-05-05,2021-06-04
BECREL,INE287A01015,2011-06-22,2014-11-26
BECTORFOOD,INE495P01012,2020-12-24,2021-06-04
BEDMUTHA,INE844K01012,2011-06-22,2021-06-04
BEL,INE263A01016,2011-06-22,2017-03-16
BEL,INE263A01024,2017-03-17,2021-06-04
BELLCERATL,INE403A01026,2011-06-22,2012-05-25
BEML,INE258A01016,2011-06-22,2021-06-04
BEPL,INE922A01025,2011-06-22,2021-06-04
BERGEPAINT,INE463A01020,2011-06-22,2015-01-08
BERGEPAINT,INE463A01038,2015-01-09,2021-06-04
BESTAGRO,INE052T01013,2021-02-22,2021-06-04
BETA,INE351Y01019,2017-10-12,2021-06-04
BFINVEST,INE878K01010,2011-06-22,2021-06-04
BFUTILITIE,INE243D01012,2011-06-22,2021-06-04
BGLOBAL,INE224M01013,2011-08-01,2021-05-24
BGRENERGY,INE661I01014,2011-06-22,2021-06-04
BHAGERIA,INE354C01019,2016-03-02,2016-10-26
BHAGERIA,INE354C01027,2016-11-01,2021-06-04
BHAGWATIHO,INE797H01018,2011-06-22,2013-05-24
BHAGYANGR,INE458B01036,2017-05-17,2021-06-04
BHAGYAPROP,INE363W01018,2017-07-20,2021-06-04
BHAGYNAGAR,INE458B01028,2011-06-22,2017-03-09
BHANDARI,INE474E01029,2017-02-01,2021-06-04
BHARATFIN,INE180K01011,2016-07-01,2019-07-02
BHARATFORG,INE465A01025,2011-06-22,2021-06-04
BHARATGEAR,INE561C01019,2011-06-22,2021-06-04
BHARATIDIL,INE673G01013,2016-02-26,2019-01-25
BHARATIWIN,INF109KB15Y7,2017-12-01,2018-04-18
BHARATRAS,INE838B01013,2011-06-22,2021-06-04
BHARATWIRE,INE316L01019,2016-04-01,2021-06-04
BHARTIARTL,INE397D01024,2011-06-22,2021-06-04
BHARTISHIP,INE673G01013,2011-06-22,2016-02-25
BHEL,INE257A01018,2011-06-22,2011-10-03
BHEL,INE257A01026,2011-10-04,2021-06-04
BHUSANSTL,INE824B01021,2011-06-22,2018-12-07
BIGBLOC,INE412U01017,2016-09-02,2021-06-04
BIL,INE828A01016,2011-06-22,2021-06-04
BILENERGY,INE607L01011,2011-06-22,2013-03-26
BILENERGY,INE607L01029,2013-04-01,2021-05-24
BILPOWER,INE952D01018,2011-06-22,2019-05-13
BIMETAL,INE469A01019,2011-06-22,2015-01-23
BINANIIND,INE071A01013,2011-06-22,2020-05-26
BINDALAGRO,INE143A01010,2011-06-22,2021-06-04
BIOCON,INE376G01013,2011-06-22,2021-06-04
BIOFILCHEM,INE829A01014,2017-08-01,2021-06-04
BIRLACABLE,INE800A01015,2016-09-26,2021-06-04
BIRLACORPN,INE340A01012,2011-06-22,2021-06-04
BIRLACOT,INE655I01024,2011-06-22,2017-03-08
BIRLAERIC,INE800A01015,2011-06-22,2016-09-23
BIRLAMONEY,INE865C01022,2011-06-22,2021-06-04
BIRLAPOWER,INE224B01024,2011-06-22,2015-03-16
BIRLATYRE,INE0AEJ01013,2020-02-10,2021-06-04
BKMINDST,INE831Q01016,2017-11-23,2021-06-04
BLBLIMITED,INE791A01024,2011-06-22,2021-06-04
BLISSGVS,INE416D01022,2011-06-22,2021-06-04
BLKASHYAP,INE350H01032,2011-06-22,2021-06-04
BLS,INE153T01019,2016-06-15,2017-04-26
BLS,INE153T01027,2017-04-27,2021-06-04
BLUEBLENDS,INE113O01014,2015-04-22,2020-10-26
BLUECHIP,INE657B01025,2011-06-22,2021-05-24
BLUECOAST,INE472B01011,2011-06-24,2021-05-17
BLUEDART,INE233B01017,2011-06-22,2021-06-04
BLUESTARCO,INE472A01039,2011-06-22,2021-06-04
BLUESTINFO,INE504B01011,2011-06-22,2016-06-01
BOC,INE473A01011,2011-06-22,2013-04-09
BODALCHEM,INE338D01028,2011-08-22,2021-06-04
BODHTREE,INE104F01011,2011-06-23,2015-01-23
BOHRA,INE802W01015,2017-04-05,2021-06-04
BOMDYEING,INE032A01015,2011-06-22,2012-10-26
BOMDYEING,INE032A01023,2012-11-01,2021-06-04
BOROLTD,INE02PY01013,2020-07-22,2021-06-04
BORORENEW,INE666D01022,2020-02-20,2021-06-04
BOROSIL,INE666D01022,2018-05-25,2020-02-19
BOSCHLTD,INE323A01026,2011-06-22,2021-06-04
BPCL,INE029A01011,2011-06-22,2021-06-04
BPL,INE110A01019,2011-06-22,2021-06-04
BRANDHOUSE,INE317J01011,2011-06-22,2015-12-21
BRFL,INE589G01011,2011-06-22,2021-06-04
BRIGADE,INE791I01019,2011-06-22,2021-06-04
BRIGHT,INE684Z01010,2018-07-09,2021-06-04
BRITANNIA,INE216A01022,2011-06-22,2018-11-26
BRITANNIA,INE216A01030,2018-12-03,2021-06-04
BRNL,INE727S01012,2017-09-18,2021-06-04
BROADCAST,INE698H01018,2011-06-22,2016-12-26
BROOKS,INE650L01011,2011-09-05,2021-06-04
BSE,INE118H01025,2017-02-03,2021-06-04
BSELINFRA,INE395A01016,2011-06-22,2021-06-04
BSHSL,INE032Z01012,2018-04-25,2021-06-04
BSL,INE594B01012,2011-06-22,2021-06-04
BSLGOLDETF,INF209K01HT2,2011-06-22,2021-06-04
BSLIMITED,INE043K01011,2012-12-03,2014-01-21
BSLIMITED,INE043K01029,2014-01-22,2018-11-26
BSLNIFTY,INF209K01IR4,2011-08-01,2021-06-04
BSOFT,INE836A01035,2019-02-26,2021-06-04
BSTRANSCOM,INE043K01011,2011-06-22,2012-11-26
BTML,INE0EEJ01015,2020-10-21,2021-05-26
BURGERKING,INE07T201019,2020-12-14,2021-06-04
BURNPUR,INE817H01014,2011-06-22,2021-05-26
BUTTERFLY,INE295F01017,2014-05-02,2021-06-04
BVCL,INE139I01011,2011-06-22,2021-06-04
BYKE,INE319B01014,2015-04-15,2021-06-04
CADILAHC,INE010B01019,2011-06-22,2015-10-06
CADILAHC,INE010B01027,2015-10-07,2021-06-04
CADSYS,INE090Y01013,2017-10-04,2021-06-04
CAIRN,INE910H01017,2011-06-22,2017-04-25
CALSOFT,INE526B01014,2011-06-22,2021-06-04
CAMBRIDGE,INE692G01013,2011-06-22,2012-06-22
CAMLIN,INE760A01029,2011-06-22,2012-02-13
CAMLINFINE,INE052I01032,2015-01-20,2021-06-04
CAMS,INE596I01012,2020-10-05,2021-06-04
CANBK,INE476A01014,2011-06-22,2021-06-04
CANDC,INE874H01015,2011-06-22,2021-06-04
CANFINHOME,INE477A01012,2011-06-22,2017-10-12
CANFINHOME,INE477A01020,2017-10-13,2021-06-04
CANTABIL,INE068L01016,2011-06-22,2021-06-04
CAPACITE,INE264T01014,2017-09-25,2021-06-04
CAPF,INE688I01017,2012-12-06,2018-12-26
CAPLIPOINT,INE475E01018,2014-06-23,2016-10-19
CAPLIPOINT,INE475E01026,2016-10-20,2021-06-04
CAPTRUST,INE707C01018,2017-01-16,2021-06-04
CARBORUNIV,INE120A01026,2011-06-22,2011-10-05
CARBORUNIV,INE120A01034,2011-10-07,2021-06-04
CAREERP,INE521J01018,2011-11-16,2021-06-04
CARERATING,INE752H01013,2012-12-26,2021-06-04
CAROLINFO,INE198A01014,2011-06-22,2012-03-09
CASTEXTECH,INE068D01021,2015-06-11,2021-05-24
CASTROL,INE172A01019,2011-06-22,2014-02-26
CASTROLIND,INE172A01027,2014-03-14,2021-06-04
CCCL,INE429I01024,2011-06-22,2021-06-04
CCHHL,INE652F01027,2015-02-03,2021-06-04
CCL,INE421D01014,2011-06-22,2013-08-19
CCL,INE421D01022,2013-08-20,2021-06-04
CDSL,INE736A01011,2017-07-03,2021-06-04
CEATLTD,INE482A01020,2011-06-22,2021-06-04
CEBBCO,INE209L01016,2011-06-22,2021-06-04
CELEBRITY,INE185H01016,2011-06-22,2021-06-04
CELESTIAL,INE221I01017,2011-06-22,2020-03-11
CENTENKA,INE485A01015,2011-06-22,2021-06-04
CENTEXT,INE281A01026,2011-06-22,2021-06-04
CENTRALBK,INE483A01010,2011-06-22,2021-06-04
CENTRUM,INE660C01027,2018-04-04,2021-06-04
CENTUM,INE320B01020,2011-06-22,2021-06-04
CENTURYPLY,INE348B01021,2011-06-22,2021-06-04
CENTURYTEX,INE055A01016,2011-06-22,2021-06-04
CERA,INE739E01017,2011-06-22,2021-06-04
CEREBRAINT,INE345B01019,2013-06-26,2021-06-04
CESC,INE486A01013,2011-06-22,2021-06-04
CESCVENT,INE425Y01011,2019-01-25,2021-01-25
CGCL,INE180C01018,2013-08-13,2016-11-23
CGCL,INE180C01026,2016-11-24,2021-06-04
CGPOWER,INE067A01029,2017-03-08,2021-06-04
CHALET,INE427F01016,2019-02-07,2021-06-04
CHAMBLFERT,INE085A01013,2011-06-22,2021-06-04
CHEMBOND,INE995D01025,2019-11-20,2021-06-04
CHEMCON,INE03YM01018,2020-10-01,2021-06-04
CHEMFAB,INE783X01023,2018-04-25,2021-06-04
CHEMFALKAL,INE479E01028,2011-06-22,2017-05-24
CHEMPLAST,INE488A01027,2011-06-22,2012-06-15
CHENNPETRO,INE178A01016,2011-06-22,2021-06-04
CHESLINTEX,INE217C01018,2011-06-22,2015-05-20
CHETTINAD,INE132B01011,2011-07-01,2013-05-24
CHOLAFIN,INE121A01016,2011-06-22,2019-06-14
CHOLAFIN,INE121A01024,2019-06-17,2021-06-04
CHOLAHLDNG,INE149A01033,2019-04-09,2021-06-04
CHROMATIC,INE662C01015,2012-06-01,2021-05-24
CIGNITITEC,INE675C01017,2014-10-13,2021-06-04
CILNOVA,INE672K01017,2011-06-22,2013-12-04
CIMMCO,INE184C01028,2011-09-08,2020-10-21
CINELINE,INE704H01022,2013-08-23,2021-06-04
CINEMAX,INE704H01014,2011-06-22,2012-05-16
CINEMAXIN,INE460N01011,2012-10-18,2014-03-06
CINEPRO,INE704H01022,2012-06-13,2013-08-21
CINEVISTA,INE039B01026,2011-06-22,2021-06-04
CIPLA,INE059A01026,2011-06-22,2021-06-04
CKFSL,INE391Z01012,2019-04-11,2021-03-22
CKPLEISURE,INE418Y01016,2018-03-06,2021-01-22
CKPPRODUCT,INE977V01017,2017-05-09,2020-08-20
CLASSIC,INE987C01024,2011-06-22,2016-01-25
CLEDUCATE,INE201M01011,2017-04-03,2021-06-04
CLNINDIA,INE492A01029,2011-06-22,2021-06-04
CLSEL,INE419D01026,2021-05-12,2021-06-04
CLUTCHAUTO,INE779B01019,2011-06-22,2016-02-01
CMAHENDRA,INE378J01013,2011-06-22,2016-06-13
CMC,INE314A01017,2011-06-22,2015-09-24
CMICABLES,INE981B01011,2016-12-01,2021-06-04
CMMIPL,INE289S01013,2017-10-12,2021-06-04
CNOVAPETRO,INE672K01025,2014-02-03,2021-04-05
COALINDIA,INE522F01014,2011-06-22,2021-06-04
COCHINSHIP,INE704P01017,2017-08-11,2021-06-04
COFFEEDAY,INE335K01011,2015-11-02,2021-06-04
COFORGE,INE591G01017,2020-08-20,2021-06-04
COLPAL,INE259A01022,2011-06-22,2021-06-04
COMPINFO,INE070C01029,2016-07-07,2017-02-16
COMPINFO,INE070C01037,2017-02-17,2021-06-04
COMPUAGE,INE070C01029,2011-06-22,2015-01-23
COMPUSOFT,INE453B01029,2012-03-02,2021-06-04
CONCOR,INE111A01017,2011-06-22,2018-06-26
CONCOR,INE111A01025,2018-07-02,2021-06-04
CONFIPET,INE552D01024,2019-06-13,2021-06-04
CONSOFINVT,INE025A01027,2011-06-22,2021-06-04
CONTI,INE340Z01019,2018-04-04,2021-06-04
CONTROLPR,INE663B01015,2016-06-24,2021-06-04
CORAL-HUB,INE108J01030,2011-06-22,2012-06-26
CORALFINAC,INE558D01013,2017-04-03,2017-08-03
CORALFINAC,INE558D01021,2017-08-04,2021-06-04
CORDSCABLE,INE792I01017,2011-06-22,2021-06-04
COREEDUTEC,INE247G01024,2011-09-07,2016-06-13
COREPROTEC,INE247G01024,2011-06-22,2011-09-06
COROENGG,INE312J01012,2011-06-23,2015-01-23
COROMANDEL,INE169A01031,2011-06-22,2021-06-04
CORPBANK,INE112A01015,2011-06-22,2015-01-22
CORPBANK,INE112A01023,2015-01-23,2020-03-19
COSMOFILMS,INE757A01017,2011-06-22,2021-06-04
COUNCODOS,INE695B01025,2012-09-03,2021-06-04
COX&KINGS,INE008I01026,2011-06-22,2021-06-04
CPIL,INE521J01018,2011-06-22,2011-11-15
CPSEETF,INF457M01133,2014-04-04,2021-06-04
CRAFTSMAN,INE00LO01017,2021-03-25,2021-06-04
CREATIVE,INE985W01018,2017-04-12,2021-06-04
CREATIVEYE,INE230B01021,2011-06-22,2021-06-04
CREDITACC,INE741K01010,2018-08-23,2021-06-04
CREST,INE559D01011,2014-11-17,2021-06-04
CRESTANI,INE774A01012,2011-06-22,2015-03-02
CREWBOS,INE514G01019,2011-06-22,2013-09-16
CRISIL,INE007A01017,2011-06-22,2011-09-26
CRISIL,INE007A01025,2011-10-03,2021-06-04
CRMFGETF,INF760K01BR1,2012-04-04,2019-11-06
CROMPGREAV,INE067A01029,2011-06-22,2017-03-07
CROMPTON,INE299U01018,2016-05-13,2021-06-04
CRONIMET,INE592I01011,2011-06-22,2011-11-03
CRONIMET,INE592I01029,2011-11-04,2012-03-26
CROWN,INE491V01019,2016-10-04,2021-06-04
CSBBANK,INE679A01013,2019-12-04,2021-06-04
CTE,INE627H01017,2011-06-22,2021-06-04
CUB,INE491A01021,2011-06-22,2021-06-04
CUBEXTUB,INE144D01012,2011-06-22,2021-06-04
CUMMINSIND,INE298A01020,2011-06-22,2021-06-04
CUPID,INE509F01011,2016-09-16,2021-06-04
CURATECH,INE117B01012,2011-06-22,2021-04-12
CYBERMEDIA,INE278G01037,2011-06-22,2021-06-04
CYBERTECH,INE214A01019,2011-06-22,2021-06-04
CYIENT,INE136B01020,2014-05-22,2021-06-04
DAAWAT,INE818H01012,2011-06-22,2017-02-07
DAAWAT,INE818H01020,2017-02-08,2021-06-04
DABUR,INE016A01026,2011-06-22,2021-06-04
DALALSTCOM,INE055C01020,2021-03-25,2021-06-04
DALBHARAT,INE00R701025,2019-01-22,2021-06-04
DALMIABEL,INE439L01019,2011-06-22,2013-01-08
DALMIABHA,INE439L01019,2013-01-09,2018-11-26
DALMIAREF,INE200F01017,2014-05-22,2015-01-22
DALMIASUG,INE495A01022,2011-06-22,2021-06-04
DAMODARIND,INE497D01014,2016-07-04,2018-10-25
DAMODARIND,INE497D01022,2018-10-26,2021-06-04
DANGEE,INE688Y01014,2018-09-03,2021-06-04
DATAMATICS,INE365B01017,2011-06-22,2021-06-04
DBCORP,INE950I01011,2011-06-22,2021-06-04
DBL,INE917M01012,2016-08-11,2021-06-04
DBREALTY,INE879I01012,2011-06-22,2021-06-04
DBSTOCKBRO,INE921B01025,2012-03-01,2021-06-04
DCAL,INE385W01011,2017-09-21,2021-06-04
DCB,INE503A01015,2011-06-22,2014-01-14
DCBBANK,INE503A01015,2014-01-15,2021-06-04
DCHL,INE137G01027,2011-06-22,2013-01-22
DCI,INE0A1101019,2020-01-01,2021-06-04
DCM,INE498A01018,2011-06-22,2021-06-04
DCMFINSERV,INE891B01012,2018-03-22,2021-06-04
DCMNVL,INE08KP01019,2019-07-16,2021-06-04
DCMSHRIRAM,INE499A01024,2014-03-13,2021-06-04
DCMSRMCONS,INE499A01024,2011-06-22,2014-03-12
DCW,INE500A01029,2011-06-22,2021-06-04
DECCANCE,INE583C01013,2011-06-22,2017-09-11
DECCANCE,INE583C01021,2017-09-12,2021-06-04
DECOLIGHT,INE172I01012,2011-06-22,2015-04-23
DEEPAK-RE,INE501A20019,2020-10-01,2020-10-07
DEEPAKFERT,INE501A01019,2011-06-22,2021-06-04
DEEPAKNTR,INE288B01011,2011-06-22,2014-06-20
DEEPAKNTR,INE288B01029,2014-06-23,2021-06-04
DEEPENR,INE677H01012,2020-10-01,2021-06-04
DEEPIND,INE677H01012,2011-06-22,2020-09-25
DEEPINDS,INE0FHS01016,2021-04-27,2021-06-04
DELTACORP,INE124G01033,2011-06-22,2021-06-04
DELTAMAGNT,INE393A01011,2011-06-24,2021-06-04
DEN,INE947J01015,2011-06-22,2021-06-04
DENABANK,INE077A01010,2011-06-22,2019-03-07
DENORA,INE244A01016,2011-06-22,2021-06-04
DENSO,INE502A01017,2011-06-22,2013-10-25
DEVIT,INE060X01018,2017-04-17,2021-06-04
DEWANHOUS,INE202B01012,2011-06-22,2012-05-21
DFMFOODS,INE456C01012,2017-01-02,2018-11-01
DFMFOODS,INE456C01020,2018-11-02,2021-06-04
DGCONTENT,INE03JI01017,2019-06-18,2021-06-04
DHAMPURSUG,INE041A01016,2011-06-22,2021-06-04
DHANBANK,INE680A01011,2011-06-22,2021-06-04
DHANI,INE274G01010,2020-11-02,2021-06-04
DHANUKA,INE435G01025,2011-07-01,2021-06-04
DHANUS,INE406H01016,2011-06-22,2013-09-16
DHARSUGAR,INE988C01014,2011-06-22,2021-06-04
DHFL,INE202B01012,2012-05-22,2021-06-04
DHUNINV,INE320L01011,2011-06-22,2021-06-04
DIAMONDYD,INE393P01035,2017-10-05,2021-06-04
DIAPOWER,INE989C01012,2011-06-22,2021-06-04
DICIND,INE303A01010,2011-06-22,2021-06-04
DIGISPICE,INE927C01020,2019-09-03,2021-06-04
DIGJAM,INE471A01023,2011-06-22,2016-03-23
DIGJAMLTD,INE731U01010,2016-07-13,2021-03-02
DISHMAN,INE353G01020,2011-06-22,2017-05-26
DISHTV,INE836F01026,2011-06-22,2021-06-04
DIVISLAB,INE361B01024,2011-06-22,2021-06-04
DIXON,INE935N01012,2017-09-18,2021-03-18
DIXON,INE935N01020,2021-03-19,2021-06-04
DLF,INE271C01023,2011-06-22,2021-06-04
DLINKINDIA,INE250K01012,2011-06-22,2021-06-04
DMART,INE192R01011,2017-03-21,2021-06-04
DNAMEDIA,INE016M01021,2017-12-11,2021-06-04
DOLAT,INE966A01022,2019-08-19,2021-06-04
DOLLAR,INE325C01027,2017-04-21,2017-08-24
DOLLAR,INE325C01035,2017-09-01,2021-06-04
DOLPHINOFF,INE920A01011,2011-06-22,2020-05-26
DONEAR,INE668D01028,2011-06-22,2021-06-04
DPABHUSHAN,INE266Y01019,2017-10-23,2021-06-04
DPL,INE477B01010,2014-11-12,2019-01-01
DPSCLTD,INE360C01016,2011-06-22,2011-12-15
DPSCLTD,INE360C01024,2011-12-16,2021-06-04
DPTL,INE477B01010,2011-06-22,2014-11-11
DPWIRES,INE864X01013,2017-10-05,2021-06-04
DQE,INE656K01010,2011-06-22,2021-05-24
DRCSYSTEMS,INE03RS01019,2021-03-10,2021-06-04
DRDATSONS,INE928K01013,2013-09-03,2015-05-21
DREDGECORP,INE506A01018,2011-06-22,2021-06-04
DRL,INE704V01015,2016-10-18,2021-05-19
DRREDDY,INE089A01023,2011-06-22,2021-06-04
DRSDILIP,INE02CV01017,2018-12-10,2021-03-23
DSKULKARNI,INE891A01014,2011-06-22,2018-03-20
DSML,INE411Y01011,2018-06-05,2021-06-04
DSSL,INE417B01040,2011-12-01,2021-06-04
DTIL,INE341R01014,2015-01-20,2021-06-04
DUCON,INE741L01018,2016-05-11,2021-06-04
DUNCANSIND,INE508A01014,2011-06-22,2013-05-22
DUNCANSLTD,INE508A01022,2013-07-05,2016-08-08
DVL,INE477B01010,2019-01-02,2021-06-04
DWARKESH,INE366A01033,2011-06-22,2017-08-10
DWARKESH,INE366A01041,2017-08-11,2021-06-04
DYNAMATECH,INE221B01012,2011-06-22,2021-06-04
DYNASYS,INE417B01032,2011-06-22,2011-11-02
DYNATECH,INE741L01018,2012-10-09,2016-05-10
DYNPRO,INE256H01015,2017-07-19,2021-06-04
E2E,INE255Z01019,2018-05-15,2021-06-04
EASEMYTRIP,INE07O001018,2021-03-19,2021-06-04
EASTSILK,INE962C01027,2011-06-22,2021-06-04
EASUNREYRL,INE268C01029,2011-06-22,2021-06-04
EBANK,INF754K01EL1,2015-12-21,2021-06-04
EBBETF0423,INF754K01KN4,2020-01-02,2021-06-04
EBBETF0425,INF754K01LD3,2020-08-03,2021-06-04
EBBETF0430,INF754K01KO2,2020-01-02,2021-06-04
EBBETF0431,INF754K01LE1,2020-08-03,2021-06-04
EBIXFOREX,INE726L01019,2020-03-20,2021-06-04
ECEIND,INE588B01014,2011-06-22,2019-05-09
ECLERX,INE738I01010,2011-06-22,2021-06-04
EDELWEISS,INE532F01054,2011-06-22,2021-06-04
EDL,INE180G01019,2011-06-22,2020-07-16
EDSERV,INE889J01019,2011-06-22,2013-12-09
EDUCOMP,INE216H01027,2011-06-22,2021-06-04
EICHERMOT,INE066A01013,2011-06-22,2020-08-24
EICHERMOT,INE066A01021,2020-08-25,2021-06-04
EIDPARRY,INE126A01031,2011-06-22,2021-06-04
EIFFL,INE546V01010,2017-04-03,2021-06-03
EIH-RE,INE230A20015,2020-10-01,2020-10-08
EIHAHOTELS,INE276C01014,2011-06-22,2021-06-04
EIHOTEL,INE230A01023,2011-06-22,2021-06-04
EIMCOELECO,INE158B01016,2011-06-22,2021-06-04
EKC,INE184H01027,2011-06-22,2021-06-04
ELAND,INE311H01018,2015-03-13,2019-09-23
ELDERPHARM,INE975A01015,2011-06-22,2016-09-12
ELECON,INE205B01023,2011-06-22,2021-06-04
ELECTCAST,INE086A01029,2011-06-22,2021-06-04
ELECTHERM,INE822G01016,2011-06-22,2021-06-04
ELECTROSL,INE481K01021,2018-06-19,2018-12-12
ELFORGE,INE158F01017,2011-06-22,2015-01-23
ELGIEQUIP,INE285A01027,2011-06-22,2021-06-04
ELGIRUBCO,INE819L01012,2011-08-10,2021-06-04
ELNET,INE033C01019,2011-06-22,2014-09-24
EMAMIINFRA,INE778K01012,2011-06-22,2018-11-14
EMAMILTD,INE548C01032,2011-06-22,2021-06-04
EMAMIPAP,INE830C01026,2019-06-03,2021-06-04
EMAMIREAL,INE778K01012,2018-11-15,2021-06-04
EMCO,INE078A01026,2011-06-22,2021-06-04
EMKAY,INE296H01011,2011-06-22,2021-06-04
EMKAYTOOLS,INE332S01011,2015-08-13,2021-06-04
EMMBI,INE753K01015,2011-06-22,2021-06-04
EMPEESUG,INE928B01012,2011-06-22,2014-11-03
ENDURANCE,INE913H01037,2016-10-19,2021-06-04
ENERGYDEV,INE306C01019,2011-06-22,2021-06-04
ENGINERSIN,INE510A01028,2011-06-22,2021-06-04
ENIL,INE265F01028,2011-06-22,2021-06-04
ENTEGRA,INE826A01028,2011-06-22,2016-10-13
EON,INE076H01025,2012-06-07,2020-10-26
EONELECT,INE076H01017,2011-08-18,2012-05-07
EPL,INE255A01020,2020-10-19,2021-06-04
EQ30,INF754K01EM9,2016-06-01,2021-06-04
EQUITAS,INE988K01017,2016-04-21,2021-06-04
EQUITASBNK,INE063P01018,2020-11-02,2021-06-04
ERAINFRA,INE039E01020,2011-06-22,2016-09-12
ERIS,INE406M01024,2017-07-03,2021-06-04
EROSMEDIA,INE416L01017,2011-06-22,2021-06-04
ESABINDIA,INE284A01012,2011-06-22,2021-06-04
ESCORTS,INE042A01014,2011-06-22,2021-06-04
ESL,INE481K01013,2011-06-22,2018-06-11
ESSAROIL,INE011A01019,2011-06-22,2016-02-09
ESSARPORTS,INE282A01024,2011-06-22,2015-12-23
ESSARSHPNG,INE122M01019,2011-11-15,2021-06-04
ESSDEE,INE825H01017,2011-06-22,2020-01-20
ESSELPACK,INE255A01020,2011-06-22,2020-10-16
ESTER,INE778B01029,2011-06-22,2021-06-04
EUROCERA,INE649H01011,2011-06-22,2021-04-13
EUROMULTI,INE063J01011,2011-06-22,2021-05-24
EUROTEXIND,INE022C01012,2011-06-22,2021-06-03
EVEREADY,INE128A01029,2011-06-22,2021-06-04
EVERESTIND,INE295A01018,2011-06-22,2021-06-04
EVERONN,INE678H01010,2011-06-22,2016-11-03
EVINIX,INE961H01028,2011-06-22,2011-11-02
EXCEL,INE688J01015,2015-05-05,2021-06-04
EXCELCROP,INE223G01017,2011-06-22,2019-08-26
EXCELINDUS,INE369A01029,2011-06-22,2021-06-04
EXCELINFO,INE688J01015,2011-06-22,2015-05-04
EXIDEIND,INE302A01020,2011-06-22,2021-06-04
EXPLEOSOL,INE201K01015,2019-05-02,2021-06-04
FACT,INE188A01015,2011-06-22,2021-06-04
FAGBEARING,INE513A01014,2011-06-22,2017-07-26
FAIRCHEM,INE959A01019,2017-01-19,2020-10-13
FAIRCHEMOR,INE0DNW01011,2020-12-24,2021-06-04
FAME,INE886G01011,2011-06-22,2013-06-26
FARMAXIND,INE890I01035,2011-06-22,2018-07-02
FCEL,INE220J01025,2013-10-17,2016-10-24
FCH,INE688I01017,2011-06-22,2012-12-05
FCL,INE045J01018,2015-01-15,2015-06-11
FCL,INE045J01026,2015-06-12,2021-06-04
FCONSUMER,INE220J01025,2016-10-25,2021-06-04
FCSSOFT,INE512B01022,2011-06-22,2021-06-04
FDC,INE258B01022,2011-06-22,2021-06-04
FEDDERELEC,INE249C01011,2017-06-13,2019-06-17
FEDDERLOYD,INE249C01011,2011-06-22,2017-06-12
FEDERALBNK,INE171A01011,2011-06-22,2013-10-17
FEDERALBNK,INE171A01029,2013-10-18,2021-06-04
FEL,INE623B01027,2016-05-13,2021-06-04
FELDVR,IN9623B01058,2016-05-13,2021-06-04
FELIX,INE901X01013,2017-12-05,2021-06-01
FIEMIND,INE737H01014,2011-06-22,2021-06-04
FILATEX,INE816B01019,2011-09-02,2018-06-26
FILATEX,INE816B01027,2018-07-02,2021-06-04
FINANTECH,INE111B01023,2011-06-22,2017-01-18
FINCABLES,INE235A01022,2011-06-22,2021-06-04
FINEORG,INE686Y01026,2018-07-02,2021-06-04
FINPIPE,INE183A01016,2011-06-22,2021-04-16
FINPIPE,INE183A01024,2021-04-19,2021-06-04
FIRSTLEASE,INE492B01019,2011-06-22,2014-12-08
FIRSTWIN,INE315J01015,2011-06-22,2018-07-12
FIVECORE,INE574Z01013,2018-05-21,2019-05-16
FKONCO,INE575G01010,2011-06-22,2014-01-02
FLEXITUFF,INE060J01017,2011-10-19,2021-06-04
FLFL,INE452O01016,2013-10-01,2021-06-04
FLUOROCHEM,INE09N301011,2019-10-16,2021-06-04
FMGOETZE,INE529A01010,2011-06-22,2021-06-04
FMNL,INE360L01017,2012-03-06,2021-06-04
FOCUS,INE593W01010,2017-04-13,2021-06-04
FORCEMOT,INE451A01017,2019-08-19,2021-06-04
FORGE,INE319Y01016,2017-10-12,2018-01-12
FORTIS,INE061F01013,2011-06-22,2021-06-04
FORTUNEFIN,INE924D01017,2017-08-02,2018-07-24
FOSECOIND,INE519A01011,2011-06-22,2021-06-04
FOURSOFT,INE218G01017,2011-06-22,2014-01-15
FOURTHDIM,INE382T01014,2016-01-22,2020-09-11
FRETAIL,INE752P01024,2016-09-01,2021-06-04
FRL,INE623B01027,2013-04-11,2016-05-12
FRLDVR,IN9623B01058,2013-04-11,2016-05-12
FSC,INE935Q01015,2017-12-18,2021-06-04
FSL,INE684F01012,2011-06-22,2021-06-04
FTCPOF5YDV,INF090I01080,2012-01-13,2012-05-22
FTCPOF5YGR,INF090I01072,2011-06-24,2012-04-23
FTCSF5YDIV,INF090I01049,2011-06-22,2011-12-23
FTCSF5YGRO,INF090I01031,2011-07-06,2011-12-23
FUTUREVENT,INE220J01017,2011-06-22,2013-06-20
FVIL,INE220J01025,2013-07-04,2013-10-15
G5,INF247L01AK4,2020-12-16,2021-06-04
GABRIEL,INE524A01029,2011-06-22,2021-06-04
GAEL,INE036B01022,2011-06-22,2020-10-01
GAEL,INE036B01030,2020-10-05,2021-06-04
GAIL,INE129A01019,2011-06-22,2021-06-04
GAL,INE482J01013,2011-06-22,2016-10-13
GAL,INE482J01021,2016-10-14,2021-06-04
GALAXYSURF,INE600K01018,2018-02-08,2021-06-04
GALLANTT,INE297H01019,2011-06-22,2021-06-04
GALLISPAT,INE528K01011,2011-06-22,2018-08-07
GALLISPAT,INE528K01029,2018-08-08,2021-06-04
GAMMNINFRA,INE181G01025,2011-06-22,2021-06-04
GAMMONIND,INE259B01020,2011-06-22,2018-09-03
GANDHITUBE,INE524B01027,2011-06-22,2021-06-04
GANECOS,INE845D01014,2015-03-09,2021-06-04
GANESHHOUC,INE460C01014,2011-06-22,2021-06-04
GANGAFORGE,INE691Z01015,2018-07-11,2021-06-04
GANGESSECU,INE335W01016,2017-08-01,2021-06-04
GANGOTRI,INE670B01028,2011-06-22,2021-05-24
GARDENSILK,INE526A01016,2011-06-22,2021-01-25
GARFIBRES,INE276A01018,2018-08-13,2021-06-04
GARWALLROP,INE276A01018,2011-06-22,2018-08-10
GATI,INE152B01027,2011-06-22,2021-06-04
GAYAHWS,INE287Z01012,2018-07-02,2021-06-04
GAYAPROJ,INE336H01015,2011-08-22,2017-02-10
GAYAPROJ,INE336H01023,2017-02-13,2021-06-04
GBGLOBAL,INE087J01028,2019-09-16,2021-05-21
GDL,INE852F01015,2011-06-22,2021-06-04
GDL-RE,INE852F20015,2020-08-03,2020-08-07
GEECEE,INE916G01016,2011-06-22,2021-06-04
GEEKAYWIRE,INE669X01016,2017-08-24,2021-06-04
GEINDSYS,INE599B01011,2011-06-22,2017-05-02
GEMINI,INE878C01033,2011-06-22,2019-04-12
GENCON,INE854S01022,2021-02-16,2021-06-04
GENESYS,INE727B01026,2011-06-22,2021-06-04
GENUSPAPER,INE949P01018,2015-02-16,2021-06-04
GENUSPOWER,INE955D01029,2011-06-22,2021-06-04
GEODESIC,INE371D01029,2011-06-22,2013-12-09
GEOJITBNPP,INE007B01023,2011-06-22,2017-03-01
GEOJITFSL,INE007B01023,2017-03-02,2021-06-04
GEOMETRIC,INE797A01021,2011-06-22,2017-03-10
GEPIL,INE878A01011,2016-09-14,2021-06-04
GESHIP,INE017A01032,2011-06-22,2021-06-04
GET&D,INE200A01026,2016-09-14,2021-06-04
GFLLIMITED,INE538A01037,2019-07-25,2021-06-04
GFSTEELS,INE534A01028,2019-07-23,2021-06-04
GHCL,INE539A01019,2011-06-22,2021-06-04
GICHSGFIN,INE289B01019,2011-06-22,2021-06-04
GICL,INE947T01014,2016-10-19,2021-05-12
GICRE,INE481Y01014,2017-10-25,2021-06-04
GILLANDERS,INE047B01011,2011-06-22,2021-06-04
GILLETTE,INE322A01010,2011-06-22,2021-06-04
GINNIFILA,INE424C01010,2011-06-22,2021-06-04
GIPCL,INE162A01010,2011-06-22,2021-06-04
GIRIRAJ,INE614Z01017,2018-04-02,2021-06-01
GISOLUTION,INE065J01016,2011-06-22,2021-06-04
GITANJALI,INE346H01014,2011-06-22,2019-04-01
GKB,INE265D01015,2011-06-22,2015-01-23
GKWLIMITED,INE528A01020,2011-06-22,2021-06-04
GLAND,INE068V01023,2020-11-20,2021-06-04
GLAXO,INE159A01016,2011-06-22,2021-06-04
GLENMARK,INE935A01035,2011-06-22,2021-06-04
GLFL,INE540A01017,2011-06-22,2021-06-04
GLOBAL,INE291W01011,2017-03-02,2021-06-04
GLOBALVECT,INE792H01019,2011-06-22,2021-06-04
GLOBE,INE581X01013,2017-06-23,2021-06-04
GLOBOFFS,INE446C01013,2011-06-22,2021-03-12
GLOBUSSPR,INE615I01010,2011-06-22,2021-06-04
GLODYNE,INE932G01021,2011-06-22,2015-11-09
GLORY,INE408H01012,2011-06-22,2014-05-16
GMBREW,INE075D01018,2011-06-22,2021-06-04
GMDCLTD,INE131A01031,2011-06-22,2021-06-04
GMMPFAUDLR,INE541A01023,2018-03-05,2021-06-04
GMRINFRA,INE776C01039,2011-06-22,2021-06-04
GNA,INE934S01014,2016-09-26,2021-06-04
GNFC,INE113A01013,2011-06-22,2021-06-04
GOACARBON,INE426D01013,2011-06-22,2021-06-04
GOCLCORP,INE077F01035,2015-11-10,2021-06-04
GODFRYPHLP,INE260B01010,2011-06-22,2014-11-26
GODFRYPHLP,INE260B01028,2014-12-01,2021-06-04
GODHA,INE925Y01010,2018-05-11,2021-06-04
GODREJAGRO,INE850D01014,2017-10-16,2021-06-04
GODREJCP,INE102D01028,2011-06-22,2021-06-04
GODREJIND,INE233A01035,2011-06-22,2021-06-04
GODREJPROP,INE484J01019,2011-06-22,2013-11-21
GODREJPROP,INE484J01027,2013-11-22,2021-06-04
GOENKA,INE516K01016,2011-06-22,2012-10-26
GOENKA,INE516K01024,2012-11-01,2021-06-04
GOKEX,INE887G01027,2011-06-22,2021-06-04
GOKUL,INE020J01029,2011-06-22,2021-06-04
GOKULAGRO,INE314T01025,2016-03-11,2021-06-04
GOLDBEES,INF732E01102,2011-06-22,2019-12-19
GOLDBEES,INF204KB17I5,2019-12-20,2021-06-04
GOLDENTOBC,INE973A01010,2011-06-22,2021-06-04
GOLDIAM,INE025B01017,2011-06-22,2021-06-04
GOLDINFRA,INE260D01016,2011-06-22,2018-07-25
GOLDIWIN,INF109KB1WF4,2016-07-25,2018-04-09
GOLDSHARE,INF789F01059,2011-06-22,2021-03-25
GOLDSHARE,INF789F1AUX7,2021-03-26,2021-06-04
GOLDSTAR,INE405Y01013,2017-10-10,2021-05-20
GOLDTECH,INE805A01014,2011-06-22,2021-06-04
GOODLUCK,INE127I01024,2015-01-08,2021-06-04
GOODYEAR,INE533A01012,2020-10-05,2021-06-04
GPIL,INE177H01013,2011-06-22,2021-06-04
GPPL,INE517F01014,2011-06-22,2021-06-04
GPTINFRA,INE390G01014,2016-07-11,2021-06-04
GRABALALK,INE012D01011,2011-06-22,2012-03-12
GRANULES,INE101D01012,2011-06-22,2015-03-23
GRANULES,INE101D01020,2015-03-24,2021-06-04
GRAPHITE,INE371A01025,2011-06-22,2021-06-04
GRASIM,INE047A01013,2011-06-22,2016-10-06
GRASIM,INE047A01021,2016-10-07,2021-06-04
GRAVITA,INE024L01019,2011-06-22,2012-05-25
GRAVITA,INE024L01027,2012-06-01,2021-06-04
GREAVESCOT,INE224A01026,2011-06-22,2021-06-04
GREENFIRE,INE217G01027,2012-10-16,2018-07-16
GREENLAM,INE544R01013,2015-03-02,2021-06-04
GREENPANEL,INE08ZM01014,2019-10-23,2021-06-04
GREENPLY,INE461C01020,2011-06-22,2016-01-06
GREENPLY,INE461C01038,2016-01-07,2021-06-04
GREENPOWER,INE999K01014,2011-06-22,2021-06-04
GRETEX,INE985P01012,2016-10-14,2021-06-04
GRINDWELL,INE536A01023,2011-06-22,2021-06-04
GROBTEA,INE646C01018,2016-07-14,2021-06-04
GRPLTD,INE137I01015,2015-02-12,2021-06-04
GRSE,INE382Z01011,2018-10-10,2021-06-04
GRUH,INE580B01011,2011-06-22,2012-07-24
GRUH,INE580B01029,2012-07-25,2019-10-15
GSCLCEMENT,INE542A01039,2013-05-15,2021-06-04
GSFC,INE026A01017,2011-06-22,2012-09-20
GSFC,INE026A01025,2012-09-21,2021-06-04
GSKCONS,INE264A01014,2011-06-22,2020-04-15
GSLNOVA,INE787A01022,2011-06-22,2015-04-13
GSPL,INE246F01010,2011-06-22,2021-06-04
GSS,INE871H01011,2011-08-24,2021-06-04
GSSAMERICA,INE871H01011,2011-06-22,2011-08-23
GTL,INE043A01012,2011-06-22,2021-06-04
GTLINFRA,INE221H01019,2011-06-22,2021-06-04
GTNIND,INE537A01013,2011-06-22,2021-03-12
GTNTEX,INE302H01017,2011-06-22,2021-06-04
GTOFFSHORE,INE892H01017,2011-06-22,2017-07-18
GTPL,INE869I01013,2017-07-04,2021-06-04
GUFICBIO,INE742B01025,2011-06-22,2021-06-04
GUJALKALI,INE186A01019,2011-06-22,2021-06-04
GUJAPOLLO,INE826C01016,2011-06-22,2021-06-04
GUJFLUORO,INE538A01037,2011-06-22,2019-07-24
GUJGASLTD,INE844O01022,2015-09-15,2019-01-15
GUJGASLTD,INE844O01030,2019-01-16,2021-06-04
GUJNRECOKE,INE110D01013,2011-06-22,2018-02-09
GUJNREDVR,IN9110D01011,2011-06-22,2018-02-09
GUJRAFFIA,INE610B01024,2017-12-13,2021-06-04
GUJRATGAS,INE374A01029,2011-06-22,2015-05-26
GUJSIDHCEM,INE542A01013,2011-06-22,2013-02-21
GULFCORP,INE077F01035,2014-06-26,2015-11-09
GULFOILCOR,INE077F01027,2011-06-22,2014-06-03
GULFOILLUB,INE635Q01029,2014-08-01,2021-06-04
GULFPETRO,INE586G01017,2015-05-06,2021-06-04
GULPOLY,INE255D01016,2015-02-02,2016-12-26
GULPOLY,INE255D01024,2017-01-02,2021-06-04
GVKPIL,INE251H01024,2011-06-22,2021-05-24
HAL,INE066F01012,2018-04-02,2021-06-04
HALONIX,INE455B01016,2011-06-22,2013-10-25
HANUNG,INE648H01013,2011-06-22,2018-10-11
HAPPSTMNDS,INE419U01012,2020-09-17,2021-06-04
HARITASEAT,INE939D01015,2011-06-22,2021-04-09
HARRMALAYA,INE544A01019,2011-06-22,2021-06-04
HATHWAY,INE982F01028,2011-06-22,2015-01-06
HATHWAY,INE982F01036,2015-01-07,2021-06-04
HATSUN,INE473B01035,2014-06-20,2021-06-04
HAVELLS,INE176B01026,2011-06-22,2014-08-26
HAVELLS,INE176B01034,2014-08-27,2021-06-04
HAVISHA,INE293B01029,2018-04-12,2021-06-04
HBANKETF,INF179KC1AN8,2020-09-01,2021-06-04
HBLPOWER,INE292B01021,2011-06-22,2021-06-04
HBSL,INE550B01022,2018-07-26,2021-06-04
HBSTOCK,INE550B01014,2011-06-22,2018-03-08
HCC,INE549A01026,2011-06-22,2021-06-04
HCG,INE075I01017,2016-04-01,2021-06-04
HCIL,INE019C01026,2011-06-22,2016-08-12
HCL-INSYS,INE236A01020,2011-06-22,2021-06-04
HCLTECH,INE860A01027,2011-06-22,2021-06-04
HDFC,INE001A01036,2011-06-22,2021-06-04
HDFCAMC,INE127D01025,2018-08-06,2021-06-04
HDFCBANK,INE040A01018,2011-06-22,2011-07-14
HDFCBANK,INE040A01026,2011-07-15,2019-09-19
HDFCBANK,INE040A01034,2019-09-20,2021-06-04
HDFCLIFE,INE795G01014,2017-11-17,2021-06-04
HDFCMFGETF,INF179K01CN1,2011-06-22,2021-02-18
HDFCMFGETF,INF179KC1981,2021-02-19,2021-06-04
HDFCNIFETF,INF179KB1KP3,2015-12-16,2021-02-18
HDFCNIFETF,INF179KC1965,2021-02-19,2021-06-04
HDFCSENETF,INF179KB1KQ1,2015-12-16,2021-02-18
HDFCSENETF,INF179KC1973,2021-02-19,2021-06-04
HDIL,INE191I01012,2011-06-22,2021-06-04
HECPROJECT,INE558R01013,2016-04-01,2021-05-12
HEG,INE545A01016,2011-06-22,2021-06-04
HEIDELBERG,INE578A01017,2011-06-22,2021-06-04
HELIOSMATH,INE674B01012,2011-06-22,2016-02-08
HEMIPROP,INE0AJG01018,2020-10-22,2021-06-04
HERANBA,INE694N01015,2021-03-05,2021-06-04
HERCULES,INE688E01024,2011-06-22,2021-06-04
HERITGFOOD,INE978A01019,2011-06-22,2017-10-10
HERITGFOOD,INE978A01027,2017-10-11,2021-06-04
HEROHONDA,INE158A01026,2011-06-22,2011-08-05
HEROMOTOCO,INE158A01026,2011-08-08,2021-06-04
HESTERBIO,INE782E01017,2015-03-13,2021-06-04
HEXATRADEX,INE750M01017,2012-04-20,2021-06-04
HEXAWARE,INE093A01033,2011-06-22,2020-10-26
HFCL,INE548A01028,2011-06-22,2021-06-04
HGINFRA,INE926X01010,2018-03-09,2021-06-04
HGS,INE170I01016,2011-12-01,2021-06-04
HGSL,INE170I01016,2011-06-22,2011-11-25
HIGHGROUND,INE361M01021,2016-11-24,2020-05-26
HIKAL,INE475B01014,2011-06-22,2015-02-26
HIKAL,INE475B01022,2015-03-02,2021-06-04
HIL,INE557A01011,2012-10-26,2021-06-04
HILTON,INE788H01017,2011-06-22,2021-06-04
HIMATSEIDE,INE049A01027,2011-06-22,2021-06-04
HINDALCO,INE038A01020,2011-06-22,2021-06-04
HINDCOMPOS,INE310C01011,2011-06-22,2017-05-25
HINDCOMPOS,INE310C01029,2017-05-26,2021-06-04
HINDCON,INE642Y01011,2018-03-09,2021-06-04
HINDCOPPER,INE531E01026,2011-06-22,2021-06-04
HINDDORROL,INE551A01022,2011-06-22,2018-07-17
HINDMOTORS,INE253A01025,2011-06-22,2021-06-04
HINDNATGLS,INE952A01022,2011-06-22,2021-06-04
HINDOILEXP,INE345A01011,2011-06-22,2021-06-04
HINDPETRO,INE094A01015,2011-06-22,2021-06-04
HINDSYNTEX,INE155B01012,2011-06-24,2020-03-11
HINDUJAFO,INE291F01016,2011-06-22,2017-06-05
HINDUJAVEN,INE353A01023,2011-06-22,2019-11-08
HINDUNILVR,INE030A01027,2011-06-22,2021-06-04
HINDZINC,INE267A01025,2011-06-22,2021-06-04
HIRAFERRO,INE573I01011,2011-10-25,2014-08-01
HIRECT,INE835D01023,2011-06-22,2021-06-04
HISARMETAL,INE598C01011,2017-01-05,2021-06-04
HITACHIHOM,INE782A01015,2011-06-22,2016-09-09
HITECH,INE106T01017,2016-02-25,2021-06-04
HITECHCORP,INE120D01012,2017-05-23,2021-06-04
HITECHGEAR,INE127B01011,2011-06-22,2021-06-04
HITECHPLAS,INE120D01012,2011-06-22,2017-05-22
HLEGLAS,INE461D01010,2021-02-22,2021-06-04
HLVLTD,INE102A01024,2020-01-08,2021-06-04
HMT,INE262A01018,2011-06-22,2021-06-04
HMVL,INE871K01015,2011-06-22,2021-06-04
HNDFDS,INE254N01018,2019-08-19,2021-06-04
HNGSNGBEES,INF732E01227,2011-06-22,2019-12-19
HNGSNGBEES,INF204KB19I1,2019-12-20,2021-06-04
HOCL,INE048A01011,2011-06-22,2017-08-16
HOMEFIRST,INE481N01025,2021-02-03,2021-06-04
HONAUT,INE671A01010,2011-06-22,2021-06-04
HONDAPOWER,INE634A01018,2011-06-22,2021-06-04
HOPFL,INE940H01014,2011-06-22,2012-06-26
HORIZONINF,INE429F01012,2011-06-22,2014-03-21
HOTELEELA,INE102A01024,2011-06-22,2020-01-07
HOTELRUGBY,INE275F01019,2011-06-22,2021-06-04
HOVS,INE596H01014,2011-06-22,2021-06-04
HPIL,INE05X901010,2020-02-04,2021-06-04
HPL,INE495S01016,2016-10-04,2021-06-04
HSCL,INE019C01026,2016-08-16,2021-06-04
HSIL,INE415A01038,2011-06-22,2021-06-04
HTMEDIA,INE501G01024,2011-06-22,2021-06-04
HUBTOWN,INE703H01016,2011-11-15,2021-06-04
HUDCO,INE031A01017,2017-05-19,2021-06-04
HUHTAMAKI,INE275B01026,2020-11-26,2021-06-04
HUSYSLTD,INE336T01010,2016-10-03,2021-06-03
HYDRBADIND,INE557A01011,2011-06-22,2012-10-25
HYDROS&S,INE473D01015,2011-06-22,2015-01-23
IBIPL,INE834M01019,2012-08-01,2014-11-19
IBMFNIFTY,INF666M01FS5,2019-05-08,2021-06-04
IBN18,INE886H01027,2011-06-22,2011-07-18
IBPOW,INE399K01017,2011-06-22,2014-11-19
IBREALEST,INE069I01010,2011-06-22,2021-06-04
IBSEC,INE274G01010,2011-06-22,2015-03-26
IBULHSGFIN,INE148I01020,2013-07-23,2021-06-04
IBULISL,INE126M01010,2018-06-08,2020-12-07
IBVENTURES,INE274G01010,2015-04-01,2020-10-26
IBWSL,INE126M01010,2011-08-18,2017-04-17
ICCNX100,INF109KA1962,2013-08-27,2014-05-02
ICEMAKE,INE520Y01019,2017-12-08,2021-06-04
ICICI500,INF109KC1CZ3,2018-05-16,2021-06-04
ICICIALPLV,INF109KC1N59,2020-08-18,2021-06-04
ICICIB22,INF109KB15Y7,2018-04-19,2021-06-04
ICICIBANK,INE090A01013,2011-06-22,2014-12-04
ICICIBANK,INE090A01021,2014-12-05,2021-06-04
ICICIBANKN,INF109KC1E27,2019-07-19,2021-06-04
ICICIBANKP,INF109KC1E35,2019-08-14,2021-06-04
ICICIGI,INE765G01017,2017-10-03,2021-06-04
ICICIGOLD,INF109KB1WF4,2018-04-10,2018-11-15
ICICIGOLD,INF109KC1NT3,2018-11-16,2021-06-04
ICICILIQ,INF109KC1KT9,2018-09-26,2021-06-04
ICICILOVOL,INF109KB10T8,2018-04-10,2021-06-04
ICICIM150,INF109KC1G82,2020-02-03,2021-06-04
ICICIMCAP,INF109KB1XT3,2018-04-10,2021-06-04
ICICINF100,INF109KA1962,2018-04-10,2021-06-04
ICICINIFTY,INF109K012R6,2018-04-10,2021-06-04
ICICINV20,INF109KB1WY5,2018-04-10,2021-06-04
ICICINXT50,INF109KC1JI4,2018-09-03,2018-11-14
ICICINXT50,INF109KC1NS5,2018-11-16,2021-06-04
ICICIPHARM,INF109KC1Q72,2021-05-25,2021-06-04
ICICIPRULI,INE726G01019,2016-10-03,2021-06-04
ICICISENSX,INF346A01034,2018-04-10,2021-06-04
ICICITECH,INF109KC1N67,2020-08-20,2021-06-04
ICIL,INE483B01018,2011-06-22,2016-11-11
ICIL,INE483B01026,2016-11-15,2021-06-04
ICNX100,INF109KA1962,2014-05-05,2016-07-22
ICRA,INE725G01011,2011-06-22,2021-06-04
ICSA,INE306B01029,2011-06-22,2020-03-09
IDBI,INE008A01015,2011-06-22,2021-06-04
IDBIGOLD,INF397L01554,2011-11-17,2021-06-04
IDEA,INE669E01016,2011-06-22,2021-06-04
IDFC,INE043D01016,2011-06-22,2021-06-04
IDFCBANK,INE092T01019,2015-11-06,2019-01-15
IDFCFIRSTB,INE092T01019,2019-01-16,2021-06-04
IDFNIFTYET,INF194KA1U07,2016-10-18,2021-06-04
IEX,INE022Q01012,2017-10-23,2018-10-19
IEX,INE022Q01020,2018-10-22,2021-06-04
IFBAGRO,INE076C01018,2011-06-22,2021-06-04
IFBIND,INE559A01017,2011-06-22,2021-06-04
IFCI,INE039A01010,2011-06-22,2021-06-04
IFGLEXPOR,INE133Y01011,2017-11-14,2021-06-04
IFGLREFRAC,INE023B01012,2011-06-22,2017-09-13
IGARASHI,INE188B01013,2011-06-22,2021-06-04
IGL,INE203G01019,2011-06-22,2017-11-09
IGL,INE203G01027,2017-11-10,2021-06-04
IGOLD,INF109K01FV4,2014-05-05,2016-06-09
IGOLD,INF109KB1WF4,2016-06-10,2016-07-22
IGPL,INE204A01010,2011-06-22,2021-06-04
IIFL,INE530B01024,2014-03-13,2021-06-04
IIFLNIFTY,INF579M01019,2011-10-25,2015-07-22
IIFLSEC,INE489L01022,2019-09-20,2021-06-04
IIFLWAM,INE466L01020,2019-09-19,2021-06-04
IITL,INE886A01014,2011-06-22,2021-06-04
IL&FSENGG,INE369I01014,2011-06-22,2021-06-04
IL&FSTRANS,INE975G01012,2011-06-22,2021-06-04
IMAGICAA,INE172N01012,2020-04-22,2021-06-04
IMFA,INE919H01018,2011-06-22,2021-06-04
IMIDCAP,INF109KB1XT3,2016-07-11,2016-07-22
IMPAL,INE547E01014,2011-06-22,2021-06-04
IMPEXFERRO,INE691G01015,2011-06-22,2021-06-04
INCREDIBLE,INE452L01012,2021-05-20,2021-06-04
INDBANK,INE841B01017,2011-06-22,2021-06-04
INDHOTEL,INE053A01029,2011-06-22,2021-06-04
INDIABULLS,INE894F01025,2011-06-22,2013-03-18
INDIACEM,INE383A01012,2011-06-22,2021-06-04
INDIAGLYCO,INE560A01015,2011-06-22,2021-06-04
INDIAINFO,INE530B01024,2011-06-22,2014-03-12
INDIAMART,INE933S01016,2019-07-04,2021-06-04
INDIANB,INE562A01011,2011-06-22,2021-06-04
INDIANCARD,INE061A01014,2011-06-22,2021-06-04
INDIANHUME,INE323C01030,2011-06-22,2021-06-04
INDIGO,INE646L01027,2015-11-10,2021-06-04
INDIGOPNTS,INE09VQ01012,2021-02-02,2021-06-04
INDLMETER,INE065B01013,2011-06-22,2021-06-04
INDNIPPON,INE092B01017,2011-06-22,2018-03-21
INDNIPPON,INE092B01025,2018-03-22,2021-06-04
INDOASIFU,INE076H01017,2011-06-22,2011-08-17
INDOCO,INE873D01016,2011-06-22,2012-05-17
INDOCO,INE873D01024,2012-05-18,2021-06-04
INDORAMA,INE156A01020,2011-06-22,2021-06-04
INDOSOLAR,INE866K01015,2011-06-22,2021-06-04
INDOSTAR,INE896L01010,2018-05-21,2021-06-04
INDOTECH,INE332H01014,2011-06-22,2021-06-04
INDOTHAI,INE337M01013,2011-11-02,2021-06-04
INDOWIND,INE227G01018,2011-06-22,2021-06-04
INDRAMEDCO,INE681B01017,2011-06-22,2021-06-04
INDSWFTLAB,INE915B01019,2011-06-22,2021-06-04
INDSWFTLTD,INE788B01028,2011-06-22,2021-05-24
INDTERRAIN,INE611L01013,2011-06-22,2015-12-21
INDTERRAIN,INE611L01021,2015-12-22,2021-06-04
INDUSFILA,INE025I01012,2011-06-22,2015-09-21
INDUSINDBK,INE095A01012,2011-06-22,2021-06-04
INDUSTOWER,INE121J01017,2020-12-18,2021-06-04
INEABS,INE189B01011,2011-06-22,2012-06-19
INEOSSTYRO,INE189B01011,2016-04-04,2021-06-04
INFIBEAM,INE483S01012,2016-04-04,2017-08-24
INFIBEAM,INE483S01020,2017-09-01,2021-06-04
INFINITE,INE486J01014,2011-06-22,2018-12-13
INFOBEAN,INE344S01016,2017-05-02,2021-06-04
INFODRIVE,INE804D01011,2011-06-22,2014-12-24
INFODRIVE,INE804D01029,2014-12-26,2015-01-23
INFOMEDIA,INE669A01022,2011-06-22,2021-06-04
INFOSYSTCH,INE009A01021,2011-06-22,2011-06-24
INFOTECENT,INE136B01020,2011-06-22,2014-05-21
INFRABEES,INF732E01268,2011-06-22,2021-06-04
INFRATEL,INE121J01017,2013-01-01,2020-12-17
INFY,INE009A01021,2011-07-01,2021-06-04
INGERRAND,INE177A01018,2011-06-22,2021-06-04
INGVYSYABK,INE166A01011,2011-06-22,2015-04-15
INIFTY,INF109K012R6,2014-05-05,2016-07-22
INNOIND,INE549I01011,2011-06-22,2016-06-13
INNOVANA,INE403Y01018,2017-12-12,2021-06-03
INNOVATIVE,INE070Y01015,2017-10-05,2021-06-04
INOXLEISUR,INE312H01016,2011-06-22,2021-06-04
INOXWIND,INE066P01011,2015-04-09,2021-06-04
INSECTICID,INE070I01018,2011-06-22,2021-06-04
INSPIRISYS,INE020G01017,2018-10-12,2021-06-04
INTEGRA,INE418N01027,2013-08-20,2021-05-24
INTELLECT,INE306R01017,2014-12-18,2021-06-04
INTENTECH,INE781A01025,2017-03-23,2021-06-04
INV20,INF109KB1WY5,2016-07-07,2016-07-11
INVENTURE,INE878H01016,2011-08-04,2021-06-04
IOB,INE565A01014,2011-06-22,2021-06-04
IOC,INE242A01010,2011-06-22,2021-06-04
IOLCP,INE485C01011,2011-06-22,2021-06-04
IOLN,INE517C01011,2011-06-22,2013-01-22
IPAPPM,INE435A01028,2014-01-21,2020-01-21
IPCALAB,INE571A01020,2011-06-22,2021-06-04
IPGETF,INF109K01FV4,2011-06-22,2014-05-02
IPRINGLTD,INE558A01019,2011-06-22,2015-01-23
IPRU5008,INF109KC1E27,2019-07-15,2019-07-18
IRB,INE821I01014,2011-06-22,2021-06-04
IRCON,INE962Y01013,2018-10-01,2020-04-07
IRCON,INE962Y01021,2020-04-08,2021-06-04
IRCTC,INE335Y01012,2019-10-14,2021-06-04
IRFC,INE053F01010,2021-02-01,2021-06-04
IRISDOREME,INE01GN01017,2018-10-23,2021-06-04
ISEC,INE763G01038,2018-04-04,2021-06-04
ISENSEX,INF346A01034,2014-08-18,2016-07-20
ISFT,INE566K01011,2011-06-22,2021-06-04
ISGEC,INE858B01029,2021-05-05,2021-06-04
ISMTLTD,INE732F01019,2011-06-22,2021-06-04
ISPATIND,INE136A01022,2011-06-22,2011-08-12
ITC,INE154A01025,2011-06-22,2021-06-04
ITDC,INE353K01014,2017-01-02,2021-06-04
ITDCEM,INE686A01018,2011-06-22,2015-08-21
ITDCEM,INE686A01026,2015-08-24,2021-06-04
ITI,INE248A01017,2011-06-22,2021-06-04
IVC,INE050B01023,2011-06-22,2021-06-04
IVP,INE043C01018,2011-06-22,2021-06-04
IVRCLAH,INE414I01018,2011-06-22,2012-08-14
IVRCLINFRA,INE875A01025,2011-06-22,2019-08-26
IVZINGOLD,INF205K01361,2016-06-23,2021-06-04
IVZINNIFTY,INF205K01DA9,2016-06-23,2021-06-04
IZMO,INE848A01014,2015-05-15,2021-06-04
J&KBANK,INE168A01017,2011-06-22,2014-09-04
J&KBANK,INE168A01041,2014-09-05,2021-06-04
JAGRAN,INE199G01027,2011-06-22,2021-06-04
JAGSNPHARM,INE048B01027,2011-06-22,2021-06-04
JAIBALAJI,INE091G01018,2011-06-22,2021-06-04
JAICORPLTD,INE070D01027,2011-06-22,2021-06-04
JAIHINDPRO,INE343D01010,2012-03-01,2021-01-25
JAINSTUDIO,INE486B01011,2011-06-22,2021-06-04
JAKHARIA,INE00N401018,2018-07-11,2021-06-03
JALAN,INE349X01015,2017-06-01,2021-06-04
JAMNAAUTO,INE039C01016,2011-06-22,2015-12-03
JAMNAAUTO,INE039C01024,2015-12-04,2017-10-05
JAMNAAUTO,INE039C01032,2017-10-06,2021-06-04
JASH,INE039O01011,2017-10-11,2021-06-04
JAYAGROGN,INE785A01026,2011-06-22,2021-06-04
JAYBARMARU,INE571B01028,2011-06-22,2021-06-04
JAYNECOIND,INE854B01010,2011-06-22,2021-06-04
JAYSREETEA,INE364A01020,2011-06-22,2021-06-04
JBCHEPHARM,INE572A01028,2011-06-22,2021-06-04
JBFIND,INE187A01017,2011-06-22,2021-06-04
JBMA,INE927D01010,2011-06-22,2014-10-08
JBMA,INE927D01028,2014-10-09,2021-06-04
JCHAC,INE782A01015,2016-09-12,2021-06-04
JCTEL,INE264B01020,2011-06-22,2016-05-19
JDORGOCHEM,INE263B01022,2011-06-23,2014-07-09
JENSONICOL,INE819B01021,2011-06-22,2018-03-16
JETAIRWAYS,INE802G01018,2011-06-22,2021-06-04
JETFREIGHT,INE982V01017,2016-12-06,2021-06-04
JETKNIT,INE564T01017,2016-10-07,2021-06-04
JEYPORE,INE180E01014,2011-07-06,2015-01-22
JHS,INE544H01014,2011-06-22,2021-06-04
JIKIND,INE026B01049,2011-06-22,2021-06-04
JINDALPHOT,INE796G01012,2011-06-22,2021-06-04
JINDALPOLY,INE197D01010,2011-06-22,2021-06-04
JINDALSAW,INE324A01024,2011-06-22,2021-06-04
JINDALSTEL,INE749A01030,2011-06-22,2021-06-04
JINDALSWHL,INE824G01012,2011-06-22,2013-07-26
JINDCOT,INE904J01016,2011-06-22,2021-05-24
JINDRILL,INE742C01031,2011-06-22,2021-06-04
JINDWORLD,INE247D01013,2011-06-22,2017-12-26
JINDWORLD,INE247D01021,2018-01-01,2018-10-26
JINDWORLD,INE247D01039,2018-11-01,2021-06-04
JISLDVREQS,IN9175A01010,2011-12-01,2021-06-04
JISLJALEQS,INE175A01038,2011-06-22,2021-06-04
JITFINFRA,INE863T01013,2017-03-01,2021-06-04
JIYAECO,INE023S01016,2019-08-19,2021-06-04
JKCEMENT,INE823G01014,2011-06-22,2021-06-04
JKIL,INE576I01014,2011-06-22,2015-12-10
JKIL,INE576I01022,2015-12-11,2021-06-04
JKLAKSHMI,INE786A01032,2011-06-22,2021-06-04
JKPAPER,INE789E01012,2011-06-22,2021-06-04
JKTYRE,INE573A01034,2011-06-22,2014-12-18
JKTYRE,INE573A01042,2014-12-19,2021-06-04
JMA,INE412C01015,2015-03-16,2019-05-14
JMA,INE412C01023,2019-05-15,2021-06-04
JMCPROJECT,INE890A01016,2011-06-22,2018-10-04
JMCPROJECT,INE890A01024,2018-10-05,2021-06-04
JMFINANCIL,INE780C01023,2011-06-22,2021-06-04
JMTAUTOLTD,INE988E01010,2011-06-22,2015-06-25
JMTAUTOLTD,INE988E01028,2015-06-26,2016-09-21
JMTAUTOLTD,INE988E01036,2016-09-22,2021-06-04
JOCIL,INE839G01010,2011-06-22,2021-06-04
JPASSOCIAT,INE455F01025,2011-06-22,2021-06-04
JPINFRATEC,INE099J01015,2011-06-22,2021-06-04
JPOLYINVST,INE147P01019,2013-11-11,2021-05-24
JPPOWER,INE351F01018,2011-06-22,2021-06-04
JSL,INE220G01021,2011-06-22,2021-06-04
JSLHISAR,INE455T01018,2016-02-01,2021-06-04
JSWENERGY,INE121E01018,2011-06-22,2021-06-04
JSWHL,INE824G01012,2013-08-01,2021-06-04
JSWISPAT,INE136A01022,2011-08-16,2013-06-10
JSWISPL,INE743C01021,2020-10-12,2021-06-04
JSWSTEEL,INE019A01020,2011-06-22,2017-01-04
JSWSTEEL,INE019A01038,2017-01-05,2021-06-04
JTEKTINDIA,INE643A01035,2018-04-23,2021-06-04
JUBILANT,INE700A01033,2011-06-22,2021-02-11
JUBLFOOD,INE797F01012,2011-06-22,2021-06-04
JUBLINDS,INE645L01011,2011-06-22,2021-06-04
JUBLINGREA,INE0BY001018,2021-03-19,2021-06-04
JUBLPHARMA,INE700A01033,2021-02-12,2021-06-04
JUMBO,INE699D01015,2011-06-22,2015-01-23
JUMPNET,INE974C01022,2019-08-19,2021-06-04
JUNIORBEES,INF732E01045,2011-06-22,2021-06-04
JUPITER,INE918B01013,2011-06-22,2013-01-11
JUSTDIAL,INE599M01018,2013-06-05,2021-06-04
JVLAGRO,INE430G01026,2011-06-22,2020-09-08
JYOTHYLAB,INE668F01031,2011-06-22,2021-06-04
JYOTISTRUC,INE197A01024,2011-06-22,2021-06-04
KABRAEXTRU,INE900B01029,2011-06-22,2021-06-04
KAJARIACER,INE217B01028,2011-06-22,2016-10-04
KAJARIACER,INE217B01036,2016-10-05,2021-06-04
KAKATCEM,INE437B01014,2011-06-22,2021-06-04
KALECONSUL,INE793A01012,2011-06-22,2012-09-05
KALINDEE,INE178D01010,2011-06-22,2017-02-08
KALPATPOWR,INE220B01022,2011-06-22,2021-06-04
KALYANIFRG,INE314G01014,2011-06-23,2021-06-04
KALYANKJIL,INE303R01014,2021-03-26,2021-06-04
KAMATHOTEL,INE967C01018,2011-06-22,2021-06-04
KAMDHENU,INE390H01012,2016-03-18,2021-06-04
KANANIIND,INE879E01029,2011-12-14,2012-11-01
KANANIIND,INE879E01037,2012-11-02,2021-06-04
KANDAGIRI,INE292D01019,2011-06-22,2015-01-23
KANORICHEM,INE138C01024,2011-06-22,2021-06-04
KANPRPLA,INE694E01014,2021-01-01,2021-06-04
KANSAINER,INE531A01016,2011-06-22,2015-03-26
KANSAINER,INE531A01024,2015-04-01,2021-06-04
KAPSTON,INE542Z01010,2018-04-04,2021-06-04
KARDA,INE278R01018,2018-04-02,2020-07-02
KARDA,INE278R01026,2020-07-03,2021-06-04
KARMAENG,INE725L01011,2011-07-01,2021-06-04
KARURKCP,INE727F01019,2011-06-22,2015-01-23
KARURVYSYA,INE036D01010,2011-06-22,2016-11-17
KARURVYSYA,INE036D01028,2016-11-18,2021-06-04
KAUSHALYA,INE234I01010,2011-06-22,2021-06-04
KAVVERITEL,INE641C01019,2011-06-22,2021-05-24
KAYA,INE587G01015,2015-08-14,2021-06-04
KBIL,INE920K01010,2011-06-22,2015-07-08
KCP,INE805C01028,2011-06-22,2021-06-04
KCPSUGIND,INE790B01024,2011-06-22,2021-06-04
KDDL,INE291D01011,2016-03-23,2021-06-04
KDDL-RE,INE291D20011,2021-04-09,2021-05-03
KEC,INE389H01022,2011-06-22,2021-06-04
KECL,INE134B01017,2011-06-22,2021-06-04
KEERTI,INE586X01012,2017-08-07,2021-06-04
KEI,INE878B01027,2011-06-22,2021-06-04
KELLTONTEC,INE164B01022,2016-03-02,2021-06-04
KEMROCK,INE990B01012,2011-06-22,2017-03-14
KENNAMET,INE717A01029,2019-08-19,2021-06-04
KERNEX,INE202H01019,2011-06-22,2021-06-04
KESARENT,INE133B01019,2011-06-22,2019-12-26
KESORAMIND,INE087A01019,2011-06-22,2021-06-04
KEYCORPSER,INE681C01015,2011-07-13,2019-04-26
KEYFINSERV,INE681C01015,2019-05-03,2021-06-04
KFA,INE438H01019,2011-06-22,2015-06-22
KGL,INE299C01024,2011-06-22,2021-04-12
KHADIM,INE834I01025,2017-11-14,2021-06-04
KHAICHEM,INE745B01028,2020-11-02,2021-06-04
KHAITANELE,INE761A01019,2011-06-22,2019-09-16
KHAITANLTD,INE731C01018,2011-06-22,2021-05-24
KHANDSE,INE060B01014,2011-06-22,2021-06-04
KHFM,INE00UG01014,2019-04-12,2021-06-03
KICL,INE029L01018,2011-06-22,2021-06-04
KIL,INE390H01012,2011-06-22,2016-03-17
KILITCH,INE729D01010,2011-06-22,2021-06-04
KINETICMOT,INE267B01015,2011-06-22,2013-03-21
KINGFA,INE473D01015,2016-11-15,2021-06-04
KIOCL,INE880L01014,2016-12-06,2021-06-04
KIRIINDUS,INE415I01015,2011-06-22,2021-06-04
KIRLFER,INE884B01025,2019-11-13,2021-06-04
KIRLOSBROS,INE732A01036,2011-06-22,2021-06-04
KIRLOSENG,INE146L01010,2011-06-22,2021-06-04
KIRLOSIND,INE250A01039,2011-06-22,2021-06-04
KITEX,INE602G01020,2012-09-25,2021-06-04
KITPLYIND,INE147B01019,2011-06-22,2015-03-16
KKCL,INE401H01017,2011-06-22,2021-06-04
KKVAPOW,INE239T01016,2016-07-15,2021-06-04
KLGSYSTEL,INE799A01019,2011-06-22,2013-12-09
KLRF,INE014E01015,2011-06-22,2015-01-23
KMSUGAR,INE157H01023,2011-06-22,2021-06-04
KNRCON,INE634I01011,2011-06-22,2016-12-13
KNRCON,INE634I01029,2016-12-14,2021-06-04
KOHINOOR,INE080B01012,2011-06-22,2021-05-03
KOKUYOCMLN,INE760A01029,2012-02-14,2021-06-04
KOLTEPATIL,INE094I01018,2011-06-22,2021-06-04
KOPDRUGS,INE746A01010,2011-06-22,2013-12-05
KOPRAN,INE082A01010,2011-06-22,2021-06-04
KOTAKBANK,INE237A01028,2011-06-22,2021-06-04
KOTAKBKETF,INF174K01F59,2014-12-11,2021-06-04
KOTAKGOLD,INF373I01015,2011-06-22,2015-04-13
KOTAKGOLD,INF373I01049,2015-04-15,2021-06-04
KOTAKIT,INF174KA1GC5,2021-03-05,2021-06-04
KOTAKNIFTY,INF174K01518,2011-06-22,2017-07-26
KOTAKNIFTY,INF174K014P6,2017-08-01,2021-06-04
KOTAKNV20,INF174K01Z71,2015-12-21,2021-06-04
KOTAKPSUBK,INF373I01023,2011-06-22,2021-06-04
KOTARISUG,INE419A01022,2011-06-22,2021-06-04
KOTHARIPET,INE720A01015,2011-06-22,2021-06-04
KOTHARIPRO,INE823A01017,2011-06-22,2021-06-04
KOUTONS,INE406I01014,2011-06-22,2013-09-16
KOVAI,INE177F01017,2011-06-22,2015-01-23
KPIT,INE836A01035,2011-06-22,2019-02-25
KPITTECH,INE04I401011,2019-04-22,2021-06-04
KPRMILL,INE930H01015,2011-06-22,2016-11-25
KPRMILL,INE930H01023,2016-12-01,2021-06-04
KRBL,INE001B01026,2011-06-22,2021-06-04
KREBSBIO,INE268B01013,2016-11-01,2021-06-04
KRIDHANINF,INE524L01026,2015-12-11,2021-06-04
KRISHANA,INE506W01012,2017-03-01,2021-06-04
KRISHNAENG,INE409C01011,2011-06-22,2015-05-21
KRITIIND,INE479D01038,2011-10-25,2015-01-23
KRITIKA,INE00Z501011,2018-10-10,2021-06-02
KSB,INE999A01015,2018-10-23,2021-06-04
KSBPUMPS,INE999A01015,2011-06-22,2018-10-22
KSCL,INE455I01011,2011-06-22,2014-01-24
KSCL,INE455I01029,2014-02-03,2021-06-04
KSE,INE953E01014,2011-06-22,2015-01-23
KSERASERA,INE216D01018,2011-06-22,2015-03-26
KSERASERA,INE216D01026,2015-04-01,2021-05-24
KSHITIJPOL,INE013801019,2018-10-08,2021-05-25
KSK,INE143H01015,2011-06-22,2021-01-15
KSL,INE907A01026,2011-06-22,2021-06-04
KSOILS,INE727D01022,2011-06-22,2013-06-20
KSOLVES,INE0D6I01015,2020-07-06,2021-06-04
KTIL,INE096L01017,2011-06-23,2016-08-11
KTIL,INE096L01025,2016-08-12,2019-12-26
KTKBANK,INE614B01018,2011-06-22,2021-06-04
KTKNV20ETF,INF174K01Z71,2015-12-09,2015-12-18
KUANTUM,INE529I01013,2019-10-23,2020-07-14
KUANTUM,INE529I01021,2020-07-15,2021-06-04
KWALITY,INE775B01025,2011-06-22,2021-02-23
L&TFH,INE498L01015,2011-08-12,2021-06-04
L&TFH-RE,INE498L20015,2021-02-01,2021-02-10
LAGNAM,INE548Z01017,2018-09-18,2021-06-04
LAKPRE,INE651C01018,2011-06-22,2021-06-04
LAKSHMIEFL,INE992B01026,2011-06-22,2019-06-17
LAKSHMIFIN,INE850E01012,2011-07-04,2015-01-21
LAKSHMIMIL,INE938C01019,2011-06-22,2015-01-23
LAKSHVILAS,INE694C01018,2011-06-22,2020-11-25
LALPATHLAB,INE600L01024,2015-12-23,2021-06-04
LAMBODHARA,INE112F01014,2015-02-04,2015-10-15
LAMBODHARA,INE112F01022,2015-10-16,2021-06-04
LANCOIN,INE943C01027,2011-06-22,2014-12-16
LAOPALA,INE059D01012,2011-06-22,2014-09-24
LAOPALA,INE059D01020,2014-09-25,2021-06-04
LASA,INE670X01014,2017-09-21,2021-06-04
LATTEYS,INE262Z01015,2018-06-05,2021-05-11
LAURUSLABS,INE947Q01010,2016-12-19,2020-09-25
LAURUSLABS,INE947Q01028,2020-10-01,2021-06-04
LAXMICOT,INE801V01019,2017-04-03,2021-06-03
LAXMIMACH,INE269B01029,2011-06-22,2021-06-04
LCCINFOTEC,INE938A01021,2011-06-22,2021-06-04
LEEL,INE245C01019,2017-06-19,2020-03-09
LEMONTREE,INE970X01018,2018-04-09,2021-06-04
LEXUS,INE500X01013,2017-08-23,2021-06-04
LFIC,INE850E01012,2015-04-17,2021-06-04
LGBBROSLTD,INE337A01034,2011-06-22,2021-06-04
LGBFORGE,INE201J01017,2011-06-22,2021-06-04
LGHL,INE258Y01016,2020-04-16,2021-06-04
LIBAS,INE908V01012,2017-01-09,2021-06-04
LIBERTSHOE,INE557B01019,2011-06-22,2021-06-04
LICHSGFIN,INE115A01026,2011-06-22,2021-06-04
LICNETFGSC,INF767K01MV5,2016-01-01,2021-06-04
LICNETFN50,INF767K01OS7,2016-01-15,2021-06-04
LICNETFSEN,INF767K01OT5,2016-08-03,2021-06-04
LICNFENGP,INF767K01OS7,2015-12-07,2015-12-23
LICNFNHGP,INF767K01PC8,2016-05-26,2021-06-04
LICNMFET,INF767K01MV5,2015-01-01,2015-12-24
LIKHITHA,INE060901019,2020-10-15,2021-06-04
LINCOLN,INE405C01035,2015-12-17,2021-06-04
LINCPEN,INE802B01019,2015-03-09,2021-06-04
LINDEINDIA,INE473A01011,2013-04-10,2021-06-04
LIQUIDBEES,INF732E01037,2011-06-22,2021-06-04
LIQUIDETF,INF740KA1EU7,2018-03-20,2021-06-04
LITL,INE785C01048,2011-06-22,2018-09-11
LLOYDELENG,INE245C01019,2011-06-22,2017-06-16
LLOYDFIN,INE174A01015,2011-06-22,2014-06-16
LLOYDSTEEL,INE292A01015,2011-06-22,2013-04-26
LML,INE862A01015,2011-06-22,2018-05-14
LODHA,INE670K01029,2021-04-19,2021-06-04
LOGIXMICRO,INE848A01014,2011-06-22,2015-05-14
LOKESHMACH,INE397H01017,2011-06-22,2021-06-04
LOTUSEYE,INE947I01017,2011-06-22,2021-06-04
LOVABLE,INE597L01014,2011-06-22,2021-06-04
LOWVOLIWIN,INF109KB10T8,2017-07-11,2018-04-09
LPDC,INE197J01017,2011-06-22,2021-06-04
LSIL,INE093R01011,2016-07-18,2021-06-04
LT,INE018A01030,2011-06-22,2021-06-04
LTI,INE214T01019,2016-07-21,2021-06-04
LTTS,INE010V01017,2016-09-23,2021-06-04
LUMAXAUTO,INE547G01019,2011-06-22,2017-05-02
LUMAXIND,INE162B01018,2011-06-22,2021-06-04
LUMAXTECH,INE872H01019,2011-06-22,2018-06-07
LUMAXTECH,INE872H01027,2018-06-08,2021-06-04
LUPIN,INE326A01037,2011-06-22,2021-06-04
LUXIND,INE150G01012,2015-12-01,2016-06-06
LUXIND,INE150G01020,2016-06-07,2021-06-04
LXCHEM,INE576O01020,2021-03-25,2021-06-04
LYCOS,INE425B01027,2015-05-08,2018-10-05
LYKALABS,INE933A01014,2011-06-22,2021-06-04
LYPSAGEMS,INE142K01011,2013-11-05,2021-06-04
M&M,INE101A01026,2011-06-22,2021-06-04
M&MFIN,INE774D01016,2011-06-22,2013-02-15
M&MFIN,INE774D01024,2013-02-18,2021-06-04
M&MFIN-RE,INE774D20016,2020-08-03,2020-08-07
M100,INF247L01023,2011-06-22,2021-06-04
M50,INF247L01015,2011-06-22,2014-10-16
M50,INF247L01536,2014-10-17,2021-06-04
MAANALU,INE215I01019,2011-06-22,2021-06-04
MACPOWER,INE155Z01011,2018-03-22,2021-06-04
MADHAV,INE925C01016,2011-06-22,2021-06-04
MADHUCON,INE378D01032,2011-06-22,2021-06-04
MADRASCEM,INE331A01037,2011-06-22,2013-09-26
MADRASFERT,INE414A01015,2011-06-22,2021-06-04
MAESGETF,INF769K01GS9,2020-11-24,2021-06-04
MAFANG,INF769K01HF4,2021-05-14,2021-06-04
MAGADSUGAR,INE347W01011,2017-08-01,2021-06-04
MAGMA,INE511C01022,2011-06-22,2021-06-04
MAGNUM,INE387I01016,2011-06-22,2021-06-04
MAHABANK,INE457A01014,2011-06-22,2021-06-04
MAHAPEXLTD,INE843B01013,2018-04-05,2021-06-04
MAHASTEEL,INE451L01014,2016-07-01,2021-06-04
MAHEPC,INE215D01010,2020-02-14,2021-06-04
MAHESHWARI,INE263W01010,2017-01-16,2021-06-04
MAHICKRA,INE961Y01015,2018-04-26,2021-06-03
MAHINDCIE,INE536H01010,2013-12-17,2021-06-04
MAHINDFORG,INE536H01010,2011-06-22,2013-12-16
MAHINDUGIN,INE850A01010,2011-06-22,2014-12-22
MAHLIFE,INE813A01018,2011-06-22,2021-06-04
MAHLOG,INE766P01016,2017-11-10,2021-06-04
MAHSCOOTER,INE288A01013,2011-06-22,2021-06-04
MAHSEAMLES,INE271B01025,2011-06-22,2021-06-04
MAITHANALL,INE683C01011,2011-07-05,2021-06-04
MAJESCO,INE898S01029,2015-08-19,2021-06-04
MAKE,INE432P01015,2014-07-01,2015-05-25
MALUPAPER,INE383H01017,2011-06-22,2021-06-04
MALWACOTT,INE272B01015,2011-06-22,2018-03-26
MAN50ETF,INF769K01EG9,2018-12-03,2021-06-04
MANAKALUCO,INE859Q01017,2015-04-06,2021-06-04
MANAKCOAT,INE830Q01018,2015-04-01,2021-06-04
MANAKINDST,INE831Q01016,2015-04-01,2017-11-22
MANAKSIA,INE015D01022,2011-06-22,2021-06-04
MANAKSTEEL,INE824Q01011,2015-04-01,2021-06-04
MANALIPETC,INE201A01024,2011-06-22,2021-06-04
MANAPPURAM,INE522D01027,2011-06-22,2021-06-04
MANAV,INE104Y01012,2017-09-18,2021-06-04
MANDHANA,INE087J01010,2011-06-22,2019-02-13
MANGALAM,INE584F01014,2011-06-22,2021-06-04
MANGCHEFER,INE558B01017,2011-06-22,2021-06-04
MANGLMCEM,INE347A01017,2011-06-22,2021-06-04
MANGTIMBER,INE805B01012,2011-06-22,2021-06-04
MANINDS,INE993A01026,2011-06-22,2021-06-04
MANINFRA,INE949H01015,2011-06-22,2014-08-27
MANINFRA,INE949H01023,2014-09-01,2021-06-04
MANJEERA,INE320D01018,2011-06-22,2015-01-23
MANJUSHREE,INE435H01015,2011-06-22,2015-03-16
MANPASAND,INE122R01018,2015-07-09,2020-06-22
MANUGRAPH,INE867A01022,2011-06-22,2021-06-04
MANXT50,INF769K01FN2,2020-02-03,2021-06-04
MARALOVER,INE882A01013,2011-06-22,2021-06-04
MARATHON,INE182D01012,2016-10-03,2018-04-05
MARATHON,INE182D01020,2018-04-06,2021-06-04
MARG,INE941E01019,2011-06-22,2015-01-23
MARICO,INE196A01026,2011-06-22,2021-06-04
MARINE,INE01JE01010,2018-10-11,2021-02-19
MARINE,INE01JE01028,2021-02-22,2021-06-04
MARKSANS,INE750C01026,2011-06-22,2021-06-04
MARSHALL,INE00SZ01018,2018-09-07,2021-06-04
MARUTI,INE585B01010,2011-06-22,2021-06-04
MASFIN,INE348L01012,2017-10-18,2021-06-04
MASKINVEST,INE885F01015,2016-10-14,2021-06-04
MASTEK,INE759A01021,2011-06-22,2021-06-04
MATRIMONY,INE866R01028,2017-09-21,2021-06-04
MAWANASUG,INE636A01039,2011-06-22,2021-06-04
MAX,INE180A01020,2011-06-22,2016-02-25
MAXHEALTH,INE027H01010,2020-08-21,2021-06-04
MAXIND,INE0CG601016,2020-09-01,2021-06-04
MAXINDIA,INE153U01017,2016-07-14,2020-06-11
MAXVIL,INE154U01015,2016-06-22,2021-06-04
MAXWELL,INE450G01024,2011-06-22,2016-12-20
MAYURUNIQ,INE040D01012,2012-09-25,2013-09-25
MAYURUNIQ,INE040D01038,2013-09-26,2021-06-04
MAZDA,INE885E01034,2016-11-01,2021-06-04
MAZDOCK,INE249Z01012,2020-10-12,2021-06-04
MBAPL,INE900L01010,2016-09-12,2021-06-04
MBECL,INE748A01016,2011-06-22,2021-06-04
MBLINFRA,INE912H01013,2011-06-22,2021-06-04
MBSWITCH,INE899L01014,2011-10-20,2012-12-21
MBSWITCH,INE899L01022,2012-12-24,2013-09-20
MCDHOLDING,INE836H01014,2011-06-22,2021-06-04
MCDOWELL-N,INE854D01016,2011-06-22,2018-06-15
MCDOWELL-N,INE854D01024,2018-06-18,2021-06-04
MCL,INE813V01014,2017-02-06,2019-05-02
MCL,INE813V01022,2019-05-03,2021-06-04
MCLEODRUSS,INE942G01012,2011-06-22,2021-06-04
MCX,INE745G01035,2012-03-09,2021-06-04
MDL,INE575Z01010,2018-03-23,2021-06-03
MEGASOFT,INE933B01012,2011-06-22,2021-06-04
MEGH,INE974H01013,2011-06-22,2021-05-17
MELSTAR,INE817A01019,2011-06-23,2021-06-04
MENONBE,INE071D01025,2015-03-09,2015-04-09
MENONBE,INE071D01033,2015-04-10,2021-06-04
MEP,INE776I01010,2015-05-06,2021-06-04
MERCATOR,INE934B01028,2011-12-08,2021-06-04
MERCK,INE199A01012,2011-06-22,2019-06-10
METALFORGE,INE425A01011,2015-06-01,2021-06-04
METKORE,INE592I01029,2012-04-02,2021-02-23
METROPOLIS,INE112L01020,2019-04-15,2021-06-04
MFSL,INE180A01020,2016-02-26,2021-06-04
MGEL,INE0APB01016,2019-12-02,2021-06-04
MGL,INE002S01010,2016-07-01,2021-06-04
MGOLD,INF247L01072,2012-04-02,2015-03-25
MHHL,INE450S01011,2018-02-16,2021-06-04
MHRIL,INE998I01010,2011-06-22,2021-06-04
MIC,INE287C01029,2011-06-22,2021-06-04
MICROSEC,INE019J01013,2011-06-22,2016-11-21
MICROTECH,INE358B01012,2011-06-22,2014-06-16
MIDCAPIWIN,INF109KB1XT3,2016-07-25,2018-04-09
MIDHANI,INE099Z01011,2018-04-04,2021-06-04
MIL,INE087J01028,2019-06-07,2019-09-03
MILTON,INE376Y01016,2017-10-16,2021-06-01
MINDA-RE,INE405E20015,2020-08-25,2020-09-03
MINDACORP,INE842C01013,2012-03-19,2015-01-05
MINDACORP,INE842C01021,2015-01-06,2021-06-04
MINDAIND,INE405E01015,2011-06-22,2016-09-12
MINDAIND,INE405E01023,2016-09-14,2021-06-04
MINDPOOL,INE00RQ01019,2019-03-01,2021-05-14
MINDTECK,INE110B01017,2016-08-02,2021-06-04
MINDTREE,INE018I01017,2011-06-22,2021-06-04
MIRCELECTR,INE831A01028,2011-06-22,2021-06-04
MIRZAINT,INE771A01026,2011-06-22,2021-06-04
MITCON,INE828O01033,2013-11-01,2021-06-04
MITTAL,INE997Y01019,2018-04-02,2021-06-04
MKPL,INE964W01013,2017-04-18,2021-03-23
MLL,INE934B01028,2011-06-22,2011-12-07
MMFL,INE227C01017,2011-06-22,2021-06-04
MMFSL,INE180C01018,2011-06-22,2013-08-02
MMP,INE511Y01018,2018-04-12,2021-06-04
MMTC,INE123F01029,2011-06-22,2021-06-04
MMWL,INE200D01020,2014-03-26,2015-01-23
MODIRUBBER,INE832A01018,2018-06-20,2021-06-04
MODISNME,INE737D01021,2021-05-03,2021-06-04
MOHITIND,INE954E01012,2013-03-14,2021-06-04
MOHOTAIND,INE313D01013,2017-12-26,2021-06-04
MOHOTAMILL,INE313D01013,2017-08-01,2017-12-22
MOIL,INE490G01020,2011-06-22,2021-06-04
MOKSH,INE514Y01012,2018-01-03,2021-06-04
MOLDTECH,INE835B01035,2016-07-07,2021-06-04
MOLDTEK-RE,INE893J20011,2020-11-02,2020-11-06
MOLDTKPAC,INE893J01011,2015-02-23,2016-02-17
MOLDTKPAC,INE893J01029,2016-02-18,2021-06-04
MOMAI,INE133R01015,2014-10-16,2017-12-18
MONNETISPA,INE743C01013,2011-06-22,2018-08-24
MONSANTO,INE274B01011,2011-06-22,2019-09-26
MONTECARLO,INE950M01013,2014-12-19,2021-06-04
MORARJEE,INE161G01027,2012-09-18,2021-06-04
MORARJETEX,INE161G01019,2011-06-22,2012-08-10
MOREPENLAB,INE083A01026,2011-06-22,2021-06-04
MOSERBAER,INE739A01015,2011-06-22,2018-10-10
MOTHERSUMI,INE775A01035,2011-06-22,2021-06-04
MOTILALOFS,INE338I01027,2011-06-22,2021-06-04
MOTOGENFIN,INE861B01015,2011-06-22,2020-06-19
MOTOGENFIN,INE861B01023,2020-06-22,2021-06-04
MPHASIS,INE356A01018,2011-06-22,2021-06-04
MPSLTD,INE943D01017,2011-06-22,2021-06-04
MPTODAY,INE105Y01019,2017-10-03,2021-06-04
MRF,INE883A01011,2011-06-22,2021-06-04
MRO-TEK,INE398B01018,2011-06-22,2021-06-04
MRPL,INE103A01014,2011-06-22,2021-06-04
MSPL,INE752G01015,2011-06-22,2021-06-04
MSTCLTD,INE255X01014,2019-04-01,2021-06-04
MTARTECH,INE864I01014,2021-03-15,2021-06-04
MTEDUCARE,INE472M01018,2012-04-12,2021-06-04
MTNL,INE153A01019,2011-06-22,2021-06-04
MUDRA,INE311H01018,2011-06-22,2015-03-12
MUKANDENGG,INE022B01014,2011-06-22,2021-05-24
MUKANDLTD,INE304A01026,2011-06-22,2021-06-04
MUKTAARTS,INE374B01019,2011-06-22,2021-06-04
MUNDRAPORT,INE742F01042,2011-06-22,2012-01-16
MUNJALAU,INE672B01024,2011-06-22,2011-12-26
MUNJALAU,INE672B01032,2012-01-02,2021-06-04
MUNJALSHOW,INE577A01027,2011-06-22,2021-06-04
MURLIIND,INE806B01028,2011-06-22,2016-05-23
MURUDCERA,INE692B01014,2011-06-22,2021-06-04
MUTHOOTCAP,INE296G01013,2015-08-24,2021-06-04
MUTHOOTFIN,INE414G01012,2011-06-22,2021-06-04
MVL,INE744I01034,2011-06-22,2020-03-09
MVLIND,INE141B01020,2011-06-22,2014-06-03
MYSOREBANK,INE651A01020,2011-06-22,2017-03-15
N100,INF247L01031,2011-06-22,2021-06-04
NACLIND,INE295D01020,2017-10-03,2021-06-04
NAGAAGRI,INE295D01020,2017-04-07,2017-09-26
NAGAFERT,INE454M01024,2016-06-15,2021-06-04
NAGARFERT,INE580A01013,2011-06-22,2011-08-26
NAGAROIL,INE453M01018,2012-04-02,2019-12-24
NAGREEKCAP,INE245I01016,2011-06-22,2021-06-04
NAGREEKEXP,INE123B01028,2011-06-22,2021-06-04
NAHARCAP,INE049I01012,2011-06-22,2021-06-04
NAHARINDUS,INE289A01011,2011-06-22,2021-06-04
NAHARPOLY,INE308A01027,2011-06-22,2021-06-04
NAHARSPING,INE290A01027,2011-06-22,2021-06-04
NAKODA,INE559B01023,2013-03-14,2019-02-18
NAM-INDIA,INE298J01013,2020-01-23,2021-06-04
NANDAN,INE875G01022,2011-06-22,2012-03-06
NANDANEXIM,INE875G01030,2012-03-23,2013-11-20
NANDANI,INE696V01013,2016-10-10,2021-06-04
NARMADA,INE117Z01011,2018-04-19,2021-05-14
NATCOPHARM,INE987B01018,2011-06-22,2015-11-26
NATCOPHARM,INE987B01026,2015-12-01,2021-06-04
NATHBIOGEN,INE448G01010,2014-02-03,2021-06-04
NATHSEED,INE778A01021,2011-09-08,2014-10-22
NATIONALUM,INE139A01034,2011-06-22,2021-06-04
NATNLSTEEL,INE088B01015,2011-06-22,2021-05-24
NAUKRI,INE663F01024,2011-06-22,2021-06-04
NAVINFLUOR,INE048G01018,2011-06-22,2017-07-19
NAVINFLUOR,INE048G01026,2017-07-20,2021-06-04
NAVKARCORP,INE278M01019,2015-09-09,2021-06-04
NAVNETEDUL,INE060A01024,2013-09-19,2021-06-04
NAVNETPUBL,INE060A01024,2011-06-22,2013-09-18
NAZARA,INE418L01021,2021-04-01,2021-06-04
NBCC,INE095N01015,2012-04-12,2016-06-02
NBCC,INE095N01023,2016-06-03,2018-04-25
NBCC,INE095N01031,2018-04-26,2021-06-04
NBIFIN,INE365I01012,2016-12-07,2017-12-07
NBIFIN,INE365I01020,2017-12-08,2021-06-04
NBVENTURES,INE725A01022,2011-06-22,2021-06-04
NCC,INE868B01028,2011-06-22,2021-06-04
NCLIND,INE732C01016,2011-06-22,2021-06-04
NCOPPER,INE846H01039,2011-10-17,2016-07-11
NCPSESDL24,INF204KB18W4,2020-11-18,2021-06-04
NDGL,INE756C01015,2016-09-01,2021-06-04
NDL,INE875G01030,2013-11-21,2021-06-04
NDRAUTO,INE07OG01012,2020-08-03,2021-06-04
NDTV,INE155G01029,2011-06-22,2021-06-04
NECCLTD,INE553C01016,2016-03-02,2021-06-04
NECLIFE,INE023H01027,2011-06-22,2021-06-04
NEHAINT,INE874D01022,2011-06-22,2015-01-23
NELCAST,INE189I01016,2011-06-22,2011-09-06
NELCAST,INE189I01024,2011-09-07,2021-06-04
NELCO,INE045B01015,2011-06-22,2021-06-04
NEOCORP,INE851C01014,2012-03-02,2015-01-23
NEOCURE,INE695B01025,2011-06-22,2012-08-27
NEOGEN,INE136S01016,2019-05-08,2021-06-04
NEPCMICON,INE588A01016,2011-06-22,2017-11-06
NESCO,INE317F01027,2011-06-22,2017-09-15
NESCO,INE317F01035,2017-09-18,2021-06-04
NESTLEIND,INE239A01016,2011-06-22,2021-06-04
NET4,INE553E01012,2011-06-22,2018-03-05
NETF,INF277K015R5,2019-01-07,2021-06-04
NETFCONSUM,INF204KA1LD7,2019-11-01,2021-06-04
NETFDIVOPP,INF204KA1MS3,2019-11-01,2021-06-04
NETFGILT5Y,INF204KC1030,2021-04-08,2021-06-04
NETFIT,INF204KB15V2,2020-07-01,2021-06-04
NETFLTGILT,INF204KB1882,2019-11-01,2021-06-04
NETFMID150,INF204KB1V68,2019-11-01,2021-06-04
NETFNIF100,INF204K014N5,2019-11-01,2021-06-04
NETFNV20,INF204KA17D8,2019-11-01,2019-12-19
NETFNV20,INF204KB18I3,2019-12-20,2021-06-04
NETFSDL26,INF204KC1022,2021-04-01,2021-06-04
NETWORK18,INE870H01013,2011-06-22,2021-06-04
NEULANDLAB,INE794A01010,2011-06-22,2021-06-04
NEWGEN,INE619B01017,2018-02-01,2021-06-04
NEXTMEDIA,INE747B01016,2011-06-22,2021-06-04
NEYVELILIG,INE589A01014,2011-06-22,2016-08-03
NFL,INE870D01012,2011-06-22,2021-06-04
NGCT,INE970N01019,2013-11-13,2016-08-24
NH,INE410P01011,2016-01-06,2021-06-04
NHPC,INE848E01016,2011-06-22,2021-06-04
NIACL,INE470Y01017,2017-11-13,2021-06-04
NIBL,INE047O01014,2013-04-16,2021-06-04
NICCO,INE241C01026,2011-06-22,2017-09-04
NIF100IWIN,INF109KA1962,2016-07-25,2018-04-09
NIFETF,INF109K012R6,2013-04-05,2014-05-02
NIFTYBEES,INF732E01011,2011-06-22,2019-12-19
NIFTYBEES,INF204KB14I2,2019-12-20,2021-06-04
NIFTYEES,INF754K01EK3,2015-05-14,2021-06-03
NIFTYIWIN,INF109K012R6,2016-07-25,2018-04-09
NIITLTD,INE161A01038,2011-06-22,2021-06-04
NIITTECH,INE591G01017,2011-06-22,2020-08-19
NILAINFRA,INE937C01029,2015-05-21,2021-06-04
NILASPACES,INE00S901012,2019-01-01,2021-06-04
NILKAMAL,INE310A01015,2011-06-22,2021-06-04
NIPPOBATRY,INE567A01010,2011-06-22,2021-06-04
NIRAJ,INE368I01016,2020-10-01,2021-06-04
NIRVIKARA,INE875R01011,2015-08-03,2016-09-02
NISSAN,INE846H01021,2011-06-22,2011-09-26
NITCO,INE858F01012,2011-06-22,2021-06-04
NITESHEST,INE639K01016,2011-06-22,2019-10-25
NITINFIRE,INE489H01020,2011-06-22,2021-06-04
NITINSPIN,INE229H01012,2011-06-22,2021-06-04
NITIRAJ,INE439T01012,2017-03-09,2021-06-04
NIVINFRA,INE303D01014,2013-06-20,2014-01-06
NKIND,INE542C01019,2016-06-21,2021-06-04
NLCINDIA,INE589A01014,2016-08-04,2021-06-04
NMDC,INE584A01023,2011-06-22,2021-06-04
NOCIL,INE163A01018,2011-06-22,2021-06-04
NOESISIND,INE141B01020,2014-06-04,2019-12-23
NOIDATOLL,INE781B01015,2011-06-22,2021-06-04
NOL,INE296D01010,2011-06-22,2015-01-23
NORBTEAEXP,INE369C01017,2011-06-22,2021-06-04
NORTHGATE,INE217G01019,2011-06-22,2012-07-11
NOVARTIND,INE234A01025,2020-10-05,2021-06-04
NOVOPANIND,INE460B01016,2011-06-22,2014-10-23
NPBET,INF277K010X4,2019-09-09,2021-06-04
NRAIL,INE740D01017,2017-04-05,2021-06-04
NRBBEARING,INE349A01021,2011-06-22,2021-06-04
NRC,INE953C01018,2011-06-22,2015-03-09
NSIL,INE023A01030,2011-06-22,2021-06-04
NTL,INE333I01036,2017-02-17,2021-06-04
NTPC,INE733E01010,2011-06-22,2021-06-04
NUCENT,INE980A01023,2011-06-23,2013-09-10
NUCHEM,INE946A01016,2011-06-22,2012-03-09
NUCLEUS,INE096B01018,2011-06-22,2021-06-04
NUMERICPW,INE409B01013,2011-06-22,2012-07-06
NURECA,INE0DSF01015,2021-02-25,2021-06-04
NUTEK,INE318J01027,2011-06-22,2019-11-25
NV20IWIN,INF109KB1WY5,2016-07-26,2018-04-09
NXTDIGITAL,INE353A01023,2019-11-11,2021-06-04
OAL,INE959C01023,2019-07-11,2021-06-04
OBEROIRLTY,INE093I01010,2011-06-22,2021-06-04
OCCL,INE321D01016,2016-02-01,2021-06-04
OCL,INE290B01025,2011-06-22,2018-10-24
OCLINDIA,INE00R701017,2018-12-21,2019-01-04
OFSS,INE881D01027,2011-06-22,2021-06-04
OIL,INE274J01014,2011-06-22,2021-06-04
OILCOUNTUB,INE591A01010,2011-06-22,2021-05-24
OISL,INE196J01019,2011-06-22,2021-05-24
OLECTRA,INE260D01016,2018-07-26,2021-06-04
OMAXAUTO,INE090B01011,2011-06-22,2021-06-04
OMAXE,INE800H01010,2011-06-22,2021-06-04
OMFURN,INE338Y01016,2017-10-13,2021-04-08
OMINFRAL,INE239D01028,2021-02-10,2021-06-04
OMKARCHEM,INE474L01016,2011-06-22,2021-05-24
OMMETALS,INE239D01028,2011-06-22,2021-02-09
OMNITECH,INE810H01019,2011-06-22,2017-04-10
ONELIFECAP,INE912L01015,2011-10-17,2021-06-04
ONEPOINT,INE840Y01011,2017-12-26,2021-06-04
ONGC,INE213A01029,2011-06-22,2021-06-04
ONMOBILE,INE809I01019,2011-06-22,2021-06-04
ONWARDTEC,INE229A01017,2011-06-22,2021-06-04
OPAL,INE520N01012,2013-04-12,2020-07-01
OPTIEMUS,INE350C01017,2017-08-08,2021-06-04
OPTOCIRCUI,INE808B01016,2011-06-22,2021-06-04
ORBITCORP,INE628H01015,2011-06-22,2018-02-05
ORBTEXP,INE231G01010,2013-11-05,2021-06-04
ORCHIDCHEM,INE191A01019,2011-06-22,2015-12-18
ORCHIDPHAR,INE191A01019,2015-12-21,2019-07-24
ORCHPHARMA,INE191A01027,2020-11-03,2021-06-04
ORICONENT,INE730A01022,2015-07-24,2021-06-04
ORIENTABRA,INE569C01020,2011-06-22,2021-06-04
ORIENTALTL,INE998H01012,2011-06-22,2021-06-04
ORIENTBANK,INE141A01014,2011-06-22,2020-03-20
ORIENTBELL,INE607D01018,2012-04-17,2021-06-04
ORIENTCEM,INE876N01018,2013-07-12,2021-06-04
ORIENTCERA,INE607D01018,2011-06-22,2012-04-16
ORIENTELEC,INE142Z01019,2018-05-14,2021-06-04
ORIENTHOT,INE750A01020,2011-06-22,2021-06-04
ORIENTLTD,INE609C01024,2011-06-22,2021-06-04
ORIENTPPR,INE592A01026,2011-06-22,2021-06-04
ORIENTREF,INE743M01012,2012-03-12,2021-06-04
ORISSAMINE,INE725E01016,2011-06-22,2012-10-26
ORISSAMINE,INE725E01024,2012-11-01,2021-06-04
ORTEL,INE849L01019,2015-03-19,2021-06-04
ORTINLAB,INE749B01020,2021-04-01,2021-06-04
ORTINLABSS,INE749B01012,2015-08-21,2021-01-11
OSIAHYPER,INE06IR01013,2019-04-05,2021-06-04
OSWALAGRO,INE142A01012,2018-02-01,2021-06-04
OSWALMIN,INE469B01017,2011-06-22,2015-01-23
OSWALSEEDS,INE00IK01011,2018-06-20,2021-06-04
OUDHSUG,INE594A01014,2011-06-22,2017-03-22
PAEL,INE766A01018,2011-06-22,2021-06-04
PAGEIND,INE761H01022,2011-06-22,2021-06-04
PAISALO,INE420C01042,2018-01-24,2021-06-04
PALASHSECU,INE471W01019,2017-08-01,2021-06-04
PALRED,INE218G01017,2014-01-16,2015-07-07
PALREDTEC,INE218G01033,2016-05-09,2021-06-04
PALREDTECH,INE218G01025,2015-10-07,2016-04-25
PANACEABIO,INE922B01023,2011-06-22,2021-06-04
PANACHE,INE895W01019,2017-04-25,2021-06-04
PANAMAPET,INE305C01011,2011-10-03,2014-09-19
PANAMAPET,INE305C01029,2014-09-22,2021-06-04
PANASONIC,INE841C01015,2011-06-22,2015-01-23
PANCARBON,INE013E01017,2011-06-22,2014-12-26
PANCHSHEEL,INE316G01019,2011-10-25,2015-01-23
PANORAMUNI,INE194B01029,2011-06-22,2019-03-18
PANSARI,INE697V01011,2016-10-18,2021-06-02
PANTALOONR,INE623B01027,2011-06-22,2013-04-10
PAPERPROD,INE275B01026,2011-06-22,2020-11-25
PAR,INE04LG01015,2019-05-16,2021-06-04
PARABDRUGS,INE618H01016,2011-06-22,2021-01-25
PARACABLES,INE074B01023,2011-06-22,2021-06-04
PARAGMILK,INE883N01014,2016-05-19,2021-06-04
PARAL,INE620C01013,2011-06-22,2015-03-16
PARAPRINT,INE702L01010,2011-06-22,2017-03-06
PARASPETRO,INE162C01024,2011-06-22,2017-07-24
PAREKHPLAT,INE598A01015,2011-06-22,2011-11-02
PARIN,INE00U801010,2018-10-09,2021-06-03
PARRYSUGAR,INE353B01021,2011-06-22,2017-05-24
PARSVNATH,INE561H01026,2011-06-22,2021-06-04
PARTYCRUS,INE06ZX01015,2021-03-05,2021-06-04
PASHUPATI,INE124Y01010,2017-09-08,2021-06-04
PATELENG,INE244B01030,2011-06-22,2021-06-04
PATINT-RE,INE529D20014,2021-02-26,2021-03-08
PATINTLOG,INE529D01014,2011-06-22,2021-06-04
PATNI,INE660F01012,2011-06-22,2012-05-18
PATSPINLTD,INE790C01014,2011-06-22,2021-06-04
PAVNAIND,INE07S101020,2021-03-09,2021-06-04
PBAINFRA,INE160H01019,2011-06-22,2021-06-04
PCJEWELLER,INE785M01013,2013-01-01,2021-06-04
PDMJEPAPER,INE865T01018,2016-04-01,2021-06-04
PDPL,INE904D01019,2011-06-22,2021-05-24
PDSMFL,INE111Q01013,2014-10-21,2021-06-04
PDUMJEIND,INE105C01023,2011-06-22,2018-05-03
PDUMJEPULP,INE606A01024,2011-06-22,2018-01-18
PEACOCKIND,INE600A01019,2011-06-22,2013-07-05
PEARLPOLY,INE844A01013,2011-06-22,2021-06-04
PEL,INE140A01024,2012-09-21,2021-06-04
PENIND,INE932A01024,2011-06-22,2021-06-04
PENINLAND,INE138A01028,2011-06-22,2021-06-04
PENPEBS,INE455O01019,2015-09-10,2019-06-06
PENTAGOLD,INE175Y01012,2018-04-25,2021-05-25
PEPL,INE843A01023,2011-06-22,2012-04-25
PERFECT,INE925S01012,2015-11-20,2021-05-20
PERIATEA,INE431F01018,2011-06-23,2015-01-23
PERSISTENT,INE262H01013,2011-06-22,2021-06-04
PETRONENGG,INE742A01019,2011-06-22,2020-02-18
PETRONET,INE347G01014,2011-06-22,2021-06-04
PFC,INE134E01011,2011-06-22,2021-06-04
PFIZER,INE182A01018,2011-06-22,2021-06-04
PFOCUS,INE367G01038,2011-06-22,2021-06-04
PFRL,INE647O01011,2013-07-17,2016-01-25
PFS,INE560K01014,2011-06-22,2021-06-04
PGEL,INE457L01011,2011-09-26,2021-06-04
PGHH,INE179A01014,2011-06-22,2021-06-04
PGHL,INE199A01012,2019-06-11,2021-06-04
PGIL,INE940H01014,2012-07-02,2021-06-04
PHILIPCARB,INE602A01015,2011-06-22,2018-04-19
PHILIPCARB,INE602A01023,2018-04-20,2021-06-04
PHOENIXLL,INE455B01016,2013-11-01,2017-09-11
PHOENIXLTD,INE211B01039,2011-06-22,2021-06-04
PIDILITIND,INE318A01026,2011-06-22,2021-06-04
PIGL,INE557Z01018,2018-04-23,2021-06-04
PIIND,INE603J01014,2011-06-22,2011-08-18
PIIND,INE603J01022,2011-08-19,2013-04-12
PIIND,INE603J01030,2013-04-15,2021-06-04
PILANIINV,INE417C01014,2011-10-25,2015-01-23
PILANIINVS,INE417C01014,2015-12-09,2021-06-04
PILIND,INE600A01027,2013-10-09,2015-09-02
PILITA,INE600A01027,2015-09-03,2016-08-24
PILITA,INE600A01035,2016-08-25,2021-06-04
PINCON,INE675G01018,2016-06-15,2019-02-04
PIONDIST,INE889E01010,2011-06-22,2021-06-04
PIONEEREMB,INE156C01018,2011-06-22,2021-06-04
PIPAVAVDOC,INE542F01012,2011-10-03,2016-03-17
PIPAVAVYD,INE542F01012,2011-06-22,2011-09-26
PIRGLASS,INE748E01018,2011-06-22,2014-07-18
PIRHEALTH,INE140A01024,2011-06-22,2012-09-20
PIRLIFE,INE122J01015,2011-06-22,2013-10-22
PIRPHYTO,INE122J01015,2013-10-23,2019-12-10
PITTIENG,INE450D01021,2018-06-06,2021-06-04
PITTILAM,INE450D01013,2011-06-22,2015-04-16
PITTILAM,INE450D01021,2015-04-17,2018-06-05
PKTEA,INE431F01018,2015-10-06,2021-06-04
PLASTIBLEN,INE083C01014,2011-06-22,2012-02-24
PLASTIBLEN,INE083C01022,2012-03-01,2021-06-04
PLETHICO,INE491H01018,2011-06-22,2016-06-13
PNB,INE160A01014,2011-06-22,2014-12-18
PNB,INE160A01022,2014-12-19,2021-06-04
PNBGILTS,INE859A01011,2011-06-22,2021-06-04
PNBHOUSING,INE572E01012,2016-11-07,2021-06-04
PNC,INE392B01011,2011-06-22,2021-06-04
PNCINFRA,INE195J01011,2015-05-26,2016-08-12
PNCINFRA,INE195J01029,2016-08-16,2021-06-04
PNEUMATIC,INE096T01010,2015-09-18,2017-05-19
POCHIRAJU,INE332G01032,2011-06-22,2019-07-22
PODDARHOUS,INE888B01018,2017-04-10,2021-06-04
PODDARMENT,INE371C01013,2016-11-22,2021-06-04
POKARNA,INE637C01017,2016-07-07,2017-10-19
POKARNA,INE637C01025,2017-10-23,2021-06-04
POLARIND,INE057B01010,2011-06-22,2013-09-03
POLARIS,INE763A01023,2011-06-22,2018-07-24
POLYCAB,INE455K01017,2019-04-16,2021-06-04
POLYMED,INE205C01013,2011-12-07,2015-02-02
POLYMED,INE205C01021,2015-02-03,2021-06-04
POLYPLEX,INE633B01018,2011-06-22,2021-06-04
PONDYOXIDE,INE063E01038,2011-06-22,2015-01-07
PONNIERODE,INE838E01017,2011-06-22,2021-06-04
POWERFUL,INE650Z01011,2018-09-03,2020-07-22
POWERGRID,INE752E01010,2011-06-22,2021-06-04
POWERINDIA,INE07Y701011,2020-04-01,2021-06-04
POWERMECH,INE211R01019,2015-08-26,2021-06-04
PPAP,INE095I01015,2011-06-22,2021-06-04
PPL,INE050001010,2019-06-14,2021-06-04
PRABHAT,INE302M01033,2015-09-21,2021-04-22
PRADIP,INE495J01015,2011-06-22,2021-05-25
PRAENG,INE505C01016,2011-06-22,2021-06-04
PRAJIND,INE074A01025,2011-06-22,2021-06-04
PRAKASH,INE603A01013,2011-06-22,2021-06-04
PRAKASHCON,INE023M01019,2011-10-04,2012-12-13
PRAKASHCON,INE023M01027,2012-12-14,2019-07-26
PRAKASHSTL,INE696K01016,2011-06-22,2016-03-03
PRAKASHSTL,INE696K01024,2016-03-04,2021-06-04
PRATIBHA,INE308H01022,2011-06-22,2019-06-17
PRAXIS,INE546Y01022,2018-02-01,2021-06-04
PRECAM,INE484I01029,2016-02-08,2021-06-04
PRECOT,INE283A01014,2011-06-22,2021-06-04
PRECWIRE,INE372C01011,2011-06-22,2016-03-21
PRECWIRE,INE372C01029,2016-03-22,2021-06-04
PREMEXPLN,INE863B01011,2016-06-17,2021-06-04
PREMIER,INE342A01018,2011-06-22,2021-06-04
PREMIERPOL,INE309M01012,2012-08-16,2021-06-04
PRESSMN,INE980A01023,2013-09-11,2021-06-04
PRESTIGE,INE811K01011,2011-06-22,2021-06-04
PRETAILDVR,IN9623B01058,2011-06-22,2013-04-10
PRICOL,INE605A01026,2011-06-22,2016-12-02
PRICOL-RE,INE726V20018,2020-12-03,2020-12-11
PRICOLLTD,INE726V01018,2017-02-10,2021-06-04
PRIMESECU,INE032B01021,2011-06-22,2021-06-04
PRINCEPIPE,INE689W01016,2020-01-01,2021-06-04
PRISMCEM,INE010A01011,2011-06-22,2018-05-03
PRITHVI,INE700C01013,2011-06-22,2015-09-14
PRITHVISOF,INE621B01021,2011-06-23,2015-01-23
PRITI,INE974Z01015,2018-06-21,2021-03-18
PRIVISCL,INE959A01019,2020-10-14,2021-06-04
PROINDIA,INE217G01035,2021-05-20,2021-06-04
PROLIFE,INE994V01012,2017-01-09,2021-06-04
PROSEED,INE217G01027,2018-08-06,2021-02-01
PROVOGE,INE968G01033,2012-03-26,2019-11-14
PROVOGUE,INE968G01025,2011-06-22,2012-03-06
PROZONE,INE195N01013,2012-09-12,2012-09-21
PROZONECSC,INE195N01013,2012-09-24,2014-10-01
PROZONINTU,INE195N01013,2014-10-07,2021-06-04
PRSMJOHNSN,INE010A01011,2018-05-04,2021-06-04
PSB,INE608A01012,2011-06-22,2021-06-04
PSL,INE474B01017,2011-06-22,2020-10-12
PSPPROJECT,INE488V01015,2017-06-01,2021-06-04
PSUBNKBEES,INF732E01110,2011-06-22,2019-12-19
PSUBNKBEES,INF204KB16I7,2019-12-20,2021-06-04
PTC,INE877F01012,2011-06-22,2021-06-04
PTL,INE034D01031,2011-06-22,2021-06-04
PULZ,INE335X01014,2017-11-24,2021-06-04
PUNJABCHEM,INE277B01014,2011-06-22,2021-06-04
PUNJLLOYD,INE701B01021,2011-06-22,2021-06-04
PURVA,INE323I01011,2011-06-22,2021-06-04
PUSHPREALM,INE728W01012,2017-07-10,2020-10-07
PVP,INE362A01016,2011-06-22,2019-10-22
PVR,INE191H01014,2011-06-22,2021-06-04
PVR-RE,INE191H20014,2020-07-17,2020-07-24
QGOLDHALF,INF082J01010,2011-06-22,2021-06-04
QNIFTY,INF082J01028,2011-06-22,2021-06-04
QUESS,INE615P01015,2016-07-12,2021-06-04
QUICKHEAL,INE306L01010,2016-02-18,2021-06-04
QUINTEGRA,INE033B01011,2011-06-22,2021-05-24
RADAAN,INE874F01027,2011-06-22,2021-06-04
RADICO,INE944F01028,2011-06-22,2021-06-04
RADIOCITY,INE919I01016,2017-03-17,2019-02-20
RADIOCITY,INE919I01024,2019-02-21,2021-06-04
RAILTEL,INE0DD101019,2021-02-26,2021-06-04
RAIN,INE855B01025,2013-08-23,2021-06-04
RAINBOWPAP,INE028D01025,2011-06-22,2020-02-03
RAINCOM,INE855B01025,2011-06-22,2013-08-22
RAIREKMOH,INE313D01013,2011-07-13,2017-07-26
RAJESHEXPO,INE343B01030,2011-06-22,2021-06-04
RAJMET,INE00KV01014,2018-10-08,2021-06-04
RAJOIL,INE294G01018,2011-06-22,2018-06-26
RAJPALAYAM,INE296E01026,2011-06-22,2015-01-23
RAJRATAN,INE451D01011,2020-05-22,2021-06-04
RAJRAYON,INE533D01016,2011-06-22,2013-03-04
RAJRAYON,INE533D01024,2013-03-05,2021-06-04
RAJSREESUG,INE562B01019,2011-06-22,2021-06-04
RAJTV,INE952H01019,2011-06-22,2014-03-25
RAJTV,INE952H01027,2014-03-26,2021-06-04
RAJVIR,INE011H01014,2011-06-22,2021-05-24
RALLIS,INE613A01012,2011-06-22,2011-07-15
RALLIS,INE613A01020,2011-07-18,2021-06-04
RAMANEWS,INE278B01020,2011-06-22,2021-06-04
RAMASTEEL,INE230R01019,2015-08-24,2016-03-14
RAMASTEEL,INE230R01027,2016-03-15,2021-06-04
RAMCOCEM,INE331A01037,2013-10-01,2021-06-04
RAMCOIND,INE614A01028,2011-06-22,2021-06-04
RAMCOSYS,INE246B01019,2011-06-22,2021-06-04
RAMGOPOLY,INE410D01017,2018-01-03,2019-07-15
RAMKY,INE874I01013,2011-06-22,2021-06-04
RAMSARUP,INE005D01015,2011-06-22,2021-06-04
RANASUG,INE625B01014,2011-06-22,2021-06-04
RANBAXY,INE015A01028,2011-06-22,2015-04-01
RANEENGINE,INE222J01013,2011-06-22,2021-06-04
RANEHOLDIN,INE384A01010,2011-06-22,2021-06-04
RANKLIN,INE619C01015,2011-06-22,2015-01-20
RASOYPR,INE904G01020,2011-12-12,2013-03-21
RASOYPR,INE904G01038,2013-03-22,2018-11-05
RATNAMANI,INE703B01027,2011-06-22,2021-06-04
RAYMOND,INE301A01014,2011-06-22,2021-06-04
RBL,INE244J01017,2011-06-22,2021-06-04
RBLBANK,INE976G01028,2016-09-01,2021-06-04
RBN,INE445K01018,2011-06-22,2014-03-20
RCF,INE027A01015,2011-06-22,2021-06-04
RCOM,INE330H01018,2011-06-22,2021-06-04
RDEL,INE542F01012,2016-03-18,2017-09-15
RECLTD,INE020B01018,2011-06-22,2021-06-04
REDINGTON,INE891D01026,2011-06-22,2021-06-04
REFEX,INE056I01017,2011-06-22,2021-06-04
REFEX-RE,INE056I20017,2020-08-03,2020-08-06
REGENCERAM,INE277C01012,2011-06-24,2021-05-24
REIAGROLTD,INE385B01031,2011-06-22,2017-10-03
REISIXTEN,INE849J01021,2011-06-22,2017-08-07
RELAXO,INE131B01021,2011-06-22,2013-11-22
RELAXO,INE131B01039,2013-11-25,2021-06-04
RELBANK,INF733I01028,2011-06-22,2016-11-02
RELCAPITAL,INE013A01015,2011-06-22,2021-06-04
RELCNX100,INF204K014N5,2013-04-01,2019-10-25
RELCONS,INF204KA1LD7,2014-04-22,2019-10-25
RELDIVOPP,INF204KA1MS3,2014-05-22,2019-10-25
RELGOLD,INF733I01010,2011-06-22,2016-11-02
RELGRNIFTY,INF205K01DA9,2011-06-22,2016-06-22
RELIABLE,INE375Y01018,2017-10-11,2021-06-04
RELIANCE,INE002A01018,2011-06-22,2021-06-04
RELIGARE,INE621H01010,2011-06-22,2021-06-04
RELIGAREGO,INF205K01361,2011-06-22,2016-06-22
RELINFRA,INE036A01016,2011-06-22,2021-06-04
RELMEDIA,INE540B01015,2011-06-22,2014-04-25
RELNIFTY,INF204KA1EU6,2013-12-02,2016-11-02
RELNV20,INF204KA17D8,2015-06-24,2019-10-25
REMSONSIND,INE474C01015,2011-07-01,2021-06-04
RENUKA,INE087H01022,2011-06-22,2021-06-04
REPCOHOME,INE612J01015,2013-04-01,2021-06-04
REPL,INE364Z01019,2018-07-13,2021-06-04
REPRO,INE461B01014,2011-06-22,2021-06-04
RESPONIND,INE688D01026,2011-06-23,2021-06-04
RESURGERE,INE774I01023,2011-06-22,2012-06-13
RETFMID150,INF204KB1V68,2019-02-04,2019-10-25
REVATHI,INE617A01013,2011-06-22,2021-06-04
RGL,INE722H01016,2019-04-08,2021-06-04
RHFL,INE217K01011,2017-09-22,2021-06-04
RICOAUTO,INE209B01025,2011-06-22,2021-06-04
RIIL,INE046A01015,2011-06-22,2021-06-04
RIL-RE,INE002A20018,2020-05-20,2020-05-26
RITES,INE320J01015,2018-07-02,2021-06-04
RJL,INE722H01016,2011-06-22,2019-04-05
RKDL,INE722J01012,2011-06-22,2021-06-04
RKEC,INE786W01010,2017-10-09,2021-06-04
RKFORGE,INE399G01015,2011-06-22,2021-06-04
RMCL,INE172H01014,2011-06-22,2021-06-04
RMDRIP,INE219Y01018,2017-10-04,2021-06-04
RML,INE050H01012,2011-06-22,2021-06-04
RMMIL,INE774I01031,2012-07-02,2017-05-22
RNAM,INE298J01013,2017-11-06,2020-01-22
RNAVAL,INE542F01012,2017-09-18,2021-06-04
ROHITFERRO,INE248H01012,2011-06-22,2021-05-24
ROHLTD,INE283H01019,2011-06-22,2021-06-04
ROLLT,INE927A01040,2016-11-22,2021-06-04
ROLTA,INE293A01013,2011-06-22,2021-06-04
ROMAN,INE924H01018,2011-06-22,2012-09-11
ROML,INE294G01026,2020-10-07,2021-06-04
ROSSARI,INE02A801020,2020-07-23,2021-06-04
ROSSELLIND,INE847C01020,2012-09-25,2021-06-04
ROUTE,INE450U01017,2020-09-21,2021-06-04
RPGLIFE,INE105J01010,2011-06-22,2021-06-04
RPOWER,INE614G01033,2011-06-22,2021-06-04
RPPINFRA,INE324L01013,2011-06-22,2021-06-04
RPPL,INE760W01015,2018-09-24,2021-06-04
RPSGVENT,INE425Y01011,2021-02-01,2021-06-04
RRSLGETF,INF204KB1882,2016-07-14,2019-10-25
RSSOFTWARE,INE165B01011,2011-06-22,2015-01-21
RSSOFTWARE,INE165B01029,2015-01-22,2021-06-04
RSWM,INE611A01016,2011-06-22,2021-06-04
RSYSTEMS,INE411H01024,2011-06-22,2014-02-26
RSYSTEMS,INE411H01032,2014-03-03,2021-06-04
RTNINDIA,INE834M01019,2021-04-07,2021-06-04
RTNINFRA,INE834M01019,2014-11-20,2021-04-06
RTNPOWER,INE399K01017,2014-11-20,2021-06-04
RUBYMILLS,INE301D01018,2011-06-22,2012-11-22
RUBYMILLS,INE301D01026,2012-11-23,2021-06-04
RUCHI,INE619A01035,2020-02-03,2021-06-04
RUCHINFRA,INE413B01023,2011-06-22,2021-06-04
RUCHIRA,INE803H01014,2011-06-22,2021-06-04
RUCHISOYA,INE619A01027,2011-06-22,2019-11-13
RUPA,INE895B01021,2011-12-07,2021-06-04
RUSHIL,INE573K01017,2011-07-07,2021-06-04
RUSHIL-RE,INE573K20017,2020-09-21,2020-09-25
RVHL,INE09E501017,2020-12-18,2021-06-04
RVNL,INE415G01027,2019-04-11,2021-06-04
S&SPOWER,INE902B01017,2020-04-01,2021-06-04
SABERORGAN,INE243A01018,2011-06-22,2015-01-15
SABEVENTS,INE860T01019,2016-09-15,2021-06-04
SABTN,INE416A01036,2011-06-22,2021-06-04
SADBHAV,INE226H01026,2011-06-22,2021-06-04
SADBHIN,INE764L01010,2015-09-16,2021-06-04
SAFARI,INE429E01023,2019-09-12,2021-06-04
SAGARDEEP,INE976T01013,2016-05-17,2021-06-04
SAGCEM,INE229C01013,2011-06-22,2021-06-04
SAHPETRO,INE586G01017,2011-06-22,2015-05-05
SAIL,INE114A01011,2011-06-22,2021-06-04
SAKAR,INE732S01012,2016-10-14,2021-06-04
SAKETH,INE869Y01010,2018-08-13,2020-03-19
SAKHTISUG,INE623A01011,2011-06-22,2021-06-04
SAKSOFT,INE667G01015,2011-06-22,2021-06-04
SAKTHIFIN,INE302E01014,2011-06-22,2014-12-04
SAKUMA,INE190H01016,2011-06-22,2018-11-12
SAKUMA,INE190H01024,2018-11-13,2021-06-04
SALASAR,INE170V01019,2017-07-25,2021-06-04
SALONA,INE498E01010,2016-06-16,2021-06-04
SALONACOT,INE498E01010,2011-06-22,2015-01-23
SALORAINTL,INE924A01013,2011-06-22,2019-04-16
SALSTEEL,INE658G01014,2011-06-22,2021-06-04
SALZERELEC,INE457F01013,2015-12-02,2021-06-04
SAMBANDAM,INE304D01012,2011-06-22,2015-01-23
SAMBHAAV,INE699B01027,2011-06-22,2021-06-04
SAMINDUS,INE653D01012,2012-09-20,2014-12-09
SAMTEL,INE381A01016,2011-06-22,2018-07-18
SANCO,INE782L01012,2014-03-12,2021-06-04
SANDESH,INE583B01015,2011-06-22,2021-06-04
SANDHAR,INE278H01035,2018-04-02,2021-06-04
SANGAMIND,INE495C01010,2011-06-22,2021-06-04
SANGHIIND,INE999B01013,2011-06-22,2021-06-04
SANGHIPOLY,INE146A01013,2011-06-22,2011-11-02
SANGHVIFOR,INE263L01013,2011-06-22,2021-04-27
SANGHVIMOV,INE989A01024,2011-06-22,2021-06-04
SANGINITA,INE753W01010,2017-03-10,2021-06-04
SANOFI,INE058A01010,2012-07-11,2021-06-04
SANWARIA,INE890C01046,2011-06-22,2021-06-04
SARDAEN,INE385C01013,2011-06-22,2021-06-04
SAREGAMA,INE979A01017,2011-06-22,2021-06-04
SARLAPOLY,INE453D01017,2011-06-23,2015-10-26
SARLAPOLY,INE453D01025,2015-11-02,2021-06-04
SARTHAKIND,INE074H01012,2011-12-19,2012-09-05
SARVESHWAR,INE324X01018,2018-03-15,2021-06-04
SASKEN,INE231F01020,2011-06-22,2021-06-04
SASTASUNDR,INE019J01013,2016-11-22,2021-06-04
SATHAISPAT,INE176C01016,2011-06-22,2021-05-24
SATIA,INE170E01015,2019-07-17,2019-10-15
SATIA,INE170E01023,2019-10-16,2021-06-04
SATIN,INE836B01017,2015-09-01,2021-06-04
SATIN-RE,INE836B20017,2020-08-12,2020-08-21
SATYAMCOMP,INE275A01028,2011-06-22,2013-07-03
SAVERA,INE104E01014,2011-06-22,2015-01-23
SAYAJIHOTL,INE318C01014,2012-09-03,2015-01-16
SB&TINTL,INE465B01015,2011-06-22,2012-10-19
SBBJ,INE648A01026,2011-06-22,2017-03-15
SBICARD,INE018E01016,2020-03-16,2021-06-04
SBIETFIT,INF200KA1S14,2020-10-22,2021-06-04
SBIETFPB,INF200KA1S22,2020-10-22,2021-06-04
SBIETFQLTY,INF200KA1WX6,2018-12-17,2021-06-04
SBIGETS,INF200K01099,2011-06-22,2015-11-23
SBILIFE,INE123W01016,2017-10-03,2021-06-04
SBIN,INE062A01012,2011-06-22,2014-11-20
SBIN,INE062A01020,2014-11-21,2021-06-04
SBT,INE654A01024,2011-06-22,2017-03-15
SCAPDVR,INE224E01036,2017-10-10,2021-06-04
SCHAEFFLER,INE513A01014,2017-08-01,2021-06-04
SCHAND,INE807K01035,2017-05-09,2021-06-04
SCHNEIDER,INE839M01018,2012-03-20,2021-06-04
SCI,INE109A01011,2011-06-22,2021-06-04
SDBL,INE480C01012,2014-04-01,2020-10-15
SDBL,INE480C01020,2020-10-16,2021-06-04
SEAMECLTD,INE497B01018,2011-06-22,2021-06-04
SECL,INE00Y701018,2019-09-12,2021-06-04
SECURCRED,INE195Y01010,2017-11-13,2021-06-04
SECURKLOUD,INE650K01021,2021-01-20,2021-06-04
SEINV,INE420C01042,2011-10-17,2018-01-23
SEINVEST,INE420C01034,2011-06-22,2011-10-03
SELAN,INE818A01017,2011-06-22,2021-06-04
SELMCL,INE105I01012,2011-06-22,2021-03-08
SENSEXIWIN,INF346A01034,2016-07-25,2018-04-09
SENTINEL,INE577L01016,2011-06-22,2011-11-04
SEPOWER,INE735M01018,2012-08-01,2021-06-04
SEQUENT,INE807F01027,2016-03-10,2021-06-04
SERVALL,INE431L01016,2011-06-22,2018-05-23
SERVOTECH,INE782X01017,2017-08-24,2021-06-02
SESAGOA,INE205A01025,2011-06-22,2013-10-03
SESHAPAPER,INE630A01016,2011-06-22,2019-08-19
SESHAPAPER,INE630A01024,2019-08-20,2021-06-04
SETCO,INE878E01021,2016-07-01,2021-06-04
SETF10GILT,INF200KA1JT1,2016-06-23,2021-06-04
SETFBANK,INF200KA1580,2015-03-25,2015-11-23
SETFGOLD,INF200K01099,2015-11-24,2021-06-04
SETFNIF50,INF200KA1FS1,2015-11-24,2021-06-04
SETFNIFBK,INF200KA1580,2015-11-24,2021-06-04
SETFNIFJR,INF200KA1598,2015-04-01,2015-11-23
SETFNIFTY,INF200KA1FS1,2015-08-03,2015-11-23
SETFNN50,INF200KA1598,2015-11-26,2021-06-04
SETUINFRA,INE023M01027,2019-08-01,2021-06-04
SEYAIND,INE573R01012,2019-07-11,2021-06-04
SEZAL,INE955I01036,2011-11-22,2021-04-22
SEZALGLASS,INE955I01028,2011-06-22,2011-11-09
SFCL,INE935O01010,2013-10-24,2017-03-24
SFHL-RE,INE202Z20011,2021-05-06,2021-05-26
SFL,INE916U01025,2016-12-09,2021-06-04
SGFL,INE883G01018,2011-06-23,2019-10-22
SGJHL,INE553K01019,2011-06-22,2017-10-09
SGL,INE353H01010,2011-06-22,2021-06-04
SHAHALLOYS,INE640C01011,2011-06-22,2021-05-24
SHAIVAL,INE262S01010,2015-10-01,2021-03-19
SHAKTIPUMP,INE908D01010,2011-10-25,2021-06-04
SHALBY,INE597J01018,2017-12-15,2021-06-04
SHALPAINTS,INE849C01018,2011-06-22,2012-11-22
SHALPAINTS,INE849C01026,2012-11-23,2021-06-04
SHANKARA,INE274V01019,2017-04-05,2021-06-04
SHANTI,INE933X01016,2017-08-03,2021-06-03
SHANTIGEAR,INE631A01022,2011-06-22,2021-06-04
SHARDACROP,INE221J01015,2014-09-23,2021-06-04
SHARDAMOTR,INE597I01010,2015-09-03,2021-04-16
SHARDAMOTR,INE597I01028,2021-04-19,2021-06-04
SHAREINDIA,INE932X01018,2020-09-21,2021-06-04
SHARIABEES,INF732E01128,2011-06-22,2021-06-04
SHARONBIO,INE028B01011,2011-12-07,2014-02-20
SHARONBIO,INE028B01029,2014-02-21,2019-03-26
SHARRESLTD,INE559D01011,2011-06-22,2014-10-13
SHASUNPHAR,INE317A01028,2011-06-22,2015-11-17
SHEMAROO,INE363M01019,2014-10-01,2021-06-04
SHIL,INE05AN01011,2019-12-26,2021-06-04
SHILPAMED,INE790G01023,2011-06-22,2015-11-06
SHILPAMED,INE790G01031,2015-11-09,2021-06-04
SHILPI,INE510K01019,2011-06-22,2019-05-15
SHIRPUR-G,INE196B01016,2013-01-17,2021-05-24
SHIV-VANI,INE756B01017,2011-06-22,2015-10-21
SHIVAMAUTO,INE637H01016,2011-06-22,2014-10-23
SHIVAMAUTO,INE637H01024,2014-11-03,2021-06-04
SHIVAMILLS,INE644Y01017,2018-02-26,2021-06-04
SHIVATEX,INE705C01020,2017-12-26,2021-06-04
SHIVAUM,INE719F01016,2019-10-01,2021-03-12
SHIVTEX,INE705C01012,2011-06-22,2017-11-02
SHK,INE500L01026,2015-11-16,2021-06-04
SHLAKSHMI,INE851B01016,2011-06-22,2016-03-21
SHOPER-RE,INE498B20016,2020-12-01,2020-12-07
SHOPERSTOP,INE498B01024,2011-06-22,2021-06-04
SHPRE,INE318K01017,2011-06-22,2012-05-02
SHRADHA,INE715Y01015,2017-12-11,2021-06-04
SHREDIGCEM,INE232A01011,2019-08-19,2021-06-04
SHREEASHTA,INE538H01024,2011-06-22,2014-06-19
SHREECEM,INE070A01015,2011-06-22,2021-06-04
SHREEPUSHK,INE712K01011,2015-09-10,2021-06-04
SHREERAMA,INE879A01019,2011-06-22,2021-06-04
SHRENIK,INE632X01014,2017-07-18,2018-07-09
SHRENIK,INE632X01022,2018-07-10,2020-10-08
SHRENIK,INE632X01030,2020-10-09,2021-06-04
SHRENUJ,INE633A01028,2011-06-22,2017-10-16
SHREYANIND,INE231C01019,2011-06-22,2021-06-04
SHREYAS,INE757B01015,2011-06-22,2021-06-04
SHRIASTER,INE900K01012,2014-02-03,2017-05-02
SHRINATRAJ,INE200F01017,2012-01-02,2014-05-21
SHRIPISTON,INE526E01018,2016-06-09,2021-06-04
SHRIRAMCIT,INE722A01011,2011-06-22,2021-06-04
SHRIRAMEPC,INE964H01014,2011-06-22,2021-06-04
SHUBHLAXMI,INE01Z401013,2018-12-04,2021-06-04
SHYAMCENT,INE979R01011,2015-08-03,2021-06-04
SHYAMTEL,INE635A01023,2011-06-22,2021-06-04
SICAGEN,INE176J01011,2011-06-22,2021-06-04
SICAL,INE075B01012,2011-06-22,2021-06-04
SIDDHIKA,INE0A1E01018,2021-04-07,2021-06-04
SIEMENS,INE003A01024,2011-06-22,2021-06-04
SIGIND,INE529F01035,2018-09-03,2021-06-04
SIGMA,INE0A0S01010,2020-10-19,2021-06-04
SIGNET,INE529F01019,2015-03-13,2015-08-18
SIGNET,INE529F01027,2015-08-19,2018-08-10
SIGNETIND,INE529F01019,2012-06-01,2015-01-23
SIIL,INE971P01012,2015-04-01,2019-10-09
SIKKO,INE112X01017,2017-04-18,2021-06-01
SIL,INE173A01025,2011-06-22,2021-06-04
SILGO,INE01II01013,2018-10-10,2021-06-04
SILINV,INE923A01015,2011-06-22,2021-06-04
SILLYMONKS,INE203Y01012,2018-01-18,2021-06-04
SILVERTUC,INE625X01018,2017-12-01,2021-06-02
SIMBHALS,INE748T01016,2016-03-14,2021-06-04
SIMBHSUGAR,INE270C01017,2011-06-22,2015-11-23
SIMPLEX,INE898F01018,2011-06-22,2019-06-10
SIMPLEXCAS,INE658D01011,2012-09-03,2015-01-07
SIMPLEXINF,INE059B01024,2011-06-22,2021-06-04
SINTERCOM,INE129Z01016,2018-02-15,2021-06-04
SINTEX,INE429C01035,2011-06-22,2021-06-04
SIRCA,INE792Z01011,2018-06-01,2021-06-04
SIRPAPER,INE202C01010,2011-06-22,2016-03-21
SIS,INE285J01010,2017-08-10,2020-01-15
SIS,INE285J01028,2020-01-16,2021-06-04
SITASHREE,INE686I01011,2011-06-22,2020-03-09
SITICABLE,INE965H01011,2012-10-03,2016-08-16
SITINET,INE965H01011,2016-08-17,2021-06-04
SIYSIL,INE076B01010,2011-06-22,2017-10-25
SIYSIL,INE076B01028,2017-10-26,2021-06-04
SJVN,INE002L01015,2011-06-22,2021-06-04
SKFINDIA,INE640A01023,2011-06-22,2021-06-04
SKIL,INE429F01012,2014-03-24,2021-06-04
SKIPPER,INE439E01022,2015-06-01,2021-06-04
SKMEGGPROD,INE411D01015,2011-06-22,2021-06-04
SKML,INE672X01010,2017-09-26,2019-05-15
SKSMICRO,INE180K01011,2011-06-22,2016-06-24
SKSTEXTILE,INE507Y01016,2018-01-19,2021-05-25
SKUMARSYNF,INE772A01016,2011-06-22,2015-05-21
SMARTLINK,INE178C01020,2011-06-22,2021-06-04
SMCGLOBAL,INE103C01036,2021-02-24,2021-06-04
SMLISUZU,INE294B01019,2011-06-22,2021-06-04
SMOBILITY,INE927C01020,2011-07-26,2014-08-18
SMPL,INE215G01021,2011-06-22,2021-06-04
SMSLIFE,INE320X01016,2017-08-17,2021-06-04
SMSPHARMA,INE812G01017,2011-06-22,2015-12-17
SMSPHARMA,INE812G01025,2015-12-18,2021-06-04
SMVD,INE702Y01013,2017-12-26,2021-06-04
SNOWMAN,INE734N01019,2014-09-12,2021-06-04
SOBHA,INE671H01015,2011-06-22,2021-06-04
SOFTTECH,INE728Z01015,2018-05-11,2021-06-04
SOFTTECHGR,INE863A01013,2011-06-22,2017-06-20
SOLARA,INE624Z01016,2018-07-02,2021-06-04
SOLARINDS,INE343H01011,2011-06-22,2016-07-13
SOLARINDS,INE343H01029,2016-07-14,2021-06-04
SOLEX,INE880Y01017,2018-02-05,2021-06-04
SOMANYCERA,INE355A01028,2011-06-22,2021-06-04
SOMATEX,INE314C01013,2011-06-22,2021-06-04
SOMICONVEY,INE323J01019,2016-07-18,2021-06-04
SONAHISONA,INE06MH01016,2019-10-15,2021-05-20
SONAMCLOCK,INE00LM01011,2018-06-14,2021-06-04
SONASTEER,INE643A01035,2011-06-22,2018-04-20
SONATSOFTW,INE269A01021,2011-06-22,2021-06-04
SONISOYA,INE301Z01011,2018-04-12,2020-08-12
SORILHOLD,INE126M01010,2017-04-18,2018-06-07
SORILINFRA,INE034H01016,2017-01-10,2021-06-04
SOTL,INE035D01012,2011-06-22,2021-06-04
SOUISPAT,INE943B01011,2011-06-22,2014-09-22
SOUISPAT,INE943B01029,2014-09-23,2015-01-23
SOUTHBANK,INE683A01023,2011-06-22,2021-06-04
SOUTHWEST,INE980Y01015,2018-02-19,2021-06-04
SPAL,INE212I01016,2016-08-12,2021-06-04
SPANCO,INE360B01026,2011-06-22,2013-08-22
SPANDANA,INE572J01011,2019-08-19,2021-06-04
SPARC,INE232I01014,2011-06-22,2021-06-04
SPCENET,INE970N01027,2017-01-10,2021-05-24
SPECIALITY,INE247M01014,2012-06-01,2021-06-04
SPECTACLE,INE409H01028,2011-06-22,2016-03-22
SPECTRUM,INE01EO01010,2018-10-01,2021-06-02
SPENCER-RE,INE020820010,2020-08-04,2020-08-13
SPENCERS,INE020801028,2019-01-25,2021-06-04
SPENTEX,INE376C01020,2011-06-22,2021-06-04
SPHEREGSL,INE737B01033,2015-10-13,2018-04-18
SPIC,INE147A01011,2011-06-22,2021-06-04
SPICE,INF346A01034,2014-08-01,2014-08-12
SPICEJET,INE285B01017,2019-08-19,2021-06-04
SPICEMOBI,INE927C01020,2014-08-19,2019-08-26
SPICEMOBIL,INE927C01020,2011-06-22,2011-07-25
SPLIL,INE978G01016,2011-06-22,2021-06-04
SPMLINFRA,INE937A01023,2011-06-22,2021-06-04
SPTL,INE501W01021,2017-08-08,2021-06-04
SPYL,INE268L01012,2011-06-22,2013-04-11
SPYL,INE268L01020,2013-04-12,2021-05-24
SQSBFSI,INE201K01015,2014-10-01,2019-04-26
SREEL,INE099F01013,2014-01-01,2021-06-04
SREINFRA,INE872A01014,2011-06-22,2021-06-04
SRF,INE647A01010,2011-06-22,2021-06-04
SRGINFOTEC,INE376A01032,2011-06-22,2017-06-21
SRHHLINDST,INE724B01023,2011-06-22,2012-10-26
SRHHYPOLTD,INE917H01012,2011-06-22,2021-06-04
SRICHAMUND,INE004H01019,2011-06-23,2015-01-23
SRIPIPES,INE943C01027,2014-12-17,2021-06-04
SRIRAM,INE634W01012,2017-06-07,2021-06-03
SRPL,INE008Z01012,2018-02-05,2021-06-04
SRSLTD,INE219H01039,2011-09-16,2019-11-06
SRTRANS-RE,INE721A20013,2020-07-16,2020-07-24
SRTRANSFIN,INE721A01013,2011-06-22,2021-06-04
SSINFRA,INE182Z01015,2018-04-12,2021-05-17
SSLT,INE205A01025,2013-10-04,2015-05-06
SSWL,INE802C01017,2011-06-22,2021-06-04
STAMPEDE,INE224E01028,2016-07-25,2021-05-24
STAR,INE939A01011,2011-06-22,2021-06-04
STARCEMENT,INE460H01021,2017-06-16,2021-06-04
STARPAPER,INE733A01018,2011-06-22,2021-06-04
STCINDIA,INE655A01013,2011-06-22,2021-06-04
STEELCITY,INE395H01011,2017-02-17,2021-06-04
STEELXIND,INE503B01013,2017-07-20,2021-06-04
STEL,INE577L01016,2011-11-08,2021-06-04
STER,INE268A01049,2011-06-22,2013-08-26
STERLINBIO,INE324C01038,2011-06-22,2018-11-05
STERTOOLS,INE334A01015,2011-06-22,2017-01-09
STERTOOLS,INE334A01023,2017-01-10,2021-06-04
STINDIA,INE090C01019,2011-06-22,2021-05-24
STLTECH,INE089C01029,2020-11-02,2021-06-04
STOREONE,INE034H01016,2011-06-22,2017-01-09
STOVEKRAFT,INE00IN01015,2021-02-05,2021-06-04
STRTECH,INE089C01029,2011-06-22,2020-10-26
STYABS,INE189B01011,2012-06-20,2016-04-01
SUBCAPCITY,INE845C01016,2019-01-25,2021-06-04
SUBEX,INE754A01014,2011-06-22,2020-10-21
SUBEXLTD,INE754A01055,2020-11-05,2021-06-04
SUBROS,INE287B01021,2011-06-22,2021-06-04
SUDAR,INE384L01017,2011-06-22,2017-06-19
SUDARSCHEM,INE659A01015,2011-06-22,2014-10-01
SUDARSCHEM,INE659A01023,2014-10-07,2021-06-04
SUJANATOW,INE333I01028,2011-06-22,2013-08-06
SUJANATWR,INE333I01036,2013-09-11,2017-02-16
SUJANAUNI,INE216G01011,2011-06-22,2021-02-02
SUMEETINDS,INE235C01010,2011-06-22,2021-06-04
SUMICHEM,INE258G01013,2020-02-03,2021-06-04
SUMIT,INE748Z01013,2018-09-11,2021-06-04
SUMMITSEC,INE519C01017,2011-06-22,2021-06-04
SUNCLAYLTD,INE105A01035,2012-10-23,2021-06-04
SUNCLAYTON,INE105A01027,2011-06-22,2012-09-06
SUNDARAM,INE108E01023,2011-06-22,2021-06-04
SUNDARMFIN,INE660A01013,2011-06-22,2021-06-04
SUNDARMHLD,INE202Z01029,2018-04-02,2021-06-04
SUNDRMBRAK,INE073D01013,2011-06-22,2021-06-04
SUNDRMFAST,INE387A01021,2011-06-22,2021-06-04
SUNFLAG,INE947A01014,2011-06-22,2021-06-04
SUNILHITEC,INE305H01010,2011-06-22,2016-12-01
SUNILHITEC,INE305H01028,2016-12-02,2019-07-16
SUNPHARMA,INE044A01036,2011-06-22,2021-06-04
SUNTECK,INE805D01026,2011-06-22,2017-07-25
SUNTECK,INE805D01034,2017-07-26,2021-06-04
SUNTV,INE424H01027,2011-06-22,2021-06-04
SUPER,INE091C01017,2011-06-22,2015-01-22
SUPERHOUSE,INE712B01010,2014-09-26,2021-06-04
SUPERSPIN,INE662A01027,2011-06-22,2021-06-04
SUPPETRO,INE663A01017,2011-06-22,2021-06-04
SUPRAJIT,INE399C01030,2011-06-22,2021-06-04
SUPREMEENG,INE319Z01013,2018-09-06,2021-06-04
SUPREMEIND,INE195A01028,2011-06-22,2021-06-04
SUPREMEINF,INE550H01011,2011-06-22,2021-05-24
SUPREMETEX,INE651G01027,2011-06-24,2018-08-23
SURAJDIAMN,INE664A01015,2011-06-22,2012-07-23
SURANACORP,INE357D01010,2011-06-22,2018-09-17
SURANAIND,INE659D01019,2011-06-22,2018-11-06
SURANASOL,INE272L01014,2014-11-19,2014-11-25
SURANASOL,INE272L01022,2014-11-26,2021-06-04
SURANAT&P,INE130B01023,2011-06-22,2014-11-25
SURANAT&P,INE130B01031,2014-11-26,2021-06-04
SURANAVEL,INE272L01014,2011-06-22,2014-11-18
SURANI,INE01ZJ01015,2019-02-06,2021-05-21
SUREVIN,INE082W01014,2017-08-09,2020-03-23
SURYAJYOTI,INE411C01017,2011-06-22,2017-03-20
SURYALAXMI,INE713B01026,2011-06-22,2021-06-04
SURYAPHARM,INE249G01020,2011-06-22,2015-09-14
SURYAROSNI,INE335A01012,2011-06-22,2021-06-04
SURYODAY,INE428Q01011,2021-03-26,2021-06-04
SUTLEJTEX,INE645H01019,2011-06-22,2017-09-26
SUTLEJTEX,INE645H01027,2017-10-03,2021-06-04
SUULD,INE591Q01016,2018-06-04,2021-06-04
SUVEN,INE495B01038,2011-06-22,2021-06-04
SUVENPHAR,INE03QK01018,2020-03-09,2021-06-04
SUVIDHAA,INE018401013,2021-04-01,2021-06-04
SUZLON,INE040H01021,2011-06-22,2021-06-04
SVLL,INE00CE01017,2018-06-04,2021-06-03
SVOGL,INE756B01017,2015-10-23,2017-06-12
SWANENERGY,INE665A01020,2012-06-01,2014-02-03
SWANENERGY,INE665A01038,2014-02-04,2021-06-04
SWARAJENG,INE277A01016,2011-06-22,2021-06-04
SWELECTES,INE409B01013,2012-07-09,2021-06-04
SWSOLAR,INE00M201021,2019-08-20,2021-06-04
SYMPHONY,INE225D01019,2011-06-22,2012-02-16
SYMPHONY,INE225D01027,2012-02-17,2021-06-04
SYNCOM,INE602K01014,2011-06-22,2021-06-04
SYNDIBANK,INE667A01018,2011-06-22,2020-03-19
SYNGENE,INE398R01022,2015-08-11,2021-06-04
TAINWALCHM,INE123C01018,2011-06-22,2021-06-04
TAJGVK,INE586B01026,2011-06-22,2021-06-04
TAKE,INE142I01023,2011-06-22,2021-06-04
TAKSHEEL,INE889I01011,2011-10-19,2013-09-16
TALBROAUTO,INE187D01011,2011-06-22,2021-06-04
TALWALKARS,INE502K01016,2011-06-22,2021-03-22
TALWGYM,INE627Z01019,2018-07-02,2021-03-22
TANFACIND,INE639B01015,2011-06-22,2014-12-26
TANLA,INE483C01032,2011-06-22,2021-06-04
TANTIACONS,INE388G01018,2011-06-22,2021-06-04
TARACHAND,INE555Z01012,2018-03-23,2021-06-04
TARAJEWELS,INE799L01016,2012-12-06,2019-09-03
TARAPUR,INE747K01017,2011-06-22,2021-06-04
TARC,INE0EK901012,2020-12-18,2021-06-04
TARMAT,INE924H01018,2012-09-12,2021-06-04
TASTYBITE,INE488B01017,2017-03-23,2021-06-04
TATACHEM,INE092A01019,2011-06-22,2021-06-04
TATACOFFEE,INE493A01019,2011-06-22,2015-01-23
TATACOFFEE,INE493A01027,2015-02-02,2021-06-04
TATACOMM,INE151A01013,2011-06-22,2021-06-04
TATACONSUM,INE192A01025,2020-03-02,2021-06-04
TATAELXSI,INE670A01012,2011-06-22,2021-06-04
TATAGLOBAL,INE192A01025,2011-06-22,2020-02-26
TATAINVEST,INE672A01018,2011-06-22,2021-06-04
TATAMETALI,INE056C01010,2011-06-22,2021-06-04
TATAMOTORS,INE155A01014,2011-06-22,2011-09-12
TATAMOTORS,INE155A01022,2011-09-13,2021-06-04
TATAMTRDVR,IN9155A01012,2011-06-22,2011-09-12
TATAMTRDVR,IN9155A01020,2011-09-13,2021-06-04
TATAPOWER,INE245A01013,2011-06-22,2011-09-26
TATAPOWER,INE245A01021,2011-10-03,2021-06-04
TATASPONGE,INE674A01014,2011-06-22,2019-08-26
TATASTEEL,INE081A01012,2011-06-22,2021-06-04
TATASTLBSL,INE824B01021,2018-12-10,2021-06-04
TATASTLLP,INE674A01014,2019-09-03,2021-06-04
TBZ,INE760L01018,2012-05-09,2021-06-04
TCI,INE688A01022,2011-06-22,2021-06-04
TCIDEVELOP,INE662L01016,2011-06-22,2021-06-04
TCIEXP,INE586V01016,2016-12-15,2021-06-04
TCIFINANCE,INE911B01018,2011-06-22,2021-06-04
TCNSBRANDS,INE778U01029,2018-08-01,2021-06-04
TCPLPACK,INE822C01015,2017-10-17,2021-06-04
TCPLTD,INE459B01018,2012-11-08,2015-01-22
TCS,INE467B01029,2011-06-22,2021-06-04
TDPOWERSYS,INE419M01019,2011-09-08,2021-06-04
TEAMLEASE,INE985S01024,2016-02-12,2021-06-04
TECHIN,INE778A01021,2014-11-03,2021-06-04
TECHM,INE669C01028,2011-06-22,2015-03-19
TECHM,INE669C01036,2015-03-20,2021-06-04
TECHNO,INE286K01024,2011-06-22,2018-08-07
TECHNOE,INE285K01026,2018-12-04,2021-06-04
TECHNOFAB,INE509K01011,2011-06-22,2021-05-24
TECPRO,INE904H01010,2011-06-22,2016-06-13
TEJASNET,INE010J01012,2017-07-03,2021-06-04
TELEDATAIT,INE391I01018,2011-06-22,2012-10-19
TELEMARINE,INE473I01014,2011-07-01,2011-12-23
TEMBO,INE869Y01010,2020-05-06,2021-06-04
TERASOFT,INE482B01010,2017-01-02,2021-06-04
TEXINFRA,INE435C01024,2012-03-20,2021-06-04
TEXMACOLTD,INE435C01024,2011-06-22,2012-03-19
TEXMOPIPES,INE141K01013,2011-06-22,2021-06-04
TEXRAIL,INE621L01012,2011-06-22,2021-06-04
TFCILTD,INE305A01015,2011-06-22,2021-06-04
TFL,INE804H01012,2011-06-22,2021-06-04
TGBHOTELS,INE797H01018,2013-06-03,2021-06-04
THANGAMAYL,INE085J01014,2011-06-22,2021-06-04
THEBYKE,INE319B01014,2012-01-02,2015-01-23
THEINVEST,INE924D01017,2018-07-25,2021-06-04
THEJO,INE121N01019,2012-11-02,2021-06-04
THEMISMED,INE083B01016,2011-06-22,2021-06-04
THERMAX,INE152A01029,2011-06-22,2021-06-04
THINKSOFT,INE201K01015,2011-06-22,2014-09-26
THIRUSUGAR,INE409A01015,2011-06-22,2021-05-26
THOMASCOOK,INE332A01027,2011-06-22,2021-06-04
THOMASCOTT,INE480M01011,2012-02-01,2021-06-04
THYROCARE,INE594H01019,2016-05-09,2021-06-04
TI,INE133E01013,2011-06-22,2021-06-04
TIDEWATER,INE484C01014,2011-06-22,2016-03-16
TIDEWATER,INE484C01022,2016-03-17,2021-06-04
TIFIN,INE149A01033,2017-09-25,2019-04-08
TIIL,INE545H01011,2011-06-22,2021-06-04
TIINDIA,INE974X01010,2017-11-02,2021-06-04
TIJARIA,INE440L01017,2011-10-14,2021-06-04
TIL,INE806C01018,2011-06-22,2021-06-04
TIMBOR,INE346L01016,2011-06-22,2015-10-26
TIMESGTY,INE289C01025,2011-06-22,2021-06-04
TIMETECHNO,INE508G01029,2011-06-22,2021-06-04
TIMKEN,INE325A01013,2011-06-22,2021-06-04
TINPLATE,INE422C01014,2011-06-22,2021-06-04
TIPSINDLTD,INE716B01011,2011-06-22,2021-06-04
TIRUMALCHM,INE338A01016,2011-06-22,2018-08-14
TIRUMALCHM,INE338A01024,2018-08-16,2021-06-04
TIRUPATI,INE238Y01018,2017-10-05,2021-06-04
TIRUPATIFL,INE319Y01016,2018-01-15,2021-06-04
TITAN,INE280A01010,2011-06-22,2011-06-23
TITAN,INE280A01028,2011-06-24,2021-06-04
TMRVL,INE759V01019,2016-12-14,2021-06-04
TNPETRO,INE148A01019,2011-06-22,2021-06-04
TNPL,INE107A01015,2011-06-22,2021-06-04
TNTELE,INE141D01018,2011-06-22,2021-06-04
TODAYS,INE944B01019,2011-06-22,2019-01-23
TOKYOPLAST,INE932C01012,2011-06-23,2021-06-04
TORNTPHARM,INE685A01028,2011-06-22,2021-06-04
TORNTPOWER,INE813H01021,2011-06-22,2021-06-04
TOTAL,INE336X01012,2017-08-07,2021-06-04
TOUCHWOOD,INE486Y01013,2017-12-21,2021-06-04
TPLPLASTEH,INE413G01014,2015-05-20,2021-06-04
TRANSWIND,INE792X01016,2017-07-12,2021-04-27
TREEHOUSE,INE040M01013,2011-08-26,2021-06-04
TREJHARA,INE00CA01015,2019-01-01,2021-06-04
TRENT,INE849A01012,2011-06-22,2016-09-12
TRENT,INE849A01020,2016-09-14,2021-06-04
TRF,INE391D01019,2011-06-22,2021-06-04
TRICOM,INE771B01032,2011-06-22,2017-03-23
TRIDENT,INE064C01014,2011-06-22,2019-12-13
TRIDENT,INE064C01022,2019-12-16,2021-06-04
TRIGYN,INE948A01012,2011-06-22,2021-06-04
TRIL,INE763I01018,2011-06-22,2017-09-26
TRIL,INE763I01026,2017-10-03,2021-06-04
TRITURBINE,INE152M01016,2011-11-01,2021-06-04
TRIVENI,INE256C01024,2011-06-22,2021-06-04
TTKHEALTH,INE910C01018,2011-06-22,2014-12-23
TTKHLTCARE,INE910C01018,2015-12-02,2021-06-04
TTKPRESTIG,INE690A01010,2011-06-22,2021-06-04
TTL,INE592B01016,2011-06-22,2021-06-04
TTML,INE517B01013,2011-06-22,2021-06-04
TUBEINVEST,INE149A01025,2011-06-22,2017-08-23
TULIP,INE122H01027,2011-06-22,2015-03-23
TULSI,INE474I01012,2011-06-22,2019-07-15
TULSYAN,INE463D01016,2011-06-22,2014-10-22
TV18BRDCST,INE886H01027,2011-07-19,2021-06-04
TVSELECT,INE236G01019,2011-06-22,2021-06-04
TVSMOTOR,INE494B01023,2011-06-22,2021-06-04
TVSSRICHAK,INE421C01016,2011-06-22,2021-06-04
TVTODAY,INE038F01029,2011-06-22,2021-06-04
TVVISION,INE871L01013,2016-09-15,2021-06-03
TWILITAKA,INE783B01029,2011-06-22,2014-12-26
TWL,INE615H01012,2011-06-22,2015-04-23
TWL,INE615H01020,2015-04-24,2021-06-04
UBENGG,INE328C01013,2011-06-22,2015-06-22
UBHOLDINGS,INE696A01025,2011-06-22,2018-03-19
UBL,INE686F01025,2011-06-22,2021-06-04
UCALFUEL,INE139B01016,2011-06-22,2021-06-04
UCL,INE00NI01015,2018-08-02,2021-06-02
UCOBANK,INE691A01018,2011-06-22,2021-06-04
UFLEX,INE516A01017,2011-06-22,2021-06-04
UFO,INE527H01019,2015-05-14,2021-06-04
UGARSUGAR,INE071E01023,2011-06-22,2021-06-04
UJAAS,INE899L01022,2013-09-23,2021-06-04
UJJIVAN,INE334L01012,2016-05-10,2021-06-04
UJJIVANSFB,INE551W01018,2019-12-12,2021-06-04
ULTRACEMCO,INE481G01011,2011-06-22,2021-06-04
UMANGDAIRY,INE864B01027,2015-12-02,2021-06-04
UMESLTD,INE240C01028,2011-06-22,2021-06-04
UNICHEMLAB,INE351A01035,2011-06-22,2021-06-04
UNIDT,INE961D01019,2020-09-25,2021-06-04
UNIENTER,INE037A01022,2011-06-22,2021-06-04
UNIINFO,INE481Z01011,2018-03-15,2021-06-02
UNIONBANK,INE692A01016,2011-06-22,2021-06-04
UNIPHOS,INE628A01036,2011-06-22,2013-10-22
UNIPLY,INE950G01015,2011-06-22,2018-06-25
UNIPLY,INE950G01023,2018-06-26,2021-05-03
UNITECH,INE694A01020,2011-06-22,2021-06-04
UNITEDBNK,INE695A01019,2011-06-22,2020-03-20
UNITEDPOLY,INE368U01011,2016-06-07,2021-05-07
UNITEDTEA,INE458F01011,2011-06-22,2021-06-04
UNITY,INE466H01028,2011-06-22,2021-05-07
UNIVASTU,INE562X01013,2017-08-01,2021-06-04
UNIVCABLES,INE279A01012,2011-06-22,2021-06-04
UNIVPHOTO,INE03V001013,2020-02-14,2021-06-04
UPERGANGES,INE018B01012,2011-06-22,2017-03-22
UPL,INE628A01036,2013-10-23,2021-06-04
URAVI,INE568Z01015,2018-04-02,2021-05-06
URJA,INE550C01020,2017-04-03,2021-06-04
URJA-RE,INE550C20012,2021-01-25,2021-02-05
USHAMART,INE228A01035,2011-06-22,2021-06-04
USHERAGRO,INE235G01011,2011-06-22,2019-03-26
UTIAMC,INE094J01016,2020-10-12,2021-06-04
UTIBANKETF,INF789F1AUN8,2020-09-04,2021-02-18
UTIBANKETF,INF789F1AUV1,2021-02-19,2021-06-04
UTINEXT50,INF789FC1N82,2017-08-08,2021-03-25
UTINEXT50,INF789F1AUW9,2021-03-26,2021-06-04
UTINIFTETF,INF789FB1X41,2015-09-03,2021-06-04
UTISENSETF,INF789FB1X58,2015-09-03,2021-06-04
UTISUNDER,INF789F01042,2011-06-22,2012-03-12
UTISXN50,INF789F1AHR6,2019-03-13,2021-02-18
UTISXN50,INF789F1AUU3,2021-02-19,2021-06-04
UTTAMSTL,INE699A01011,2011-06-22,2021-06-04
UTTAMSUGAR,INE786F01031,2011-06-22,2021-06-04
UTTAMVALUE,INE292A01015,2013-05-02,2016-03-23
UTVSOF,INE507B01022,2011-06-22,2012-03-07
UVSL,INE292A01023,2016-06-24,2020-11-20
UWCSL,INE00F301010,2018-10-26,2021-05-11
V2RETAIL,INE945H01013,2012-02-24,2021-06-04
VADILALIND,INE694D01016,2011-06-22,2021-06-04
VAIBHAVGBL,INE884A01019,2012-12-24,2021-05-07
VAIBHAVGBL,INE884A01027,2021-05-10,2021-06-04
VAIBHAVGEM,INE884A01019,2011-06-22,2012-12-21
VAISHALI,INE972X01014,2017-08-22,2021-06-04
VAKRANGEE,INE051B01021,2013-12-02,2021-06-04
VAKRANSOFT,INE051B01013,2011-06-22,2012-04-12
VAKRANSOFT,INE051B01021,2012-04-13,2013-11-26
VALECHAENG,INE624C01015,2011-06-22,2017-06-19
VALIANTORG,INE565V01010,2020-10-05,2021-06-04
VALUEIND,INE352A01017,2011-06-22,2018-09-03
VARDHACRLC,INE116G01013,2011-06-22,2021-06-04
VARDMNPOLY,INE835A01011,2011-06-22,2021-06-04
VARROC,INE665L01035,2018-07-06,2021-06-04
VARUN,INE032G01012,2011-06-22,2015-06-22
VARUNSHIP,INE702A01013,2011-06-22,2015-07-24
VASA,INE068Z01016,2018-02-06,2021-06-04
VASCONEQ,INE893I01013,2011-06-22,2021-06-04
VASWANI,INE590L01019,2011-10-24,2021-06-04
VBL,INE200M01013,2016-11-08,2021-06-04
VCL,INE098201010,2020-01-13,2021-06-04
VEDL,INE205A01025,2015-05-07,2021-06-04
VENKEYS,INE398A01010,2011-06-22,2021-06-04
VENUSREM,INE411B01019,2011-06-22,2021-06-04
VERA,INE709Z01015,2018-04-12,2021-06-01
VERTOZ,INE188Y01015,2017-11-24,2021-06-04
VESUVIUS,INE386A01015,2011-06-22,2021-06-04
VETO,INE918N01018,2012-12-13,2021-06-04
VGUARD,INE951I01019,2011-06-22,2016-08-26
VGUARD,INE951I01027,2016-09-01,2021-06-04
VHL,INE701A01023,2011-06-22,2021-06-04
VICEROY,INE048C01017,2011-06-22,2021-06-04
VIDEOIND,INE703A01011,2011-06-22,2021-06-04
VIDHIDYE,INE632C01026,2016-03-02,2017-02-23
VIDHIING,INE632C01026,2017-03-01,2021-06-04
VIJAYABANK,INE705A01016,2011-06-22,2019-03-07
VIJIFIN,INE159N01019,2016-07-11,2016-10-25
VIJIFIN,INE159N01027,2016-10-26,2021-06-04
VIJSHAN,INE806F01011,2011-06-22,2019-10-22
VIKASECO,INE806A01020,2015-12-21,2021-06-04
VIKASGLOB,INE806A01012,2011-12-12,2014-03-26
VIKASGLOB,INE806A01020,2014-04-01,2015-12-18
VIKASHMET,INE158H01013,2011-06-22,2012-07-13
VIKASLIFE,INE161L01027,2021-05-06,2021-06-04
VIKASMCORP,INE161L01027,2019-05-08,2021-05-05
VIKASPROP,INE767B01022,2019-08-19,2021-06-04
VIKASWSP,INE706A01022,2019-08-19,2021-06-04
VIMALOIL,INE067D01015,2013-05-21,2020-01-24
VIMTALABS,INE579C01029,2011-06-22,2021-06-04
VINATIORGA,INE410B01029,2011-06-22,2020-02-05
VINATIORGA,INE410B01037,2020-02-06,2021-06-04
VINDHYATEL,INE707A01012,2011-06-22,2021-06-04
VINNY,INE01KI01019,2018-10-11,2021-06-04
VINYLINDIA,INE250B01029,2011-06-22,2021-06-04
VIPCLOTHNG,INE450G01024,2016-12-21,2021-06-04
VIPIND,INE054A01019,2011-06-22,2011-10-26
VIPIND,INE054A01027,2011-11-01,2021-06-04
VIPUL,INE946H01037,2011-06-22,2015-01-23
VIPULLTD,INE946H01037,2015-04-23,2021-06-04
VISAKAIND,INE392A01013,2011-06-22,2021-06-04
VISASTEEL,INE286H01012,2011-06-22,2021-06-04
VISESHINFO,INE861A01017,2011-06-22,2013-01-03
VISESHINFO,INE861A01058,2013-01-04,2021-05-24
VISHAL,INE755Q01025,2019-08-21,2021-06-04
VISHALRET,INE945H01013,2011-06-22,2012-02-23
VISHNU,INE270I01014,2015-03-05,2021-06-04
VISHWARAJ,INE430N01014,2019-10-15,2021-06-04
VISUINTL,INE965A01016,2011-06-22,2018-04-02
VIVIDHA,INE370E01029,2013-05-21,2021-06-04
VIVIMEDLAB,INE526G01013,2011-06-22,2016-04-06
VIVIMEDLAB,INE526G01021,2016-04-07,2021-06-04
VKSPL,INE213M01016,2012-07-18,2013-02-26
VKSPL,INE213M01024,2013-03-01,2018-04-02
VLIFE-RE,INE161L20019,2021-06-01,2021-06-04
VLSFINANCE,INE709A01018,2011-06-22,2021-06-04
VMARCIND,INE0GXK01018,2021-04-09,2021-06-04
VMART,INE665J01013,2013-02-20,2021-06-04
VOLTAMP,INE540H01012,2011-06-22,2021-06-04
VOLTAS,INE226A01021,2011-06-22,2021-06-04
VRLLOG,INE366I01010,2015-05-04,2021-06-04
VSCL,INE551Q01028,2017-06-02,2021-06-03
VSSL,INE050M01012,2012-05-17,2021-06-04
VSTIND,INE710A01016,2011-06-22,2021-06-04
VSTTILLERS,INE764D01017,2011-06-22,2021-06-04
VTL,INE825A01012,2011-06-22,2021-06-04
VTMLTD,INE222F01011,2012-01-02,2012-08-16
VTMLTD,INE222F01029,2012-08-17,2015-01-23
VTXIND,INE119G01025,2011-06-22,2015-01-23
WABAG,INE956G01020,2011-06-22,2011-08-16
WABAG,INE956G01038,2011-08-17,2021-06-04
WABCO-TVS,INE342J01019,2011-06-22,2011-09-05
WABCOINDIA,INE342J01019,2011-09-06,2021-06-04
WALCHANNAG,INE711A01022,2011-06-22,2021-06-04
WANBURY,INE107F01022,2011-06-22,2021-06-04
WATERBASE,INE054C01015,2019-08-19,2021-06-04
WEALTH,INE658T01017,2016-04-01,2021-06-04
WEBELSOLAR,INE855C01015,2011-06-22,2021-06-04
WEIZFOREX,INE726L01019,2011-07-01,2020-03-19
WEIZMANIND,INE080A01014,2011-06-22,2021-06-04
WELCORP,INE191B01025,2011-06-22,2021-06-04
WELENT,INE625G01013,2015-06-24,2021-06-04
WELENTRP,INE072P01019,2014-07-11,2015-06-03
WELGLOB,INE390K01016,2011-07-25,2012-12-24
WELINV,INE389K01018,2011-06-22,2021-06-04
WELPROJ,INE625G01013,2011-06-22,2015-06-23
WELSPUNIND,INE192B01023,2011-06-22,2016-03-21
WELSPUNIND,INE192B01031,2016-03-22,2021-06-04
WELSYNTEX,INE193B01039,2015-08-14,2016-02-02
WENDT,INE274C01019,2011-06-22,2021-06-04
WESTLIFE,INE274F01020,2019-08-19,2021-06-04
WEWIN,INE082W01014,2020-08-10,2021-06-04
WFL,INE02WG01016,2019-08-06,2021-05-18
WHEELS,INE715A01015,2011-06-22,2021-06-04
WHIRLPOOL,INE716A01013,2011-06-22,2021-06-04
WILLAMAGOR,INE210A01017,2011-06-22,2021-06-04
WINDMACHIN,INE052A01021,2011-08-17,2021-06-04
WINSOME,INE784B01035,2011-08-25,2020-07-20
WINSOMEDJ,INE664A01015,2012-07-24,2015-03-23
WINSOMYARN,INE784B01027,2011-06-22,2011-08-03
WIPL,INE215F01023,2017-04-18,2021-06-04
WIPRO,INE075A01022,2011-06-22,2021-06-04
WOCKPHARMA,INE049B01025,2011-06-22,2021-06-04
WONDERLA,INE066O01014,2014-05-09,2021-06-04
WORTH,INE196Y01018,2017-10-03,2021-06-04
WSI,INE100D01014,2011-06-22,2021-06-04
WSTCSTPAPR,INE976A01021,2011-06-22,2021-06-04
WWIL,INE965H01011,2011-06-22,2012-10-01
WYETH,INE378A01012,2011-06-22,2014-12-09
XCHANGING,INE692G01013,2012-06-25,2021-06-04
XELPMOC,INE01P501012,2019-02-04,2021-06-04
XLENERGY,INE183H01011,2011-06-22,2020-03-09
XPROINDIA,INE445C01015,2011-06-22,2021-06-04
YAARII,INE126M01010,2020-12-08,2021-06-04
YESBANK,INE528G01019,2011-06-22,2017-09-21
YESBANK,INE528G01027,2017-09-22,2020-03-13
YESBANK,INE528G01035,2020-03-16,2021-06-04
ZANDUREALT,INE719A01017,2011-06-22,2018-05-23
ZEEL,INE256A01028,2011-06-22,2021-06-04
ZEELEARN,INE565L01011,2011-06-22,2021-06-04
ZEEMEDIA,INE966H01019,2013-08-01,2021-06-04
ZEENEWS,INE966H01019,2011-06-22,2013-07-26
ZENITHBIR,INE318D01020,2011-06-22,2020-08-18
ZENITHCOMP,INE598B01013,2011-06-22,2016-03-10
ZENITHEXPO,INE058B01018,2011-06-24,2021-06-04
ZENITHINFO,INE899A01017,2011-06-22,2014-11-20
ZENITHSTL,INE318D01020,2020-08-19,2021-05-24
ZENSARTECH,INE520A01019,2011-06-22,2018-09-07
ZENSARTECH,INE520A01027,2018-09-11,2021-06-04
ZENTEC,INE251B01027,2015-04-01,2021-06-04
ZICOM,INE871B01014,2011-06-22,2021-05-24
ZODIAC,INE761Y01019,2017-12-05,2021-06-02
ZODIACLOTH,INE206B01013,2011-06-22,2021-06-04
ZODJRDMKJ,INE077B01018,2011-06-22,2021-06-04
ZOTA,INE358U01012,2017-05-10,2021-06-04
ZUARI,INE840M01016,2012-12-03,2021-06-04
ZUARIAGRO,INE217A01012,2011-06-22,2012-09-24
ZUARIGLOB,INE217A01012,2012-09-25,2021-06-04
ZYDUSWELL,INE768C01010,2011-06-22,2021-06-04
ZYLOG,INE225I01018,2011-06-22,2012-07-02
ZYLOG,INE225I01026,2012-07-03,2019-07-22
