symbol,entry,exit,ret,entry_stale,exit_stale,tijori,yahoo,eod2,marketlens,n_refs,near,tijori_gap
HEGAM,2010-01-04,2010-02-01,-0.12722161756431993,False,False,-0.1272215829177853,-0.12722154538699648,-0.1272378516624041,-0.1272215829177853,4,4,3.464653464124723e-08
TMPV,2010-01-04,2010-02-01,-0.12898544714491456,False,False,-0.12898688973681627,-0.1289854247589688,-0.12915910465819735,-0.12899480598838997,4,4,-1.4425919017124755e-06
WIPRO,2010-01-04,2010-02-01,-0.036754128367370575,False,False,-0.036754107812049464,-0.03675412477476658,-0.0365150544522741,-0.036743792758859306,4,4,2.055532111189251e-08
TORNTPHARM,2010-01-04,2010-02-01,0.12703284424444505,False,False,0.12703291074401335,0.12703284424444505,0.12704918032786883,0.1270361643274256,4,4,6.649956829640757e-08
NILKAMAL,2010-01-04,2010-02-01,0.04813767329493923,False,False,0.048137660640383384,0.04813767329493923,0.048137660640383384,0.048137660640383384,4,4,-1.265455584764652e-08
KPIT,2010-01-04,2010-02-01,-0.05694235084782162,False,False,,,,-0.05694227769110749,1,1,
RANBAXY,2010-01-04,2010-02-01,-0.11808508277169971,False,False,,,,-0.11808510638297876,1,1,
AUROPHARMA,2010-01-04,2010-02-01,-0.037488521339464675,False,False,-0.03748853767732885,-0.037488521339464675,-0.03775620280474645,-0.037540453074433655,4,4,-1.633786417265526e-08
VEDL,2010-01-04,2010-02-01,-0.11743385771829673,False,False,-0.11743385284523378,-0.11743386586143822,-0.11743385284523378,-0.11743385284523378,4,4,4.873062953159035e-09
OFSS,2010-01-04,2010-02-01,-0.07686485269242638,False,False,-0.07686482393032956,-0.07686480654558614,-0.07686482393032956,-0.07686482393032956,4,4,2.8762096815349025e-08
JINDALSAW,2010-01-04,2010-02-01,-0.025512919241436727,False,False,-0.02551288795370854,-0.025512919241436727,-0.025775907417148858,-0.02546028406102052,4,4,3.128772818605796e-08
ERAINFRA,2010-01-04,2010-02-01,-0.051932709936253985,False,False,,,,-0.05193265354517429,1,1,
HINDZINC,2010-01-04,2010-02-01,-0.07996856910320826,False,False,-0.07996855866291586,-0.07996856583417511,-0.07985105502689283,-0.07992718848254177,4,4,1.044029240837574e-08
GTL,2010-01-04,2010-03-02,0.06656242643403387,False,False,,0.06656242643403387,0.06656245929399485,0.06656245929399485,3,3,
STLTECH,2010-01-04,2010-03-02,0.16786965122445663,False,False,0.16786955359529543,0.1678695216496051,0.1684491978609628,0.1678695535952952,4,4,-9.762916119981924e-08
CENTENKA,2010-01-04,2010-03-02,-0.12660981621671064,False,False,-0.1266098009700618,-0.12660981621671064,-0.1266098009700618,-0.1266098009700618,4,4,1.52466488323455e-08
IPCALAB,2010-02-01,2010-03-02,-0.06533347590430971,False,False,-0.07564238691866643,-0.06533347590430971,-0.06495726495726495,-0.06534149176181037,4,4,-0.010308911014356714
TATASTLLP,2010-02-01,2010-03-02,-0.0712914712872953,False,False,,,,-0.07128420647396605,1,1,
ASIANPAINT,2010-02-01,2010-03-02,-0.024823392581247106,False,False,-0.024823342285729133,-0.024823392581247106,-0.024771838331160367,-0.024822695035460973,4,4,5.0295517972642756e-08
THERMAX,2010-02-01,2010-03-02,-0.022734236241119476,False,False,-0.022734254992319403,-0.022734236241119476,-0.022734254992319403,-0.022734254992319403,4,4,-1.8751199926114737e-08
LMW,2010-02-01,2010-03-02,-0.06411803020347007,False,False,,-0.06411803020347007,-0.06411799349601821,-0.06411799349601821,3,3,
SHRIRAMFIN,2010-02-01,2010-03-02,-0.04112924617252589,False,False,-0.041129277952675514,-0.04112926542767914,-0.04113763331640419,-0.041143567433188366,4,4,-3.178014962301745e-08
CYIENT,2010-02-01,2010-03-02,0.03412150161096461,False,False,,0.09682539682539693,0.03412152050284334,0.03412152050284334,3,2,
TCS,2010-01-04,2010-04-01,0.0747022704119209,False,False,0.0747023215592364,0.0747022704119209,0.07477381585949971,0.0747023215592364,4,4,5.114731549404894e-08
NFL,2010-02-01,2010-04-01,-0.2521543249606467,False,False,,-0.2521543249606467,-0.25215436493068566,-0.25215436493068566,3,3,
NILKAMAL,2010-03-02,2010-04-01,0.145282695883439,False,False,0.14528261336771964,0.145282695883439,0.14528261336771964,0.14528261336771964,4,4,-8.251571936845892e-08
BATAINDIA,2010-03-02,2010-04-01,-0.0027357286977098827,False,False,-0.0027356902356903134,-0.0027357286977098827,-0.002946127946127919,-0.002693602693602637,4,4,3.846201956925199e-08
FORTIS,2010-03-02,2010-05-03,-0.005892752021115166,False,False,-0.005892751915144379,-0.005892752021115166,-0.005892751915144379,-0.005892751915144379,4,4,1.0597078770047119e-10
ULTRACEMCO,2010-03-02,2010-05-03,-0.11087332778783243,False,False,-0.11087330758851721,-0.11087332778783243,-0.11087330758851721,-0.11087330758851721,4,4,2.019931522045937e-08
BEL,2010-02-01,2010-05-03,-0.09009909874415356,False,False,,-0.09009909874415356,-0.09135802469135812,-0.09008697371021945,3,3,
SIEMENS,2010-03-02,2010-05-03,0.030367869743943787,False,False,,0.030367814777612967,0.03036780423085439,0.03036780423085439,3,3,
SOUTHBANK,2010-04-01,2010-05-03,-0.1290780353213309,False,False,-0.12907801418439735,-0.12907802274794,-0.12784090909090917,-0.1290779185764357,4,4,2.113693353678059e-08
ASIANPAINT,2010-04-01,2010-05-03,0.031168846267199957,False,False,0.03116883116883118,0.031168846267199957,0.03117268678871854,0.0311680601593034,4,4,-1.5098368777444193e-08
KARURVYSYA,2010-04-01,2010-05-03,0.05500054839985968,False,False,0.055000537114619386,0.055000591433890245,0.0535714285714286,0.055029480078613524,4,4,-1.1285240297809196e-08
ENGINERSIN,2010-02-01,2010-06-01,-0.06787937001934041,False,False,-0.06787576866194445,-0.06787755120047212,-0.06783430636641641,-0.8446462493629245,4,3,3.6013573959658984e-06
RAJESHEXPO,2010-02-01,2010-06-01,-0.12468571419803898,False,False,-0.12468577174459528,-0.12468571419803898,-0.12468577174459528,-0.12468577174459528,4,4,-5.754655629797156e-08
ZUARIAGRO,2010-03-02,2010-06-01,0.3879612143888711,False,False,,,,0.3879611650485435,1,1,
VIPIND,2010-03-02,2010-06-01,0.0562300180351083,False,False,0.056230031948881765,0.0562300180351083,0.056443024494142735,0.056230031948881765,4,4,1.3913773466711632e-08
CASTROL,2010-03-02,2010-06-01,0.1299469480015636,False,False,,,,-0.4350265352539803,1,0,
HAVELLS,2010-01-04,2010-06-01,0.06669159773996691,False,False,0.06669164481079037,0.06669159773996691,0.06647940074906367,0.06669164481079037,4,4,4.707082346122604e-08
NELCO,2010-04-01,2010-06-01,-0.24325233579426786,False,False,-0.24325236167341424,-0.24325233579426786,-0.24325236167341424,-0.24325236167341424,4,4,-2.587914638141342e-08
PEL,2010-05-03,2010-06-01,-0.06348614644631168,False,False,,,-0.06348620466918897,-0.06348620466918897,2,2,
VENKEYS,2010-05-03,2010-06-01,0.00990981863811724,False,False,0.009909782861411642,0.00990981863811724,0.009910425004764578,0.009909669550634659,4,4,-3.577670559806734e-08
ZYDUSLIFE,2010-05-03,2010-06-01,0.09237018087068738,False,False,0.09237018721299894,0.09237018087068738,0.09227373068432665,0.09237018721299894,4,4,6.342311564822012e-09
ERAINFRA,2010-05-03,2010-06-01,-0.07756352841782332,False,False,,,,-0.07756354075372474,1,1,
CHOLAFIN,2010-05-03,2010-07-01,0.10149616964589958,False,False,0.10149615851192872,0.10149616964589958,,-0.7797007682976143,3,2,-1.1133970856391784e-08
ADANIPOWER,2010-05-03,2010-07-01,0.0011904277138352626,False,False,0.0011904761904761862,0.0011904277138352626,0.001984126984126977,0.0011904761904761862,4,4,4.847664092366699e-08
BAJFINANCE,2010-06-01,2010-07-01,-0.014896720053749868,False,False,-0.014896786550328667,-0.014896917467129178,,-0.014896786550329888,3,3,-6.649657879886917e-08
FEDERALBNK,2010-06-01,2010-07-01,-0.05188188292855256,False,False,-0.05188184135552554,-0.05188188292855256,-0.052473763118440764,-0.052473763118440764,4,4,4.1573027020902487e-08
TUBEINVEST,2010-06-01,2010-07-01,0.17838348495553502,False,False,,,,0.17838354854136784,1,1,
ANDHRABANK,2010-06-01,2010-07-01,-0.03543453854429224,False,False,,,,-0.03543453935098839,1,1,
GLAXO,2010-06-01,2010-08-02,-0.03498727437834115,False,False,-0.034992097322668836,-0.03498727437834115,-0.03501125532832039,-0.034982518319843,4,4,-4.82294432768704e-06
STLTECH,2010-05-03,2010-08-02,0.04073515818242601,False,False,0.0407352210630898,0.040735205285286735,0.0407352210630898,0.0407352210630898,4,4,6.288066378701274e-08
INDUSINDBK,2010-03-02,2010-08-02,0.3455737504802767,False,False,0.34557377049180316,0.3455737504802767,0.34557377049180316,0.34557377049180316,4,4,2.0011526435936844e-08
DRREDDY,2010-06-01,2010-08-02,-0.03480426611849419,False,False,-0.03480427046263335,-0.03480426611849419,-0.03487544483985772,-0.03480427046263335,4,4,-4.34413915950671e-09
KTKBANK,2010-06-01,2010-08-02,0.04551046067386366,False,False,0.0455178987312177,0.045510448185875685,0.04566982408660358,0.04547088425593104,4,4,7.438057354036687e-06
DABUR,2010-07-01,2010-08-02,-0.04122211506207518,False,False,-0.04122211445198831,-0.04122211506207518,-0.04122211445198831,-0.04122211445198831,4,4,6.10086869912152e-10
LINDEINDIA,2010-07-01,2010-08-02,-0.04129387387461181,False,False,-0.04129387474191326,-0.04129387387461181,-0.04129387474191326,-0.04129387474191326,4,4,-8.673014528781664e-10
IPCALAB,2010-07-01,2010-08-02,-0.027617529220808956,False,False,-0.027093165530501673,-0.027617529220808956,-0.027622377622377514,-0.027616583933440464,4,4,0.0005243636903072835
STAR,2010-02-01,2010-09-01,0.4948841861221034,False,False,,0.49488413922774055,0.4948842218632201,0.4948842218632201,3,3,
ZYDUSLIFE,2010-07-01,2010-09-01,-0.08095810892124511,False,False,-0.08095806596030453,-0.08095810892124511,-0.08097014925373125,-0.08095806596030453,4,4,4.296094058275912e-08
LUPIN,2010-01-04,2010-09-01,0.22216888678892244,False,False,0.2221689388230459,0.22216888678892244,0.2221270765542045,-0.7555662122353908,4,3,5.203412345444747e-08
BAJFINANCE,2010-08-02,2010-09-01,0.09276018118889295,False,False,0.09276018099547545,0.09276019085085374,,0.092760180995475,3,3,-1.9341750423507165e-10
ASIANPAINT,2010-06-01,2010-10-01,0.2827055211362044,False,False,0.2827055000601757,0.2827055211362044,0.28285989407799716,0.2826746257160737,4,4,-2.1076028700051097e-08
IGL,2010-08-02,2010-10-01,0.07864987371030385,False,False,0.07864981709344865,0.07864987371030385,0.07641196013289031,0.07881609577652138,4,4,-5.661685520408355e-08
TVSMOTOR,2010-06-01,2010-10-01,0.47699996948242185,False,False,0.47699999999999987,0.47699996948242185,0.47699999999999987,-0.26150000000000007,4,3,3.0517578020194946e-08
SHOPERSTOP,2010-07-01,2010-10-01,0.2103560215650382,False,False,0.21035598705501402,0.21035597280087992,0.21035598705501624,0.21033753681190048,4,4,-3.4510024171652276e-08
TRENT,2010-08-02,2010-10-01,0.19258800946767285,False,False,,0.19258806086999325,0.192372881355932,0.1927118644067798,3,3,
RALLIS,2010-09-01,2010-10-01,0.04525709769436381,False,False,0.0452571510605464,0.04525709769436381,0.045226130653266194,0.04521963824289421,4,4,5.336618258411363e-08
VENKEYS,2010-08-02,2010-11-01,0.19592515125511456,False,False,0.19592667761437532,0.19592515125511456,0.19584633595179168,0.19594085616512058,4,4,1.5263592607617227e-06
VIPIND,2010-07-01,2010-11-01,0.7533481198004748,False,False,0.7533480500367917,0.7533481198004748,0.753495217071376,0.7533480500367917,4,4,-6.976368305267044e-08
INDSWFTLAB,2010-09-01,2010-11-01,0.1581632753888611,False,False,0.15816326530612246,0.1581632753888611,0.15816326530612246,0.15816326530612246,4,4,-1.0082738644001665e-08
CASTROL,2010-09-01,2010-11-01,-0.026248309142162807,False,False,,,,-0.02624779559529178,1,1,
BAJFINANCE,2010-10-01,2010-11-01,0.03051808449030058,False,False,0.03051809794180249,0.03051813933852765,0.02580645161290329,0.030585106382978733,4,4,1.3451501912342678e-08
BASF,2010-10-01,2010-11-01,-0.03566749036135053,False,False,-0.035667491629058135,-0.03566749036135053,-0.035667491629058135,-0.035667491629058135,4,4,-1.2677076055567227e-09
HDFCBANK,2010-10-01,2010-11-01,-0.060601815312362084,False,False,-0.06060181945416376,-0.060601815312362084,-0.06040000000000001,-0.06062060140754966,4,4,-4.14180167940259e-09
UFLEX,2010-10-01,2010-12-01,0.2413874250580288,False,False,0.24138744690891922,0.2413874250580288,0.24138744690891922,0.24138744690891922,4,4,2.1850890430386016e-08
VIJAYABANK,2010-08-02,2010-12-01,0.38260867523907827,False,False,,,,0.3826086956521739,1,1,
JINDALPOLY,2010-09-01,2010-12-01,0.06602871757643247,False,False,0.06602870813397121,0.06602871376510588,0.06602870813397121,-0.4669856459330144,4,3,-9.442461257336277e-09
BANKBARODA,2010-06-01,2010-12-01,0.34774327572190056,False,False,0.3477433004231312,0.34774327572190056,0.3476727785613538,0.3477433004231312,4,4,2.4701230616486214e-08
UBL,2010-08-02,2010-12-01,0.26852858328922435,False,False,0.26852863161179585,0.26852858328922435,0.26852863161179585,0.26852863161179585,4,4,4.8322571499781475e-08
COROMANDEL,2010-10-01,2010-12-01,-0.10768978380800065,False,False,,-0.10768978380800065,-0.10761828388131522,-0.10770415036243497,3,3,
ALBK,2010-10-01,2010-12-01,0.04878052761720064,False,False,,,,0.04878048780487809,1,1,
KARURVYSYA,2010-08-02,2010-12-01,0.17817594678375204,False,False,0.1781758691206532,0.17817587697503745,0.17927382753403953,-0.15836734693877552,4,3,-7.766309884083e-08
SRF,2010-11-01,2010-12-01,-0.17437122824663176,False,False,-0.17347429120615088,-0.17437122824663176,-0.17425149700598797,-0.17437125748503002,4,4,0.000896937040480883
GITANJALI,2010-11-01,2010-12-01,-0.13451063990105439,False,False,,,,-0.1345106453210101,1,1,
IOB,2010-11-01,2010-12-01,-0.05143212682229037,False,False,-0.051432091161071725,-0.05143212682229037,-0.051432091161071725,-0.051432091161071725,4,4,3.5661218644733594e-08
OMAXE,2010-11-01,2010-12-01,-0.0719684161816353,False,False,-0.07196591218754911,-0.07196846104651833,-0.07184145334434344,-0.07200660611065235,4,4,2.5039940861892873e-06
DRREDDY,2010-11-01,2011-01-03,-0.00500325416013081,False,False,-0.005003275954493902,-0.00500325416013081,-0.0050625372245384215,-0.005003275954493902,4,4,-2.179436309202032e-08
CANBK,2010-11-01,2011-01-03,-0.10740516744675344,False,False,-0.10740516137726863,-0.10740517701836727,-0.1074797843665769,-0.10743285446595874,4,4,6.0694848036391136e-09
UCOBANK,2010-06-01,2011-01-03,0.5260757198040589,False,False,0.5260756192959581,0.5260757198040589,0.5260756192959581,0.5260756192959581,4,4,-1.0050810073103378e-07
WOCKPHARMA,2010-12-01,2011-01-03,-0.013556630749494536,False,False,-0.0135566188197761,-0.013556635521387639,-0.013556618819776656,-0.013556618819776656,4,4,1.1929718435332859e-08
INDUSINDBK,2010-12-01,2011-01-03,-0.1265676769092925,False,False,-0.1265676567656766,-0.1265676769092925,-0.1265676567656766,-0.1265676567656766,4,4,2.0143615886425437e-08
VOLTAS,2010-12-01,2011-01-03,-0.11872679299272038,False,False,-0.11872681116969341,-0.11872679299272038,-0.11872681116969341,-0.11872681116969341,4,4,-1.8176973037853372e-08
SUNPHARMA,2010-12-01,2011-02-01,-0.03465950742118262,False,False,-0.03465953415802958,-0.03465950742118262,-0.03455193936691925,-0.034681050238488,4,4,-2.6736846958641536e-08
TMPV,2010-12-01,2011-02-01,-0.16918591604834032,False,False,-0.16918611729682387,-0.16918591731814325,-0.16922479114047018,-0.16919152276295135,4,4,-2.0124848354452496e-07
AUROPHARMA,2010-12-01,2011-02-01,-0.07062903232984485,False,False,-0.07062903988648894,-0.07062903232984485,-0.07055577453685447,-0.07062903988648894,4,4,-7.556644088246856e-09
JUBLFOOD,2010-12-01,2011-02-01,-0.1202868190041747,False,False,-0.12028681920721884,-0.1202868190041747,-0.12006446414182104,-0.12020625201417978,4,4,-2.0304413705929392e-10
M&MFIN,2010-08-02,2011-02-01,0.19996477618635078,False,False,,0.19996493560602224,0.19999999999999996,0.19999999999999996,3,3,
CUMMINSIND,2010-02-01,2011-02-01,0.48424745811904923,False,False,0.4842446365826203,0.48424745811904923,0.4841104841104842,0.48422834739218246,4,4,-2.8215364289430056e-06
ABGSHIP,2010-11-01,2011-02-01,-0.2904380738034351,False,False,,,,-0.29043807919123843,1,1,
LUPIN,2010-12-01,2011-02-01,-0.19540569346438175,False,False,-0.195405669599218,-0.19540569346438175,-0.195405669599218,-0.195405669599218,4,4,2.3865163734093642e-08
CUB,2010-12-01,2011-02-01,-0.17733990907097275,False,False,-0.17733990147783252,-0.17733990665498367,-0.17647058823529416,-0.1773382500838082,4,4,7.593140227690753e-09
BAJAJ-AUTO,2010-01-04,2011-02-01,0.4388729429949523,False,False,0.43887301174908333,0.4388729429949523,0.43891454965357957,-0.28056349412545833,4,3,6.875413105511541e-08
M&M,2010-12-01,2011-02-01,-0.12049845757885513,False,False,,-0.12049845757885513,-0.12049844236760132,-0.12049844236760132,3,3,
GSKCONS,2011-01-03,2011-02-01,-0.15048744526923308,False,False,,,,-0.15048744847440632,1,1,
INFY,2011-01-03,2011-02-01,-0.10674169359965924,False,False,-0.10674217083743931,-0.10674169359965924,-0.10675456858662968,-0.10674165425708793,4,4,-4.772377800721372e-07
OSWALGREEN,2011-01-03,2011-03-01,-0.1470937257056285,False,False,-0.14709371293001172,-0.1470937257056285,-0.14709371293001172,-0.14709371293001172,4,4,1.2775616786697697e-08
TCS,2010-12-01,2011-03-01,0.039375149851770264,False,False,0.03937517330622042,0.039375149851770264,0.03937517330622042,0.03937517330622042,4,4,2.3454450159832163e-08
UBL,2011-01-03,2011-03-01,-0.08939783833958881,False,False,-0.08939789310911372,-0.08939783833958881,-0.08939789310911372,-0.08939789310911372,4,4,-5.476952491534348e-08
ARVIND,2011-01-03,2011-03-01,-0.20233993474188516,False,False,,-0.20233998961119914,-0.20233998623537508,-0.20233998623537508,3,3,
TITAN,2010-03-02,2011-03-01,0.8991878247906575,False,False,,0.8991878247906575,0.8984375,0.8992966394998327,3,3,
HINDALCO,2011-01-03,2011-03-01,-0.13673306916180827,False,False,-0.13673303535148318,-0.13673306916180827,-0.13673303535148318,-0.13673303535148318,4,4,3.381032509519599e-08
ORCHIDPHAR,2010-12-01,2011-03-01,-0.1307779175619439,False,False,,,,-0.1307779030439683,1,1,
ZYDUSLIFE,2011-02-01,2011-03-01,-0.07944156302479188,False,False,-0.07944156165060534,-0.07944156302479188,-0.07967881408276722,-0.07944156165060534,4,4,1.3741865423355648e-09
HCLTECH,2011-02-01,2011-03-01,-0.03260754966672197,False,False,-0.03259945351131366,-0.03260754966672197,-0.03260420965744948,-0.03260690110615816,4,4,8.096155408310324e-06
PETRONET,2011-02-01,2011-03-01,-0.06693228307473231,False,False,-0.06693227091633469,-0.06693228307473231,-0.06693227091633469,-0.06693227091633469,4,4,1.2158397622030748e-08
HEXAWARE,2011-02-01,2011-03-01,-0.005429850444534812,False,False,-0.005429864253393646,,,-0.005429864253393646,2,2,-1.3808858834174487e-08
TATACOFFEE,2011-02-01,2011-03-01,-0.1679860881159867,False,False,,,,-0.16804647785039928,1,1,
RAJESHEXPO,2011-02-01,2011-03-01,-0.04637788856954672,False,False,-0.04637792257569939,-0.04637788856954672,-0.04637792257569939,-0.04637792257569939,4,4,-3.400615267157292e-08
JSWISPAT,2011-02-01,2011-03-01,-0.04968939439113129,False,False,,,,-0.0496894409937888,1,1,
GVT&D,2011-02-01,2011-03-01,-0.09576878172255443,False,False,-0.0957687338501293,-0.09576871224792816,-0.0957687338501293,-0.0957687338501293,4,4,4.787242513515366e-08
MPHASIS,2011-02-01,2011-03-01,-0.3105745177317042,False,False,-0.31057452123230644,-0.3105745177317042,-0.31057452123230644,-0.31057452123230644,4,4,-3.5006022525152503e-09
KPIT,2011-02-01,2011-03-01,-0.057042753021592896,False,False,,,,-0.05697896749521991,1,1,
RELIGARE,2011-02-01,2011-03-01,0.03364238063688374,False,False,0.033642328924070375,0.03364238063688374,0.033642328924070375,0.033642328924070375,4,4,-5.171281336480149e-08
OFSS,2011-02-01,2011-03-01,-0.05584732535209702,False,False,-0.055847331009190926,-0.055847265922281064,-0.055847331009190926,-0.055847331009190926,4,4,-5.657093904432031e-09
NATIONALUM,2011-03-01,2011-04-01,-0.10182159005272373,False,False,-0.1018215787015413,-0.10182159005272373,-0.1018215787015413,-0.1018215787015413,4,4,1.1351182438446017e-08
POLARIS,2011-03-01,2011-04-01,0.010109074341710267,False,False,,,,0.01010907156158547,1,1,
DABUR,2011-03-01,2011-04-01,-0.03821338435852206,False,False,-0.038213399503722045,-0.03821338435852206,-0.038213399503722045,-0.038213399503722045,4,4,-1.5145199983024327e-08
ABIRLANUVO,2011-03-01,2011-04-01,0.03918108165237011,False,False,,,,0.039181102362204845,1,1,
POWERGRID,2011-03-01,2011-04-01,0.05376887148415688,False,False,,0.05376886048988294,0.05451295799821265,0.05377881007682683,3,3,
M&MFIN,2011-03-01,2011-05-02,0.004624773679514416,False,False,,0.004624727839199094,0.004555010511562818,0.004616477272727293,3,3,
SIEMENS,2011-02-01,2011-05-02,0.020040095698647953,False,False,,0.02004010570648318,0.02004008016032066,0.02004008016032066,3,3,
CAIRN,2011-03-01,2011-05-02,0.03184522755586827,False,False,,,,0.03184528137269149,1,1,
SHRIRAMFIN,2011-03-01,2011-05-02,-0.04574322003062459,False,False,-0.04574316444213811,-0.045743191659567306,-0.045675413022351674,-0.045745932299721126,4,4,5.558848648057335e-08
GUJFLUORO,2011-04-01,2011-05-02,-0.03642604284510642,False,False,,,,-0.03642602613171442,1,1,
BANKBARODA,2011-04-01,2011-05-02,-0.059156281585797665,False,False,-0.059156269824487184,-0.059156281585797665,-0.05921226539783253,-0.059156269824487184,4,4,1.1761310481084308e-08
CASTEXTECH,2011-04-01,2011-06-01,0.05128201306461588,False,False,,,,0.0512820512820511,1,1,
GRASIM,2011-04-01,2011-06-01,-0.07957644631759697,False,False,-0.07957643526018476,-0.07957640790685439,-0.07961280126432246,-0.07957643526018421,4,4,1.1057412208081985e-08
BLUEDART,2011-05-02,2011-06-01,-0.06937874724947202,False,False,-0.0693787448754336,-0.06937874724947202,-0.0693787448754336,-0.0693787448754336,4,4,2.3740384103021483e-09
UTVSOF,2011-05-02,2011-06-01,-0.009379826035610495,False,False,,,,-0.009379844961240225,1,1,
ACC,2011-05-02,2011-06-01,-0.05134962963981993,False,False,-0.05134963191856767,-0.05134962963981993,-0.05134963191856767,-0.05134963191856767,4,4,-2.2787477460539662e-09
BHARTIARTL,2011-05-02,2011-06-01,-0.005473022696479868,False,False,-0.006511264487564783,-0.005473022696479868,-0.005473025801407294,-0.0054514675924597356,4,4,-0.001038241791084915
OSWALGREEN,2011-04-01,2011-07-01,0.4205168224867477,False,False,0.42051683633516057,0.4205168224867477,0.42051683633516057,0.42051683633516057,4,4,1.384841286089511e-08
BOSCHLTD,2011-04-01,2011-07-01,0.033089823909609795,False,False,0.03308980875937628,0.033089823909609795,0.03308980875937628,0.03308980875937628,4,4,-1.5150233512173372e-08
HCLTECH,2011-04-01,2011-07-01,0.0621856335012263,False,False,0.0621901410259702,0.0621856335012263,0.06207191780821919,0.06216285640893915,4,4,4.507524743901925e-06
HINDZINC,2011-04-01,2011-07-01,0.006266106862701237,False,False,0.006266126059712551,0.006266171336242632,0.006266126059712551,0.006266126059712551,4,4,1.9197011313920598e-08
AMTEKAUTO,2011-06-01,2011-07-01,-0.05176947062131876,False,False,,,,-0.05176952325241291,1,1,
ZYDUSLIFE,2011-05-02,2011-08-01,0.023161753559414633,False,False,0.023161785941200108,0.023161753559414633,0.02310135720473583,0.023161785941200108,4,4,3.2381785475266156e-08
BRFL,2011-03-01,2011-08-01,0.12699356426990605,False,False,,,,0.12699350265800358,1,1,
COALINDIA,2011-06-01,2011-08-01,-0.0547714116019663,False,False,-0.054771383761611725,-0.0547714116019663,-0.054771383761611725,-0.054771383761611725,4,4,2.7840354577257642e-08
DABUR,2011-06-01,2011-08-01,-0.05621433123983455,False,False,-0.05621431708388225,-0.05621433123983455,-0.05621431708388225,-0.05621431708388225,4,4,1.4155952299255148e-08
TCS,2011-04-01,2011-08-01,-0.03804603100046966,False,False,-0.03804601110028394,-0.03804603100046966,-0.03812913065582102,-0.03804601110028394,4,4,1.9900185721510866e-08
TATACOFFEE,2011-04-01,2011-08-01,-0.13413509023490044,False,False,,,,-0.13413506012950982,1,1,
DIVISLAB,2011-06-01,2011-09-02,-0.055368956285453685,False,False,-0.05536891071197836,-0.055368956285453685,-0.05543351854244727,-0.055355989145884577,4,4,4.557347532685441e-08
TITAN,2011-04-01,2011-09-02,0.09322759368773426,False,False,,0.09322759368773426,0.09331259720062213,0.09319925357661218,3,3,
VSTIND,2011-08-01,2011-09-02,-0.011803750611241282,False,False,-0.011803702805402994,-0.011803750611241282,-0.012005335704757703,-0.011827478879501974,4,4,4.780583828800644e-08
AGI,2011-08-01,2011-09-02,-0.1408064013740682,False,False,-0.14080641756385892,-0.14080638504522536,-0.14080641756385892,-0.14080641756385892,4,4,-1.6189790730258835e-08
CASTEXTECH,2011-08-01,2011-09-02,-0.027984232539945197,False,False,,,,-0.027981811822315517,1,1,
SCHAEFFLER,2011-08-01,2011-09-02,-0.08368431800639431,False,False,-0.08658750243332691,-0.08368431800639431,-0.08364203548449989,-0.08368429262205579,4,4,-0.0029031844269326035
WOCKPHARMA,2011-08-01,2011-09-02,-0.14090711806018863,False,False,-0.14090713671539068,-0.14090716819749105,-0.14090713671539123,-0.14090713671539123,4,4,-1.8655202049799868e-08
BATAINDIA,2011-03-01,2011-10-03,0.8410604588495978,False,False,0.8410605621558969,0.8410604588495978,0.8412054476963198,0.8410895392639814,4,4,1.0330629907073785e-07
PETRONET,2011-08-01,2011-10-03,-0.07029221131758068,False,False,-0.07029216083309231,-0.07029221131758068,-0.07002314814814825,-0.07034594469512911,4,4,5.048448836753039e-08
JUBLFOOD,2011-05-02,2011-10-03,0.10696172301938045,False,False,0.10696169962508284,0.10696172301938045,0.10735294117647065,0.10688032931490743,4,4,-2.3394297610224157e-08
ITC,2011-03-01,2011-10-03,0.11952766189554209,False,False,,0.11952765162308143,0.1192224622030238,0.11958869783115866,3,3,
GMDCLTD,2011-09-02,2011-10-03,-0.12014991422903065,False,False,-0.12014985282312007,-0.12014991422903065,-0.12014985282312007,-0.12014985282312007,4,4,6.140591057857137e-08
CHAMBLFERT,2011-09-02,2011-10-03,-0.18387239947334533,False,False,-0.18387239698715108,-0.18387239947334533,-0.18387239698715108,-0.18387239698715108,4,4,2.4861942504728063e-09
MFSL,2011-09-02,2011-10-03,-0.053502205444849404,False,False,-0.053502196950116265,-0.053502150467832355,-0.053502196950116265,-0.053502196950116265,4,4,8.494733139130517e-09
HEROMOTOCO,2011-09-02,2011-10-03,-0.05454109218580383,False,False,-0.05454106862863339,-0.05454109218580383,-0.05454106862863339,-0.05454106862863339,4,4,2.3557170436561137e-08
GUJFLUORO,2011-09-02,2011-11-01,0.06391277778984095,False,False,,,,0.06391278255651134,1,1,
UTVSOF,2011-07-01,2011-11-01,0.14657504860492798,False,False,,,,0.14657509488523401,1,1,
VIPIND,2011-06-01,2011-11-01,0.14281935803823065,False,False,0.14281939490025097,0.14281935803823065,0.1426684280052839,0.14281939490025097,4,4,3.686202032504582e-08
COLPAL,2011-07-01,2011-11-01,0.037769657599133755,False,False,0.03776969455378931,0.037769657599133755,0.037771576639425986,0.037769318159169174,4,4,3.69546555578637e-08
ALFALAVAL,2011-10-03,2011-11-01,0.041676070997023196,False,False,,,,0.041676048092943674,1,1,
GSFC,2011-10-03,2011-11-01,0.08097206465905393,False,False,0.08097211333855969,0.08097206465905393,0.08062709966405368,0.08097211333855969,4,4,4.867950575970781e-08
EICHERMOT,2011-10-03,2011-11-01,0.036982456798166474,False,False,0.0369824302739894,0.036982456798166474,0.03685503685503688,0.0369824302739894,4,4,-2.652417707693644e-08
PARSVNATH,2011-10-03,2011-12-01,-0.4182098921688743,False,False,-0.41820987654320985,-0.4182098921688743,-0.41820987654320985,-0.41820987654320985,4,4,1.5625664429030905e-08
ARVIND,2011-04-01,2011-12-01,0.23321035489522668,False,False,,0.23321035494401943,0.23321033210332098,0.23321033210332098,3,3,
GITANJALI,2011-09-02,2011-12-01,0.05626081458645604,False,False,,,,0.05626077417332698,1,1,
M&M,2011-10-03,2011-12-01,-0.0993336593964238,False,False,,-0.0993336593964238,-0.0993336623889437,-0.0993336623889437,3,3,
IGL,2011-07-01,2011-12-01,0.03693143114869213,False,False,0.036931450045354364,0.03693143114869213,0.03626943005181338,0.036797097693702874,4,4,1.8896662234979544e-08
ASIANPAINT,2011-06-01,2011-12-01,-0.11778436228193512,False,False,-0.1177844037420922,-0.11778436228193512,-0.11784193090392792,-0.11778254559222556,4,4,-4.146015708528239e-08
BATAINDIA,2011-11-01,2011-12-01,-0.15295086139135583,False,False,-0.1529508421196768,-0.15295086139135583,-0.1529508421196768,-0.1529508421196768,4,4,1.9271679030374855e-08
HEROMOTOCO,2011-11-01,2011-12-01,-0.022949000672333297,False,False,-0.022948978875710457,-0.022949000672333297,-0.022948978875710457,-0.022948978875710457,4,4,2.179662283996464e-08
RAJESHEXPO,2011-11-01,2011-12-01,-0.08506294834699912,False,False,-0.08506294658046953,-0.08506294834699912,-0.08506294658046953,-0.08506294658046953,4,4,1.7665295892754784e-09
TVSMOTOR,2011-11-01,2011-12-01,-0.12727275039210462,False,False,-0.1272727272727272,-0.12727275039210462,-0.1272727272727272,-0.1272727272727272,4,4,2.3119377412506026e-08
KOTAKBANK,2011-11-01,2011-12-01,-0.051223602034212945,False,False,-0.051223620330922426,-0.051223602034212945,-0.050545094152626424,-0.05131761442441052,4,4,-1.829670948083617e-08
ITC,2011-11-01,2011-12-01,-0.022323553778783034,False,False,,-0.022323526411271777,-0.022326251350378024,-0.02232303593288687,3,3,
CRISIL,2011-11-01,2012-01-02,-0.07566122125884989,False,False,-0.07566123430403415,-0.07566122125884989,-0.07566123430403415,-0.07566123430403415,4,4,-1.3045184266147203e-08
IDEA,2011-07-01,2012-01-02,0.053265701822701184,False,False,,0.053265713486574606,0.05326569435637296,0.0532631578947369,3,3,
ACC,2011-10-03,2012-01-02,0.03480071333293244,False,False,0.03480078142746801,0.03480071333293244,0.03480078142746801,0.03480078142746801,4,4,6.809453556577694e-08
HEXAWARE,2011-04-01,2012-01-02,0.09883713838279462,False,False,0.09883720930232553,,,0.09883720930232553,2,2,7.091953091453718e-08
BAJAJ-AUTO,2011-09-02,2012-01-02,-0.09372887284211051,False,False,-0.09372888643203725,-0.09372887284211051,-0.09372888643203725,-0.09372888643203725,4,4,-1.3589926739498992e-08
ABGSHIP,2011-10-03,2012-01-02,0.012380674856428797,False,False,,,,0.012380706732009417,1,1,
HAVELLS,2011-12-01,2012-01-02,-0.08184420475062038,False,False,-0.08184417441029312,-0.08184420475062038,-0.08219178082191791,-0.08184417441029312,4,4,3.034032725057756e-08
SUNPHARMA,2011-12-01,2012-01-02,-0.052611439368223656,False,False,-0.052611440596900816,-0.052611439368223656,-0.052611440596900816,-0.052611440596900816,4,4,-1.228677160014513e-09
GMDCLTD,2011-12-01,2012-01-02,-0.08652757256397381,False,False,-0.08652762119503943,-0.08652757256397381,-0.08652762119503943,-0.08652762119503943,4,4,-4.863106561892039e-08
RAYMOND,2011-12-01,2012-01-02,-0.19223301829163175,False,False,,-0.1922330097087379,-0.1922330097087379,-0.1922330097087379,3,3,
COLPAL,2011-12-01,2012-01-02,-0.01751058896779123,False,False,-0.017510601147418314,-0.01751058896779123,-0.017461584514069095,-0.017520403887214875,4,4,-1.2179627084663025e-08
GSKCONS,2011-12-01,2012-01-02,-0.0032691921347054453,False,False,,,,-0.003269211601714228,1,1,
PETRONET,2011-12-01,2012-01-02,-0.03977796602545558,False,False,-0.03977798334875127,-0.03977796602545558,-0.04007398273736129,-0.039837197829304394,4,4,-1.7323295686821893e-08
APOLLOTYRE,2011-12-01,2012-01-02,-0.11863116710358246,False,False,-0.11863117870722428,-0.11863116710358246,-0.11863117870722428,-0.11863117870722428,4,4,-1.160364182517526e-08
LUPIN,2011-12-01,2012-01-02,-0.056498362605733043,False,False,-0.05649838882921587,-0.056498362605733043,-0.05649838882921587,-0.05649838882921587,4,4,-2.622348282965703e-08
WOCKPHARMA,2011-12-01,2012-01-02,-0.3413760007415082,False,False,-0.3413760152890586,-0.34137602964768465,-0.3413760152890588,-0.3413760152890588,4,4,-1.4547550386545538e-08
HINDUNILVR,2011-07-01,2012-02-01,0.14253899335130105,False,False,0.1425389755011135,0.1425389755011135,0.1425389755011135,0.1425389755011135,4,4,-1.785018755029455e-08
DIVISLAB,2012-01-02,2012-02-01,0.014393552138440402,False,False,0.014393551688843376,0.014393552138440402,0.014329580348003912,0.01440634595701118,4,4,-4.49597026275228e-10
TCS,2012-01-02,2012-02-01,-0.042338389146202804,False,False,-0.042338367554725864,-0.042338389146202804,-0.042338367554725864,-0.042338367554725864,4,4,2.159147693969743e-08
DRREDDY,2012-01-02,2012-02-01,0.06804276388220676,False,False,0.06804281345565744,0.06804276388220676,0.0681745778910483,0.06804281345565744,4,4,4.957345067779784e-08
BRFL,2012-01-02,2012-02-01,-0.010703171372609566,False,False,,,,-0.010703081749400156,1,1,
POWERGRID,2012-01-02,2012-02-01,0.029499986436631875,False,False,,0.029499978434250673,0.02933333333333321,0.029511111111111044,3,3,
DABUR,2012-01-02,2012-02-01,-0.04131402710368126,False,False,-0.04131408661025393,-0.04131402710368126,-0.04131408661025393,-0.04131408661025393,4,4,-5.950657266939885e-08
PATNI,2011-12-01,2012-03-01,0.05427817592996309,False,False,,,,0.054278133981870536,1,1,
CIPLA,2011-12-01,2012-03-01,-0.044710519166084706,False,False,-0.044710518338890615,-0.044710519166084706,-0.044710518338890615,-0.044710518338890615,4,4,8.271940910020703e-10
APOLLOHOSP,2012-01-02,2012-03-01,0.04623606579249939,False,False,0.04623597538906976,0.04623606579249939,0.04623597538906976,0.04623597538906976,4,4,-9.040342963118064e-08
AMBUJACEM,2012-01-02,2012-03-01,0.05184003906250001,False,False,0.051839999999999886,0.05184003906250001,0.051839999999999886,0.051839999999999886,4,4,-3.906250012342127e-08
WIPRO,2012-01-02,2012-03-01,0.06478700821063077,False,False,0.06478696741854639,0.06478699499664797,0.06483957219251346,0.06483090495922994,4,4,-4.079208437701709e-08
STCINDIA,2012-02-01,2012-03-01,-0.06604097646251061,False,False,-0.06604095563139945,-0.06604097646251061,-0.06604095563139945,-0.06604095563139945,4,4,2.0831111169350436e-08
SUNPHARMA,2012-02-01,2012-03-01,0.0013646288815796215,False,False,0.0013646288209607782,0.0013646288815796215,0.0014556040756912303,0.001382823871906913,4,4,-6.061884327834832e-11
LICHSGFIN,2012-02-01,2012-03-01,-0.0011820451069759486,False,False,-0.0011820330969267712,-0.0011820451069759486,-0.0011820330969267712,-0.0011820330969267712,4,4,1.2010049177391124e-08
JUBLFOOD,2012-02-01,2012-03-01,0.07731819249522953,False,False,0.07731820857188731,0.07731819249522953,0.07704654895666141,0.07726056714820762,4,4,1.6076657782804205e-08
BATAINDIA,2012-02-01,2012-03-01,0.013640638149282625,False,False,0.013640674009774534,0.013640638149282625,0.013714619200466904,0.013625886266156906,4,4,3.586049190928975e-08
UTVSOF,2012-01-02,2012-04-02,0.10505373826554076,False,True,,,,,0,0,
GRASIM,2012-01-02,2012-04-02,0.08328854644200079,False,False,0.08328853231876332,0.08328849868064259,0.08333333333333326,0.08328853231876265,4,4,-1.4123237468410821e-08
APOLLOTYRE,2012-02-01,2012-04-02,0.08555783352358959,False,False,0.08555783709787823,0.08555783352358959,0.08555783709787823,0.08555783709787823,4,4,3.5742886428380416e-09
CAIRN,2012-01-02,2012-04-02,0.08339952343129475,False,False,,,,0.08339952343129475,1,1,
RAMCOCEM,2012-03-01,2012-04-02,0.09918526819255291,False,False,0.09918526390364857,0.09918526819255291,0.09918526390364857,0.09918526390364857,4,4,-4.288904342786282e-09
ORBITCORP,2012-03-01,2012-04-02,-0.0697479248046875,False,False,,,,-0.06974789915966384,1,1,
TATACONSUM,2012-03-01,2012-04-02,-0.06485612745854707,False,False,-0.06485610052695157,-0.06485610132924646,-0.06485610052695578,-0.06485610052695578,4,4,2.693159550926083e-08
INDIABULLS,2012-03-01,2012-04-02,-0.06711116820621033,False,False,,,,-0.0671112067111207,1,1,
ALFALAVAL,2012-02-01,2012-05-02,0.39697730006842,False,True,,,,,0,0,
ULTRACEMCO,2011-10-03,2012-05-02,0.2927171760037428,False,False,0.29271727772477396,0.2927171760037428,0.29271727772477396,0.29271727772477396,4,4,1.0172103115380082e-07
PEL,2012-03-01,2012-05-02,-0.005410305757041156,False,False,,,-0.0054102795311091745,-0.0054102795311091745,2,2,
BEML,2012-03-01,2012-05-02,-0.20723629972853153,False,False,,-0.20723635828798348,-0.2071611253196931,-0.20722130284338802,3,3,
HATHWAY,2012-03-01,2012-05-02,0.07287439299101806,False,False,,0.07287439299101806,0.07225433526011571,0.07287449392712553,3,3,
SHREECEM,2012-04-02,2012-05-02,-0.1392085043490866,False,False,-0.13920854502050561,-0.1392085043490866,-0.13920854502050561,-0.13920854502050561,4,4,-4.067141901042959e-08
WOCKPHARMA,2012-04-02,2012-05-02,0.190173933423055,False,False,0.19017393454785347,0.1901740164601462,0.19017393454785259,0.19017393454785259,4,4,1.1247984765816454e-09
ASTRAZEN,2012-04-02,2012-05-02,-0.05531869812587242,False,False,-0.05531875247478635,-0.05531869812587242,-0.05531875247478635,-0.05531875247478635,4,4,-5.4348913924862075e-08
BRITANNIA,2012-04-02,2012-05-02,-0.05111524269003953,False,False,-0.0511152416356877,-0.05111524269003953,-0.051199729638391256,-0.051098344035147014,4,4,1.0543518280670128e-09
INDIACEM,2012-04-02,2012-05-02,-0.1994510745021174,False,False,-0.19945105215004577,-0.1994510745021174,-0.19945105215004577,-0.19945105215004577,4,4,2.23520716380321e-08
TMPV,2012-02-01,2012-06-01,-0.09601454687899402,False,False,-0.09601487605995995,-0.09601446879607067,-0.09601449275362317,-0.09599902415223216,4,4,-3.2918096593004265e-07
HEXAWARE,2012-03-01,2012-06-01,0.008333306563528042,False,False,0.008333333333333304,,,0.008333333333333304,2,2,2.6769805261395163e-08
SOBHA,2012-04-02,2012-06-01,-0.11676279367009013,False,False,-0.11676283024597434,-0.11676277896987552,-0.11676283024597622,-0.11676206562196989,4,4,-3.6575884210243714e-08
VSTIND,2012-05-02,2012-06-01,-0.050266888695928436,False,False,-0.050266915276751534,-0.050266888695928436,-0.05029502669289121,-0.05029220049449323,4,4,-2.658082309814347e-08
EICHERMOT,2012-05-02,2012-06-01,-0.006354540565410849,False,False,-0.006354529808922926,-0.006354540565410849,-0.006398940864960179,-0.006354529808922926,4,4,1.0756487922591873e-08
BAJAJFINSV,2012-05-02,2012-06-01,-0.11003750019165115,False,False,-0.11003742769649472,-0.11003744071446497,-0.11020408163265294,-0.10995418575593507,4,4,7.249515643348303e-08
ITC,2012-05-02,2012-06-01,-0.04394928996214176,False,False,,-0.04394931519815226,-0.04385157927016259,-0.04396884773410181,3,3,
PATNI,2012-05-02,2012-06-01,0.016154416057632792,False,True,,,,,0,0,
MRF,2012-01-02,2012-07-02,0.46074853126363013,False,False,0.4607413168564247,0.46074853126363013,0.4607485183024751,0.4607485183024751,4,4,-7.214407205413664e-06
ADVANTA,2012-04-02,2012-07-02,0.0755022437407733,False,False,,,,0.07550226830848983,1,1,
LUPIN,2012-05-02,2012-07-02,-0.005575336552467003,False,False,-0.005575358742345271,-0.005575336552467003,-0.005575358742345271,-0.005575358742345271,4,4,-2.2189878268186192e-08
GODREJIND,2012-03-01,2012-07-02,-0.0334795124894407,False,False,-0.03347839440923184,-0.03347945366229421,-0.033506182688472164,-0.033466294375747885,4,4,1.118080208861727e-06
APOLLOTYRE,2012-05-02,2012-07-02,-0.09681093057581425,False,False,-0.09681093394077445,-0.09681093057581425,-0.09681093394077445,-0.09681093394077445,4,4,-3.3649601993701594e-09
OFSS,2012-03-01,2012-07-02,-0.045488328389385435,False,False,-0.04548841368005363,-0.04548835993470546,-0.04548841368005363,-0.04548841368005363,4,4,-8.529066819473741e-08
BOSCHLTD,2012-06-01,2012-07-02,0.037807067871901134,False,False,0.037806998915208334,0.037807067871901134,0.037806998915208334,0.037806998915208334,4,4,-6.89566928002705e-08
STAR,2012-01-02,2012-08-01,0.7972447978296473,False,False,,0.7972447598274575,0.7972448340638696,0.7972448340638696,3,3,
ASIANPAINT,2012-06-01,2012-08-01,-0.040438656060736045,False,False,-0.04043864754748938,-0.040438656060736045,-0.040476190476190554,-0.040425419334356394,4,4,8.513246663177654e-09
HAVELLS,2012-02-01,2012-08-01,0.1304707750777958,False,False,0.13047077082255565,0.13047069613941598,0.13036730470770808,0.13047077082255565,4,4,-4.255240160233598e-09
RNAVAL,2012-06-01,2012-08-01,-0.22783247389891959,False,False,,,,-0.2278325123152709,1,1,
BOMDYEING,2012-04-02,2012-08-01,-0.1340719794678008,False,False,-0.13407197457699915,-0.1340719794678008,-0.1343924431086304,-0.13407197457699915,4,4,4.890801652557286e-09
JUBLFOOD,2012-06-01,2012-08-01,-0.09342954247693358,False,False,-0.09342953264966969,-0.09342954247693358,-0.09323064450749896,-0.0934662775616083,4,4,9.827263891537541e-09
PEL,2012-07-02,2012-08-01,0.0026730575850428817,False,False,,,0.0026730310262530477,0.0026730310262530477,2,2,
TATASTLBSL,2012-07-02,2012-09-03,-0.004743975984089155,False,False,,,,-0.0047508027976950196,1,1,
KPIT,2012-06-01,2012-09-03,0.038164856868515784,False,False,,,,0.03816483962647177,1,1,
SOBHA,2012-07-02,2012-09-03,-0.011591569550721936,False,False,-0.011591618368256729,-0.011591690511405517,-0.011591618368256729,-0.011602632787387046,4,4,-4.8817534792355843e-08
BATAINDIA,2012-05-02,2012-09-03,0.03108956075299485,False,False,0.03108956075299485,0.03108956075299485,0.03114660581859674,0.031100969766115316,4,4,0.0
COLPAL,2012-06-01,2012-09-03,0.0279844218967793,False,False,0.02798444369293218,0.0279844218967793,0.02798444369293218,0.02798444369293218,4,4,2.1796152882558317e-08
DIVISLAB,2012-06-01,2012-10-01,0.23478599510845588,False,False,0.23478595796192359,0.23478599510845588,0.23473093430174963,0.23479696269395833,4,4,-3.71465322945852e-08
ITC,2012-07-02,2012-10-01,0.09278150516517303,False,False,,0.09278139522150153,0.0926814637072586,0.09280143971205757,3,3,
ZYDUSLIFE,2012-08-01,2012-10-01,-0.05856954089239763,False,False,-0.058569530558015837,-0.05856954089239763,-0.05867699972322171,-0.058569530558015837,4,4,1.0334381794763203e-08
MINDTREE,2012-05-02,2012-10-01,0.10801598790218825,False,False,,,,0.10796248253841534,1,1,
MCLEODRUSS,2012-07-02,2012-10-01,0.11378662743249213,False,False,0.11378667118873986,0.11378662743249213,0.11378667118873986,0.11378667118873986,4,4,4.375624773622633e-08
LUPIN,2012-08-01,2012-10-01,0.006294058537817726,False,False,0.006294058408861991,0.006294058537817726,0.006294058408861991,0.006294058408861991,4,4,-1.289557349792858e-10
RAMCOCEM,2012-09-03,2012-10-01,0.051639327586022965,False,False,0.051639344262295106,0.051639327586022965,0.051639344262295106,0.051639344262295106,4,4,1.6676272140969672e-08
ARE&M,2012-09-03,2012-11-01,0.2160107063563208,False,False,,0.2160107063563208,0.21584845250800422,0.21597822606468142,3,3,
SHASUNPHAR,2012-09-03,2012-11-01,-0.06623536535961616,False,False,,,,-0.06623536660505236,1,1,
GEOMETRIC,2012-08-01,2012-11-01,0.1432461161147267,False,False,,,,0.14324618736383443,1,1,
BAJAJFINSV,2012-08-01,2012-11-01,0.1785457592006232,False,False,0.1780040570952941,0.17800504893129077,0.15725806451612878,0.18058412176059213,4,3,-0.0005417021053291116
SUNPHARMA,2012-07-02,2012-11-01,0.10516779378637686,False,False,0.10516779580904356,0.10516779378637686,0.10508901843390572,0.10518355128407109,4,4,2.022666700796094e-09
M&MFIN,2012-10-01,2012-11-01,-0.0016454682524381647,False,False,,-0.0016454739561411191,-0.0017021276595745594,-0.0016294450301926888,3,3,
UNITDSPR,2012-10-01,2012-11-01,-0.043137898174905764,False,False,-0.04313788789798634,-0.043137898174905764,-0.04317998385795008,-0.04313788789798634,4,4,1.0276919426566167e-08
ADVANTA,2012-10-01,2012-12-03,0.14733185192054576,False,False,,,,0.14733186402190612,1,1,
HINDUNILVR,2012-06-01,2012-12-03,0.2789034302042903,False,False,0.2789034564958284,0.2789034564958284,0.2789034564958284,0.2789034564958284,4,4,2.629153805777662e-08
TECHM,2012-10-01,2012-12-03,-0.13032033352909655,False,False,,-0.13032033352909655,-0.13026521060842422,-0.13030929443426031,3,3,
IPCALAB,2012-08-01,2012-12-03,0.13085938795120433,False,False,0.129134627120713,0.13085938795120433,0.130859375,0.130859375,4,4,-0.0017247608304913342
TATASTLBSL,2012-10-01,2012-12-03,-0.06472591051267151,False,False,,,,-0.06473469387755104,1,1,
SHREECEM,2012-11-01,2012-12-03,0.027169949848107278,False,False,0.027169927373376312,0.027169949848107278,0.027169927373376312,0.027169927373376312,4,4,-2.247473096517183e-08
PENINLAND,2012-11-01,2012-12-03,-0.020590254377738315,False,False,-0.020590253946465298,-0.020590254377738315,-0.020590253946465298,-0.020590253946465298,4,4,4.3127301729839473e-10
INGVYSYABK,2012-11-01,2012-12-03,0.0776814866815072,False,False,,,,0.07768147345612131,1,1,
HDFCBANK,2012-07-02,2013-01-01,0.1926125715510778,False,False,0.19261259691610766,0.1926125715510778,0.19233449477351905,0.19262666387901595,4,4,2.5365029854285126e-08
J&KBANK,2012-11-01,2013-01-01,0.06812171194184335,False,False,,0.06812171194184335,0.06799674267100975,0.06817163844844565,3,3,
ULTRACEMCO,2012-08-01,2013-01-01,0.23409192786121813,False,False,0.23409187969007395,0.23409192786121813,0.23409187969007395,0.23409187969007395,4,4,-4.817114418464996e-08
GRASIM,2012-10-01,2013-01-01,-0.057294037892995586,False,False,-0.05729396859070779,-0.0572939272206322,-0.057307012374778976,-0.05729396859070679,4,4,6.930228779733483e-08
EMAMILTD,2012-11-01,2013-01-01,0.03883154686342016,False,False,0.03883338620678911,0.0388316293006854,0.03874154966198651,0.03884959434158519,4,4,1.8393433689478655e-06
GODREJCP,2012-05-02,2013-01-01,0.3261904873690762,False,False,0.32619230769230767,0.3261904873690762,0.32609890109890105,0.3262087912087912,4,4,1.8203232314828455e-06
INDUSINDBK,2012-12-03,2013-01-01,0.002724458374450567,False,False,0.002724472873726569,0.002724458374450567,0.002724472873726569,0.002724472873726569,4,4,1.4499276002055694e-08
M&M,2012-12-03,2013-01-01,-0.0165509697875188,False,False,,-0.0165509697875188,-0.016499582289056014,-0.01656120126140803,3,3,
LTF,2012-12-03,2013-02-01,0.11853893165018703,False,False,0.11853893866299159,0.11853889144346064,0.11853893866299114,0.11858407079646027,4,4,7.012804559280994e-09
M&MFIN,2012-12-03,2013-02-01,0.04355752185695838,False,False,,0.04355759009241056,0.043606799704360766,0.04352892218060744,3,3,
DISHMAN,2012-09-03,2013-02-01,0.10733898987732093,False,False,,,,0.10722843450479247,1,1,
KTKBANK,2012-11-01,2013-02-01,0.1745572807479403,False,False,0.1745602561349393,0.174557167828028,0.1749502982107356,0.17457212713936432,4,4,2.97538699900457e-06
KARURVYSYA,2013-01-01,2013-02-01,-0.08671175720882895,False,False,-0.08671181074663659,-0.08671185227104095,-0.08652729384436686,-0.08671929417227764,4,4,-5.353780763162064e-08
COLPAL,2013-01-01,2013-02-01,-0.137911125421478,False,False,-0.1379111367570688,-0.137911125421478,-0.1379111367570688,-0.1379111367570688,4,4,-1.1335590799355089e-08
DBREALTY,2013-01-01,2013-02-01,-0.1454993593291397,False,False,-0.1454993834771886,-0.14549932977037783,-0.1454993834771886,-0.1454993834771886,4,4,-2.414804889383504e-08
GLENMARK,2013-01-01,2013-02-01,-0.04399890677218821,False,False,-0.04399888610414915,-0.04399890677218821,-0.04399888610414915,-0.04399888610414915,4,4,2.0668039057980536e-08
BAJFINANCE,2013-01-01,2013-02-01,-0.021886916399153078,False,False,-0.02277605852645015,-0.022772278437953375,-0.05128205128205132,-0.021886792452830095,4,3,-0.0008891421272970712
INGVYSYABK,2013-01-01,2013-03-01,-0.006645428138988718,False,False,,,,-0.006645451141894521,1,1,
SHRIRAMFIN,2013-01-01,2013-03-01,-0.07414026317685918,False,False,-0.07414021164020934,-0.07414022734760672,-0.07407407407407396,-0.07413853584824193,4,4,5.153664983659212e-08
TATACOFFEE,2012-12-03,2013-03-01,0.02320304135022977,False,False,,,,0.023239081948341456,1,1,
63MOONS,2012-10-01,2013-03-01,-0.12649766348364466,False,False,-0.12649766030750242,-0.12649766348364466,-0.12649766030750242,-0.12649766030750242,4,4,3.1761422381038074e-09
ZEEL,2012-08-01,2013-03-01,0.33413899124929203,False,False,0.33413897280966776,0.33413899124929203,0.33413897280966776,0.33413897280966776,4,4,-1.8439624271948674e-08
STAR,2012-09-03,2013-03-01,0.06280459163097851,False,False,,0.06280454061842833,0.06280458089668617,0.06280458089668617,3,3,
AUROPHARMA,2012-12-03,2013-03-01,-0.16038727460150293,False,False,-0.16038723181580328,-0.16038727460150293,-0.16064887493458913,-0.16033490319204602,4,4,4.278569964988321e-08
ARE&M,2013-02-01,2013-03-01,-0.07735817981804594,False,False,,-0.07735817981804594,-0.07735817667609379,-0.07735817667609379,3,3,
SUNTV,2013-02-01,2013-03-01,-0.08594645056953643,False,False,-0.0859464527554954,-0.08594645056953643,-0.0859464527554954,-0.0859464527554954,4,4,-2.185958969391777e-09
AXISBANK,2013-02-01,2013-03-01,-0.09667804838703487,False,False,-0.09667803795581753,-0.09667804838703487,-0.09670475244245735,-0.09667803795581753,4,4,1.0431217334350151e-08
CMC,2013-02-01,2013-03-01,-0.03454422831627835,False,False,,,,-0.03454426324985427,1,1,
YESBANK,2013-02-01,2013-03-01,-0.11148682831304324,False,False,-0.11148680379449616,-0.11148682831304324,-0.11131986848285591,-0.11148680379449616,4,4,2.4518547081520126e-08
JETAIRWAYS,2013-02-01,2013-03-01,-0.13725331215854997,False,False,,-0.13725331215854997,,-0.13725332905502963,2,2,
MRF,2013-02-01,2013-03-01,-0.12465300442894178,False,False,-0.12465300627046982,-0.12465300442894178,-0.12465300627046982,-0.12465300627046982,4,4,-1.8415280411687718e-09
ABIRLANUVO,2013-02-01,2013-03-01,-0.07904203297240586,False,False,,,,-0.07904207579864031,1,1,
NHPC,2013-01-01,2013-04-01,-0.19329386764475398,False,False,-0.193293885601578,-0.19329386764475398,-0.193293885601578,-0.193293885601578,4,4,-1.7956824027720586e-08
MOTHERSON,2012-12-03,2013-04-01,0.067280034230498,False,False,,0.06728006277373844,0.06885245901639347,0.06724890829694319,3,3,
PIDILITIND,2013-03-01,2013-04-01,0.05522216345576725,False,False,0.055222088835534144,0.05522216345576725,0.055222088835534144,0.055222088835534144,4,4,-7.462023310367272e-08
DLF,2013-03-01,2013-04-01,-0.023713163719066066,False,False,-0.023713128976286968,-0.023713163719066066,-0.023713128976286968,-0.023713128976286968,4,4,3.4742779098095866e-08
ESSAROIL,2013-03-01,2013-04-01,-0.023016371358431487,False,False,,,,-0.023016353725015093,1,1,
GLENMARK,2013-03-01,2013-04-01,-0.06666664222816565,False,False,-0.06666666666666665,-0.06666664222816565,-0.06666666666666665,-0.06666666666666665,4,4,-2.4438501000645374e-08
EICHERMOT,2013-03-01,2013-04-01,-0.07968479990614041,False,False,-0.07968479515291393,-0.07968479990614041,-0.07969707897583855,-0.07966676283900742,4,4,4.753226479081718e-09
HCLTECH,2013-03-01,2013-05-02,0.018409561309769007,False,False,0.01840952755338754,0.018409561309769007,0.018549280177187155,0.018437517302474893,4,4,-3.37563814678532e-08
TCS,2013-03-01,2013-05-02,-0.04524416704495715,False,False,-0.045244198821453474,-0.04524416704495715,-0.04521241177253954,-0.045244198821453474,4,4,-3.177649632313262e-08
RAMCOCEM,2013-02-01,2013-05-02,0.0184880859196479,False,False,0.018488085456039416,0.0184880859196479,0.018488085456039416,0.018488085456039416,4,4,-4.6360848493520734e-10
BERGEPAINT,2013-03-01,2013-05-02,-0.002333381829144554,False,False,-0.0023334197562859815,-0.002333448292111129,-0.00261324041811839,-0.0024390243902439046,4,4,-3.7927141427474e-08
TECHM,2013-03-01,2013-05-02,-0.1245240032510766,False,False,,-0.1245240032510766,-0.1245693563009973,-0.12453309156844972,3,3,
IPCALAB,2013-03-01,2013-05-02,0.0752515581771882,False,False,0.08020581113801462,0.0752515581771882,0.07525150905432598,0.07525150905432598,4,4,0.004954252960826411
APOLLOHOSP,2013-03-01,2013-05-02,0.0002423509148063996,False,False,0.00024233612019886053,0.0002423509148063996,0.00024233612019886053,0.00024233612019886053,4,4,-1.4794607539059257e-08
CASTROL,2013-03-01,2013-05-02,0.02202235185461965,False,False,,,,0.022022332506203446,1,1,
GUJALKALI,2013-04-01,2013-05-02,-0.12116365875370683,False,False,-0.1211635975447024,-0.12116365875370683,-0.1211635975447024,-0.1211635975447024,4,4,6.120900442052601e-08
MINDTREE,2013-04-01,2013-05-02,-0.08575692672764157,False,False,,,,-0.0857661004953999,1,1,
GSKCONS,2013-04-01,2013-05-02,-0.007789263650488265,False,False,,,,-0.0077892867712340275,1,1,
GLAXO,2013-04-01,2013-05-02,0.02148964896489658,False,False,0.021494149414941655,0.02148964896489658,0.02151215121512151,0.021494149414941655,4,4,4.500450045075155e-06
GITANJALI,2012-11-01,2013-06-03,0.420860059146136,False,False,,,,0.42086013368646724,1,1,
TATACOFFEE,2013-05-02,2013-06-03,-0.08995621608895021,False,False,,,,-0.08998449612403092,1,1,
WOCKPHARMA,2013-05-02,2013-06-03,-0.3753326423999702,False,False,-0.37533267233731615,-0.3753327029796546,-0.3753326723373167,-0.3753326723373167,4,4,-2.9937345935593385e-08
COLPAL,2013-05-02,2013-06-03,-0.03760691981703945,False,False,-0.03760695098494393,-0.03760691981703945,-0.03760695098494393,-0.03760695098494393,4,4,-3.116790447954543e-08
INGVYSYABK,2013-05-02,2013-07-01,0.028711290587417393,False,False,,,,0.028711310264708523,1,1,
EICHERMOT,2013-05-02,2013-07-01,0.13151745799379233,False,False,0.13151749701987292,0.13151745799379233,0.13145003265839317,0.13151534944480736,4,4,3.9026080589366074e-08
UNITDSPR,2012-12-03,2013-07-01,0.22758159739863437,False,False,0.22758155567767413,0.22758159739863437,0.22755089296865227,0.22758155567767413,4,4,-4.17209602421309e-08
INDUSINDBK,2013-05-02,2013-07-01,-0.0017977487476368292,False,False,-0.0017978003384094832,-0.0017977487476368292,-0.0017978003384094832,-0.0017978003384094832,4,4,-5.159077265393108e-08
KOTAKBANK,2013-05-02,2013-07-01,0.00905977937976088,False,False,0.009059864798940609,0.00905977937976088,0.009059233449477455,0.009059233449477455,4,4,8.541917972948454e-08
ASIANPAINT,2013-04-01,2013-07-01,-0.04893085774045691,False,False,-0.04893086711268535,-0.04893091631688118,-0.04894046417759834,-0.04894046417759834,4,4,-9.372228437776187e-09
ITC,2013-04-01,2013-07-01,0.061035142713316004,False,False,,0.06103514151545619,0.06103515625,0.06103515625,3,3,
CONCOR,2013-03-01,2013-07-01,0.05430670922957792,False,False,,0.05430663973175531,0.05419825891603458,0.054316688198618124,3,3,
MARUTI,2013-05-02,2013-07-01,-0.04426127842305916,False,False,,-0.04426127842305916,-0.04426122157399681,-0.04426122157399681,3,3,
MRF,2013-06-03,2013-07-01,-0.1406490897800493,False,False,-0.1406457878771752,-0.1406490897800493,-0.14064911393752322,-0.14064911393752322,4,4,3.301902874119911e-06
PIDILITIND,2013-06-03,2013-07-01,-0.07208003462155477,False,False,-0.0720799719396703,-0.07208003462155477,-0.07190459487898981,-0.07204489652753432,4,4,6.268188446068024e-08
EMAMILTD,2013-05-02,2013-08-01,0.06892098351848985,False,False,0.06892259714680415,0.06892098351848985,0.06908344733242133,0.06893721789084939,4,4,1.6136283143008967e-06
GSKCONS,2013-06-03,2013-08-01,-0.17084367867437744,False,False,,,,-0.1708436286621956,1,1,
GODREJCP,2013-04-01,2013-08-01,0.05142225500894426,False,False,0.051419678955233694,0.05142225500894426,0.051361266653794146,0.05139591458470072,4,4,-2.576053710567905e-06
ZYDUSWELL,2013-07-01,2013-08-01,-0.05973513165222033,False,False,-0.05973520249221187,-0.05973513165222033,-0.05957943925233644,-0.05973520249221187,4,4,-7.083999153945086e-08
JMFINANCIL,2013-07-01,2013-08-01,-0.27531083854432503,False,False,-0.27531083481349916,-0.27531083854432503,-0.27531083481349916,-0.27531083481349916,4,4,3.730825870462695e-09
APOLLOHOSP,2013-07-01,2013-08-01,-0.06085012399406542,False,False,-0.06085011185682332,-0.06085012399406542,-0.06085011185682332,-0.06085011185682332,4,4,1.213724210025191e-08
M&MFIN,2013-07-01,2013-08-01,-0.07275512842294996,False,False,,-0.07275508699110089,-0.0727551215776373,-0.0727684346701164,3,3,
HAVELLS,2013-07-01,2013-08-01,-0.16248821172056716,False,False,-0.16248826920498727,-0.16248821172056716,-0.16253351206434308,-0.16248826920498727,4,4,-5.748442011288546e-08
KPIT,2013-07-01,2013-08-01,0.05278721400718722,False,False,,,,0.05278716216216206,1,1,
LUPIN,2013-05-02,2013-09-02,0.1760022188552619,False,False,0.17600229505845233,0.1760022188552619,0.17600229505845233,0.17600229505845233,4,4,7.62031904244509e-08
IPCALAB,2013-07-01,2013-09-02,-0.02090590562546102,False,False,-0.021560886729426132,-0.02090590562546102,-0.020905923344947785,-0.020905923344947785,4,4,-0.0006549811039651132
TORNTPHARM,2013-07-01,2013-09-02,-0.001712149190610579,False,False,-0.0017121193591782546,-0.001712149190610579,-0.001712328767123239,-0.0017120774837352526,4,4,2.983143232437868e-08
BATAINDIA,2013-08-01,2013-09-02,-0.10817083330971078,False,False,-0.10817087001134096,-0.10817083330971078,-0.10812270468783747,-0.10818050245177457,4,4,-3.6701630179436506e-08
CRISIL,2013-08-01,2013-09-02,-0.0735954388464547,False,False,-0.07359545801203282,-0.0735954388464547,-0.07359545801203282,-0.07359545801203282,4,4,-1.9165578124535898e-08
GLENMARK,2013-08-01,2013-09-02,-0.10132960852843687,False,False,-0.10132962544538116,-0.10132960852843687,-0.10132962544538116,-0.10132962544538116,4,4,-1.691694428984647e-08
ASIANPAINT,2013-08-01,2013-09-02,-0.1521477648600449,False,False,-0.15214773183460462,-0.1521477648600449,-0.15214773183460462,-0.15214773183460462,4,4,3.302544027139476e-08
FKONCO,2013-08-01,2013-09-02,0.013071882795547163,False,False,,,,0.013071895424836555,1,1,
VEDL,2013-09-02,2013-10-01,-0.07176910770483291,False,False,-0.07176906779661019,-0.0717690828005082,-0.07176906779661019,-0.07176906779661019,4,4,3.990822272648131e-08
HINDUNILVR,2013-09-02,2013-11-01,-0.05052238989179447,False,False,-0.050522376422890924,-0.050522320280108834,-0.050522376422890924,-0.050522376422890924,4,4,1.3468903548030653e-08
CIPLA,2013-09-02,2013-11-01,-0.0037095088857385106,False,False,-0.0037094651190618944,-0.0037095088857385106,-0.0037094651190618944,-0.0037094651190618944,4,4,4.3766676616208144e-08
RELIGARE,2013-09-02,2013-11-01,-0.05788542749619319,False,False,-0.05788541051388074,-0.05788542749619319,-0.05788541051388074,-0.05788541051388074,4,4,1.698231244517956e-08
GESHIP,2013-10-01,2013-11-01,-0.014263138356880756,False,False,-0.014263074484944571,-0.014263138356880756,-0.014263074484944571,-0.014263074484944571,4,4,6.387193618451192e-08
TCS,2013-08-01,2013-12-02,0.10934229223890624,False,False,0.10934229370937532,0.10934229223890624,0.10934229370937532,0.10934229370937532,4,4,1.470469079833947e-09
HEXAWARE,2013-08-01,2013-12-02,0.05946657754697515,False,False,0.05946655006558821,,,0.05946655006558821,2,2,-2.7481386943861708e-08
SUNPHARMA,2013-03-01,2013-12-02,0.48958527245725025,False,False,0.4895852880465379,0.48958527245725025,0.4894921190893171,0.48956665332265814,4,4,1.5589287638562155e-08
WIPRO,2013-09-02,2013-12-02,-0.006605412149311873,False,False,-0.0066054288368252445,-0.006605410484899599,-0.0066079295154184425,-0.0066057469998898055,4,4,-1.6687513371138607e-08
DABUR,2013-05-02,2013-12-02,0.10364234368532688,False,False,0.10364238410596038,0.10364234368532688,0.10364238410596038,0.10364238410596038,4,4,4.042063350695457e-08
HEROMOTOCO,2013-09-02,2013-12-02,0.019714424592496282,False,False,0.019714412767429357,0.019714424592496282,0.019714412767429357,0.019714412767429357,4,4,-1.182506692565255e-08
RCOM,2013-05-02,2013-12-02,0.35792470016589295,False,False,0.35792479771537367,0.35792470016589295,0.35792479771537367,0.35792479771537367,4,4,9.75494807153865e-08
PERSISTENT,2013-11-01,2013-12-02,0.09274903883098196,False,False,0.092749054224464,0.09274903883098196,0.09255989911727625,0.0927065469585393,4,4,1.5393482044601114e-08
FSL,2013-11-01,2014-01-01,0.05741630549483423,False,False,,0.05741630549483423,0.05741626794258381,0.05741626794258381,3,3,
DRREDDY,2013-07-01,2014-01-01,0.1208807741149256,False,False,0.12088081986041166,0.1208807741149256,0.12092766427388191,0.12088081986041166,4,4,4.574548606584017e-08
IDEA,2013-03-01,2014-01-01,0.4468359066758423,False,False,,0.4468359651087497,0.4468359879466208,0.44676289838502226,3,3,
PFIZER,2013-12-02,2014-01-01,-0.1462976008239636,False,False,-0.32589311731452886,-0.32589315536209085,-0.32589311731452886,-0.32589311731452886,4,0,-0.17959551649056527
PVRINOX,2013-12-02,2014-01-01,0.015935588795139788,False,False,0.015934712188600653,0.015935685304099056,0.015935626380561674,0.015935747067822525,4,4,-8.766065391352384e-07
FINCABLES,2013-12-02,2014-01-01,0.07320259443295551,False,False,0.07320261437908493,0.07320259443295551,0.07320261437908493,0.07320261437908493,4,4,1.9946129414805114e-08
MINDTREE,2013-09-02,2014-02-03,0.35608642225910625,False,False,,,,0.3560864618885098,1,1,
EICHERMOT,2013-12-02,2014-02-03,-0.08707349933844444,False,False,-0.08707350984765894,-0.08707349933844444,-0.08702610783234965,-0.08708264148678657,4,4,-1.0509214498632957e-08
TATACOMM,2013-11-01,2014-02-03,-0.03574008074314794,False,False,-0.03574007220216602,-0.03574009673613576,-0.03574007220216602,-0.03574007220216602,4,4,8.540981921711932e-09
BRITANNIA,2013-06-03,2014-02-03,0.2754227788210688,False,False,0.27542281396185686,0.2754227788210688,0.27533103051237773,0.2754044562150959,4,4,3.514078805721965e-08
BATAINDIA,2013-12-02,2014-02-03,-0.09123343213307689,False,False,-0.09123341102601923,-0.09123343213307689,-0.091324200913242,-0.0912325430952472,4,4,2.110705765723253e-08
CYIENT,2014-01-01,2014-02-03,0.036644627540930896,False,False,,0.036644627540930896,0.03664459161147904,0.03664459161147904,3,3,
JSWSTEEL,2014-01-01,2014-02-03,-0.16033089060970618,False,False,-0.16033090407721096,-0.16033089060970618,-0.16051206302314125,-0.16033090407721096,4,4,-1.3467504778041928e-08
KPIT,2014-01-01,2014-02-03,-0.07350043717643584,False,False,,,,-0.07350042241622079,1,1,
ECLERX,2013-11-01,2014-03-03,0.31198251666976007,False,False,0.31198254920430335,0.31198256218331455,0.31217770725902416,0.31196954073133987,4,4,3.253454328167038e-08
BIOCON,2013-09-02,2014-03-03,0.30249578380737785,False,False,0.30249569707401025,0.3024956982888425,0.30206540447504304,0.30258175559380396,4,4,-8.673336759912331e-08
ESCORTS,2013-07-01,2014-03-03,0.49706454945415235,False,False,0.49706457925635994,0.49706454945415235,0.49706457925635994,0.49706457925635994,4,4,2.9802207590634566e-08
AIAENG,2014-02-03,2014-03-03,0.0458447096549317,False,False,0.04584473162909175,0.0458447096549317,0.04584473162909175,0.04584473162909175,4,4,2.1974160047122382e-08
HCLTECH,2013-07-01,2014-04-01,0.8703189682354837,False,False,0.8703164556962026,0.8703189682354837,0.8702531645569622,0.8703059071729959,4,4,-2.512539281074311e-06
IPCALAB,2014-02-03,2014-04-01,6.0459353781849856e-05,False,False,0.0004230374085938404,6.0459353781849856e-05,0.0,7.256894049345597e-05,4,4,0.00036257805481199057
COFORGE,2014-02-03,2014-04-01,0.026786824458603364,False,False,0.026786831893854002,0.026786824458603364,0.02690863579474323,0.026786831893854002,4,4,7.435250637399804e-09
FSL,2014-02-03,2014-04-01,0.05148511829942759,False,False,,0.05148511829942759,0.05148514851485153,0.05148514851485153,3,3,
DIVISLAB,2014-02-03,2014-04-01,0.027226684947695867,False,False,0.027226685960169084,0.027226684947695867,0.02726580350342722,0.02721886280901109,4,4,1.0124732163774297e-09
WIPRO,2014-02-03,2014-04-01,-0.008657980023707323,False,False,-0.008658008658008587,-0.008658049430752102,-0.008482563619227057,-0.008669430833019187,4,4,-2.8634301263430473e-08
CESC,2014-01-01,2014-04-01,0.08480411696817947,False,False,0.08480413258717179,0.0848041386503473,0.08503767491926784,0.08387096774193536,4,4,1.5618992321719816e-08
INFY,2013-08-01,2014-04-01,0.11406385960270082,False,False,0.11406526083086144,0.11406385960270082,0.11417428725121037,0.11405749939488485,4,4,1.401228160613499e-06
TECHM,2013-08-01,2014-04-01,0.4537792300421717,False,False,,0.4537792300421717,0.4538191115372323,0.45378715244487067,3,3,
MRF,2014-01-01,2014-05-02,0.07454762498685374,False,False,0.07455036857586017,0.07454762498685374,0.07454758143793483,0.07454758143793483,4,4,2.743589006426461e-06
ZYDUSLIFE,2014-03-03,2014-05-02,-0.04505121998143946,False,False,-0.045051194539249106,-0.04505121998143946,-0.04509995124329591,-0.045051194539249106,4,4,2.5442190354496574e-08
PERSISTENT,2014-02-03,2014-05-02,0.05793357463761173,False,False,0.05793359838901235,0.05793357463761173,0.057827344072697295,0.0579973562458691,4,4,2.3751400624050234e-08
PAGEIND,2014-04-01,2014-05-02,-0.07819204532160662,False,False,-0.07819201583635771,-0.07819204532160662,-0.07819201583635771,-0.07819201583635771,4,4,2.9485248909111306e-08
CONCOR,2014-04-01,2014-05-02,0.018697042473107883,False,False,,0.018697068673747097,0.01841125362019036,0.018703964247289706,3,3,
BALKRISIND,2014-04-01,2014-06-02,0.2117062434483019,False,False,0.21170622844390352,0.21170618429470234,0.21160478798945026,0.21172651653479413,4,4,-1.5004398390416895e-08
MONSANTO,2014-03-03,2014-06-02,0.08626450492053417,False,False,,,,0.08626455288580637,1,1,
KSCL,2014-03-03,2014-06-02,0.15353590105641324,False,False,0.15353587366975607,0.15353590105641324,0.15353587366975607,0.15353587366975607,4,4,-2.7386657164285566e-08
EICHERMOT,2014-04-01,2014-06-02,0.1375909947909577,False,False,0.13759102067130047,0.1375909947909577,0.13761467889908263,0.13758161831556315,4,4,2.5880342757744756e-08
ARVIND,2013-12-02,2014-06-02,0.4560272733703763,False,False,,0.4560272218030028,0.4560272934040941,0.4560272934040941,3,3,
TATAELXSI,2013-12-02,2014-06-02,0.7507672054949539,False,False,0.7507671326287078,0.7507672054949539,0.7507671326287078,0.7507671326287078,4,4,-7.286624614799564e-08
VOLTAS,2014-04-01,2014-06-02,0.22113566594168965,False,False,0.22113564668769725,0.22113566594168965,0.22113564668769725,0.22113564668769725,4,4,-1.925399240043646e-08
MAHINDUGIN,2014-05-02,2014-06-02,0.09857304244567855,False,False,,,,0.09857303792714989,1,1,
WELSPUNLIV,2014-05-02,2014-06-02,0.10131260482887794,False,False,0.10131255127153405,0.10131260482887794,0.09836065573770503,0.10172272354388845,4,4,-5.355734389311806e-08
FSL,2014-05-02,2014-06-02,-0.03816793893129766,False,False,,-0.03816793893129766,-0.03816793893129766,-0.03816793893129766,3,3,
JBCHEPHARM,2014-05-02,2014-06-02,-0.04444446439057392,False,False,,,-0.04444444444444451,-0.04444444444444451,2,2,
ACLGATI,2014-02-03,2014-07-01,0.9005355753363327,False,False,,,0.9005355776587607,0.9005355776587607,2,2,
GPPL,2014-04-01,2014-07-01,0.4021163518057669,False,False,0.4021164021164021,0.4021163518057669,0.4021164021164021,0.4021164021164021,4,4,5.031063521343526e-08
KAJARIACER,2014-06-02,2014-07-01,-0.06474190726159235,False,False,-0.06474190726159235,-0.06474190726159235,-0.06474190726159235,-0.06474190726159235,4,4,0.0
SUNDARMFIN,2014-06-02,2014-07-01,0.038792875041469665,False,False,0.03879286076234445,0.038792848981827,0.03879286076234445,0.03879286076234445,4,4,-1.4279125215566069e-08
BEML,2014-05-02,2014-08-01,0.5334922740784467,False,False,,0.5334921796520957,0.5333667837431009,0.5335173105870545,3,3,
AGI,2014-06-02,2014-08-01,0.10915336288580613,False,False,0.10915331807780326,0.10915331221827307,0.10915331807780326,0.10915331807780326,4,4,-4.4808002863661045e-08
SINTEX,2014-06-02,2014-08-01,-0.11398678437387944,False,False,,,,-0.113997277676951,1,1,
APOLLOTYRE,2014-03-03,2014-08-01,0.31692070354765955,False,False,0.3169206721375537,0.31692070354765955,0.3169206721375537,0.3169206721375537,4,4,-3.141010584961634e-08
BEL,2014-07-01,2014-08-01,-0.20063364026539066,False,False,,-0.20063364026539066,-0.20090293453724606,-0.20061380150742425,3,3,
STLTECH,2014-07-01,2014-08-01,-0.19912471003406562,False,False,-0.19912472647702406,-0.19912473987160362,-0.19912472647702406,-0.19912472647702406,4,4,-1.6442958439277788e-08
KEC,2014-06-02,2014-09-01,-0.11212624442615393,False,False,,-0.11212624442615393,-0.11212624584717612,-0.11212624584717612,3,3,
AMTEKAUTO,2014-04-01,2014-09-01,0.48395224738252707,False,False,,,,0.48395217117684086,1,1,
HCC,2014-06-02,2014-09-01,0.07520893508349813,False,False,0.07520891364902238,0.07520884370725822,0.07520891364902504,0.0753922694221203,4,4,-2.1434475749870785e-08
PRAKASH,2014-06-02,2014-09-01,-0.38554214558109123,False,False,,-0.3855421663042288,-0.3855421686746988,-0.3855421686746988,3,3,
SKFINDIA,2014-08-01,2014-09-01,-0.01457716921887997,False,False,-0.014577135571610778,-0.014577156323045015,-0.014577135571610778,-0.014577135571610778,4,4,3.364726919308225e-08
VAKRANGEE,2014-08-01,2014-09-01,-0.09757861759512898,False,False,-0.09757860498735094,-0.0975785931594535,-0.0976138828633406,-0.0975715524718127,4,4,1.2607778043793871e-08
NBCC,2014-08-01,2014-09-01,-0.04603744543852162,False,False,-0.046037487668528554,-0.04603744543852162,-0.0444444444444444,-0.04611590628853257,4,4,-4.2230006935817244e-08
GPPL,2014-08-01,2014-09-01,0.007925526175815323,False,False,0.007925568573397657,0.007925526175815323,0.007925568573397657,0.007925568573397657,4,4,4.239758233381963e-08
FINCABLES,2014-04-01,2014-10-01,0.9674163571142163,False,False,0.9674162459843965,0.9674163571142163,0.9674162459843965,0.9674162459843965,4,4,-1.1112981979088943e-07
IRB,2014-06-02,2014-10-01,0.12859263003523957,False,False,,0.12859263003523957,0.12871287128712883,0.12884043607532214,3,3,
BALKRISIND,2014-07-01,2014-10-01,0.06767014066558619,False,False,0.06767019256848394,0.06767016913270307,0.06767019256848394,0.06767019256848394,4,4,5.190289775747203e-08
AARTIIND,2014-09-01,2014-10-01,0.005196203931627341,False,False,0.010463647844127788,0.005196187527214624,0.00501792114695343,0.005303899082568675,4,4,0.005267443912500447
SUNDRMFAST,2014-09-01,2014-10-01,0.13842746712770104,False,False,0.1384274640088594,0.13842746712770104,0.1384274640088594,0.1384274640088594,4,4,-3.1188416294014587e-09
WHIRLPOOL,2014-09-01,2014-10-01,-0.053756394183165135,False,False,-0.05375640606258869,-0.053756394183165135,-0.05375640606258869,-0.05375640606258869,4,4,-1.18794235559605e-08
AGI,2014-09-01,2014-10-01,0.08729665364860639,False,False,0.08729671678428974,0.08729670513015719,0.08729671678428974,0.08729671678428974,4,4,6.313568334803676e-08
LUPIN,2014-09-01,2014-11-03,0.05388223538821113,False,False,0.05388223436833739,0.05388223538821113,0.05388223436833739,0.05388223436833739,4,4,-1.019873741014976e-09
ATUL,2014-08-01,2014-11-03,0.13934852021270894,False,False,,0.13934852021270894,0.13934847835405062,0.13934847835405062,3,3,
GHCL,2014-09-01,2014-11-03,-0.05297647432039809,False,False,-0.05297651556526484,-0.052976580467983925,-0.05297651556526484,-0.05297651556526484,4,4,-4.124486674417227e-08
SUNDARMFIN,2014-10-01,2014-11-03,0.005111864316443393,False,False,0.005111845645322299,0.005111752196270247,0.005111845645322299,0.005111845645322299,4,4,-1.867112109366076e-08
CARERATING,2014-10-01,2014-11-03,-0.1134651142823433,False,False,-0.1134651445866367,-0.1134651142823433,-0.1134651445866367,-0.1134651445866367,4,4,-3.0304293408001115e-08
CENTURYPLY,2014-10-01,2014-11-03,0.23219006036817302,False,False,0.23218997361477567,0.23219006036817302,0.23218997361477567,0.23218997361477567,4,4,-8.675339735475518e-08
GUJFLUORO,2014-10-01,2014-12-01,0.10007403501260903,False,False,,,,0.10007407407407398,1,1,
TVSMOTOR,2014-01-01,2014-12-01,2.222903869314866,False,False,2.222903885480573,2.222903869314866,2.222903885480573,2.222903885480573,4,4,1.616570699525255e-08
EMAMILTD,2014-11-03,2014-12-01,-0.037427484819260726,False,False,-0.03742748424926701,-0.037427484819260726,-0.03742981908920773,-0.037427017316233324,4,4,5.699937188907711e-10
GABRIEL,2014-11-03,2014-12-01,0.06171362150046655,False,False,0.061713600958657855,0.06171362150046655,0.061713600958657855,0.061713600958657855,4,4,-2.05418086984821e-08
KITEX,2014-10-01,2015-01-01,0.04030382194234683,False,False,0.03988257920842009,0.04030382194234683,0.04040833687792422,0.04031983667914263,4,4,-0.00042124273392674105
SRF,2014-04-01,2015-01-01,1.5231034360059974,False,False,1.5328246472790097,1.5231034360059974,1.5241180705543558,1.5231034979127682,4,4,0.009721211273012287
CIPLA,2014-10-01,2015-01-01,0.006567414225952861,False,False,0.006567355438090727,0.006567414225952861,0.006567355438090727,0.006567355438090727,4,4,-5.8787862133868884e-08
JKTYRE,2014-12-01,2015-01-01,0.05588324593751781,False,False,0.05588329081632648,0.05588324593751781,0.05579912315663593,0.05588329081632648,4,4,4.4878808669324144e-08
WELSPUNLIV,2014-12-01,2015-01-01,-0.11891755158384942,False,False,-0.11891747766964411,-0.11891755158384942,-0.1186666666666667,-0.1189016262330046,4,4,7.391420531188686e-08
PFS,2014-06-02,2015-02-02,1.206293623513527,False,False,1.2062937062937062,1.206293623513527,1.2062937062937062,1.2062937062937062,4,4,8.278017915586133e-08
TORNTPHARM,2014-09-01,2015-02-02,0.3670702559167036,False,False,0.36707030544008656,0.3670702559167036,0.36698795180722876,0.3670538339197067,4,4,4.9523382950056316e-08
JKLAKSHMI,2014-06-02,2015-02-02,1.0769832960862802,False,False,1.076983298538622,1.0769832960862802,1.076983298538622,1.076983298538622,4,4,2.4523418851174483e-09
ACLGATI,2014-11-03,2015-02-02,0.23748180276253072,False,False,,,0.23748176956733125,0.23748176956733125,2,2,
NBCC,2014-10-01,2015-02-02,0.3365038574953485,False,False,0.3365038945476353,0.33650394340985557,0.3372681281618888,0.33653522076171205,4,4,3.70522867942924e-08
SHASUNPHAR,2015-01-01,2015-02-02,-0.013624432826146338,False,False,,,,-0.013624454148471576,1,1,
MARUTI,2014-09-01,2015-03-02,0.27418631178101704,False,False,,0.27418631178101704,0.27418634990387236,0.27418634990387236,3,3,
AUROPHARMA,2013-12-02,2015-03-02,2.5736355422828954,False,False,2.573635765943458,2.5736355422828954,2.573635765943458,2.573635765943458,4,4,2.2366056251499344e-07
REPCOHOME,2015-01-01,2015-03-02,-0.031844345224693815,False,False,-0.03184438040345827,-0.031844345224693815,-0.03184438040345827,-0.03184438040345827,4,4,-3.517876445702228e-08
WHIRLPOOL,2014-11-03,2015-03-02,0.32888798528500907,False,False,0.328888017258286,0.32888798528500907,0.328888017258286,0.328888017258286,4,4,3.1973276914953885e-08
STAR,2015-01-01,2015-03-02,-0.023102128938300215,False,False,,-0.02310211868874923,-0.02310213850876741,-0.02310213850876741,3,3,
ZFCVINDIA,2015-02-02,2015-03-02,-0.03005431217360044,False,False,-0.030054334450313025,-0.03005431217360044,-0.030044868518202983,-0.030054334450313358,4,4,-2.227671258570041e-08
KANSAINER,2015-02-02,2015-03-02,0.011815550579906242,False,False,0.011815574296844877,0.011815550579906242,0.011556982343499334,0.011815321389584632,4,4,2.3716938635232054e-08
AXISBANK,2015-01-01,2015-04-01,0.13239248233219936,False,False,0.13239240632143923,0.13239248233219936,0.13239240632143923,0.13239240632143923,4,4,-7.601076013052932e-08
MRF,2015-02-02,2015-04-01,-0.016441540842776603,False,False,-0.016440318064955606,-0.016441540842776603,-0.016441540842776603,-0.016441540842776603,4,4,1.2227778209972229e-06
EICHERMOT,2014-08-01,2015-04-01,0.9052687612149741,False,False,0.9052687916270221,0.9052687612149741,0.9052687916270221,0.9052687916270221,4,4,3.041204799103525e-08
SHREECEM,2014-06-02,2015-04-01,0.5853159192486708,False,False,0.5853159133469836,0.5853159192486708,0.5853159133469836,0.5853159133469836,4,4,-5.9016871389871994e-09
PGHH,2015-03-02,2015-04-01,0.020708224451443602,False,False,0.020708210873052968,0.020708224451443602,0.020708210873052968,0.020708210873052968,4,4,-1.3578390634094717e-08
BEL,2015-03-02,2015-04-01,-0.04058215282439703,False,False,,-0.04058205333812537,-0.040760869565217406,-0.0405838860497989,3,3,
SUNDARMFIN,2015-03-02,2015-04-01,-0.025197456277385788,False,False,-0.025197502548419903,-0.025197537951943016,-0.025197502548419903,-0.025197502548419903,4,4,-4.627103411536382e-08
LUPIN,2015-03-02,2015-05-04,0.009961337210526722,False,False,0.009961323353459894,0.009961337210526722,0.009961323353459894,0.009961323353459894,4,4,-1.3857066827327458e-08
WOCKPHARMA,2015-03-02,2015-05-04,-0.13692484816699813,False,False,-0.13692483738858252,-0.13692489184746326,-0.1369248373885812,-0.1369248373885812,4,4,1.0778415604484337e-08
CENTURYPLY,2014-12-01,2015-05-04,0.2715974772998335,False,False,0.271597453773871,0.2715974772998335,0.271597453773871,0.271597453773871,4,4,-2.3525962511428133e-08
BOSCHLTD,2014-12-01,2015-05-04,0.21176019092095943,False,False,0.2117660239652579,0.21176019092095943,0.21176012398733457,0.21176012398733457,4,4,5.833044298464429e-06
PIDILITIND,2015-01-01,2015-05-04,0.05298129373862093,False,False,0.052981338188438754,0.05298129373862093,0.05316824471959203,0.052980373593562335,4,4,4.444981782647517e-08
TATAELXSI,2015-03-02,2015-05-04,-0.008757843540600607,False,False,-0.008757927434315582,-0.008757843540600607,-0.008800690250215792,-0.008766480292676238,4,4,-8.389371497496967e-08
INDUSINDBK,2014-11-03,2015-05-04,0.18867397433609945,False,False,0.18867391611354334,0.18867397433609945,0.18867391611354334,0.18867391611354334,4,4,-5.822255610965499e-08
BAJFINANCE,2015-02-02,2015-05-04,0.007824250858721848,False,False,0.007824331145885877,0.007824250858721848,0.007211538461538325,0.007932692307692335,4,4,8.028716402819214e-08
GILLETTE,2015-04-01,2015-05-04,-0.10365190343517294,False,False,-0.10365194328266858,-0.10365190343517294,-0.10365194328266858,-0.10365194328266858,4,4,-3.9847495636458063e-08
HEXAWARE,2015-04-01,2015-05-04,-0.10565071027744277,False,False,-0.10565071234192414,,,-0.10565071234192414,2,2,-2.0644813636394588e-09
SPARC,2015-04-01,2015-05-04,-0.19507352932200683,False,False,-0.19507278029112118,-0.19507352781856124,-0.19507350019864922,-0.19507644155531478,4,4,7.490308856494821e-07
STAR,2015-04-01,2015-05-04,-0.10528509399730734,False,False,,-0.10528509406657016,-0.1052851124181371,-0.1052851124181371,3,3,
DYNAMATECH,2015-04-01,2015-05-04,-0.1495963557907667,False,False,-0.14959635765390056,-0.1495963557907667,-0.14959635765390056,-0.14959635765390056,4,4,-1.863133869406397e-09
IFBIND,2015-04-01,2015-05-04,-0.042544654475932586,False,False,-0.042544635676371345,-0.042544654475932586,-0.042544635676371345,-0.042544635676371345,4,4,1.879956124106741e-08
BHARATFORG,2014-07-01,2015-06-01,0.8598345562025063,False,False,0.8598345588235294,0.8598345562025063,0.8598345588235294,0.8598345588235294,4,4,2.6210231762746616e-09
CENTRALBK,2015-02-02,2015-06-01,0.01636185681690061,False,False,0.016361886429258732,0.01636185681690061,0.016361886429258732,0.016361886429258732,4,4,2.9612358121156035e-08
ASHOKLEY,2015-02-02,2015-06-01,0.08932617144409583,False,False,0.08932626797880405,0.08932617144409583,0.09090909090909083,0.08931274598849526,4,4,9.653470822712507e-08
ADVANTA,2015-05-04,2015-06-01,0.06618042798980772,False,False,,,,0.06618041402981878,1,1,
CANFINHOME,2015-05-04,2015-06-01,-0.0696102984591257,False,False,-0.06961031870606693,-0.0696102984591257,-0.06960081883316283,-0.06961031870606693,4,4,-2.024694123470283e-08
LAKSHVILAS,2015-05-04,2015-06-01,-0.04668895854775368,False,False,,,,-0.046717431570281964,1,1,
GSKCONS,2015-05-04,2015-06-01,-0.015022866201607088,False,False,,,,-0.015022865972623256,1,1,
THOMASCOOK,2015-05-04,2015-07-01,-0.029753141223885726,False,False,-0.029753112470985332,-0.029753148228644166,-0.029753112470985332,-0.029753112470985332,4,4,2.8752900393946845e-08
ZFCVINDIA,2015-04-01,2015-07-01,-0.08129712151551793,False,False,-0.08129710960799652,-0.08129712151551793,-0.081322194719472,-0.08129710960799641,4,4,1.190752141333462e-08
PIIND,2015-05-04,2015-07-01,0.014201274808798292,False,False,0.010817031070195604,0.014201274808798292,0.014201274276502751,0.014201274276502751,4,4,-0.003384243738602688
SIEMENS,2015-03-02,2015-07-01,-0.01206967718360652,False,False,,-0.01206970030260024,-0.012069704327953179,-0.012069704327953179,3,3,
STAR,2015-06-01,2015-07-01,-0.06454261057431487,False,False,,-0.06454256065620678,-0.06454251707636316,-0.06454251707636316,3,3,
ZYDUSLIFE,2015-06-01,2015-07-01,-0.02357379195605569,False,False,-0.02357379856577113,-0.02357379195605569,-0.023548300776023545,-0.02357379856577113,4,4,-6.6097154416411286e-09
NATCOPHARM,2015-06-01,2015-07-01,0.060017090030173526,False,False,0.06001711557517164,0.0600171006748107,0.06001576399054165,0.06002638522427439,4,4,2.554499811679989e-08
CASTEXTECH,2015-06-01,2015-08-03,-0.07300275482093666,False,False,,,,-0.07300275482093666,1,1,
KITEX,2015-05-04,2015-08-03,-0.044705691724418406,False,False,-0.04656160458452585,-0.044705691724418406,-0.04462271245926286,-0.044672850338430714,4,4,-0.0018559128601074448
EICHERMOT,2015-06-01,2015-08-03,0.01625315871123023,False,False,0.016253148648144977,0.01625315871123023,0.016242411332410223,0.016253148648144977,4,4,-1.0063085253975146e-08
UPL,2015-05-04,2015-08-03,0.08880621606940364,False,False,,0.08880624823728978,0.08870116156283014,0.0888010292133421,3,3,
MARICO,2015-05-04,2015-08-03,0.1132706876491214,False,False,0.11327069120864985,0.1132706876491214,0.11328527291452106,0.11326777531792209,4,4,3.559528449770255e-09
INDUSTOWER,2015-05-04,2015-08-03,0.19795613076832685,False,False,0.1979560938682816,0.19795613076832685,0.1979560938682816,0.1979560938682816,4,4,-3.6900045241594626e-08
PAGEIND,2015-05-04,2015-08-03,-0.02671653548742914,False,False,-0.026719982862651315,-0.02671653548742914,-0.02671650796711056,-0.02671650796711056,4,4,-3.4473752221764187e-06
GLENMARK,2015-07-01,2015-08-03,-0.027845964311728366,False,False,-0.027845987624005475,-0.027845964311728366,-0.027845987624005475,-0.027845987624005475,4,4,-2.3312277108722412e-08
BRITANNIA,2014-11-03,2015-09-01,0.9366794834293715,False,False,0.9366794854793794,0.9366794834293715,0.9366794854793794,0.9366794854793794,4,4,2.050007941178933e-09
BAJFINANCE,2015-07-01,2015-09-01,-0.10242443715313487,False,False,-0.1024244298133935,-0.10242443715313487,-0.10272727272727267,-0.10240087304474343,4,4,7.339741370238073e-09
SRF,2015-07-01,2015-09-01,-0.07790581684641829,False,False,-0.08271465461588123,-0.07790581684641829,-0.07782494441075405,-0.07790580149585602,4,4,-0.004808837769462948
WELCORP,2015-07-01,2015-09-01,-0.04594593219928911,False,False,-0.04594594594594592,-0.04594593219928911,-0.04594594594594592,-0.04594594594594592,4,4,-1.3746656812863023e-08
MARUTI,2015-07-01,2015-09-01,0.007379021345909509,False,False,,0.007379021345909509,0.0073790212565418845,0.0073790212565418845,3,3,
EMAMILTD,2015-06-01,2015-09-01,0.03375940839852354,False,False,0.033759365359189,0.03375940839852354,0.033759365359189,0.033759365359189,4,4,-4.303933454075093e-08
EROSMEDIA,2015-07-01,2015-09-01,-0.12512501745526738,False,False,-0.12512503410020914,-0.12512501745526738,-0.12512503410020914,-0.12512503410020914,4,4,-1.6644941758237053e-08
AJANTPHARM,2015-05-04,2015-09-01,0.14826256829880857,False,False,0.1482626064671737,0.14826256829880857,0.14828424444570065,0.14826260646717415,4,4,3.816836513514943e-08
BEML,2015-08-03,2015-09-01,-0.20423900414843932,False,False,,-0.2042390004651583,-0.20427124330601987,-0.20423253113104078,3,3,
OSWALGREEN,2015-08-03,2015-09-01,-0.043518490261501785,False,False,-0.04351851851851851,-0.043518490261501785,-0.04351851851851851,-0.04351851851851851,4,4,-2.8257016726485062e-08
KPRMILL,2015-08-03,2015-10-01,0.010059360072807388,False,False,0.010059356451108892,0.010059360072807388,0.010624999999999885,0.0099962514057228,4,4,-3.6216984966586097e-09
HINDPETRO,2015-08-03,2015-10-01,-0.1459604885979573,False,False,-0.1459605125666812,-0.1459604885979573,-0.1458797327394209,-0.14596480807780832,4,4,-2.3968723894540744e-08
TNPL,2015-08-03,2015-10-01,-0.07162748132970742,False,False,,-0.07162748132970742,-0.07162743609212863,-0.07162743609212863,3,3,
VTL,2015-09-01,2015-10-01,0.0547640804896794,False,False,0.05546045874700445,0.0547640804896794,0.05470085470085473,0.05476407567814001,4,4,0.0006963782573250477
ZFCVINDIA,2015-09-01,2015-10-01,0.04072662323919918,False,False,0.04072668440788041,0.04072662323919918,0.0407348605125879,0.040726684407886626,4,4,6.116868123129393e-08
OFSS,2015-09-01,2015-10-01,-0.04022543280355528,False,False,-0.04022546758903389,-0.04022543280355528,-0.04022546758903389,-0.04022546758903389,4,4,-3.478547860868986e-08
AARTIIND,2015-09-01,2015-11-02,0.23164582478886442,False,False,0.2287119213240585,0.23164583699310248,0.23176583493282132,0.2316698656429943,4,4,-0.0029339034648059314
WELSPUNLIV,2015-05-04,2015-11-02,0.4726613996109632,False,False,0.47266136340751186,0.4726613996109632,0.47230614300100693,0.4726137736608942,4,4,-3.6203451347915916e-08
CHENNPETRO,2015-07-01,2015-11-02,0.2780666735811217,False,False,0.2780666870602633,0.2780666735811217,0.2780666870602633,0.2780666870602633,4,4,1.3479141580674536e-08
APLLTD,2015-06-01,2015-11-02,0.25498530806189246,False,False,0.2549852289512555,0.25498530806189246,0.2549852289512555,0.2549852289512555,4,4,-7.911063693022413e-08
GLENMARK,2015-09-01,2015-11-02,-0.12494441974210757,False,False,-0.12494441974210757,-0.12494441974210757,-0.12494441974210757,-0.12494441974210757,4,4,0.0
CEATLTD,2015-10-01,2015-11-02,-0.1219018647044392,False,False,-0.12190181124880839,-0.1219018647044392,-0.12190181124880839,-0.12190181124880839,4,4,5.3455630810717025e-08
MARUTI,2015-10-01,2015-11-02,-0.01847022516893182,False,False,,-0.01847022516893182,-0.01847020424203394,-0.01847020424203394,3,3,
DISHMAN,2015-10-01,2015-12-01,-0.0867418899858956,False,False,,,,-0.08671368124118484,1,1,
BRITANNIA,2015-10-01,2015-12-01,-0.048466150662783036,False,False,-0.04846932240297175,-0.048466150662783036,-0.04848213142052005,-0.048462917894197544,4,4,-3.1717401887121355e-06
FDC,2015-10-01,2015-12-01,0.011627919502791517,False,False,0.011627906976744207,0.011627919502791517,0.011627906976744207,0.011627906976744207,4,4,-1.2526047310501554e-08
DIVISLAB,2015-09-01,2015-12-01,-0.009980016346972875,False,False,-0.009979952932973157,-0.009980016346972875,-0.009979952932973157,-0.009979952932973157,4,4,6.341399971798722e-08
DRREDDY,2015-09-01,2015-12-01,-0.24433410941008804,False,False,-0.2443340942787886,-0.24433410941008804,-0.24429277477053413,-0.2443340942787886,4,4,1.5131299435644507e-08
TORNTPHARM,2015-09-01,2015-12-01,-0.10218243026328766,False,False,-0.10218241838855602,-0.10218243026328766,-0.10221298447242944,-0.10217630517178133,4,4,1.1874731642436132e-08
SANOFI,2015-11-02,2015-12-01,-0.004420723410080596,False,False,,-0.004420707101186805,-0.004420684692094001,-0.004420684692094001,3,3,
CEMPRO,2015-11-02,2015-12-01,-0.04094412211029341,False,False,-0.040944123314065495,-0.04094412211029341,-0.040944123314065495,-0.040944123314065495,4,4,-1.2037720820146092e-09
MHRIL,2015-11-02,2015-12-01,0.140907874846103,False,False,0.14090786273980127,0.140907874846103,0.14072948328267487,0.1409204206942669,4,4,-1.2106301738867842e-08
KAJARIACER,2015-11-02,2015-12-01,0.06449442071368439,False,False,0.06449441983063209,0.06449442071368439,0.06449803701626466,0.06449369644219116,4,4,-8.83052297950826e-10
KCP,2015-11-02,2015-12-01,-0.09260241863589502,False,False,,-0.09260241863589502,-0.09260244811069718,-0.09260244811069718,3,3,
GHCL,2015-10-01,2016-01-01,-0.03452031117773735,False,False,-0.034520348837209336,-0.03452034730599218,-0.034520348837209336,-0.034520348837209336,4,4,-3.765947198530739e-08
ASHOKLEY,2015-09-01,2016-01-01,0.015437463128953999,False,False,0.015437392795883298,0.015437463128953999,0.016018306636155444,0.015321289732449062,4,4,-7.033307070081207e-08
FEL,2015-12-01,2016-01-01,-0.07689933792325754,False,False,,-0.0768993046176547,-0.0768993205682521,-0.0768993205682521,3,3,
BALRAMCHIN,2015-12-01,2016-01-01,-0.010323468468652952,False,False,-0.010323468685478288,-0.010323468468652952,-0.010323468685478288,-0.010323468685478288,4,4,-2.1682533546396598e-10
KRBL,2015-12-01,2016-01-01,-0.043213772972527265,False,False,-0.04321376127543519,-0.043213772972527265,-0.04321376127543519,-0.04321376127543519,4,4,1.169709207271552e-08
TVSMOTOR,2015-12-01,2016-01-01,-0.05753740046418021,False,False,-0.05753739930955126,-0.05753740046418021,-0.05753739930955126,-0.05753739930955126,4,4,1.1546289480079963e-09
TNPL,2015-12-01,2016-02-01,0.07741118242063516,False,False,,0.07741118242063516,0.07741116751269028,0.07741116751269028,3,3,
GODFRYPHLP,2015-11-02,2016-02-01,0.3871317318520915,False,False,0.38713183349635805,0.3871317318520915,0.38718617541571576,0.38712096511248784,4,4,1.0164426655911996e-07
FCONSUMER,2015-12-01,2016-02-01,0.06458792010308012,False,False,0.06458797327394206,0.06458792010308012,0.06458797327394206,0.06458797327394206,4,4,5.3170861935569746e-08
NIITLTD,2015-08-03,2016-02-01,0.04929143779759371,False,False,0.04929143561306226,0.0492914346862261,0.04929143561306226,0.04929143561306226,4,4,-2.184531444626714e-09
JUBLPHARMA,2015-09-01,2016-02-01,0.023269103664861568,False,False,0.02326909350463957,0.023269147306478777,0.02326909350463957,0.02326909350463957,4,4,-1.0160221997068675e-08
TRIDENT,2015-12-01,2016-02-01,-0.06282268067347796,False,False,,-0.06282268067347796,-0.06034482758620685,-0.061962134251290824,3,3,
ZENSARTECH,2015-12-01,2016-02-01,-0.1478227369075762,False,False,-0.14782278360795853,-0.1478227369075762,-0.14791073124406462,-0.14782278360795853,4,4,-4.670038233900442e-08
HIMATSEIDE,2015-08-03,2016-02-01,0.19312163236922797,False,False,0.19312169312169303,0.19312163236922797,0.19312169312169303,0.19312169312169303,4,4,6.07524650586555e-08
FSL,2015-12-01,2016-02-01,-0.1807094897322049,False,False,,0.0,-0.1807095343680709,-0.1807095343680709,3,2,
BAJAJFINSV,2015-11-02,2016-02-01,-0.05662143332359282,False,False,-0.0566214437582262,-0.05662143332359282,-0.056694507719564746,-0.05659613242887507,4,4,-1.043463337957462e-08
WELSPUNLIV,2015-12-01,2016-02-01,-0.02500281069056287,False,False,-0.02500288716941912,-0.02500281069056287,-0.02540415704387977,-0.02494514378103707,4,4,-7.647885624795236e-08
GAYAPROJ,2016-01-01,2016-02-01,-0.1542578389231699,False,False,-0.15236755743084862,-0.15425778164643678,-0.15418060200668893,-0.15425780988694893,4,4,0.0018902814923212885
HERITGFOOD,2016-01-01,2016-02-01,-0.14462954858558175,False,False,-0.1446295332292169,-0.14462954858558175,-0.14454277286135686,-0.14466397757571625,4,4,1.535636484639724e-08
RELINFRA,2016-01-01,2016-02-01,-0.22146174531976126,False,False,-0.221461765948458,-0.22146174531976126,-0.221461765948458,-0.221461765948458,4,4,-2.062869675079071e-08
PETRONET,2015-12-01,2016-03-01,0.03775167881886721,False,False,0.03775167785234901,0.03775167881886721,0.03775167785234901,0.03775167785234901,4,4,-9.665181988083305e-10
BERGEPAINT,2016-01-01,2016-03-01,-0.11006892728912954,False,False,-0.11006891271056529,-0.11006892728912954,-0.10968156963653897,-0.11011062516079229,4,4,1.4578564244693837e-08
KAJARIACER,2016-01-01,2016-03-01,-0.10587397057152281,False,False,-0.10587396925582815,-0.10587397057152281,-0.10587396925582815,-0.10587396925582815,4,4,1.3156946643277934e-09
TATAELXSI,2015-08-03,2016-03-01,-0.004884709605402993,False,False,-0.004884682634398119,-0.004884709605402993,-0.004884547069271772,-0.004884655520770886,4,4,2.6971004873921345e-08
MTEDUCARE,2016-01-01,2016-03-01,-0.19373992749069668,False,False,-0.19373988127361041,-0.19373992749069668,-0.19373988127361041,-0.19373988127361041,4,4,4.6217086269173535e-08
IGL,2016-02-01,2016-03-01,-0.05612698971066754,False,False,-0.056126972867529656,-0.05612698971066754,-0.05673758865248224,-0.05603830466394755,4,4,1.6843137884414716e-08
BAJFINANCE,2016-02-01,2016-03-01,0.034265329800066135,False,False,0.03426534402771875,0.034265329800066135,0.03499999999999992,0.03431617524571062,4,4,1.4227652611609187e-08
CANFINHOME,2016-02-01,2016-03-01,-0.055584523457808066,False,False,-0.05558456353538699,-0.055584523457808066,-0.055542368858295776,-0.05558456353538699,4,4,-4.0077578922215196e-08
SREINFRA,2016-02-01,2016-03-01,-0.1723856062996857,False,False,,,,-0.17238562091503273,1,1,
DISHMAN,2016-02-01,2016-03-01,-0.038092327300390694,False,False,,,,-0.03809238152369521,1,1,
RAMCOCEM,2016-02-01,2016-03-01,-0.05009080821289591,False,False,-0.050090838307812136,-0.05009080821289591,-0.050090838307812136,-0.050090838307812136,4,4,-3.009491622574245e-08
HFCL,2016-02-01,2016-03-01,-0.16009275998755934,False,False,-0.16009280742459397,-0.16009275998755934,-0.16009280742459397,-0.16009280742459397,4,4,-4.743703463372384e-08
TV18BRDCST,2016-02-01,2016-03-01,-0.17096016643157586,False,False,,,,-0.17096018735363006,1,1,
LITL,2016-02-01,2016-03-01,-0.13333336512247718,False,False,,,,-0.1333333333333333,1,1,
POWERGRID,2016-02-01,2016-03-01,-0.08858603066439519,False,False,,-0.08858609852668131,-0.08903694730466383,-0.08867353119321619,3,3,
VAKRANGEE,2016-02-01,2016-04-01,0.04296565982830969,False,False,0.04296567985328803,0.0429655956900894,0.042976939203354325,0.0429634286911873,4,4,2.0024978342192412e-08
RAJESHEXPO,2015-05-04,2016-04-01,1.5858480749219561,False,False,1.5858480749219561,1.5858480749219561,1.5858480749219561,1.5858480749219561,4,4,0.0
NDTV,2016-03-01,2016-04-01,-0.10346282374802274,False,False,-0.10346283783783838,-0.10346283650446153,-0.10346283783783783,-0.10343726721294033,4,4,-1.4089815647544413e-08
APOLLOHOSP,2016-03-01,2016-04-01,-0.09901817047480066,False,False,-0.09901816724552492,-0.09901817047480066,-0.09901816724552492,-0.09901816724552492,4,4,3.229275735705528e-09
EICHERMOT,2016-03-01,2016-04-01,0.003633154362928659,False,False,0.0036331602760575343,0.003633154362928659,0.0036227162553104097,0.0036331602760575343,4,4,5.913128875434381e-09
PIDILITIND,2016-03-01,2016-04-01,0.006666708400106858,False,False,0.006666666666666599,0.006666708400106858,0.006666666666666599,0.006666666666666599,4,4,-4.173344025915071e-08
HINDUNILVR,2016-03-01,2016-04-01,0.052963643084861456,False,False,0.05296365952799853,0.05296361352405432,0.05296365952799853,0.05296365952799853,4,4,1.644313707416245e-08
M&M,2016-03-01,2016-04-01,-0.05748760020311361,False,False,,-0.05748760020311361,-0.05748757984386077,-0.05748757984386077,3,3,
NHPC,2016-03-01,2016-05-02,0.02933977759103268,False,False,0.02933985330073363,0.02933977759103268,0.02933985330073363,0.02933985330073363,4,4,7.570970095294172e-08
TORNTPOWER,2016-02-01,2016-05-02,-0.01867784658233862,False,False,-0.018677859391395546,-0.01867784658233862,-0.018677859391395546,-0.018677859391395546,4,4,-1.2809056926244011e-08
KANSAINER,2016-03-01,2016-05-02,0.06363966687426292,False,False,0.06363967906637291,0.06363966687426292,0.06373085339168472,0.06362144420131277,4,4,1.21921099882627e-08
ULTRACEMCO,2016-04-01,2016-05-02,-0.008614993269119742,False,False,-0.008615038861316537,-0.008614993269119742,-0.008615038861316537,-0.008615038861316537,4,4,-4.5592196795674056e-08
GEOMETRIC,2016-04-01,2016-05-02,0.06935232239384792,False,False,,,,0.06935237123916371,1,1,
HEROMOTOCO,2016-04-01,2016-05-02,-0.015824859083775844,False,False,-0.01582487589163184,-0.015824859083775844,-0.01582487589163184,-0.01582487589163184,4,4,-1.680785599589285e-08
IGL,2016-04-01,2016-05-02,0.03495388927198295,False,False,0.03495386799148337,0.03495388927198295,0.034605146406388565,0.03495386799148337,4,4,-2.1280499584719337e-08
PERSISTENT,2016-04-01,2016-05-02,-0.0021589200359539706,False,False,-0.0021589529078397396,-0.0021589200359539706,-0.0021589529078397396,-0.0021588946459413227,4,4,-3.287188576894806e-08
RENUKA,2016-04-01,2016-05-02,-0.09698995503441488,False,False,-0.09698996655518388,-0.09698995503441488,-0.09698996655518388,-0.09698996655518388,4,4,-1.152076900545751e-08
MARICO,2016-03-01,2016-06-01,0.0670201614072441,False,False,0.06702014846235427,0.0670201614072441,0.06702014846235427,0.06702014846235427,4,4,-1.2944889826727035e-08
TATASTEEL,2016-04-01,2016-06-01,0.04531861984214691,False,False,0.0454831602140402,0.04531864185708567,0.045669291338582774,0.04503002001334222,4,4,0.00016454037189328474
PETRONET,2016-04-01,2016-06-01,0.10305728796415492,False,False,0.10305729904839023,0.10305728796415492,0.103280680437424,0.10301263362487845,4,4,1.1084235307379231e-08
TVSMOTOR,2016-04-01,2016-06-01,-0.10984438526377516,False,False,-0.10984439993837636,-0.10984438526377516,-0.10984439993837636,-0.10984439993837636,4,4,-1.4674601200859172e-08
ASHOKLEY,2016-04-01,2016-06-01,-0.05260773743090985,False,False,-0.05260770975056683,-0.05260773743090985,-0.05263157894736836,-0.0526029385089789,4,4,2.7680343017699727e-08
HEIDELBERG,2016-05-02,2016-06-01,0.078288097714861,False,False,0.07828810020876831,0.078288097714861,0.07828810020876831,0.07828810020876831,4,4,2.4939073028917846e-09
COROMANDEL,2016-05-02,2016-06-01,0.015775662364851506,False,False,,0.015775662364851506,0.015775635407537347,0.015775635407537347,3,3,
ATUL,2016-05-02,2016-07-01,0.1722162921969288,False,False,,0.1722162921969288,0.17221627563861497,0.17221627563861497,3,3,
INDUSINDBK,2016-06-01,2016-07-01,0.017757622274914953,False,False,0.017757644394110983,0.017757622274914953,0.017757644394110983,0.017757644394110983,4,4,2.2119196030345734e-08
FINCABLES,2016-06-01,2016-08-01,0.1538572624297867,False,False,0.15385720442465156,0.1538572624297867,0.15385720442465156,0.15385720442465156,4,4,-5.800513513953831e-08
SUPREMEIND,2016-06-01,2016-08-01,0.00635367711520729,False,False,0.006353650656902854,0.00635367711520729,0.006353650656902854,0.006353650656902854,4,4,-2.645830443626096e-08
EIDPARRY,2016-04-01,2016-08-01,0.18777091052953265,False,False,0.18777093315080995,0.18777091052953265,0.18777093315080995,0.18777093315080995,4,4,2.262127729579788e-08
M&MFIN,2016-05-02,2016-08-01,0.0928331345692257,False,False,,0.09283310715429316,0.09283309283309271,0.09284437462759332,3,3,
EMBDL,2016-06-01,2016-08-01,-0.0836633361212098,False,False,-0.08366336633663374,-0.0836633361212098,-0.08366336633663374,-0.08366336633663374,4,4,-3.021542394066046e-08
GRASIM,2016-05-02,2016-09-01,0.13093416974449257,False,False,0.13093410305226238,0.13093408296546483,0.13093410305226305,0.13093410305226305,4,4,-6.669223018285209e-08
BHARATFIN,2016-07-01,2016-09-01,0.09600605725253164,False,False,,,,0.09600598761652024,1,1,
RAMCOCEM,2016-05-02,2016-09-01,0.2411176758649758,False,False,0.24111758882411172,0.2411176758649758,0.24111758882411172,0.24111758882411172,4,4,-8.70408640718523e-08
OMAXE,2016-04-01,2016-09-01,0.10481099656357395,False,False,0.10481099656357395,0.10481099656357395,0.10481099656357395,0.10481099656357395,4,4,0.0
BALRAMCHIN,2016-02-01,2016-09-01,0.12755649385883028,False,False,0.12755651237890198,0.12755649385883028,0.12755651237890198,0.12755651237890198,4,4,1.8520071698446827e-08
CUB,2016-08-01,2016-09-01,0.03046869147631126,False,False,0.0304687499999996,0.03046869147631126,0.030895334174022793,0.03048011917039095,4,4,5.852368833991761e-08
HINDPETRO,2016-08-01,2016-09-01,-0.045425905277523215,False,False,-0.045425867507884576,-0.045425905277523215,-0.04551503859462325,-0.045408570668086234,4,4,3.776963863888483e-08
ASIANPAINT,2016-08-01,2016-09-01,0.032161589769486465,False,False,0.03216165581229369,0.032161589769486465,0.03216165581229369,0.03216165581229369,4,4,6.604280722299904e-08
YESBANK,2016-06-01,2016-10-03,0.24791237236841535,False,False,0.2479123686020237,0.24791237236841535,0.24778978388998052,0.2479123686020237,4,4,-3.766391643011957e-09
CAPF,2016-06-01,2016-10-03,0.305278309012754,False,False,,,,0.30527830231094333,1,1,
HINDALCO,2016-09-01,2016-10-03,-0.021587262834821375,False,False,-0.0215873015873016,-0.021587262834821375,-0.0215873015873016,-0.0215873015873016,4,4,-3.875248022477962e-08
INDIANB,2016-09-01,2016-10-03,0.0008944407101205698,False,False,0.0008944543828266482,0.0008944407101205698,0.0008944543828266482,0.0008944543828266482,4,4,1.3672706078438068e-08
INDIACEM,2016-09-01,2016-10-03,-0.001323168748383563,False,False,-0.0013231888852134333,-0.001323168748383563,-0.0013231888852134333,-0.0013231888852134333,4,4,-2.013682987023202e-08
FINCABLES,2016-09-01,2016-10-03,0.010215752128331257,False,False,0.010215794306703385,0.010215752128331257,0.010215794306703385,0.010215794306703385,4,4,4.2178372128276465e-08
BIOCON,2016-05-02,2016-11-01,0.5225907940035557,False,False,0.5225957455213417,0.5225907940035557,0.5229629629629629,0.5226150503653959,4,4,4.95151778601155e-06
PEL,2016-06-01,2016-11-01,0.23692774130954497,False,False,,,0.2369277577301352,0.23692478150262075,2,2,
CHOLAFIN,2016-05-02,2016-11-01,0.37076203031638655,False,False,0.3707620894294612,0.37076203031638655,0.37074030552291437,0.3707620894294612,4,4,5.911307465744642e-08
JSWSTEEL,2016-02-01,2016-11-01,0.5828850868885309,False,False,0.5828851553947931,0.5828850868885309,0.5830556877677298,0.5828098229583094,4,4,6.850626221854839e-08
BAJFINANCE,2016-04-01,2016-11-01,0.5424209302436513,False,False,0.5424209378407849,0.5424209302436513,0.5421511627906976,0.542308810700785,4,4,7.597133588888028e-09
TVSSRICHAK,2016-10-03,2016-11-01,-0.004336644173402626,False,False,-0.004336669232743118,-0.004336644173402626,-0.004336669232743118,-0.004336669232743118,4,4,-2.5059340491573323e-08
LAKSHVILAS,2016-10-03,2016-11-01,-0.02025325359729424,False,False,,,,-0.020300751879699264,1,1,
AJANTPHARM,2016-10-03,2016-11-01,-0.044958360030108,False,False,-0.04495831442154252,-0.044958360030108,-0.04493496255419771,-0.04495831442153797,4,4,4.560856547985992e-08
KAJARIACER,2016-10-03,2016-11-01,-0.08712601866365155,False,False,-0.08712595187873151,-0.08712601866365155,-0.08709331426528422,-0.08713247912138189,4,4,6.678492003864278e-08
DALMIABHA,2016-08-01,2016-12-01,0.10501366379874733,False,False,,,,0.10501366734715067,1,1,
VGUARD,2016-07-01,2016-12-01,0.210232185719186,False,False,0.21023376472252298,0.210232185719186,0.21013039117352061,0.21015146955562236,4,4,1.579003336971141e-06
IDFCFIRSTB,2016-10-03,2016-12-01,-0.1376030270651446,False,False,-0.13760304375396315,-0.1376030270651446,-0.13760304375396315,-0.13760304375396315,4,4,-1.6688818549326356e-08
MANAPPURAM,2016-05-02,2016-12-01,0.8655779252091207,False,False,0.8655778894472363,0.8655779252091207,0.8655778894472363,0.8655778894472363,4,4,-3.57618843427332e-08
DELTACORP,2016-09-01,2016-12-01,-0.2495857317329998,False,False,-0.2495856811402054,-0.2495857317329998,-0.2495856811402054,-0.2495856811402054,4,4,5.059279439834086e-08
ESCORTS,2016-08-01,2016-12-01,0.23337202118764822,False,False,0.23337200309358064,0.23337202118764822,0.23337200309358064,0.23337200309358064,4,4,-1.80940675775787e-08
BAJAJFINSV,2016-09-01,2016-12-01,-0.030110046758946574,False,False,-0.03011004603124845,-0.030110046758946574,-0.03002804817686855,-0.03012604764733051,4,4,7.27698123981213e-10
ABREL,2016-10-03,2016-12-01,-0.1846345754706321,False,False,-0.184634577398898,-0.18463461078429444,-0.184634577398898,-0.184634577398898,4,4,-1.928265880302149e-09
BIRLACORPN,2016-11-01,2016-12-01,-0.15512098866022694,False,False,-0.15512096006095633,-0.15512098866022694,-0.15512096006095633,-0.15512096006095633,4,4,2.859927061837908e-08
WHIRLPOOL,2016-11-01,2016-12-01,-0.16785999549364128,False,False,-0.16785994935824677,-0.16785999549364128,-0.16785994935824677,-0.16785994935824677,4,4,4.613539450470938e-08
CUB,2016-11-01,2016-12-01,-0.08790105997647346,False,False,-0.08790106951871668,-0.08790105997647346,-0.0884097035040432,-0.08794117647058819,4,4,-9.542243217808277e-09
CANFINHOME,2016-11-01,2016-12-01,-0.09038183354407958,False,False,-0.09038182696955055,-0.09038183354407958,-0.090359828141783,-0.09038182696955055,4,4,6.574529032299381e-09
MARUTI,2016-11-01,2016-12-01,-0.10649699555977321,False,False,,-0.10649699555977321,-0.10649699732906892,-0.10649699732906892,3,3,
GMDCLTD,2016-11-01,2016-12-01,-0.1196172280560488,False,False,-0.11961722488038273,-0.1196172280560488,-0.11961722488038273,-0.11961722488038273,4,4,3.1756660634485456e-09
SHRIRAMCIT,2016-11-01,2016-12-01,-0.2762173049335942,False,False,,,,-0.27621730071764794,1,1,
CERA,2016-11-01,2016-12-01,-0.21486885264931788,False,False,,-0.21486885264931788,-0.21486887451392356,-0.21486887451392356,3,3,
HINDZINC,2016-03-01,2017-01-02,0.8271449462454297,False,False,0.5923312883435583,0.5923312134537959,0.5923312883435583,0.5923312883435583,4,0,-0.23481365790187136
BAJAJHLDNG,2016-11-01,2017-01-02,-0.16663620527427125,False,False,-0.16663623499338098,-0.16663620527427125,-0.16663623499338098,-0.16663623499338098,4,4,-2.9719109728709725e-08
SWANCORP,2016-12-01,2017-01-02,0.06962023000209205,False,False,0.06793206793206785,0.06962023000209205,0.06962025316455711,0.06962025316455711,4,4,-0.0016881620700242017
PGHL,2016-12-01,2017-01-02,0.004298164117013004,False,False,0.004298214194340622,0.004298164117013004,0.004298214194340622,0.004298214194340622,4,4,5.007732761797001e-08
HINDALCO,2016-12-01,2017-01-02,-0.07295009953164822,False,False,-0.07295010213014297,-0.07295009953164822,-0.07295010213014297,-0.07295010213014297,4,4,-2.598494752703573e-09
INDIANB,2016-12-01,2017-01-02,-0.09860292020910633,False,False,-0.09860295606398051,-0.09860292020910633,-0.09860295606398051,-0.09860295606398051,4,4,-3.5854874180785146e-08
RECLTD,2016-12-01,2017-01-02,-0.0821665726001628,False,False,-0.08216654384672084,-0.0821665726001628,-0.08206388206388204,-0.08223619571625074,4,4,2.8753441960738257e-08
MRF,2016-12-01,2017-01-02,0.004113831370551324,False,False,0.004113879382120267,0.004113831370551324,0.004113879382120267,0.004113879382120267,4,4,4.801156894274072e-08
BALMLAWRIE,2016-12-01,2017-02-01,-0.10404974022736946,False,False,-0.10404951072672253,-0.10404974022736946,-0.10406015037593996,-0.10404763336741452,4,4,2.2950064693105787e-07
MOIL,2016-12-01,2017-02-01,-0.04781290419356343,False,False,-0.04781295153027709,-0.04781290419356343,-0.04781923279033118,-0.04781169547627817,4,4,-4.7336713659973384e-08
SYNGENE,2016-12-01,2017-02-01,-0.1071605531418166,False,False,-0.10716057549197955,-0.1071605531418166,-0.10716057549197955,-0.10716057549197955,4,4,-2.2350162942608165e-08
OIL,2017-01-02,2017-02-01,-0.030129949579128956,False,False,,-0.030130144624131106,-0.030313014827018092,-0.03011532125205929,3,3,
STCINDIA,2017-01-02,2017-02-01,-0.24684369917957938,False,False,-0.2468437091858946,-0.24684369917957938,-0.2468437091858946,-0.2468437091858946,4,4,-1.0006315220856266e-08
ENGINERSIN,2017-01-02,2017-02-01,-0.005539204051032032,False,False,-0.005539263603779654,-0.005539204051032032,-0.005539263603779654,-0.005539263603779654,4,4,-5.955274762214913e-08
TATACOMM,2016-12-01,2017-03-01,0.11676307709969325,False,False,0.11676309264407525,0.11676305974558843,0.11676309264407525,0.11676309264407525,4,4,1.554438200379593e-08
ADANIENSOL,2016-12-01,2017-03-01,0.1432384186437421,False,False,0.14323843416370097,0.1432384186437421,0.14323843416370097,0.14323843416370097,4,4,1.5519958873611017e-08
HINDPETRO,2016-12-01,2017-03-01,0.16006704855113574,False,False,0.16006711409395957,0.16006704855113574,0.16008054366977076,0.16006442844918722,4,4,6.554282383497423e-08
NATIONALUM,2017-01-02,2017-03-01,0.07030672677511252,False,False,0.07030665669409131,0.07030672677511252,0.07030665669409131,0.07030665669409131,4,4,-7.008102120842352e-08
ONGC,2017-01-02,2017-03-01,0.00832252849683024,False,False,0.008322496749024744,0.00832252849683024,0.008322496749024744,0.008322496749024744,4,4,-3.1747805495641046e-08
SUNDRMFAST,2016-09-01,2017-03-01,0.16640552756473026,False,False,0.1664055700609226,0.16640552756473026,0.1664055700609226,0.1664055700609226,4,4,4.2496192342866834e-08
JUBLPHARMA,2016-12-01,2017-03-01,0.007113235116012806,False,False,0.0071131769842947,0.00711309744748756,0.0071131769842947,0.0071131769842947,4,4,-5.813171810586937e-08
KRBL,2017-02-01,2017-03-01,-0.002501019328067011,False,False,-0.002500987231802143,-0.002501019328067011,-0.002500987231802143,-0.002500987231802143,4,4,3.2096264868108904e-08
POWERGRID,2017-02-01,2017-03-01,-0.06389697586972631,False,False,,-0.06389695902506165,-0.06349892008639302,-0.06383897719419485,3,3,
INDIANB,2017-02-01,2017-03-01,0.051343024388524894,False,False,0.05134295633107988,0.051343024388524894,0.05134295633107988,0.05134295633107988,4,4,-6.805744501292565e-08
SWANCORP,2017-02-01,2017-03-01,-0.10282548513883671,False,False,-0.09842289719626163,-0.10282548513883671,-0.10282551704048937,-0.10282551704048937,4,4,0.004402587942575087
HINDZINC,2017-02-01,2017-03-01,0.0374959228636651,False,False,0.037495924356048205,0.0374959228636651,0.037495924356048205,0.037495924356048205,4,4,1.4923831059832082e-09
IGL,2016-09-01,2017-04-03,0.29394880001587853,False,False,0.293948861824906,0.29394880001587853,0.2940051020408163,0.2939301198673807,4,4,6.180902745178685e-08
CCAVENUE,2016-12-01,2017-04-03,-0.18163388795305457,False,False,-0.18050635098937085,-0.18163385595276715,-0.1827586206896552,-0.18164251207729465,4,4,0.0011275369636837285
IOC,2017-01-02,2017-04-03,0.16399451466461867,False,False,0.1639945029775538,0.16399451466461867,0.1639945029775538,0.1639945029775538,4,4,-1.1687064871424013e-08
BIOCON,2017-01-02,2017-04-03,0.18829769626036508,False,False,0.18829810031640393,0.18829769626036508,0.18815001575795764,0.18826421278204974,4,4,4.040560388496317e-07
BALKRISIND,2017-01-02,2017-04-03,0.2964920570959715,False,False,0.2964921153050435,0.2964920570959715,0.29655172413793096,0.2964801941961823,4,4,5.8209072006931706e-08
JINDALSTEL,2017-03-01,2017-04-03,-0.023762376237623783,False,False,-0.023762376237623783,-0.023762376237623783,-0.023762376237623783,-0.023762376237623783,4,4,0.0
VIJAYABANK,2017-03-01,2017-04-03,0.0057595614608452195,False,False,,,,0.005759539236861011,1,1,
GAIL,2017-03-01,2017-04-03,0.013133175689152177,False,False,0.013133208255159401,0.013132928278092981,0.01316482359136395,0.013166210238044984,4,4,3.256600722423286e-08
ALKEM,2017-03-01,2017-05-02,-0.0708672238847573,False,False,-0.07086724342979733,-0.0708672238847573,-0.07086724342979733,-0.07086724342979733,4,4,-1.9545040030877203e-08
VEDL,2016-12-01,2017-05-02,0.06588802441200459,False,False,0.06588805641251638,0.06588811198404754,0.06588805641251638,0.06588805641251638,4,4,3.2000511795970965e-08
GSFC,2017-03-01,2017-05-02,0.05493132243281362,False,False,0.05493133583021215,0.05493132243281362,0.05493133583021215,0.05493133583021215,4,4,1.3397398523906645e-08
CESC,2017-02-01,2017-06-01,0.19145314016645987,False,False,0.19145310349347855,0.1914530820992244,0.19134993446920068,0.19134993446920046,4,4,-3.6672981318375264e-08
GUJENERGY,2017-04-03,2017-06-01,0.0033005752551815704,False,False,0.003300547890949801,0.003300547771269091,0.0033003300330032292,0.003300547890949801,4,4,-2.7364231769411163e-08
KRBL,2017-04-03,2017-06-01,-0.02010710816664185,False,False,-0.020107079119571658,-0.02010710816664185,-0.020107079119571658,-0.020107079119571658,4,4,2.904707019357744e-08
BAJAJFINSV,2017-03-01,2017-06-01,0.07180444484818094,False,False,0.07180447774507193,0.07180444484818094,0.07173802242609595,0.07179082035729767,4,4,3.2896890989064786e-08
RBLBANK,2017-04-03,2017-06-01,0.08415447812986065,False,False,0.08415451320457246,0.08415447812986065,0.08415451320457246,0.08415451320457246,4,4,3.5074711801641456e-08
VGUARD,2017-03-01,2017-06-01,0.11247826977924458,False,False,0.1124793002420279,0.11247826977924458,0.11252653927813161,0.11245905616887053,4,4,1.0304627833246371e-06
RECLTD,2017-04-03,2017-06-01,0.05339263346206469,False,False,0.05339265850945507,0.05339263346206469,0.05339265850945507,0.05339265850945507,4,4,2.5047390384003165e-08
BANKINDIA,2017-05-02,2017-06-01,-0.19966634341457234,False,False,-0.19966629588431595,-0.19966634341457234,-0.19966629588431595,-0.19966629588431595,4,4,4.7530256397365633e-08
ESCORTS,2017-03-01,2017-07-03,0.4639376360054799,False,False,0.46393762183235876,0.4639376360054799,0.46393762183235876,0.46393762183235876,4,4,-1.4173121121174859e-08
MRF,2017-05-02,2017-07-03,0.03637356276264936,False,False,0.03637427328238685,0.03637356276264936,0.03637351539470157,0.03637351539470157,4,4,7.105197374901451e-07
RCF,2017-04-03,2017-07-03,-0.04440269615846848,False,False,-0.044402751719824884,-0.04440269615846848,-0.044402751719824884,-0.044402751719824884,4,4,-5.5561356404609796e-08
BBTC,2017-03-01,2017-07-03,0.2935766653969609,False,False,,0.2935766653969609,0.2935766529075239,0.2935766529075239,3,3,
UNOMINDA,2017-06-01,2017-07-03,0.042738409506110964,False,False,0.035785605879068205,0.04273842207202727,0.043144774688398835,0.042753067484662566,4,4,-0.0069528036270427584
JKCEMENT,2017-06-01,2017-07-03,-0.1424699690385406,False,False,-0.142469961152769,-0.1424699690385406,-0.142469961152769,-0.142469961152769,4,4,7.885771591276125e-09
MOTILALOFS,2017-04-03,2017-08-01,0.4036471824747181,False,False,0.40364721485411126,0.4036471824747181,0.403713527851459,0.4036604774535808,4,4,3.2379393166692694e-08
ADANIENSOL,2017-06-01,2017-08-01,-0.00983864596595696,False,False,-0.009838646202282586,-0.00983864596595696,-0.009838646202282586,-0.009838646202282586,4,4,-2.363256257353896e-10
SUNTECK,2017-06-01,2017-08-01,-0.014892157769165637,False,False,-0.014892198266281409,-0.014892157769165637,-0.014892198266281409,-0.014892198266281409,4,4,-4.049711577192028e-08
DCBBANK,2017-03-01,2017-08-01,0.2934324810691795,False,False,0.2934325461015852,0.2934324810691795,0.2934325461015852,0.2934325461015852,4,4,6.503240568278557e-08
CANFINHOME,2017-07-03,2017-08-01,-0.04106802090938311,False,False,-0.041068016961525844,-0.04106802090938311,-0.041084187635911706,-0.041068016961525844,4,4,3.9478572633200315e-09
KARURVYSYA,2017-07-03,2017-08-01,-0.0297269752658067,False,False,-0.029726927065326092,-0.029726902758442697,-0.02965328467153283,-0.02965869684248945,4,4,4.8200480606830354e-08
PNBHOUSING,2017-07-03,2017-08-01,-0.048514496995735845,False,False,-0.0485145031820674,-0.048514496995735845,-0.048514503182065405,-0.04851559621761026,4,4,-6.186331558133418e-09
ICICIPRULI,2017-07-03,2017-08-01,-0.06002535743948534,False,False,-0.060025407579928025,-0.06002535743948534,-0.060025407579928025,-0.060025407579928025,4,4,-5.014044268669693e-08
VBL,2017-07-03,2017-08-01,-0.03963911074414006,False,False,-0.03963912083693244,-0.03963911074414006,-0.03889789303079427,-0.03952057013281507,4,4,-1.0092792379623461e-08
TVSMOTOR,2017-06-01,2017-09-01,0.13957845433255267,False,False,0.13957845433255267,0.13957845433255267,0.13957845433255267,0.13957845433255267,4,4,0.0
PEL,2017-07-03,2017-09-01,-0.03692363636536644,False,False,,,-0.036923612319470944,-0.036923771896488766,2,2,
TATAINVEST,2017-08-01,2017-09-01,-0.015123736403366284,False,False,-0.015123739688359339,-0.015123736403366284,-0.015463917525773141,-0.015123739688359339,4,4,-3.2849930553524587e-09
KOTAKBANK,2017-08-01,2017-09-01,-0.022407185592745238,False,False,-0.02240717029449424,-0.022407185592745238,-0.022408273824181313,-0.02240717029449424,4,4,1.5298250999329355e-08
JINDALSTEL,2017-08-01,2017-09-01,-0.0796517630470025,False,False,-0.07965172524991948,-0.0796517630470025,-0.07965172524991948,-0.07965172524991948,4,4,3.7797083018986655e-08
HINDUNILVR,2017-08-01,2017-10-03,0.010562570373983116,False,False,0.010562630435708487,0.010562651671550682,0.010562630435708487,0.010562630435708487,4,4,6.006172537098564e-08
RELIANCE,2017-08-01,2017-10-03,-0.004302829865006852,False,False,,-0.004302862294669474,-0.004240458967323502,-0.004308064394225597,3,3,
PCJEWELLER,2017-09-01,2017-10-03,0.002419322704729554,False,False,0.002419240074000406,0.002419322704729554,0.0014224751066858055,0.0022766078542970636,4,4,-8.263072914793668e-08
BAJAJFINSV,2017-09-01,2017-10-03,-0.030908313433664736,False,False,-0.03090823066984516,-0.030908313433664736,-0.030934400873441903,-0.03089913198551497,4,4,8.276381957550427e-08
RAJESHEXPO,2017-04-03,2017-11-01,0.29150267992622436,False,False,0.29150272080368356,0.29150267992622436,0.29150272080368356,0.29150272080368356,4,4,4.0877459195343135e-08
UNOMINDA,2017-08-01,2017-11-01,0.13580164686788132,False,False,0.13373879641485398,0.1358016948938756,0.13566487317448117,0.13582904143285401,4,4,-0.002062850453027343
HDFCBANK,2017-03-01,2017-11-01,0.30866232114548287,False,False,0.3086623791901699,0.30866232114548287,0.30870939925265883,0.3086717829323675,4,4,5.804468705683519e-08
FCONSUMER,2017-09-01,2017-11-01,0.18669318392750944,False,False,0.18669314796425018,0.18669318392750944,0.18669314796425018,0.18669314796425018,4,4,-3.596325925947497e-08
FRETAIL,2017-04-03,2017-11-01,0.8694709412504416,False,False,0.8694710236504786,0.8694711105828821,,0.8694710236504786,3,3,8.240003701587284e-08
LTF,2017-08-01,2017-11-01,0.15768235982008938,False,False,0.15768232920149994,0.1576823001642893,0.15768232920149905,0.15768044417026528,4,4,-3.061858944164442e-08
MARUTI,2017-06-01,2017-11-01,0.15277198640606882,False,False,,0.15277198640606882,0.15277194749951017,0.15277194749951017,3,3,
BAJFINANCE,2017-08-01,2017-11-01,0.05273126322947008,False,False,0.05273124544792429,0.05273126322947008,0.05303030303030298,0.05272970925828835,4,4,-1.778154579135105e-08
EDELWEISS,2017-09-01,2017-11-01,0.1480276111421457,False,False,0.1480276535176901,0.1480276012753179,0.1480276535176901,0.1480276535176901,4,4,4.237554440678082e-08
KEC,2017-06-01,2017-11-01,0.1387326520678147,False,False,,0.1387326520678147,0.13873265841769777,0.13873265841769777,3,3,
INDUSINDBK,2017-08-01,2017-11-01,-0.013898002654957886,False,False,-0.01389806087530776,-0.013898002654957886,-0.01389806087530776,-0.01389806087530776,4,4,-5.822034987446045e-08
BAJAJHLDNG,2017-09-01,2017-12-01,-0.007758541066735902,False,False,-0.007758591094785272,-0.007758541066735902,-0.007758591094785272,-0.007758591094785272,4,4,-5.0028049369821304e-08
ADANIENSOL,2017-11-01,2017-12-01,-0.14666340529170774,False,False,-0.14666340747983375,-0.14666340529170774,-0.14666340747983375,-0.14666340747983375,4,4,-2.1881260137135428e-09
GNFC,2017-11-01,2017-12-01,-0.14010987645471262,False,False,-0.14010989010989017,-0.14010987645471262,-0.14010989010989017,-0.14010989010989017,4,4,-1.3655177544258379e-08
BATAINDIA,2017-11-01,2017-12-01,-0.10416917195310249,False,False,-0.10416922887713698,-0.10416917195310249,-0.10416922887713698,-0.10416922887713698,4,4,-5.69240344860944e-08
RKFORGE,2017-11-01,2017-12-01,0.0016110994911551213,False,False,0.001611062630059834,0.0016110994911551213,0.0016784155756965902,0.001611062630059834,4,4,-3.68610952872217e-08
RELIANCE,2017-11-01,2017-12-01,-0.04456460421882191,False,False,,-0.04456458012926212,-0.044514435695538035,-0.04457545169225541,3,3,
KRBL,2017-11-01,2017-12-01,-0.05114597946266908,False,False,-0.05114597754191663,-0.05114597946266908,-0.05114597754191663,-0.05114597754191663,4,4,1.9207524459829983e-09
BIRLACORPN,2017-11-01,2017-12-01,-0.005114732752732221,False,False,-0.005114754098360597,-0.005114732752732221,-0.005114754098360597,-0.005114754098360597,4,4,-2.1345628375968317e-08
IFBIND,2017-11-01,2018-01-01,0.49421509730751856,False,False,0.49421505730109105,0.49421509730751856,0.49421505730109105,0.49421505730109105,4,4,-4.000642750412453e-08
GUJALKALI,2017-11-01,2018-01-01,-0.0208510516406325,False,False,-0.020851036015425928,-0.0208510516406325,-0.020851036015425928,-0.020851036015425928,4,4,1.562520657305555e-08
AVANTIFEED,2017-06-01,2018-01-01,0.8158670523409353,False,False,0.8158658313789202,0.8158670523409353,0.8159308818881046,0.8158543523610848,4,4,-1.2209620150471778e-06
IGL,2017-10-03,2018-01-01,0.15126568691079068,False,False,0.15126562976517222,0.15126568691079068,0.15147407658420864,0.15126050420168058,4,4,-5.7145618459486514e-08
DHANI,2017-10-03,2018-01-01,0.005673199361161396,False,False,,,0.005673222390317756,0.005673222390317756,2,2,
PNCINFRA,2017-11-01,2018-01-01,0.0771581024983381,False,False,0.07715813598166532,0.0771581024983381,0.07715813598166532,0.07715813598166532,4,4,3.348332722197256e-08
ASTRAL,2017-12-01,2018-01-01,-0.004586644898059378,False,False,-0.004586609482964077,-0.004586643786366529,-0.004500926661371474,-0.004586609482964077,4,4,3.541509530080589e-08
SUNTECK,2017-12-01,2018-01-01,0.02610932595205462,False,False,0.026109340524638425,0.02610932595205462,0.026109340524638425,0.026109340524638425,4,4,1.4572583806327088e-08
BRITANNIA,2017-12-01,2018-01-01,-0.014086745089146313,False,False,-0.01409083721046378,-0.014086745089146313,-0.014086851578268389,-0.014086675710992091,4,4,-4.092121317467168e-06
VAKRANGEE,2016-12-01,2018-02-01,1.1164098206385527,False,False,1.1164097914777877,1.1164096889222614,1.1160261058738215,1.116333043225994,4,4,-2.916076491388253e-08
TATACONSUM,2017-12-01,2018-02-01,0.01692818886957559,False,False,0.01692823135249677,0.016928296657348296,0.016928231352495215,0.016928231352495215,4,4,4.2482921180919675e-08
RAIN,2017-03-01,2018-02-01,3.1097907456090397,False,False,,3.1097907456090397,3.1097906055461237,3.1097906055461237,3,3,
DBL,2017-05-02,2018-02-01,1.275645519790407,False,False,1.2756455816157306,1.275645519790407,1.2756455816157306,1.2756455816157306,4,4,6.18253235273869e-08
BOMDYEING,2017-10-03,2018-02-01,0.19724398485846595,False,False,0.19724398811132127,0.19724398485846595,0.19724398811132127,0.19724398811132127,4,4,3.252855318436332e-09
TVSMOTOR,2017-10-03,2018-02-01,0.027084945993926857,False,False,0.02708492731446066,0.027084945993926857,0.02708492731446066,0.02708492731446066,4,4,-1.8679466196047656e-08
BBTC,2017-11-01,2018-02-01,-0.13918865726057095,False,False,,-0.13918865726057095,-0.13918869755032737,-0.13918869755032737,3,3,
VIPIND,2017-12-01,2018-02-01,-0.04928022621534223,False,False,-0.04928017718715394,-0.04928022621534223,-0.04928017718715394,-0.04928017718715394,4,4,4.9028188287003616e-08
SOLARINDS,2018-01-01,2018-02-01,-0.08649467190129001,False,False,-0.08649468892261014,-0.08649467190129001,-0.08649468892261014,-0.08649468892261014,4,4,-1.7021320131149764e-08
ENDURANCE,2018-01-01,2018-02-01,-0.11926605504587151,False,False,-0.11926605504587151,-0.11926605504587151,-0.11926605504587151,-0.11926605504587151,4,4,0.0
FINCABLES,2018-01-01,2018-02-01,0.030251262909419818,False,False,0.03025126343511997,0.030251262909419818,0.03025126343511997,0.03025126343511997,4,4,5.257001500780234e-10
PAGEIND,2018-01-01,2018-02-01,-0.15541214173334483,False,False,-0.15540854086598532,-0.15541214173334483,-0.15541219888985625,-0.15541219888985625,4,4,3.6008673595100404e-06
POLARIS,2018-01-01,2018-03-01,0.1991352628741565,False,False,,,,0.19913530010172953,1,1,
UNOMINDA,2017-12-01,2018-03-01,-0.0648923773636566,False,False,-0.06338113025665704,-0.06489239650979983,-0.06493506493506496,-0.06488384397094904,4,4,0.0015112471069995692
GSKCONS,2018-01-01,2018-03-01,0.04853216343541811,False,False,,,,0.04853214762665692,1,1,
MARUTI,2018-01-01,2018-03-01,-0.0806525309843249,False,False,,-0.0806525309843249,-0.08065251401278495,-0.08065251401278495,3,3,
HINDUNILVR,2018-01-01,2018-03-01,-0.015061400435607775,False,False,-0.015061361100780934,-0.015061361100780934,-0.015061361100780934,-0.015061361100780934,4,4,3.933482684015388e-08
KOLTEPATIL,2017-12-01,2018-03-01,-0.08152990801527749,False,False,-0.08152987613992113,-0.08152990801527749,-0.08152987613992113,-0.08152987613992113,4,4,3.187535635440497e-08
HDFCBANK,2018-02-01,2018-03-01,-0.05865959239434804,False,False,-0.05865956859101529,-0.05865959239434804,-0.05865809562073121,-0.05865927399104054,4,4,2.3803332749317008e-08
SUNTECK,2018-02-01,2018-03-01,-0.04934448678672532,False,False,-0.04934445768772344,-0.04934448678672532,-0.04934445768772344,-0.04934445768772344,4,4,2.9099001874755004e-08
JINDALSTEL,2018-02-01,2018-04-02,-0.15397635016896838,False,False,-0.1539763113367174,-0.15397635016896838,-0.1539763113367174,-0.1539763113367174,4,4,3.883225097034426e-08
ADANIENT,2018-02-01,2018-04-02,-0.24813081406176385,False,False,-0.24813084112149364,-0.24813085864009377,-0.2481308411214953,-0.2481590219954758,4,4,-2.7059729790224196e-08
PFIZER,2018-02-01,2018-04-02,-0.04788537655705705,False,False,-0.04788543781588839,-0.04788537655705705,-0.04788543781588839,-0.04788543781588839,4,4,-6.12588313408935e-08
PERSISTENT,2018-03-01,2018-04-02,-0.17674890985930547,False,False,-0.1767489218974604,-0.17674890985930547,-0.17680881648298985,-0.1767609008145663,4,4,-1.203815491734872e-08
BOMDYEING,2018-03-01,2018-04-02,-0.037363078340030054,False,False,-0.037363067292644714,-0.037363078340030054,-0.037363067292644714,-0.037363067292644714,4,4,1.1047385339857385e-08
ENDURANCE,2018-03-01,2018-04-02,-0.05248365124783905,False,False,-0.052483704203191706,-0.05248365124783905,-0.052483704203191706,-0.052483704203191706,4,4,-5.295535265847917e-08
ESCORTS,2018-03-01,2018-04-02,-0.0028811794001913915,False,False,-0.002881193152929118,-0.0028811794001913915,-0.002881193152929118,-0.002881193152929118,4,4,-1.37527377264135e-08
RAIN,2018-03-01,2018-04-02,0.058368962440260796,False,False,,0.058368962440260796,0.05836898026769699,0.05836898026769699,3,3,
CYIENT,2018-04-02,2018-05-02,0.172604347971564,False,False,,0.172604347971564,0.17260433328486258,0.17260433328486258,3,3,
TV18BRDCST,2018-04-02,2018-05-02,-0.11760512930219269,False,False,,,,-0.11760513186029942,1,1,
AARTIIND,2018-03-01,2018-06-01,0.04721683250114905,False,False,0.048507622016311425,0.047216916628347816,0.04726155946084276,0.047225824063331645,4,4,0.0012907895151623716
ASHOKLEY,2018-04-02,2018-06-01,0.01856853400855285,False,False,0.01856853477380138,0.01856853400855285,0.01823092505064161,0.018636056718433602,4,4,7.652485312092949e-10
TITAN,2018-04-02,2018-06-01,-0.046711128827821136,False,False,,-0.046711128827821136,-0.046711153479504275,-0.046711153479504275,3,3,
ASTRAL,2018-03-01,2018-06-01,0.14373682348845285,False,False,0.14373681509778224,0.1437367901418256,0.14381652306132797,0.14373681509778202,4,4,-8.390670602764772e-09
DBL,2018-04-02,2018-06-01,-0.22898813050398248,False,False,-0.22898810859322416,-0.22898813050398248,-0.22898810859322416,-0.22898810859322416,4,4,2.1910758318810508e-08
CHOLAFIN,2018-05-02,2018-06-01,-0.07533102192271712,False,False,-0.07533105323160572,-0.07533102192271712,-0.07541654486992111,-0.07533105323160572,4,4,-3.130888859281811e-08
TECHM,2018-02-01,2018-07-02,0.07552577585468945,False,False,,0.07552577585468945,0.07552573439162114,0.07552573439162114,3,3,
SONATSOFTW,2018-01-01,2018-07-02,0.10059278034601427,False,False,0.10473094980137243,0.10059278034601427,0.10057471264367823,0.10059398352174753,4,4,0.004138169455358165
BIOCON,2018-02-01,2018-07-02,-0.005087972061257218,False,False,-0.005088031012760452,-0.005087972061257218,-0.00500726861573253,-0.00507187853335489,4,4,-5.8951503234538905e-08
COLPAL,2018-06-01,2018-07-02,-0.06362759773822924,False,False,-0.06362761606928069,-0.06362759773822924,-0.06362761606928069,-0.06362761606928069,4,4,-1.833105145454539e-08
KOTAKBANK,2018-06-01,2018-08-01,-0.004021234954666442,False,False,-0.004021244309559968,-0.004021234954666442,-0.003983308042488698,-0.004021244309559968,4,4,-9.354893526491992e-09
MINDTREE,2018-02-01,2018-08-01,0.2671179078417705,False,False,,,,0.26711783439490433,1,1,
RADICO,2018-02-01,2018-08-01,0.2720420712061187,False,False,0.2720420932878269,0.2720420712061187,0.2720420932878269,0.2720420932878269,4,4,2.208170823969624e-08
HEGAM,2018-06-01,2018-09-03,0.26684304779552415,False,False,0.26684303613096905,0.26684299669610256,0.26677565579252427,0.26684303613096905,4,4,-1.1664555099599738e-08
LTM,2017-12-01,2018-09-03,0.7424823771178617,False,False,0.7424823113207548,0.7424823771178617,0.7424823113207548,0.7424823113207548,4,4,-6.579710687404372e-08
DMART,2018-03-01,2018-09-03,0.22096254473202404,False,False,0.22096252615560208,0.22096254473202404,0.22096252615560208,0.22096252615560208,4,4,-1.8576421956240097e-08
M&M,2018-06-01,2018-09-03,0.0512422509517112,False,False,,0.0512422509517112,0.05124223602484457,0.05124223602484457,3,3,
FSL,2018-06-01,2018-09-03,0.009980039717520484,False,False,,0.009980039717520484,0.009980039920159722,0.009980039920159722,3,3,
PIDILITIND,2018-05-02,2018-09-03,0.05698869019110764,False,False,0.056988711066781716,0.05698869019110764,0.057036634022488375,0.05697912699708052,4,4,2.0875674078268958e-08
BHARATFIN,2018-04-02,2018-09-03,0.04439834804923315,False,False,,,,0.04439841498559072,1,1,
BAJAJFINSV,2018-08-01,2018-09-03,-0.048246512470201286,False,False,-0.04824646109167907,-0.048246512470201286,-0.04821173104434917,-0.048253268862121335,4,4,5.137852221448469e-08
DHANI,2018-07-02,2018-10-01,0.09308284942708855,False,False,,,0.09308283518360372,0.09308283518360372,2,2,
BAJFINANCE,2018-08-01,2018-10-01,-0.18888641437621378,False,False,-0.18888644042897007,-0.18888641437621378,-0.1887970615243343,-0.18888644042897007,4,4,-2.6052756285643852e-08
JUBLFOOD,2018-04-02,2018-10-01,0.053223518754075716,False,False,0.05322354738763213,0.053223518754075716,0.05326825127334467,0.05322354738763213,4,4,2.8633556414803252e-08
BRITANNIA,2018-04-02,2018-10-01,0.14421241776886617,False,False,0.14421269463329045,0.14421241776886617,0.14423340513021343,0.144212129875114,4,4,2.7686442427565794e-07
COFORGE,2018-02-01,2018-10-01,0.3976169722459426,False,False,0.3976170518500779,0.3976169722459426,0.3979041916167665,0.3976170518500779,4,4,7.960413528351751e-08
HINDUNILVR,2018-06-01,2018-10-01,0.03364067198189091,False,False,0.033640683513232794,0.03364073012776192,0.033640683513232794,0.033640683513232794,4,4,1.153134188136562e-08
TATAELXSI,2018-07-02,2018-10-01,-0.1354418604651163,False,False,-0.1354418604651163,-0.1354418604651163,-0.1354418604651163,-0.1354418604651163,4,4,0.0
MPHASIS,2018-02-01,2018-10-01,0.3185926132232819,False,False,0.31859262206559436,0.3185926132232819,0.31859262206559436,0.31859262206559436,4,4,8.842312437806754e-09
KPIT,2018-02-01,2018-10-01,0.06300915461041323,False,False,,,,0.06300910397700044,1,1,
BATAINDIA,2018-09-03,2018-10-01,-0.09040499330798624,False,False,-0.09040503712057135,-0.09040499330798624,-0.09040503712057135,-0.09040503712057135,4,4,-4.381258511543251e-08
DABUR,2018-09-03,2018-10-01,-0.058110873268650165,False,False,-0.05811086094135309,-0.058110873268650165,-0.05811086094135309,-0.05811086094135309,4,4,1.23272970720123e-08
GODREJCP,2018-09-03,2018-10-01,-0.16631789282911325,False,False,-0.16631788218060062,-0.16631789282911325,-0.16631788218060062,-0.16631788218060062,4,4,1.0648512627220441e-08
PFIZER,2018-09-03,2018-10-01,-0.1684520862247162,False,False,-0.16845203560360555,-0.1684520862247162,-0.16845203560360555,-0.16845203560360555,4,4,5.062111063658392e-08
GLAXO,2018-09-03,2018-10-01,-0.16403504662279644,False,False,-0.1640350371693654,-0.16403504662279644,-0.1640350371693654,-0.1640350371693654,4,4,9.45343103797569e-09
HAVELLS,2018-09-03,2018-10-01,-0.1692490171244332,False,False,-0.16924902289223898,-0.1692490171244332,-0.16924902289223898,-0.16924902289223898,4,4,-5.767805788536862e-09
PGHL,2018-09-03,2018-10-01,-0.19800214238593306,False,False,-0.19800215107627483,-0.19800214238593306,-0.19800215107627483,-0.19800215107627483,4,4,-8.690341779526989e-09
TCS,2018-07-02,2018-11-01,0.0455883682324032,False,False,0.04558835444405429,0.0455883682324032,0.04558835444405429,0.04558835444405429,4,4,-1.3788348907084469e-08
SANOFI,2018-08-01,2018-11-01,-0.016688894370987528,False,False,,-0.016688918558077415,-0.016688918558077415,-0.016688918558077415,3,3,
INFY,2018-07-02,2018-11-01,-0.0009739468085475655,False,False,-0.0009740016483104075,-0.0009739468085475655,-0.0009740016483104075,-0.0009740016483104075,4,4,-5.4839762841929485e-08
PAGEIND,2018-09-03,2018-11-01,-0.15810641301421258,False,False,-0.15810497417824498,-0.15810641301421258,-0.1581064438284976,-0.1581064438284976,4,4,1.4388359675931994e-06
RELIANCE,2018-10-01,2018-11-01,-0.1424454013882438,False,False,,-0.14244540466106836,-0.14248599496630676,-0.1424354243542436,3,3,
LTM,2018-10-01,2018-11-01,-0.08676873520056139,False,False,-0.08676873739202395,-0.08676873520056139,-0.08676873739202395,-0.08676873739202395,4,4,-2.1914625669694487e-09
JSWSTEEL,2018-10-01,2018-11-01,-0.10003940000767642,False,False,-0.10003938558487602,-0.10003940000767642,-0.10003938558487602,-0.10003938558487602,4,4,1.4422800398428137e-08
UBL,2018-10-01,2018-11-01,-0.06916413824242285,False,False,-0.06916415662650599,-0.06916413824242285,-0.06916415662650599,-0.06916415662650599,4,4,-1.838408314469575e-08
SUVEN,2018-10-01,2018-11-01,-0.11096727347671165,False,False,-0.11051462421325497,-0.11096729729510135,-0.1109672646569263,-0.11099463774543405,4,4,0.00045264926345667256
SONATSOFTW,2018-10-01,2018-11-01,-0.13560500695410294,False,False,-0.13669164585068005,-0.13560500695410294,-0.1357566765578636,-0.13559824938802756,4,4,-0.001086638896577119
LTTS,2018-10-01,2018-12-03,-0.10016247706399917,False,False,-0.10016248839368624,-0.10016247706399917,-0.10016248839368624,-0.10016248839368624,4,4,-1.1329687077399342e-08
TECHM,2018-10-01,2018-12-03,-0.061681227488489476,False,False,,-0.061681227488489476,-0.06168125863998408,-0.06168125863998408,3,3,
AIAENG,2018-10-01,2018-12-03,-0.00882290908463268,False,False,-0.008822853201517322,-0.00882290908463268,-0.008822853201517322,-0.008822853201517322,4,4,5.588311535742463e-08
BIOCON,2018-10-01,2018-12-03,-0.09248893636666977,False,False,-0.09248895434462434,-0.09248893636666977,-0.09248895434462434,-0.09248895434462434,4,4,-1.797795456948137e-08
HCLTECH,2018-10-01,2018-12-03,-0.07301530446506832,False,False,-0.07301529497450843,-0.07301530446506832,-0.07301529497450843,-0.07301529497450843,4,4,9.490559893521322e-09
APLLTD,2018-10-01,2018-12-03,-0.030522284650848386,False,False,-0.03052234109502827,-0.030522284650848386,-0.03052234109502827,-0.03052234109502827,4,4,-5.644417988559525e-08
PGHL,2018-11-01,2018-12-03,-0.0834513589939011,False,False,-0.08345136161720212,-0.0834513589939011,-0.08345136161720212,-0.08345136161720212,4,4,-2.623301020854285e-09
NAUKRI,2018-11-01,2018-12-03,0.08043584319991615,False,False,0.08043587594300083,0.08043584319991615,0.08046940486169318,0.08043587594300083,4,4,3.2743084688036106e-08
INTELLECT,2018-11-01,2018-12-03,-0.06889763779527558,False,False,-0.06889763779527558,-0.06889763779527558,-0.06889763779527558,-0.06889763779527558,4,4,0.0
AUROPHARMA,2018-10-01,2019-01-01,-0.04742415233181807,False,False,-0.04742415383615928,-0.04742415233181807,-0.04742415383615928,-0.04742415383615928,4,4,-1.5043412071591433e-09
ATUL,2018-10-01,2019-01-01,0.09582758160385185,False,False,,0.09582758160385185,0.09582763120206228,0.09582763120206228,3,3,
DRREDDY,2018-11-01,2019-01-01,0.059087515005570745,False,False,0.059087585310367174,0.059087515005570745,0.059110298598415545,0.059087585310367174,4,4,7.030479642899934e-08
HEGAM,2018-11-01,2019-01-01,-0.14504551179250513,False,False,-0.14504551516205721,-0.14504546830850196,-0.14506870760132196,-0.14504551516205721,4,4,-3.369552081800009e-09
HDFCBANK,2018-12-03,2019-01-01,0.01646715943030541,False,False,0.016467136705626162,0.01646715943030541,0.016467915956842827,0.016466980864232372,4,4,-2.2724679249463975e-08
GUJFLUORO,2018-12-03,2019-01-01,0.006287861015460416,False,False,,,,0.006287908296700451,1,1,
HDFC,2018-12-03,2019-01-01,0.014262274391013463,False,False,,,,0.014262274391013463,1,1,
ADANIPOWER,2018-11-01,2019-02-01,-0.11952189380722467,False,False,-0.1195219123505975,-0.11952189380722467,-0.11940298507462699,-0.1195219123505975,4,4,-1.8543372837243055e-08
LINDEINDIA,2018-12-03,2019-02-01,-0.31505006050608375,False,False,-0.315050067254521,-0.31505006050608375,-0.315050067254521,-0.315050067254521,4,4,-6.7484372534565296e-09
IPCALAB,2018-12-03,2019-02-01,-0.054568085039232495,False,False,-0.05191494653071371,-0.054568085039232495,-0.05456805469235548,-0.05456805469235548,4,4,0.002653138508518782
LT,2018-12-03,2019-02-01,-0.07208408014995626,False,False,,-0.07208408014995626,-0.07208406304728554,-0.07208406304728554,3,3,
GLENMARK,2018-12-03,2019-02-01,0.06458092744179655,False,False,0.06458098761460507,0.06458092744179655,0.06458098761460507,0.06458098761460507,4,4,6.01728085136699e-08
VGUARD,2019-01-01,2019-02-01,-0.1264518589372231,False,False,-0.1264518956826649,-0.1264518589372231,-0.1264518956826649,-0.1264518956826649,4,4,-3.6745441800434264e-08
GSKCONS,2019-01-01,2019-02-01,-0.010605464767303951,False,False,,,,-0.010605490289306685,1,1,
AARTIIND,2018-12-03,2019-03-01,-0.03525327385741639,False,False,-0.035509264033549814,-0.0352533259160156,-0.03528765618563767,-0.03526019497459831,4,4,-0.0002559901761334249
PVRINOX,2019-01-01,2019-03-01,-0.06484387747759435,False,False,-0.06484863967301058,-0.06484379446184263,-0.06484384798695586,-0.064839974411107,4,4,-4.7621954162302416e-06
COLPAL,2019-01-01,2019-03-01,-0.05887912365337933,False,False,-0.05887906941611909,-0.05887912365337933,-0.05887906941611909,-0.05887906941611909,4,4,5.4237260238565455e-08
ICICIBANK,2018-11-01,2019-03-01,0.0015549555385563352,False,False,0.0015549901046083558,0.0015549555385563352,0.0015549901046083558,0.0015549901046083558,4,4,3.4566052020679194e-08
HINDUNILVR,2018-12-03,2019-03-01,-0.0498192377905341,False,False,-0.04981923751095518,-0.04981921143085255,-0.04981923751095518,-0.04981923751095518,4,4,2.7957891557406356e-10
UBL,2019-02-01,2019-03-01,-0.04781817508534125,False,False,-0.047818125280724155,-0.04781817508534125,-0.047818125280724155,-0.047818125280724155,4,4,4.980461709713779e-08
APOLLOHOSP,2019-02-01,2019-03-01,-0.14121157458643985,False,False,-0.1412115563839702,-0.14121157458643985,-0.1412115563839702,-0.1412115563839702,4,4,1.8202469642680796e-08
LALPATHLAB,2019-02-01,2019-03-01,-0.02142781570490304,False,False,-0.021427885077351827,-0.02142781570490304,-0.021427885077351827,-0.021427885077351827,4,4,-6.937244878546522e-08
SKFINDIA,2019-02-01,2019-03-01,0.012517010397625317,False,False,0.012517021053733979,0.012517033679936507,0.012517021053733979,0.012517021053733979,4,4,1.0656108662132624e-08
WIPRO,2018-10-01,2019-04-01,0.056691365224769585,False,False,0.056691402897672605,0.056691104756069866,0.056542810985460434,0.05669978192391567,4,4,3.7672903019370096e-08
ABFRL,2019-01-01,2019-04-01,0.12453026118215527,False,False,0.12453019293410161,0.12453020729835673,0.12453019293410161,0.12456344586728751,4,4,-6.824805365290842e-08
INFY,2019-02-01,2019-04-01,-0.0025758037625971397,False,False,-0.0025757875965919386,-0.0025758037625971397,-0.0025757875965919386,-0.0025757875965919386,4,4,1.6166005201156963e-08
DRREDDY,2019-02-01,2019-04-01,0.0012718709765449088,False,False,0.0012718316166593358,0.0012718709765449088,0.0012539184952979898,0.0012718316166593358,4,4,-3.935988557302039e-08
TECHM,2019-03-01,2019-04-01,-0.05566240499211528,False,False,,-0.05566240499211528,-0.055662418850685236,-0.055662418850685236,3,3,
PFC,2019-03-01,2019-04-01,0.05685319426248703,False,False,0.056853239312472326,0.05685319426248703,0.0567493112947659,0.056853239312472326,4,4,4.5049985297751505e-08
MANAPPURAM,2019-03-01,2019-05-02,0.019105487790616715,False,False,0.019105514546243985,0.019105487790616715,0.019105514546243985,0.019105514546243985,4,4,2.675562726928149e-08
PGHL,2019-01-01,2019-05-02,0.1677886882834616,False,False,0.16778863668762778,0.1677886882834616,0.16778863668762778,0.16778863668762778,4,4,-5.159583382763344e-08
TORNTPHARM,2018-11-01,2019-05-02,0.03311533399085809,False,False,0.0331152902698284,0.03311533399085809,0.0331152902698284,0.0331152902698284,4,4,-4.372102968552838e-08
PRAJIND,2018-11-01,2019-05-02,0.2609688759063655,False,False,0.26096892138939665,0.2609688759063655,0.26096892138939665,0.26096892138939665,4,4,4.548303111917562e-08
HAVELLS,2019-01-01,2019-05-02,0.10967186750978586,False,False,0.10967184801381702,0.10967186750978586,0.10967184801381702,0.10967184801381702,4,4,-1.9495968839322586e-08
GODFRYPHLP,2019-04-01,2019-05-02,-0.07377925680052311,False,False,-0.07377930737793248,-0.07377925680052311,-0.07369643779039736,-0.07379588043983287,4,4,-5.057740937175481e-08
MGL,2019-04-01,2019-05-02,-0.06929773181717191,False,False,-0.06929777604749632,-0.06929773181717191,-0.06929777604749632,-0.06929777604749632,4,4,-4.4230324403038423e-08
BATAINDIA,2018-11-01,2019-06-03,0.3421311956482669,False,False,0.3421311798306086,0.3421311956482669,0.3421311798306086,0.3421311798306086,4,4,-1.58176582942815e-08
CREDITACC,2019-04-01,2019-06-03,0.02885824256211711,False,False,0.028858218318695172,0.02885824256211711,0.028858218318695172,0.028858218318695172,4,4,-2.424342193663165e-08
IPCALAB,2019-04-01,2019-06-03,-0.04908763813929584,False,False,-0.04410325106909174,-0.04908763813929584,-0.04913651315789469,-0.049097413544964885,4,4,0.004984387070204099
DIVISLAB,2018-10-01,2019-06-03,0.22480299325736341,False,False,0.22480297059715082,0.22480299325736341,0.22480297059715082,0.22480297059715082,4,4,-2.266021259522688e-08
GUJFLUORO,2019-04-01,2019-06-03,-0.04211011003002563,False,False,,,,-0.0421100500227376,1,1,
ULTRACEMCO,2019-05-02,2019-06-03,0.031627061971093884,False,False,0.03162706063297449,0.031627061971093884,0.03162706063297449,0.03162706063297449,4,4,-1.3381193930683821e-09
BANDHANBNK,2019-05-02,2019-06-03,-0.03993918956217757,False,False,-0.03993917080198506,-0.03993918956217757,-0.03993917080198506,-0.03993917080198506,4,4,1.8760192510569595e-08
ICICIGI,2019-03-01,2019-07-01,0.16132601823533288,False,False,0.16132596685082867,0.16132601823533288,0.16132596685082867,0.16132596685082867,4,4,-5.138450420716367e-08
UPL,2019-03-01,2019-07-01,0.09019839234939941,False,False,,0.09019842022974967,0.09019574027765787,0.09020142413861154,3,3,
BALRAMCHIN,2019-03-01,2019-07-01,0.04520197288967087,False,False,0.04520192663949629,0.04520197288967087,0.04520192663949629,0.04520192663949629,4,4,-4.6250174579043346e-08
INOXLEISUR,2019-06-03,2019-07-01,-0.10157325153981955,False,False,,,,-0.10157328181065417,1,1,
INDIGO,2019-06-03,2019-07-01,-0.06518461678033605,False,False,,-0.06518461678033605,-0.06518461583941826,-0.06518461583941826,3,3,
GUJENERGY,2019-06-03,2019-07-01,-0.08081345352321412,False,False,-0.08081348675408073,-0.08081351677960424,-0.08081348675408073,-0.08081348675408073,4,4,-3.323086661399799e-08
TITAN,2019-03-01,2019-08-01,0.035198584326164406,False,False,,0.035198584326164406,0.03519851177363287,0.03519851177363287,3,3,
SRF,2019-05-02,2019-08-01,0.015939567842536695,False,False,0.01907430669629906,0.015939567842536695,0.015978438733275535,0.015939629615369766,4,4,0.0031347388537623644
VINATIORGA,2019-06-03,2019-08-01,-0.15972690676709655,False,False,-0.15973080174263599,-0.15972690676709655,-0.15968416163492793,-0.15972615719023153,4,4,-3.8949755394313e-06
BAJAJFINSV,2019-05-02,2019-08-01,-0.06555743538714243,False,False,-0.06555743945321513,-0.06555743538714243,-0.06557593350046176,-0.06556360421697072,4,4,-4.0660727007590936e-09
DCBBANK,2019-04-01,2019-08-01,-0.0454208679813809,False,False,-0.04542088373241182,-0.0454208679813809,-0.04542088373241182,-0.04542088373241182,4,4,-1.575103092399388e-08
PIIND,2019-03-01,2019-08-01,0.1992150963760282,False,False,0.20256506978498678,0.1992150963760282,0.19921518034725594,0.19921518034725594,4,4,0.0033499734089585953
SHREECEM,2019-05-02,2019-08-01,0.0051180964414767605,False,False,0.005120628746877909,0.0051180964414767605,0.005118116171437981,0.005118116171437981,4,4,2.5323054011483492e-06
ATUL,2019-06-03,2019-08-01,-0.09395092258640181,False,False,,-0.09395092258640181,-0.09395090040978982,-0.09395090040978982,3,3,
JKCEMENT,2019-05-02,2019-08-01,0.05639097592134812,False,False,0.0563909774436091,0.05639097592134812,0.0563909774436091,0.0563909774436091,4,4,1.5222609839327106e-09
AXISBANK,2019-02-01,2019-08-01,-0.06685257888746077,False,False,-0.06685256186824684,-0.06685257888746077,-0.06685256186824684,-0.06685256186824684,4,4,1.7019213927049748e-08
MUTHOOTFIN,2019-03-01,2019-08-01,0.14999052902769638,False,False,0.14999057848125097,0.14999052902769638,0.14999057848125097,0.14999057848125097,4,4,4.94535545847441e-08
BAJFINANCE,2019-07-01,2019-08-01,-0.12892674568346218,False,False,-0.12892673695593404,-0.12892674568346218,-0.12895377128953767,-0.12892673695593404,4,4,8.727528144625296e-09
BATAINDIA,2019-07-01,2019-08-01,-0.10040766305657622,False,False,-0.10040771197567544,-0.10040766305657622,-0.10040771197567544,-0.10040771197567544,4,4,-4.891909921589388e-08
TRENT,2019-07-01,2019-08-01,-0.07265522089466492,False,False,,-0.07265521601297997,-0.07265521796565388,-0.07265521796565388,3,3,
SIEMENS,2019-07-01,2019-08-01,-0.15855542118583543,False,False,,-0.15855534486465483,-0.15855537600060132,-0.15855537600060132,3,3,
PGHL,2019-07-01,2019-09-03,-0.044874757587419656,False,False,-0.04487478975892367,-0.044874757587419656,-0.04487478975892367,-0.04487478975892367,4,4,-3.2171504016353936e-08
KOTAKBANK,2019-06-03,2019-09-03,-0.07637555803571427,False,False,-0.07637551020408162,-0.07637555803571427,-0.07640816326530608,-0.07637551020408162,4,4,4.783163265464907e-08
NAUKRI,2019-07-01,2019-09-03,-0.09246880821918368,False,False,-0.09246880570409977,-0.09246880821918368,-0.09246880570409977,-0.09246880570409977,4,4,2.51508391890809e-09
RITES,2019-08-01,2019-09-03,-0.07648477459207303,False,False,,-0.07648477459207303,-0.0765391014975042,-0.2611791322863988,3,2,
TORNTPOWER,2019-08-01,2019-09-03,-0.10041152263374487,False,False,-0.10041152263374487,-0.10041152263374487,-0.10041152263374487,-0.10041152263374487,4,4,0.0
POWERGRID,2019-08-01,2019-09-03,-0.07920563282872539,False,False,,-0.07920561274844728,-0.07931893687707647,-0.07924904469180916,3,3,
ADANIPOWER,2019-08-01,2019-09-03,-0.03367008151105677,False,False,-0.03367003367003374,-0.03367008151105677,-0.03361344537815125,-0.03367003367003374,4,4,4.784102303201365e-08
GODREJPROP,2019-08-01,2019-09-03,-0.04412700602197139,False,False,-0.04412701784197115,-0.04412700602197139,-0.04412701784197115,-0.04412701784197115,4,4,-1.1819999756745858e-08
TATACONSUM,2019-08-01,2019-10-01,0.04599035228558268,False,False,0.04599033816424791,0.04599031457578495,0.04599033816425102,0.04599033816425102,4,4,-1.4121334768191218e-08
CANFINHOME,2019-08-01,2019-10-01,0.05276516335588033,False,False,0.05276516163505218,0.05276516335588033,0.05276516163505218,0.05276516163505218,4,4,-1.7208281466452036e-09
ICICIGI,2019-08-01,2019-10-01,0.04494333422597485,False,False,0.044943332320118046,0.04494333422597485,0.044943332320118046,0.044943332320118046,4,4,-1.9058568057062075e-09
GUJENERGY,2019-08-01,2019-10-01,0.005859996184254479,False,False,0.005859947260474563,0.0058599474700631315,0.005859947260474563,0.005859947260474563,4,4,-4.89237799161657e-08
IPCALAB,2019-08-01,2019-10-01,-0.07618855826981141,False,False,-0.08264802631578949,-0.07618855826981141,-0.07619244270080539,-0.07618772324654677,4,4,-0.0064594680459780784
COFORGE,2019-09-03,2019-10-01,-0.07999318919203413,False,False,-0.07999318336741645,-0.07999318919203413,-0.07992501704158139,-0.07999318336741645,4,4,5.82461767706377e-09
GSPL,2019-09-03,2019-10-01,-0.021420284533250844,False,False,,,-0.021420256111757796,-0.021420256111757796,2,2,
APOLLOHOSP,2019-09-03,2019-10-01,-0.08316311576053703,False,False,-0.08316314573638228,-0.08316311576053703,-0.08316314573638228,-0.08316314573638228,4,4,-2.9975845250440614e-08
INDIGO,2019-08-01,2019-11-01,-0.07279579334178654,False,False,,-0.07279579334178654,-0.07279582366589321,-0.07279582366589321,3,3,
AAVAS,2019-06-03,2019-11-01,0.1432750448483182,False,False,0.14327506501011267,0.1432750448483182,0.14327506501011267,0.14327506501011267,4,4,2.0161794456186044e-08
JKCEMENT,2019-09-03,2019-11-01,0.12529709002687306,False,False,0.12529706224402082,0.12529709002687306,0.12529706224402082,0.12529706224402082,4,4,-2.778285224103172e-08
CREDITACC,2019-10-01,2019-11-01,-0.04685521639951695,False,False,-0.046855181675744206,-0.04685521639951695,-0.046855181675744206,-0.046855181675744206,4,4,3.47237727460481e-08
BATAINDIA,2019-09-03,2019-12-02,0.05725424895917963,False,False,0.057254264825345125,0.05725424895917963,0.057254264825345125,0.057254264825345125,4,4,1.5866165492539608e-08
SIEMENS,2019-10-01,2019-12-02,-0.03923541275372855,False,False,,-0.03923541030579869,-0.039235379880123045,-0.039235379880123045,3,3,
HDFCLIFE,2019-08-01,2019-12-02,0.16692286129603162,False,False,0.16692284045496453,0.16692286129603162,0.16692284045496453,0.16692284045496453,4,4,-2.0841067094323762e-08
TRENT,2019-09-03,2019-12-02,0.16744282091247964,False,False,,0.16744296194182495,0.16749833666001313,0.1674318030605455,3,3,
COLPAL,2019-10-01,2019-12-02,-0.029648678884769297,False,False,-0.029648694722064328,-0.029648678884769297,-0.029648694722064328,-0.029648694722064328,4,4,-1.583729503096265e-08
ASIANPAINT,2019-08-01,2019-12-02,0.15521370134041268,False,False,0.15521366385325974,0.15521370134041268,0.15521366385325974,0.15521366385325974,4,4,-3.748715293738769e-08
PIIND,2019-10-01,2020-01-01,0.15288973280784512,False,False,0.14579461425916396,0.15288973280784512,0.15288977159880845,0.15288977159880845,4,4,-0.007095118548681167
LALPATHLAB,2019-09-03,2020-01-01,0.2956485208399344,False,False,0.2956485002112379,0.2956485208399344,0.2956485002112379,0.2956485002112379,4,4,-2.0628696528746104e-08
METROPOLIS,2019-11-01,2020-01-01,0.003111504261023912,False,False,0.003111452943644233,0.003111504261023912,0.0030764927982098733,0.0031044609145574054,4,4,-5.1317379679005626e-08
VSTIND,2019-12-02,2020-01-01,0.012371695168959862,False,False,0.012371695455029696,0.012371695168959862,0.01237140252637059,0.012371724748658552,4,4,2.8606983448753454e-10
ORIENTELEC,2019-12-02,2020-01-01,-0.08682137713616656,False,False,-0.08682133460894526,-0.08682137713616656,-0.08682133460894526,-0.08682133460894526,4,4,4.252722130004827e-08
ICICIPRULI,2019-12-02,2020-01-01,-0.035302328787231274,False,False,-0.03530237689298976,-0.035302328787231274,-0.03530237689298976,-0.03530237689298976,4,4,-4.810575848779308e-08
ABBOTINDIA,2019-10-01,2020-02-01,0.1342693863076605,False,False,0.13426940429058098,,,0.13426940429058098,2,2,1.7982920486048215e-08
POLYCAB,2019-11-01,2020-02-01,0.1279096648299718,False,False,0.12790969704058952,,,0.12790969704058952,2,2,3.221061772862299e-08
GLAXO,2019-11-01,2020-02-01,-0.018812592296620356,False,False,-0.018812621504411542,,,-0.018812621504411542,2,2,-2.920779118564809e-08
PFIZER,2019-12-02,2020-02-01,-0.03204810554521764,False,False,-0.032048072108162184,,,-0.032048072108162184,2,2,3.3437055457774534e-08
SBILIFE,2019-08-01,2020-02-01,0.14942081799991946,False,False,0.14942084942084954,,,0.14942084942084954,2,2,3.142093008001723e-08
NAM-INDIA,2019-08-01,2020-02-01,0.5014301967306105,False,False,0.5014301430143013,,,0.5014301430143013,2,2,-5.371630917849757e-08
HDFCAMC,2019-05-02,2020-02-01,0.7995934225636814,False,False,0.799593531854732,,,0.7995829307947879,2,2,1.0929105065393685e-07
NESTLEIND,2019-10-01,2020-02-01,0.13472153545624765,False,False,0.1278189441822548,,,0.1347210852531866,2,2,-0.006902591273992842
RELAXO,2019-10-01,2020-03-02,0.3881315985545877,False,False,0.3861633960752904,0.3881315985545877,0.38813151563753,0.38813151563753,4,4,-0.0019682024792972985
ADANIGREEN,2019-11-01,2020-03-02,0.7348527887282754,False,False,0.7348526959421902,0.7348527887282754,0.7348526959421902,0.7348526959421902,4,4,-9.278608525953302e-08
IGL,2020-01-01,2020-03-02,0.016578454539609044,False,False,0.016578483245149878,0.016578454539609044,0.016698024459078198,0.016554578375582052,4,4,2.8705540833229293e-08
DIXON,2020-01-01,2020-03-02,0.03923099136210406,False,False,0.03923096222154743,0.03923099136210406,0.03921827545226475,0.039230962221547205,4,4,-2.9140556634388304e-08
AVANTIFEED,2020-01-01,2020-03-02,-0.2907235205443156,False,False,-0.29072351633879334,-0.2907235205443156,-0.29072351633879334,-0.29072351633879334,4,4,4.205522263767136e-09
TATACONSUM,2019-12-02,2020-03-02,0.06944449456305213,False,False,0.06944444444444353,0.0694444471202984,0.06944444444444442,0.05886994949494939,4,4,-5.011860859660544e-08
WHIRLPOOL,2019-10-01,2020-03-02,0.13186558881382981,False,False,0.13186560294568883,0.13186558881382981,0.13186560294568883,0.13186560294568883,4,4,1.413185901633085e-08
CREDITACC,2019-12-02,2020-03-02,0.05316350304648698,False,False,0.053163471550192964,0.05316350304648698,0.053163471550192964,0.053163471550192964,4,4,-3.149629401733023e-08
AMBER,2020-02-01,2020-03-02,-0.05109542786139387,False,False,-0.0510953941693979,,,-0.0510953941693979,2,2,3.369199597091921e-08
NH,2020-02-01,2020-03-02,-0.08423529451623746,False,False,,,,-0.08423535942270333,1,1,
SUPREMEIND,2020-02-01,2020-03-02,-0.03901349825899059,False,False,-0.03901355092525127,,,-0.03901355092525127,2,2,-5.2666260685896304e-08
COROMANDEL,2020-01-01,2020-04-01,0.011537687620761572,False,False,,0.011537687620761572,0.011537734064686722,0.011537734064686722,3,3,
AUBANK,2020-02-01,2020-04-01,-0.5330778982403237,False,False,-0.5330778931031138,,,-0.5330681928412068,2,2,5.137209879713112e-09
NAVINFLUOR,2020-01-01,2020-04-01,0.2005582234437906,False,False,0.20055821371610838,0.2005582234437906,0.20055821371610838,0.20055821371610838,4,4,-9.727682215299183e-09
BERGEPAINT,2019-09-03,2020-04-01,0.33273608895589546,False,False,0.33273604410751045,0.33273608895589546,0.3327820046311609,0.33275993251513447,4,4,-4.4848385005735736e-08
ISEC,2020-02-01,2020-04-01,-0.3733139811537366,False,False,,,,-0.373314011815851,1,1,
GUJENERGY,2020-01-01,2020-04-01,-0.10993328426123739,False,False,-0.10993325480957994,-0.10993325612677529,-0.10993325480957994,-0.10993325480957994,4,4,2.9451657446166735e-08
ORIENTELEC,2020-02-01,2020-04-01,-0.23035340497498702,False,False,-0.23035343035343037,,,-0.23035343035343037,2,2,-2.5378443346824042e-08
SRF,2020-02-01,2020-04-01,-0.28014046782338586,False,False,-0.28151612641596147,,,-0.280140449819015,2,2,-0.0013756585925756015
JKCEMENT,2020-02-01,2020-04-01,-0.3060586443130181,False,False,-0.30605866626501477,,,-0.30605866626501477,2,2,-2.195199666488179e-08
ALKEM,2020-03-02,2020-04-01,-0.12697096705772792,False,False,-0.12697100223059754,-0.12697096705772792,-0.12697100223059754,-0.12697100223059754,4,4,-3.517286961685073e-08
TRENT,2020-03-02,2020-04-01,-0.36362392694046786,False,False,,-0.3636239136713665,-0.36363636363636365,-0.36362145653555245,3,3,
METROPOLIS,2020-03-02,2020-04-01,-0.3337268599254968,False,False,-0.33372681723984154,-0.3337268599254968,-0.3336831059811123,-0.3337180751715598,4,4,4.268565523268819e-08
ATUL,2020-03-02,2020-04-01,-0.24874554297414708,False,False,,-0.24874554297414708,-0.2487455335214631,-0.2487455335214631,3,3,
JBCHEPHARM,2020-03-02,2020-04-01,-0.049981220393448544,False,False,,,-0.04998121007140177,-0.04998121007140177,2,2,
MASFIN,2020-03-02,2020-04-01,-0.4820675954357664,False,False,-0.48206761391474917,-0.4820675954357664,-0.4819932382772306,-0.48208248816768084,4,4,-1.847898278839466e-08
MIDHANI,2020-03-02,2020-04-01,-0.2674931486144513,False,False,-0.26749317083420876,-0.2674931486144513,-0.26749317083420876,-0.26749317083420876,4,4,-2.2219757478403324e-08
DEEPAKNTR,2020-03-02,2020-04-01,-0.24678280021825716,False,False,-0.24787255095982585,-0.24678280021825716,-0.24678281528410217,-0.24678281528410217,4,4,-0.0010897507415686958
HINDUNILVR,2020-04-01,2020-05-04,-0.04450252055591264,False,False,-0.04450255775009748,-0.0445025597439741,-0.04450255775009748,-0.04450255775009748,4,4,-3.719418484315895e-08
JSWDULUX,2020-04-01,2020-05-04,-0.0871310607498641,False,False,-0.08713102910483717,-0.0871310607498641,-0.08713102910483717,-0.08713102910483717,4,4,3.164502693220328e-08
IPCALAB,2020-04-01,2020-06-01,0.09243423442809884,False,False,0.09435720943572079,0.09243423442809884,0.09243096294176567,0.09243360805860812,4,4,0.001922975007621952
PFIZER,2020-05-04,2020-06-01,-0.1966488301576289,False,False,-0.19664887129346365,-0.1966488301576289,-0.19664887129346365,-0.19664887129346365,4,4,-4.1135834738526e-08
MIDHANI,2020-05-04,2020-06-01,0.02357905223111212,False,False,0.02357905187391407,0.02357905223111212,0.02357905187391407,0.02357905187391407,4,4,-3.571980489169846e-10
AARTIIND,2020-05-04,2020-06-01,-0.10279818590936407,False,False,-0.10609717225991533,-0.10279817236103395,-0.10271158586688578,-0.10279725387087346,4,4,-0.0032989863505512584
ADANIGREEN,2020-05-04,2020-07-01,0.6270580159467631,False,False,0.6270579813886898,0.6270580159467631,0.6270579813886898,0.6270579813886898,4,4,-3.455807329189042e-08
DIVISLAB,2020-03-02,2020-07-01,0.0625814863102998,False,False,0.0625814863102998,0.0625814863102998,0.0625814863102998,0.0625814863102998,4,4,0.0
ABBOTINDIA,2020-03-02,2020-07-01,0.023539041883148704,False,False,0.023542251325226138,0.023539041883148704,0.023539003222118327,0.023539003222118327,4,4,3.2094420774342325e-06
AJANTPHARM,2020-04-01,2020-07-01,0.04688702276784884,False,False,0.046887009992313544,0.04688702276784884,0.046887009992313544,0.046887009992313544,4,4,-1.2775535296327689e-08
BHARTIARTL,2020-05-04,2020-07-01,0.05192491136709365,False,False,0.05166259628029346,0.051924887113591334,0.05192488262910788,0.05191282741877368,4,4,-0.0002623150868001911
NESTLEIND,2020-04-01,2020-07-01,0.0730969953931655,False,False,0.07188215997498215,0.0730969953931655,0.07314424428261157,0.07309033766432882,4,4,-0.0012148354181833465
DEEPAKNTR,2020-05-04,2020-07-01,-0.012988326876647083,False,False,-0.012679105246881872,-0.012988326876647083,-0.012988351716317958,-0.012988351716317958,4,4,0.0003092216297652106
DMART,2020-03-02,2020-07-01,0.02709802723592758,False,False,0.02709796092330463,0.02709802723592758,0.02709796092330463,0.02709796092330463,4,4,-6.631262294831686e-08
RELAXO,2020-06-01,2020-07-01,-0.11543605661753098,False,False,-0.11657648794884401,-0.11543605661753098,-0.11543605265010204,-0.11543605265010204,4,4,-0.0011404313313130299
BAYERCROP,2020-05-04,2020-08-03,0.2505555544485427,False,False,0.2505554547927813,0.2505555544485427,0.2505554547927813,0.2505554547927813,4,4,-9.965576142079158e-08
INDIACEM,2020-04-01,2020-08-03,0.09824900947751858,False,False,0.09824902723735418,0.09824900947751858,0.09824902723735418,0.09824902723735418,4,4,1.775983560214911e-08
SUZLON,2020-07-01,2020-08-03,-0.17924531999354876,False,False,,-0.17924546696790533,-0.179245283018868,-0.17901234567901236,3,3,
GUJENERGY,2020-07-01,2020-08-03,-0.06338021756485757,False,False,-0.06338028169014098,-0.06338031788177734,-0.06338028169014098,-0.06338028169014098,4,4,-6.412528341659396e-08
COROMANDEL,2020-05-04,2020-09-01,0.3004216379703859,False,False,,0.3004216379703859,0.3004216444132115,0.3004216444132115,3,3,
DRREDDY,2020-04-01,2020-09-01,0.4061228023399637,False,False,0.4061227786752828,0.4061228023399637,0.4061389337641357,0.4061227786752828,4,4,-2.3664680881552158e-08
ESCORTS,2020-06-01,2020-09-01,0.14330519548259502,False,False,0.14330522418757718,0.14330519548259502,0.14330522418757718,0.14330522418757718,4,4,2.87049821690033e-08
APLLTD,2020-06-01,2020-09-01,0.07849934069701914,False,False,0.07849929544387035,0.07849934069701914,0.07849929544387035,0.07849929544387035,4,4,-4.5253148783785946e-08
BIOCON,2020-05-04,2020-09-01,0.13242070758491598,False,False,0.13242072915211622,0.13242070758491598,0.13242072915211622,0.13242072915211622,4,4,2.1567200247929463e-08
GMMPFAUDLR,2020-07-01,2020-10-01,-0.08158184621970443,False,False,-0.08189541701567093,-0.08158184621970443,-0.08160482308189199,-0.08157728525493801,4,4,-0.00031357079596650017
DHANUKA,2020-07-01,2020-10-01,0.033985863009424966,False,False,0.03449214232260678,0.033985863009424966,0.03398586188145725,0.03398586188145725,4,4,0.0005062793131818122
JUBLPHARMA,2020-07-01,2020-10-01,0.10479197782254102,False,False,0.10479199578725651,0.10479196910962574,0.10479199578725651,0.10479199578725651,4,4,1.796471549297962e-08
CIPLA,2020-06-01,2020-10-01,0.20311284046692601,False,False,0.20311284046692601,0.20311284046692601,0.20311284046692601,0.20311284046692601,4,4,0.0
CCAVENUE,2020-08-03,2020-10-01,-0.013788587623115856,False,False,-0.00990752972258857,-0.01378855298866144,-0.015748031496063075,-0.013823529411764679,4,4,0.003881057900527285
TATACONSUM,2020-09-01,2020-10-01,-0.07183233545077083,False,False,-0.07183226982680058,-0.07183225869915111,-0.07183226982680035,-0.07183236046918451,4,4,6.562397025788869e-08
BSOFT,2020-09-01,2020-11-02,0.03591572075609317,False,False,0.03591570198872085,0.03591572075609317,0.03591570198872085,0.03591570198872085,4,4,-1.8767372322869846e-08
ALKYLAMINE,2020-07-01,2020-11-02,0.3338949178177293,False,False,0.3339177778803122,0.3338949178177293,0.33387189844200793,0.33389497980380844,4,4,2.2860062582896745e-05
AARTIDRUGS,2020-10-01,2020-11-02,-0.1912699488159323,False,False,-0.19126998826943253,-0.1912699488159323,-0.19126998826943253,-0.19126998826943253,4,4,-3.94535002445906e-08
APOLLOHOSP,2020-10-01,2020-11-02,-0.009785836187043873,False,False,-0.009785859552577936,-0.009785836187043873,-0.009785859552577936,-0.009785859552577936,4,4,-2.336553406312447e-08
MINDTREE,2020-10-01,2020-11-02,-0.013806834219880049,False,False,,,,-0.013806779914689815,1,1,
INDIAMART,2020-10-01,2020-12-01,0.030265693395830295,False,False,0.03026571354197949,0.030265693395830295,0.03025570172803893,0.03026771590476751,4,4,2.0146149193323026e-08
JBCHEPHARM,2020-05-04,2020-12-01,0.827276049606732,False,False,,,0.827185171724514,0.8272942031619117,2,2,
CDSL,2020-08-03,2020-12-01,0.4602658428152695,False,False,0.46026587887740034,0.4602658428152695,0.46026587887740034,0.46026587887740034,4,4,3.6062130837066775e-08
PERSISTENT,2020-08-03,2020-12-01,0.23759995851761007,False,False,0.23759991801598712,0.23759995851761007,0.23754867800778845,0.2375896700143474,4,4,-4.050162294433335e-08
LTM,2020-08-03,2020-12-01,0.3463885722541873,False,False,0.34638856546352437,0.3463885722541873,0.34638856546352437,0.34638856546352437,4,4,-6.7906629208636105e-09
IPCALAB,2020-07-01,2020-12-01,0.37885448076240635,False,False,0.38666544834308003,0.37885448076240635,0.3788963007883568,0.37884613052284344,4,4,0.007810967580673678
WELSPUNLIV,2020-11-02,2020-12-01,0.010526269898378793,False,False,0.010526315789473717,0.010526269898378793,0.010526315789473717,0.010526315789473717,4,4,4.589109492414423e-08
THYROCARE,2020-11-02,2020-12-01,-0.06836457349692204,False,False,-0.06836455300099797,-0.06836457349692204,-0.06844850065189045,-0.06834776259518105,4,4,2.0495924069052762e-08
JKCEMENT,2020-11-02,2021-01-01,0.06236364566885544,False,False,0.06236363134200573,0.06236364566885544,0.06236363134200573,0.06236363134200573,4,4,-1.4326849706591815e-08
GRANULES,2020-09-01,2021-01-01,0.1087795134327263,False,False,0.10877950933497926,0.1087795134327263,0.10877950933497926,0.10877950933497926,4,4,-4.097747030584742e-09
NAVINFLUOR,2020-05-04,2021-01-01,0.737672542586493,False,False,0.7376725188576696,0.737672542586493,0.7376725188576696,0.7376725188576696,4,4,-2.3728823350666062e-08
SYNGENE,2020-07-01,2021-01-01,0.5487386590532419,False,False,0.5487386725446974,0.5487386590532419,0.5487386725446974,0.5487386725446974,4,4,1.3491455508329864e-08
RATNAMANI,2020-12-01,2021-01-01,-0.05218736272377722,False,False,-0.0551034299073746,-0.05218736272377722,-0.05220134168554802,-0.05218449836951211,4,4,-0.0029160671835973817
DALBHARAT,2020-12-01,2021-01-01,-0.04958316845820088,False,False,-0.04958318860715516,-0.04958316845820088,-0.04958318860715516,-0.04958318860715516,4,4,-2.0148954282817044e-08
CHOLAFIN,2020-12-01,2021-01-01,0.09751872865784694,False,False,0.09751867662753466,0.09751872865784694,0.09751867662753466,0.09751867662753466,4,4,-5.2030312280848534e-08
PGHL,2020-12-01,2021-01-01,0.0466908427899666,False,False,0.04669085674873319,0.0466908427899666,0.04669085674873319,0.04669085674873319,4,4,1.3958766587052196e-08
BLUEDART,2020-12-01,2021-01-01,0.035416679866478784,False,False,0.03541669316981966,0.035416679866478784,0.03541669316981966,0.03541669316981966,4,4,1.3303340873349612e-08
TATASTEEL,2020-12-01,2021-02-01,0.08586545957788538,False,False,0.08641448211083591,0.08586545957788538,0.0853242320819112,0.08586548310003406,4,4,0.0005490225329505272
LAURUSLABS,2020-09-01,2021-02-01,0.558909979735801,False,False,0.5589099652685012,0.558909979735801,0.5587711487088158,-0.6882180069462998,4,3,-1.446729980258965e-08
TATACOMM,2020-07-01,2021-02-01,0.6221746441361233,False,False,0.6221745586536875,0.6221746441361233,0.6221745586536875,0.6221745586536875,4,4,-8.548243579653558e-08
TIINDIA,2020-12-01,2021-02-01,-0.01704122993454138,False,False,-0.017041244751790474,-0.01704122993454138,-0.017041244751790474,-0.017041244751790474,4,4,-1.4817249094356555e-08
SAIL,2021-01-01,2021-02-01,-0.14630874531381077,False,False,-0.1463087248322148,-0.14630874531381077,-0.1463087248322148,-0.1463087248322148,4,4,2.048159597478616e-08
TATASTLBSL,2021-01-01,2021-02-01,0.0050188399146195994,False,False,,,,0.005018820577164185,1,1,
BERGEPAINT,2021-01-01,2021-02-01,-0.060230756105178807,False,False,-0.0602307541881234,-0.060230756105178807,-0.06023153942428039,-0.060230597143348774,4,4,1.9170554033109966e-09
ASIANPAINT,2021-01-01,2021-02-01,-0.11808470185518016,False,False,-0.11808470393255388,-0.11808470185518016,-0.11808470393255388,-0.11808470393255388,4,4,-2.077373717490616e-09
JSWSTEEL,2021-01-01,2021-02-01,-0.02270979170206955,False,False,-0.02270977675134711,-0.02270979170206955,-0.02270977675134711,-0.02270977675134711,4,4,1.4950722437845343e-08
SUZLON,2021-01-01,2021-02-01,-0.014925417094580173,False,False,,-0.014925264390530657,-0.014925373134328401,-0.014634146341463539,3,3,
IFBIND,2021-01-01,2021-03-01,0.01569669152114006,False,False,0.015696671295711617,0.01569669152114006,0.015696671295711617,0.015696671295711617,4,4,-2.022542844315467e-08
EMAMILTD,2021-02-01,2021-03-01,-0.038469567982612585,False,False,-0.03846957976165588,-0.038469567982612585,-0.03846957976165588,-0.03846957976165588,4,4,-1.1779043296300529e-08
CROMPTON,2021-02-01,2021-03-01,-0.0719174242505295,False,False,-0.07191739704646416,-0.0719174242505295,-0.07191739704646416,-0.07191739704646416,4,4,2.7204065333741312e-08
ALKYLAMINE,2021-02-01,2021-03-01,0.023658841250845608,False,False,0.024002742018407686,0.023658841250845608,0.02365358456345401,0.023658860989077324,4,4,0.00034390076756207755
INDIAMART,2021-01-01,2021-04-01,0.1327380228074102,False,False,0.13273801912393624,0.1327380228074102,0.13274512311211506,0.132739439921572,4,4,-3.6834739702840125e-09
TMPV,2021-02-01,2021-04-01,0.1006795459699541,False,False,0.10067954220314723,0.10067951817591325,0.10067954220314723,0.10067954220314723,4,4,-3.766806866423167e-09
ADANIGREEN,2020-09-01,2021-04-01,1.3451936988619253,False,False,1.345193571211968,1.3451936988619253,1.345193571211968,1.345193571211968,4,4,-1.2764995727110318e-07
VIYASH,2021-02-01,2021-04-01,0.13336429997787058,False,False,0.1307174367309032,0.13336429997787058,0.133364312267658,0.133364312267658,4,4,-0.0026468632469673903
PERSISTENT,2021-02-01,2021-04-01,0.26289074397420653,False,False,0.2628907639090938,0.26289074397420653,0.262899262899263,0.26289246366316643,4,4,1.993488729645776e-08
HINDCOPPER,2021-03-01,2021-04-01,-0.20184360701857718,False,False,-0.20184361093452008,-0.20184360701857718,-0.20184361093452008,-0.20184361093452008,4,4,-3.915942903276459e-09
LMW,2021-02-01,2021-05-03,0.16229365712179078,False,False,,0.16229365712179078,0.16229365123577155,0.16229365123577155,3,3,
KAJARIACER,2021-02-01,2021-05-03,0.11378540995726172,False,False,0.11378542631927302,0.11378540995726172,0.11378542631927302,0.11378542631927302,4,4,1.636201130139625e-08
VAIBHAVGBL,2021-01-01,2021-05-03,0.6864542242618028,False,False,0.6876066448310354,0.6864542242618028,0.6865203761755485,0.6864542925433954,4,4,0.0011524205692325928
PRSMJOHNSN,2021-04-01,2021-05-03,0.018276739220186577,False,False,0.018276762402088753,0.018276739220186577,0.018276762402088753,0.018276762402088753,4,4,2.3181902175650748e-08
SUNDRMFAST,2021-04-01,2021-05-03,-0.11995740232482621,False,False,-0.11995740415935852,-0.11995740232482621,-0.11995740415935852,-0.11995740415935852,4,4,-1.8345323038460037e-09
DALBHARAT,2021-04-01,2021-05-03,-0.008908273548594692,False,False,-0.008908257762681338,-0.008908273548594692,-0.008908257762681338,-0.008908257762681338,4,4,1.5785913354271486e-08
LINDEINDIA,2021-03-01,2021-06-01,-0.04382361127229972,False,False,-0.043823609969871224,-0.04382361127229972,-0.043823609969871224,-0.043823609969871224,4,4,1.302428498384245e-09
DEEPAKNTR,2021-04-01,2021-06-01,0.06898434831391387,False,False,0.0695739317926447,0.06898434831391387,0.06898436313951728,0.06898436313951728,4,4,0.0005895834787308374
TATACHEM,2021-03-01,2021-06-01,-0.04983521041714811,False,False,-0.04983522765485249,-0.04983521041714811,-0.04983522765485249,-0.04983522765485249,4,4,-1.7237704375006047e-08
TIINDIA,2021-04-01,2021-06-01,-0.007510326852219751,False,False,-0.007510326699211367,-0.007510326852219751,-0.007510326699211367,-0.007510326699211367,4,4,1.5300838374088244e-10
DIXON,2020-05-04,2021-06-01,3.477462268116634,False,False,3.477462255409603,3.477462268116634,3.477462255409603,-0.10450754891807934,4,3,-1.2707030982994638e-08
AFFLE,2020-10-01,2021-06-01,0.8462115139859514,False,False,0.8462116709205971,0.8462115139859514,0.8462412587412587,0.8462116709205971,4,4,1.5693464572308358e-07
APLAPOLLO,2020-10-01,2021-06-01,1.1957453164578928,False,False,1.1928594359866853,1.1957453164578928,1.1960054163845637,1.195708096398592,4,4,-0.0028858804712075248
ADANIENSOL,2021-03-01,2021-07-01,0.32774885061390635,False,False,0.3277488292329003,0.32774885061390635,0.3277488292329003,0.3277488292329003,4,4,-2.1381006076737208e-08
ATGL,2020-12-01,2021-07-01,1.6843052823013274,False,False,1.6843053054439672,1.6843052823013274,1.6843053054439672,1.6843053054439672,4,4,2.3142639804518694e-08
SUPPETRO,2021-05-03,2021-07-01,0.00089282937292956,False,False,,,,0.0008927958244626666,1,1,
INTELLECT,2021-04-01,2021-07-01,-6.840614843484083e-05,False,False,-6.842285323294117e-05,-6.840614843484083e-05,-6.842285323294117e-05,-6.842285323294117e-05,4,4,-1.670479810034209e-08
GRASIM,2021-02-01,2021-07-01,0.33282996566938183,False,False,0.3328299204903853,0.33282996566938183,0.3328299204903833,0.3328299204903833,4,4,-4.517899654388202e-08
GRAPHITE,2021-05-03,2021-07-01,-0.1069055294059531,False,False,-0.1069055768069257,-0.1069055294059531,-0.1069055768069257,-0.1069055768069257,4,4,-4.740097259148257e-08
CENTURYPLY,2021-02-01,2021-07-01,0.5702780909186242,False,False,0.5702780441035473,0.5702780909186242,0.5702780441035473,0.5702780441035473,4,4,-4.681507692616549e-08
BSE,2021-06-01,2021-07-01,-0.0422429448589855,False,False,-0.042242950573600946,-0.0422429448589855,-0.04245055475156778,-0.04216925600694765,4,4,-5.71461544751628e-09
TATAELXSI,2020-11-02,2021-08-02,1.8221611086591358,False,False,1.8221613312838336,1.8221611086591358,1.8221613312838336,1.8221613312838336,4,4,2.2262469778766558e-07
PRINCEPIPE,2021-06-01,2021-08-02,-0.030366899981199458,False,False,-0.030366933783213756,-0.030366899981199458,-0.030366933783213756,-0.030366933783213756,4,4,-3.3802014298700556e-08
JSWSTEEL,2021-05-03,2021-08-02,0.03242310709579166,False,False,0.032423090217767125,0.03242310709579166,0.032423090217767125,0.032423090217767125,4,4,-1.6878024533539815e-08
SAIL,2021-05-03,2021-08-02,0.09197651663405093,False,False,0.09197651663405093,0.09197651663405093,0.09197651663405093,0.09197651663405093,4,4,0.0
LAURUSLABS,2021-07-01,2021-08-02,-0.01800450112528129,False,False,-0.01800450112528129,-0.01800450112528129,-0.01800450112528129,-0.01800450112528129,4,4,0.0
POLYCAB,2021-07-01,2021-08-02,-0.07358311345262636,False,False,-0.07358307887093174,-0.07358311345262636,-0.07358307887093174,-0.07358307887093174,4,4,3.458169461900695e-08
VENKEYS,2021-07-01,2021-08-02,-0.12973041337912383,False,False,-0.12973039821914412,-0.12973041337912383,-0.12973039821914412,-0.12973039821914412,4,4,1.5159979716017347e-08
CDSL,2021-06-01,2021-09-01,0.22598024543549844,False,False,0.22598021442999938,0.22598024543549844,0.22591671845867012,0.22596751470953835,4,4,-3.1005499057101815e-08
FSL,2021-07-01,2021-09-01,-0.06534758059012147,False,False,,-0.06534758059012147,-0.06534756573808909,-0.06534756573808909,3,3,
HFCL,2021-07-01,2021-09-01,0.024024001663345507,False,False,0.02402402402402415,0.024024001663345507,0.02402402402402415,0.02402402402402415,4,4,2.2360678642030507e-08
ADANIENT,2020-11-02,2021-09-01,3.588683708354689,False,False,3.588683670477879,3.5886834452206795,3.5886836704778657,3.588610079415406,4,4,-3.787681013278643e-08
VTL,2021-08-02,2021-09-01,-0.027718448457296874,False,False,-0.026928733787939585,-0.027718448457296874,-0.027770360480640743,-0.02771843623157455,4,4,0.0007897146693572887
BIRLACORPN,2021-08-02,2021-09-01,-0.10832693154824391,False,False,-0.10832686924555657,-0.10832693154824391,-0.10832686924555657,-0.10832686924555657,4,4,6.23026873425303e-08
DALBHARAT,2021-08-02,2021-09-01,-0.009253047931624181,False,False,-0.00925304772259361,-0.009253047931624181,-0.00925304772259361,-0.00925304772259361,4,4,2.0903057063037522e-10
JKLAKSHMI,2021-08-02,2021-09-01,0.03654590291830084,False,False,0.03654582964927777,0.03654590291830084,0.03654582964927777,0.03654582964927777,4,4,-7.326902307092098e-08
JSLHISAR,2021-08-02,2021-09-01,-0.04364265363240982,False,False,,,,-0.04364261168384875,1,1,
UTIAMC,2021-08-02,2021-10-01,-0.0009512938037004037,False,False,-0.0009512937595129722,-0.0009512938037004037,-0.0009512937595129722,-0.0009512937595129722,4,4,4.418743149159354e-11
ECLERX,2021-07-01,2021-10-01,0.08401503275764743,False,False,0.08401503426929025,0.08401503275764743,0.08401503426929025,0.08401503426929025,4,4,1.5116428109251956e-09
LUXIND,2021-06-01,2021-10-01,0.20707693243202163,False,False,0.20707691285866114,0.20707693243202163,0.20707691285866114,0.20707691285866114,4,4,-1.957336048796776e-08
TATASTEEL,2021-05-03,2021-10-01,0.2189246820572044,False,False,0.21971725142078813,0.2189246820572044,0.21935180836073287,0.2189143501126971,4,4,0.0007925693635837394
KNRCON,2021-09-01,2021-10-01,-0.12798922168199267,False,False,-0.12798917130395548,-0.12798922168199267,-0.12798917130395548,-0.12798917130395548,4,4,5.037803718632716e-08
INFY,2021-09-01,2021-10-01,-0.007510043561876012,False,False,-0.007510058113544882,-0.007510043561876012,-0.007510058113544882,-0.007510058113544882,4,4,-1.4551668869877687e-08
TATACONSUM,2021-09-01,2021-10-01,-0.07631558045180109,False,False,-0.07631563778892192,-0.0763156507873004,-0.07631563778892159,-0.07631045804904169,4,4,-5.733712082900411e-08
TECHM,2021-09-01,2021-10-01,-0.04529001365780028,False,False,,-0.04529001365780028,-0.045289981201698803,-0.045289981201698803,3,3,
BALAMINES,2021-05-03,2021-11-01,0.26472623311054844,False,False,,0.26472623311054844,0.2647262380805906,0.2647262380805906,3,3,
ANGELONE,2021-06-01,2021-11-01,0.648395178823749,False,False,0.6483950948200765,0.648395178823749,0.6487935656836463,0.6483950948200765,4,4,-8.400367246252927e-08
HAPPSTMNDS,2021-06-01,2021-11-01,0.49437203791469186,False,False,,0.49437203791469186,0.49437203791469186,0.49437203791469186,3,3,
MAXHEALTH,2021-09-01,2021-11-01,-0.08817668130785206,False,False,,-0.08817668130785206,-0.08817661923128073,-0.08817661923128073,3,3,
IRCTC,2021-10-01,2021-11-01,0.127491097162322,False,False,0.12749103753690427,0.127491097162322,0.12752075919335715,0.12749103753690427,4,4,-5.962541771431518e-08
LXCHEM,2021-10-01,2021-11-01,-0.16154911222409518,False,False,,-0.16154911222409518,-0.1615491009681882,-0.1615491009681882,3,3,
MASTEK,2021-10-01,2021-11-01,-0.08569653552108769,False,False,,-0.08569653552108769,-0.0856964888699473,-0.0856964888699473,3,3,
POLYCAB,2021-10-01,2021-11-01,-0.006157430988334878,False,False,,-0.006157430988334878,-0.006157451795035573,-0.006157451795035573,3,3,
MINDTREE,2021-08-02,2021-12-01,0.5116612115607362,False,False,,,,0.5116612535415661,1,1,
JSWENERGY,2021-07-01,2021-12-01,0.730140426363896,False,False,0.7301405219386292,0.730140426363896,0.7301405219386292,0.7301405219386292,4,4,9.557473323873467e-08
TATAELXSI,2021-09-01,2021-12-01,0.21345781072754466,False,False,0.21345777044446734,0.21345781072754466,0.21345777044446734,0.21345777044446734,4,4,-4.0283077318292726e-08
BAJAJFINSV,2021-09-01,2021-12-01,0.03554388929600072,False,False,0.03554386612892646,0.03554388929600072,0.035534506895421814,0.03554684474839598,4,4,-2.316707425897846e-08
MPHASIS,2021-09-01,2021-12-01,0.06249895024998908,False,False,0.06249889749334092,0.06249895024998908,0.06249889749334092,0.06249889749334092,4,4,-5.275664816117853e-08
SRF,2021-09-01,2021-12-01,0.015468419120657106,False,False,0.014866313929429165,0.015468419120657106,0.015458207452165196,0.01546843372037987,4,4,-0.0006021051912279418
OIL,2021-10-01,2021-12-01,-0.14277146663144424,False,False,,-0.14277146663144424,-0.14277144571085776,-0.14277144571085776,3,3,
ADANIENSOL,2021-11-01,2021-12-01,0.020788943552215056,False,False,,0.020788943552215056,0.020788957996080937,0.020788957996080937,3,3,
CENTURYPLY,2021-11-01,2022-01-03,0.05687364775240589,False,False,,0.05687364775240589,0.05687369155617561,0.05687369155617561,3,3,
SOLARINDS,2021-11-01,2022-01-03,-0.012055626846048773,False,False,,-0.012055626846048773,-0.01205566699063243,-0.01205566699063243,3,3,
DMART,2021-10-01,2022-01-03,0.11235713744720299,False,False,0.11235716309377652,0.11235713744720299,0.11235716309377652,0.11235716309377652,4,4,2.564657353154587e-08
UNITDSPR,2021-11-01,2022-01-03,-0.07497945956301688,False,False,,-0.07497945956301688,-0.07497945768282666,-0.07497945768282666,3,3,
LODHA,2021-12-01,2022-01-03,-0.16696857991784497,False,False,-0.16696859903381656,-0.16696857991784497,-0.16700214707461092,-0.1669618894256576,4,4,-1.9115971583438807e-08
RAJESHEXPO,2021-12-01,2022-01-03,0.12273657101933177,False,False,0.12273655099756353,0.12273657101933177,0.12273655099756353,0.12273655099756353,4,4,-2.002176824333901e-08
SKFINDIA,2021-12-01,2022-01-03,-0.017017723222087056,False,False,-0.01701771151051823,-0.01701771129296825,-0.01701771151051823,-0.01701771151051823,4,4,1.171156882584512e-08
TTML,2021-11-01,2022-02-01,1.5679347471163272,False,False,,1.5679347471163272,1.5679347826086953,1.5679347826086953,3,3,
LTTS,2021-12-01,2022-02-01,-0.12312159262696343,False,False,-0.12312160862215493,-0.12312159262696343,-0.12312160862215493,-0.12312160862215493,4,4,-1.5995191504636352e-08
TITAN,2021-11-01,2022-02-01,0.010597182181174114,False,False,,0.010597182181174114,0.010597182396209881,0.010597182396209881,3,3,
IEX,2021-10-01,2022-02-01,0.13041021335025804,False,False,0.13041025227694236,0.13041021335025804,0.13031914893617014,0.13042847470741847,4,4,3.892668432037283e-08
TECHM,2022-01-03,2022-02-01,-0.15634807328212785,False,False,,-0.15634807328212785,-0.15634805020170328,-0.15634805020170328,3,3,
MAXHEALTH,2022-01-03,2022-02-01,-0.16244824001843128,False,False,-0.16244822825586747,-0.16244824001843128,-0.16244822825586747,-0.16244822825586747,4,4,1.1762563811856808e-08
MINDTREE,2022-01-03,2022-02-01,-0.17726993487028408,False,False,,,,-0.17726995797234646,1,1,
TRIDENT,2021-11-01,2022-03-02,0.2625628382728393,False,False,,0.2625628382728393,0.26256281407035176,0.26256281407035176,3,3,
KPITTECH,2021-12-01,2022-03-02,0.11340304184227379,False,False,0.11340307935254623,0.11340304184227379,0.11340307935254623,0.11340307935254623,4,4,3.751027244369709e-08
FLUOROCHEM,2021-07-01,2022-03-02,1.369525931945299,False,False,1.3695258296875688,1.369525931945299,1.3695258296875688,1.3695258296875688,4,4,-1.0225773028338381e-07
CGPOWER,2021-10-01,2022-03-02,0.36579474405023893,False,False,0.3657947686116698,0.36579474405023893,0.3657947686116698,0.3657947686116698,4,4,2.4561430889136204e-08
KPRMILL,2021-12-01,2022-03-02,0.20295382926943706,False,False,0.20295383411580614,0.20295382926943706,0.20295383411580614,0.20295383411580614,4,4,4.846369083821855e-09
BSE,2022-01-03,2022-03-02,0.05417107258210718,False,False,0.05417103882476271,0.05417107258210718,0.05406043437204899,0.054159977334970355,4,4,-3.375734447530476e-08
TATAPOWER,2021-11-01,2022-03-02,0.010988997451347515,False,False,,0.010988997451347515,0.010989010989011172,0.010989010989011172,3,3,
TANLA,2021-12-01,2022-03-02,0.05356107560311707,False,False,0.05356105892399654,0.05356107560311707,0.05356105892399654,0.05356105892399654,4,4,-1.667912052916165e-08
GRINDWELL,2022-01-03,2022-03-02,-0.17834608100639093,False,False,-0.17834607294926375,-0.17834608100639093,-0.17834607294926375,-0.17834607294926375,4,4,8.057127187655055e-09
ANURAS,2022-01-03,2022-03-02,-0.21926064308261717,False,False,-0.21926065457970323,-0.21926064308261717,-0.21926065457970323,-0.21926065457970323,4,4,-1.1497086060963113e-08
UNOMINDA,2022-01-03,2022-03-02,-0.22227758796043096,False,False,-0.22169635072860872,-0.22227758796043096,-0.22227755644090308,-0.22227755644090308,4,4,0.0005812372318222403
PERSISTENT,2021-06-01,2022-03-02,0.5579968311936156,False,False,0.5579968726193818,0.5579968311936156,0.5579968726193818,0.5579843792600196,4,4,4.1425766150737786e-08
TATAELXSI,2022-02-01,2022-03-02,-0.12057178391985934,False,False,-0.12057174625076195,-0.12057178391985934,-0.12057174625076195,-0.12057174625076195,4,4,3.7669097396886286e-08
POONAWALLA,2022-02-01,2022-03-02,-0.15147214569973322,False,False,-0.15147215324583185,-0.15147214569973322,-0.15147215324583185,-0.15147215324583185,4,4,-7.546098634847453e-09
ATGL,2022-02-01,2022-03-02,-0.10551577905984033,False,False,-0.10551578044136967,-0.10551577905984033,-0.10551578044136967,-0.10551578044136967,4,4,-1.3815293353758307e-09
SUZLON,2022-02-01,2022-03-02,-0.20731709479575144,False,False,,-0.2073170278611628,-0.20731707317073178,-0.20744680851063835,3,3,
SHARDACROP,2022-02-01,2022-04-01,0.04981034604798773,False,False,0.04981036662452576,0.04981034604798773,0.04981036662452576,0.04981036662452576,4,4,2.057653802900461e-08
SFL,2021-12-01,2022-04-01,0.08894794712273701,False,False,,0.08894794712273701,0.08894937061206809,0.08894772001880402,3,3,
JSWENERGY,2022-03-02,2022-04-01,-0.08830895541338113,False,False,-0.0883090078136517,-0.08830895541338113,-0.0883090078136517,-0.0883090078136517,4,4,-5.2400270567076745e-08
HINDALCO,2022-03-02,2022-04-01,-0.049325073804637465,False,False,-0.04932511248125315,-0.049325073804637465,-0.04932511248125315,-0.04932511248125315,4,4,-3.8676615687904814e-08
TITAN,2022-03-02,2022-04-01,-0.027693598207221504,False,False,,-0.027693598207221504,-0.027693672497251964,-0.027693672497251964,3,3,
FINEORG,2022-03-02,2022-04-01,-0.05747954121236187,False,False,-0.05747950940156865,-0.05747954121236187,-0.05747950940156865,-0.05747950940156865,4,4,3.181079322178704e-08
VTL,2022-03-02,2022-04-01,-0.17530158080205038,False,False,-0.17542930630153564,-0.17530158080205038,-0.1752859979200152,-0.8350603184207541,4,3,-0.0001277254994852539
NATIONALUM,2022-03-02,2022-04-01,-0.030964620809693533,False,False,-0.030964668519253724,-0.030964620809693533,-0.030964668519253724,-0.030964668519253724,4,4,-4.770956019140016e-08
LMW,2022-03-02,2022-04-01,-0.03350645395630991,False,False,,-0.03350645395630991,-0.033506473444876894,-0.033506473444876894,3,3,
BLUESTARCO,2022-03-02,2022-04-01,0.04035636992631453,False,False,0.040356394129978934,0.04035636992631453,0.04040404040404022,0.04036592338479128,4,4,2.420366440603061e-08
PAGEIND,2022-03-02,2022-04-01,0.03725308830365148,False,False,0.03725312726499097,0.03725308830365148,0.03725312726499097,0.03725312726499097,4,4,3.896133948799729e-08
BRIGADE,2022-03-02,2022-04-01,0.057653490725375844,False,False,0.05765347334410342,0.057653490725375844,0.057619816908993204,0.057646742057081424,4,4,-1.738127242134624e-08
NH,2022-03-02,2022-05-02,0.03386676590993676,False,False,,0.03386676590993676,0.03386676590993676,0.03386676590993676,3,3,
VIPIND,2022-03-02,2022-05-02,0.05434360789282522,False,False,0.05434360686282114,0.05434360789282522,0.05434360686282114,0.05434360686282114,4,4,-1.0300040820254708e-09
POWERINDIA,2022-03-02,2022-05-02,-0.09598361255395416,False,False,-0.09598361255395416,-0.09598361255395416,-0.09598361255395416,-0.09598361255395416,4,4,0.0
TATAELXSI,2022-04-01,2022-05-02,-0.13918744186703924,False,False,-0.13918746073063448,-0.13918744186703924,-0.13918746073063448,-0.13918746073063448,4,4,-1.8863595241391806e-08
BCG,2022-04-01,2022-05-02,-0.2187958701934909,False,False,-0.21858190709046454,-0.2187958701934909,-0.21879588839941266,-0.21879588839941266,4,4,0.0002139631030263489
CENTURYPLY,2022-04-01,2022-05-02,-0.07820756441997556,False,False,-0.07820756711054744,-0.07820756441997556,-0.07820756711054744,-0.07820756711054744,4,4,-2.6905718764069775e-09
INOXLEISUR,2022-04-01,2022-05-02,-0.04990364912617418,False,False,,,,-0.04990366088631981,1,1,
PVRINOX,2022-04-01,2022-05-02,-0.05500464723386067,False,False,-0.0550046967957416,-0.05500464723386067,-0.0550046967957416,-0.0550046967957416,4,4,-4.9561880932635916e-08
TV18BRDCST,2022-04-01,2022-05-02,-0.295605824225045,False,False,,,,-0.2956058588548601,1,1,
ADANIGREEN,2022-02-01,2022-06-01,-0.029201667849757085,False,False,-0.029201680672268915,-0.029201667849757085,-0.029201680672268915,-0.029201680672268915,4,4,-1.2822511830101746e-08
ADANIENSOL,2022-02-01,2022-06-01,-0.014595601008436265,False,False,-0.014595601187779916,-0.014595601008436265,-0.014595601187779916,-0.014595601187779916,4,4,-1.793436510411084e-10
GNFC,2022-03-02,2022-06-01,0.16587996109002412,False,False,0.16588003089333214,0.16587996109002412,0.16588003089333214,0.16588003089333214,4,4,6.980330802264234e-08
BSE,2022-04-01,2022-06-01,-0.20165731740552328,False,False,-0.20165731087944505,-0.20165731740552328,-0.20160384923817154,-0.2016680032076985,4,4,6.526078233370924e-09
RHIM,2022-03-02,2022-06-01,0.12653802416382232,False,False,0.12653795192125683,0.12653802416382232,0.12653795192125683,0.12653795192125683,4,4,-7.224256548532537e-08
LINDEINDIA,2022-04-01,2022-06-01,-0.20497501788189387,False,False,-0.204974982500713,-0.20497501788189387,-0.204974982500713,-0.204974982500713,4,4,3.538118087398345e-08
RENUKA,2022-05-02,2022-06-01,-0.0635631035640134,False,False,-0.06356311548791416,-0.0635631035640134,-0.06356311548791416,-0.06356311548791416,4,4,-1.192390075566152e-08
ANGELONE,2022-05-02,2022-06-01,-0.17573238944954128,False,False,-0.17573233298394664,-0.17573238944954128,-0.17572413793103447,-0.1757047498207096,4,4,5.6465594644450334e-08
BDL,2022-04-01,2022-07-01,0.1734084432900076,False,False,,0.1734084432900076,0.1734083714386212,0.1734083714386212,3,3,
MRPL,2022-05-02,2022-07-01,0.021289976332155902,False,False,0.02128991859737006,0.021289976332155902,0.02128991859737006,0.02128991859737006,4,4,-5.7734785841034864e-08
GAEL,2022-05-02,2022-07-01,-0.13691968496821594,False,False,,-0.13691968496821594,-0.13707653701380174,-0.13688833124215805,3,3,
JKPAPER,2022-05-02,2022-07-01,-0.15535188848436987,False,False,-0.1553519366930446,-0.15535188848436987,-0.1553519366930446,-0.1553519366930446,4,4,-4.82086747188859e-08
POLYPLEX,2022-04-01,2022-07-01,-0.09879081820334057,False,False,-0.0987908932831898,-0.09879081820334057,-0.0987908932831898,-0.0987908932831898,4,4,-7.507984922661137e-08
INDHOTEL,2022-04-01,2022-07-01,-0.06172072205653467,False,False,-0.06446932006633488,-0.06172072205653467,-0.061720698254364104,-0.061720698254364104,4,4,-0.002748598009800207
GSFC,2022-06-01,2022-07-01,-0.23629435550070166,False,False,-0.236294341835239,-0.23629435550070166,-0.236294341835239,-0.236294341835239,4,4,1.3665462650358506e-08
CREDITACC,2022-05-02,2022-08-01,0.003911460944869383,False,False,0.003911531775159238,0.003911460944869383,0.003911531775159238,0.003911531775159238,4,4,7.083028985555018e-08
WELCORP,2022-06-01,2022-08-01,0.014555751433225739,False,False,0.014555724527482106,0.014555751433225739,0.014555724527482106,0.014555724527482106,4,4,-2.6905743633065526e-08
TATAELXSI,2022-06-01,2022-08-01,0.013316245569951146,False,False,0.013316290959795474,0.013316245569951146,0.013316290959795474,0.013316290959795474,4,4,4.5389844327559103e-08
ASHOKLEY,2022-07-01,2022-08-01,0.05434037445255324,False,False,0.05434039644565947,0.05434037445255324,0.05399863294600116,0.05440874914559113,4,4,2.1993106225082215e-08
JAMNAAUTO,2022-07-01,2022-08-01,0.03843070747576194,False,False,0.03682946357085659,0.03843070747576194,0.038430744595676414,0.038430744595676414,4,4,-0.0016012439049053473
BLUEDART,2022-06-01,2022-09-01,0.13791006625052216,False,False,0.13791012071293007,0.13791006625052216,0.13791012071293007,0.13791012071293007,4,4,5.446240791684431e-08
COROMANDEL,2022-07-01,2022-09-01,0.12053251641193197,False,False,,0.12053251641193197,0.120532476950171,0.120532476950171,3,3,
EASEMYTRIP,2022-05-02,2022-09-01,-0.07800217450193503,False,False,-0.07800217680493404,-0.07800217450193503,-0.07751937984496127,-0.07802447637014465,4,4,-2.3029990137146683e-09
CUMMINSIND,2022-08-01,2022-09-01,-0.0002861966659236659,False,False,-0.00028621662509698,-0.0002861966659236659,-0.00028621662509698,-0.00028621662509698,4,4,-1.9959173314099132e-08
INOXLEISUR,2022-08-01,2022-09-01,-0.14876660644750006,False,False,,,,-0.14876657157241147,1,1,
ADANIENSOL,2022-07-01,2022-10-03,0.3011684458005044,False,False,0.30116843354924705,0.3011684458005044,0.30116843354924705,0.30116843354924705,4,4,-1.225125734194421e-08
AIAENG,2022-06-01,2022-10-03,0.0832033884075365,False,False,0.08320340806781013,0.0832033884075365,0.08320340806781013,0.08320340806781013,4,4,1.9660273631316727e-08
TIMKEN,2022-08-01,2022-10-03,0.03587874634050792,False,False,0.03587879600006705,0.03587874634050792,0.03587879600006705,0.03587879600006705,4,4,4.9659559131498554e-08
CGPOWER,2022-05-02,2022-10-03,0.19210798975838994,False,False,0.19210799584631366,0.19210798975838994,0.19210799584631366,0.19210799584631366,4,4,6.0879237206989956e-09
UFLEX,2022-09-01,2022-10-03,-0.05108627210299432,False,False,-0.051086318261890695,-0.05108627210299432,-0.051086318261890695,-0.051086318261890695,4,4,-4.615889637182846e-08
SCHAEFFLER,2022-03-02,2022-11-01,0.5228191744634609,False,False,,0.5228191744634609,0.5228191013368766,0.5228191013368766,3,3,
FINEORG,2022-07-01,2022-11-01,0.1677854687882745,False,False,0.16778551258313756,0.1677854687882745,0.16778551258313756,0.16778551258313756,4,4,4.379486306937963e-08
VBL,2022-07-01,2022-11-01,0.3942064838898227,False,False,0.39420654911838793,0.3942064838898227,0.39420654911838793,0.39420654911838793,4,4,6.522856521584686e-08
ABB,2022-09-01,2022-11-01,-0.07390488363744219,False,False,-0.07390486823163023,-0.07390488363744219,-0.07390486823163023,-0.07390486823163023,4,4,1.5405811959467997e-08
GESHIP,2022-08-01,2022-11-01,0.09910716707744305,False,False,0.09910714285714284,0.09910716707744305,0.09910714285714284,0.09910714285714284,4,4,-2.42203002098762e-08
ATGL,2022-04-01,2022-11-01,0.6364525233037897,False,False,0.636452545010002,0.6364525233037897,0.636452545010002,0.636452545010002,4,4,2.1706212383065804e-08
SKFINDIA,2022-08-01,2022-11-01,0.004171465004368269,False,False,0.004171436992031374,0.004171414667820006,0.004171436992031374,0.004171436992031374,4,4,-2.8012336894533973e-08
TVSMOTOR,2022-07-01,2022-12-01,0.22029169051526676,False,False,0.22029170782729968,0.22029169051526676,0.22029170782729968,0.22029170782729968,4,4,1.731203291832628e-08
WESTLIFE,2022-09-01,2022-12-01,0.10383232914304319,False,False,0.10383227094693193,0.10383232914304319,0.10383227094693193,0.10383227094693193,4,4,-5.819611126334223e-08
SHOPERSTOP,2022-10-03,2022-12-01,-0.06658676038666489,False,False,-0.06658676255160478,-0.06658676038666489,-0.06658676255160478,-0.06658676255160478,4,4,-2.164939894022666e-09
M&M,2022-06-01,2022-12-01,0.23497396412145566,False,False,,0.23497396412145566,0.23497398195445673,0.23497398195445673,3,3,
INDHOTEL,2022-10-03,2022-12-01,-0.03814756084512805,False,False,-0.038004750593824244,-0.03814756084512805,-0.03814754341695126,-0.03814754341695126,4,4,0.00014281025130380431
BEL,2022-09-01,2022-12-01,-0.02298308614738831,False,False,,-0.02298308614738831,-0.022983114446529007,-0.022983114446529007,3,3,
EICHERMOT,2022-11-01,2022-12-01,-0.0950268430001685,False,False,-0.09502685341196304,-0.0950268430001685,-0.09502685341196304,-0.09502685341196304,4,4,-1.0411794537645847e-08
RITES,2022-11-01,2022-12-01,-0.024418924660634445,False,False,,-0.024418924660634445,-0.024288325933664034,-0.024392791851658324,3,3,
SOLARINDS,2022-11-01,2022-12-01,0.0310303853796563,False,False,0.031030385762677692,0.0310303853796563,0.031030385762677692,0.031030385762677692,4,4,3.830213923805559e-10
COCHINSHIP,2022-10-03,2023-01-02,0.09178001415477466,False,False,0.0917799752781212,0.09178001415477466,0.09188298310671605,0.09180057684384035,4,4,-3.8876653452035725e-08
AMBUJACEM,2022-10-03,2023-01-02,0.07745831694727046,False,False,0.0774583034892049,0.07745831694727046,0.0774583034892049,0.0774583034892049,4,4,-1.3458065550864262e-08
HAL,2022-06-01,2023-01-02,0.3418015859502088,False,False,,0.3418015859502088,0.34183700417260865,0.3417944817678624,3,3,
KRBL,2022-11-01,2023-01-02,0.015072813135502017,False,False,0.015072765072765115,0.015072813135502017,0.015072765072765115,0.015072765072765115,4,4,-4.806273690149965e-08
ITC,2022-06-01,2023-01-02,0.22438836001596085,False,False,,0.22438841213850313,0.22438844951259873,0.22438844951259873,3,3,
CGPOWER,2022-12-01,2023-01-02,-0.03149601998999718,False,False,-0.03149606299212582,-0.03149601998999718,-0.03149606299212582,-0.03149606299212582,4,4,-4.300212863572739e-08
CEATLTD,2022-12-01,2023-01-02,-0.12211476588893322,False,False,-0.12211478897896522,-0.12211476588893322,-0.12211478897896522,-0.12211478897896522,4,4,-2.3090031997519134e-08
CUMMINSIND,2022-12-01,2023-01-02,-0.03630417085106741,False,False,-0.03630420419376135,-0.03630417085106741,-0.03630420419376135,-0.03630420419376135,4,4,-3.334269393917566e-08
BANKBARODA,2022-12-01,2023-02-01,-0.09985440405522195,False,False,-0.0998544395924309,-0.09985440405522195,-0.0998544395924309,-0.0998544395924309,4,4,-3.5537208953329014e-08
BANKINDIA,2022-12-01,2023-02-01,-0.040914579883388646,False,False,-0.040914560770156316,-0.040914579883388646,-0.040914560770156316,-0.040914560770156316,4,4,1.911323233017015e-08
ADANIENT,2022-05-02,2023-02-01,-0.08726224895534851,False,False,-0.08726223552041201,-0.08726219377805089,-0.08726223552041035,-0.08726049591434215,4,4,1.3434936496636851e-08
BHEL,2022-12-01,2023-02-01,-0.10691084333874556,False,False,-0.10691080921441243,-0.10691084333874556,-0.10691080921441243,-0.10691080921441243,4,4,3.4124333136986706e-08
FACT,2023-01-02,2023-02-01,-0.1924161196819013,False,False,,-0.1924161196819013,-0.1924161263039188,-0.1924161263039188,3,3,
CANBK,2023-01-02,2023-02-01,-0.15380043806317567,False,False,-0.15380038673211371,-0.15380043806317567,-0.15390334572490705,-0.15380038673211371,4,4,5.1331061956538804e-08
KPIL,2023-01-02,2023-02-01,-0.08771472240512002,False,False,,-0.08771472240512002,-0.08771463975924931,-0.08771463975924931,3,3,
SOLARINDS,2023-01-02,2023-02-01,-0.11044958126948612,False,False,-0.11044957883698103,-0.11044958126948612,-0.11044957883698103,-0.11044957883698103,4,4,2.432505086247261e-09
JKLAKSHMI,2023-01-02,2023-02-01,-0.026595440948208093,False,False,-0.02659541024834955,-0.026595440948208093,-0.02659541024834955,-0.02659541024834955,4,4,3.0699858544203096e-08
RVNL,2022-12-01,2023-03-01,-0.22051968526029497,False,False,-0.22051965356429049,-0.22051968526029497,-0.22051965356429049,-0.22051965356429049,4,4,3.169600448771348e-08
UCOBANK,2023-01-02,2023-03-01,-0.16427430800206055,False,False,-0.16427432216905902,-0.16427430800206055,-0.16427432216905902,-0.16427432216905902,4,4,-1.4166998463238656e-08
MAZDOCK,2022-10-03,2023-03-01,0.4405806152196452,False,False,0.44058055717903777,0.4405806152196452,0.44048314825638046,0.44060003896356936,4,4,-5.80406074313089e-08
INDIANB,2022-11-01,2023-03-01,0.06665335849424947,False,False,0.06665332265812651,0.06665335849424947,0.06665332265812651,0.06665332265812651,4,4,-3.5836122957988437e-08
UNIONBANK,2022-11-01,2023-03-01,0.279467775742789,False,False,0.2794676806083649,0.279467775742789,0.2794676806083649,0.2794676806083649,4,4,-9.513442411623885e-08
IRFC,2022-12-01,2023-03-01,-0.20175442608048233,False,False,-0.20175438596491235,-0.20175442608048233,-0.20175438596491235,-0.20175438596491235,4,4,4.011556997696175e-08
KARURVYSYA,2022-09-01,2023-03-01,0.42464781372397375,False,False,0.42464788732394343,0.4246479055763741,0.42519019442096373,0.42453946256548925,4,4,7.35999696743761e-08
GODFRYPHLP,2022-12-01,2023-03-01,-0.00561168143629065,False,False,-0.005611641405110945,-0.00561168143629065,-0.005611487044066665,-0.0056116722783389195,4,4,4.0031179704413944e-08
APOLLOTYRE,2023-01-02,2023-03-01,-0.03670978764042265,False,False,-0.03670982482863672,-0.03670978764042265,-0.03670982482863672,-0.03670982482863672,4,4,-3.7188214063732516e-08
KALYANKJIL,2022-11-01,2023-03-01,0.13137256397920494,False,False,0.13137254901960782,0.13137256397920494,0.13137254901960782,0.13137254901960782,4,4,-1.4959597116614987e-08
MAHABANK,2023-02-01,2023-03-01,-0.07665507681032302,False,False,-0.07665505226480829,-0.07665507681032302,-0.07665505226480829,-0.07665505226480829,4,4,2.4545514731855178e-08
IIFL,2023-02-01,2023-03-01,-0.1607039565680335,False,False,,-0.16070400920774985,-0.1607039815349105,-0.16071004041524684,3,3,
JINDALSTEL,2023-02-01,2023-03-01,-0.05885735765387379,False,False,-0.05885737772297572,-0.05885735765387379,-0.05885737772297572,-0.05885737772297572,4,4,-2.006910193586009e-08
RAYMOND,2023-02-01,2023-03-01,-0.052652600909285585,False,False,,-0.0526525741724424,-0.05265255834178861,-0.05265255834178861,3,3,
CIEINDIA,2023-02-01,2023-04-03,-0.098377013474368,False,False,-0.09837702871410736,-0.098377013474368,-0.09837702871410736,-0.09837702871410736,4,4,-1.5239739359351745e-08
BLUESTARCO,2023-03-01,2023-04-03,-0.03403516576583432,False,False,-0.03403514877327307,-0.03403516576583432,-0.03410356347438748,-0.03403491188507479,4,4,1.699256124698678e-08
EQUITASBNK,2023-03-01,2023-04-03,-0.06052261459676389,False,False,-0.06052269601100424,-0.06052261459676389,-0.06052269601100424,-0.06052269601100424,4,4,-8.14142403493534e-08
SYMPHONY,2023-03-01,2023-04-03,-0.14603106004934563,False,False,-0.1440388879413269,-0.14603106004934563,-0.14603107044051922,-0.14603107044051922,4,4,0.0019921721080187194
PNBHOUSING,2023-03-01,2023-04-03,-0.09691960256825893,False,False,-0.09691960931630328,-0.09691960256825893,-0.09691960931630361,-0.09692865586119848,4,4,-6.748044345528115e-09
SUPREMEIND,2023-03-01,2023-04-03,-0.08072035835085478,False,False,-0.08072035835085478,-0.08072035835085478,-0.08072035835085478,-0.08072035835085478,4,4,0.0
POLYCAB,2023-03-01,2023-04-03,-0.04996949711213727,False,False,-0.04996951121666304,-0.04996949711213727,-0.04996951121666304,-0.04996951121666304,4,4,-1.4104525769553788e-08
CUMMINSIND,2023-03-01,2023-05-02,-0.0014352878802652569,False,False,-0.0014352574102963755,-0.0014352878802652569,-0.0014352574102963755,-0.0014352574102963755,4,4,3.046996888134146e-08
KPITTECH,2023-03-01,2023-05-02,0.10817534098692971,False,False,0.10817535545023693,0.10817534098692971,0.10817535545023693,0.10817535545023693,4,4,1.4463307218548493e-08
ZFCVINDIA,2023-03-01,2023-05-02,-0.013952967763644741,False,False,-0.013952976842262488,-0.013952967763644741,-0.013943480131975328,-0.013954876173426056,4,4,-9.078617746460793e-09
CGPOWER,2023-02-01,2023-05-02,0.014715649129789732,False,False,0.014715608465608598,0.014715649129789732,0.014715608465608598,0.014715608465608598,4,4,-4.066418113346515e-08
CERA,2023-03-01,2023-05-02,-0.03285768351363416,False,False,,-0.03285768351363416,-0.03285769790420756,-0.03285769790420756,3,3,
AEGISLOG,2023-02-01,2023-05-02,0.09441821556155783,False,False,0.09441821716189946,0.09441821556155783,0.09441821716189946,0.09441821716189946,4,4,1.6003416369869683e-09
NCC,2023-04-03,2023-06-01,0.15007015904381116,False,False,,0.15007015904381116,0.15007012622720906,0.15007012622720906,3,3,
FINCABLES,2023-03-01,2023-06-01,0.07693885185629568,False,False,0.07693881727030916,0.07693885185629568,0.07693881727030916,0.07693881727030916,4,4,-3.458598651917555e-08
APARINDS,2023-04-03,2023-06-01,0.04597037891902289,False,False,0.04597037891902289,0.04597037891902289,0.04597037891902289,0.04597037891902289,4,4,0.0
ZYDUSLIFE,2023-04-03,2023-06-01,0.042648315958332184,False,False,0.04264825345247769,0.042648315958332184,0.04264825345247769,0.04264825345247769,4,4,-6.250585449230073e-08
INGERRAND,2023-04-03,2023-06-01,0.014895804110013344,False,False,0.014895841111028263,0.014895804110013344,0.014895841111028263,0.014895841111028263,4,4,3.700101491865837e-08
TRITURBINE,2023-03-01,2023-06-01,0.13496671247990233,False,False,0.1349666570020296,0.13496671247990233,0.1349666570020296,0.1349666570020296,4,4,-5.54778727401839e-08
SIEMENS,2023-03-01,2023-06-01,0.08508967328845829,False,False,,0.08508971370566298,0.08508972568042616,0.08508972568042616,3,3,
BOSCHLTD,2023-04-03,2023-06-01,-0.042823880520215574,False,False,-0.042823880520215574,-0.042823880520215574,-0.042823880520215574,-0.042823880520215574,4,4,0.0
OFSS,2023-05-02,2023-06-01,-0.004568997691209109,False,False,-0.004569037887232841,-0.004568997691209109,-0.004569037887232841,-0.004569037887232841,4,4,-4.0196023731731145e-08
FACT,2023-05-02,2023-06-01,-0.13810821152281705,False,False,,-0.13810821152281705,-0.13810814666856897,-0.13810814666856897,3,3,
ANURAS,2023-04-03,2023-07-03,0.1891571852533338,False,False,0.18915719696969702,0.1891571852533338,0.18915719696969702,0.18915719696969702,4,4,1.1716363212954661e-08
SONATSOFTW,2023-03-01,2023-07-03,0.2950256289067308,False,False,0.2980906611248215,0.2950256289067308,0.2949416342412452,0.2950088201722527,4,4,0.0030650322180907352
JSL,2023-01-02,2023-07-03,0.3426766759020592,False,False,,0.3426766759020592,0.3426766679826294,0.3426766679826294,3,3,
CGPOWER,2023-06-01,2023-07-03,-0.024835913523760467,False,False,-0.02483592845193683,-0.024835913523760467,-0.02483592845193683,-0.02483592845193683,4,4,-1.4928176361728163e-08
RAINBOW,2023-06-01,2023-07-03,-0.0036984819328683693,False,False,-0.003698494556441223,-0.0036984819328683693,-0.003698494556441223,-0.003698494556441223,4,4,-1.2623572853698306e-08
IOC,2023-06-01,2023-07-03,0.05248618784530379,False,False,0.05248618784530379,0.05248618784530379,0.05248618784530379,0.05248618784530379,4,4,0.0
INDHOTEL,2023-06-01,2023-07-03,-0.013394031203046497,False,False,-0.013528891136679655,-0.013394031203046497,-0.013393985342431192,-0.013393985342431192,4,4,-0.00013485993363315796
ITC,2023-02-01,2023-08-01,0.28610953650987314,False,False,,0.28610965147979717,0.2861095738793582,0.2861095738793582,3,3,
CYIENT,2023-05-02,2023-08-01,0.24951919520095722,False,False,,0.24951919520095722,0.24951916912424688,0.24951916912424688,3,3,
SYNGENE,2023-06-01,2023-08-01,0.10955892637600018,False,False,0.10955887413116794,0.10955892637600018,0.10955887413116794,0.10955887413116794,4,4,-5.2244832238201866e-08
RVNL,2023-04-03,2023-08-01,0.6602521699729909,False,False,0.6602521566025217,0.6602521699729909,0.6602521566025217,0.6602521566025217,4,4,-1.3370469176265942e-08
CANFINHOME,2023-07-03,2023-08-01,-0.05183381847049484,False,False,-0.05183377223970709,-0.05183381847049484,-0.05183377223970709,-0.05183377223970709,4,4,4.623078775356504e-08
INDIGO,2023-07-03,2023-08-01,-0.02556665621266274,False,False,,-0.02556665621266274,-0.025566674247592958,-0.025566674247592958,3,3,
TMPV,2023-07-03,2023-09-01,0.034529395142643526,False,False,0.03452945159106302,0.03452949362824165,0.03452945159106302,0.03452945159106302,4,4,5.644841949425938e-08
LTF,2023-07-03,2023-09-01,-0.07935936418567391,False,False,-0.0793593010556971,-0.07935936418567391,-0.0793593010556971,-0.0793593010556971,4,4,6.312997680169019e-08
ABB,2023-06-01,2023-09-01,0.08791662164054048,False,False,0.08791654519412351,0.08791662164054048,0.08791654519412351,0.08791654519412351,4,4,-7.644641697446275e-08
CHOLAFIN,2023-06-01,2023-09-01,0.08137747790508687,False,False,0.0813775265830059,0.08137747790508687,0.0813775265830059,0.0813775265830059,4,4,4.8677919028961014e-08
APOLLOTYRE,2023-06-01,2023-09-01,-0.015984654731457826,False,False,-0.015984654731457826,-0.015984654731457826,-0.015984654731457826,-0.015984654731457826,4,4,0.0
CHOLAHLDNG,2023-08-01,2023-09-01,-0.0010882462447471264,False,False,-0.0010881956679448246,-0.0010882462447471264,-0.0010881956679448246,-0.0010881956679448246,4,4,5.0576802301804946e-08
JBMA,2023-05-02,2023-10-03,0.6932879857843675,False,False,0.7064096817570595,0.6932879857843675,0.6933521198924042,0.6933008838222108,4,4,0.013121695972692082
ZYDUSLIFE,2023-07-03,2023-10-03,0.0564487586458553,False,False,0.056448824343015236,0.0564487586458553,0.056448824343015236,0.056448824343015236,4,4,6.569715993443026e-08
EXIDEIND,2023-07-03,2023-10-03,0.08423685025509475,False,False,0.08423686405337771,0.08423685025509475,0.08423686405337771,0.08423686405337771,4,4,1.379828296066421e-08
ENGINERSIN,2023-08-01,2023-10-03,-0.064630244705838,False,False,-0.06463022508038596,-0.064630244705838,-0.06463022508038596,-0.06463022508038596,4,4,1.962545204126087e-08
SUPREMEIND,2023-09-01,2023-10-03,-0.08648123809219133,False,False,-0.08648126030825232,-0.08648123809219133,-0.08648126030825232,-0.08648126030825232,4,4,-2.2216060990842834e-08
KALYANKJIL,2023-09-01,2023-10-03,-0.06456214298784368,False,False,-0.06456211812627288,-0.06456214298784368,-0.06456211812627288,-0.06456211812627288,4,4,2.486157080205942e-08
POLYCAB,2023-08-01,2023-11-01,0.05840993815020057,False,False,0.058410003887521045,0.05840993815020057,0.058410003887521045,0.058410003887521045,4,4,6.573732047598924e-08
MAZDOCK,2023-08-01,2023-11-01,0.03271943841158076,False,False,0.03271945153918532,0.03271943841158076,0.03269168727820193,0.03271389856755702,4,4,1.3127604558960115e-08
AUROPHARMA,2023-06-01,2023-11-01,0.30438742414503284,False,False,0.3043874297859419,0.30438742414503284,0.3043874297859419,0.3043874297859419,4,4,5.640909073179046e-09
IDFC,2023-02-01,2023-11-01,0.5229716846999897,False,False,,,,0.3384706579727328,1,0,
JSL,2023-08-01,2023-11-01,0.11533188786924597,False,False,,0.11533188786924597,0.11533192178353469,0.11533192178353469,3,3,
IDFCFIRSTB,2023-06-01,2023-11-01,0.11707989226790283,False,False,0.11707988980716255,0.11707989226790283,0.11707988980716255,0.11707988980716255,4,4,-2.4607402782095278e-09
GLENMARK,2023-05-02,2023-11-01,0.37175940815539166,False,False,0.3717595146166577,0.37175940815539166,0.3717595146166577,0.3717595146166577,4,4,1.0646126602509298e-07
ZENSARTECH,2023-08-01,2023-11-01,0.005804493082516515,False,False,0.005804480651731225,0.005804493082516515,0.005804480651731225,0.005804480651731225,4,4,-1.2430785290007407e-08
UJJIVANSFB,2023-10-03,2023-11-01,-0.11525422435695842,False,False,-0.11525423728813555,-0.11525422435695842,-0.11525423728813555,-0.11525423728813555,4,4,-1.2931177129082982e-08
KAYNES,2023-10-03,2023-12-01,0.01522101751459548,False,False,0.01522101751459548,0.01522101751459548,0.01522101751459548,0.01522101751459548,4,4,0.0
CHOLAHLDNG,2023-10-03,2023-12-01,-0.09284989234379948,False,False,-0.09284989634334617,-0.09284989234379948,-0.09284989634334617,-0.09284989634334617,4,4,-3.999546693833622e-09
MAPMYINDIA,2023-10-03,2023-12-01,0.04279645614371752,False,False,0.042796410014170894,0.04279645614371752,0.042796410014170894,0.042796410014170894,4,4,-4.6129546626971774e-08
APARINDS,2023-09-01,2023-12-01,0.11570583550967206,False,False,0.11570581353128673,0.11570583550967206,0.11570581353128673,0.11570581353128673,4,4,-2.19783853339095e-08
IRFC,2023-10-03,2023-12-01,-0.015665756816530485,False,False,-0.015665796344647376,-0.015665756816530485,-0.015665796344647376,-0.015665796344647376,4,4,-3.9528116890785725e-08
SOLARINDS,2023-11-01,2023-12-01,0.12087621515379965,False,False,0.12087623497876421,0.12087621515379965,0.12087623497876421,0.12087623497876421,4,4,1.9824964558878833e-08
ITI,2023-11-01,2023-12-01,0.0060184542666237295,False,False,,0.0060184542666237295,0.0060184314463040955,0.0060184314463040955,3,3,
JINDALSAW,2023-11-01,2023-12-01,0.08244223433443287,False,False,0.08244222145567437,0.08244223433443287,0.08256669733210664,0.08241732971531057,4,4,-1.2878758504086818e-08
SAFARI,2023-11-01,2023-12-01,0.042299285165711575,False,False,0.04387043385743006,0.042299285165711575,0.04229878538683307,0.04229918520899112,4,4,0.0015711486917184825
LUPIN,2023-09-01,2024-01-01,0.20021027095849164,False,False,0.20021026648992102,0.20021027095849164,0.20021026648992102,0.20021026648992102,4,4,-4.468570624638346e-09
CDSL,2023-12-01,2024-01-01,-0.0420914128350125,False,False,-0.04209139997365996,-0.0420914128350125,-0.04209250869244552,-0.042091178236911775,4,4,1.2861352538529047e-08
AUROPHARMA,2023-12-01,2024-01-01,0.04488515058192255,False,False,0.04488512696493352,0.04488515058192255,0.04488512696493352,0.04488512696493352,4,4,-2.3616989031083335e-08
NIACL,2023-12-01,2024-01-01,-0.0633513249577703,False,False,-0.06335135135135139,-0.0633513249577703,-0.06335135135135139,-0.06335135135135139,4,4,-2.6393581098460572e-08
MEDANTA,2023-12-01,2024-01-01,-0.019226829292847913,False,False,-0.01922680412371136,-0.019226829292847913,-0.01922680412371136,-0.01922680412371136,4,4,2.516913655270514e-08
TVSMOTOR,2023-11-01,2024-02-01,0.2783099152440902,False,False,0.27830989524938343,0.2783099152440902,0.27830989524938343,0.27830989524938343,4,4,-1.9994706779158378e-08
PRESTIGE,2023-12-01,2024-02-01,0.19647320557942938,False,False,0.1964733089227213,0.19647320557942938,0.1964733089227213,0.1964733089227213,4,4,1.0334329192396297e-07
ANGELONE,2023-11-01,2024-02-01,0.27734793754640075,False,False,0.27734783518092443,0.27734793754640075,0.2774291690435444,0.2773425616063281,4,4,-1.0236547631770065e-07
KALYANKJIL,2023-11-01,2024-02-01,0.12342351079917879,False,False,0.12342357491172007,0.12342351079917879,0.12342357491172007,0.12342357491172007,4,4,6.411254127591803e-08
WELCORP,2023-12-01,2024-02-01,0.10655894532713406,False,False,0.10655891749671098,0.10655894532713406,0.10655891749671098,0.10655891749671098,4,4,-2.7830423077190858e-08
MCX,2023-12-01,2024-02-01,0.10393094394292768,False,False,0.1039310113114571,0.10393094394292768,0.10391168706503495,0.1039310113114571,4,4,6.736852942168525e-08
COLPAL,2024-01-01,2024-02-01,0.006958611483024901,False,False,0.006958690318169092,0.006958611483024901,0.006958690318169092,0.006958690318169092,4,4,7.88351441904922e-08
NTPC,2024-01-01,2024-02-01,0.039548022598870025,False,False,,0.039548022598870025,0.039548022598870025,0.039548022598870025,3,3,
ALKEM,2024-01-01,2024-02-01,-0.051806640624999956,False,False,-0.051806640624999956,-0.051806640624999956,-0.051806640624999956,-0.051806640624999956,4,4,0.0
BSOFT,2023-09-01,2024-03-01,0.4663575959113202,False,False,0.46635752815368603,0.4663575959113202,0.46635752815368603,0.46635752815368603,4,4,-6.775763417010694e-08
RECLTD,2023-07-03,2024-03-01,1.7648119933623119,False,False,1.7648120300751877,1.7648119933623119,1.7648120300751877,1.7648120300751877,4,4,3.671287585049754e-08
PFC,2023-05-02,2024-03-01,1.9755903331707252,False,False,1.9755904377880187,1.9755903331707252,1.9751619870410364,1.9755904377880187,4,4,1.0461729349486859e-07
SUZLON,2023-11-01,2024-03-01,0.415335473382614,False,False,,0.415335473382614,0.4153354632587858,0.4153354632587858,3,3,
BSE,2023-09-01,2024-03-01,1.0747235837454894,False,False,1.0747236158593463,1.0747235837454894,1.074587107085775,1.074750919068677,4,4,3.21138569070456e-08
NLCINDIA,2024-01-01,2024-03-01,-0.11730611991493378,False,False,-0.11730615507593922,-0.11730611991493378,-0.11730615507593922,-0.11730615507593922,4,4,-3.516100544054268e-08
GLAXO,2024-02-01,2024-03-01,-0.03633219604490112,False,False,-0.03633221875631165,-0.03633219604490112,-0.03633221875631165,-0.03633221875631165,4,4,-2.271141053000747e-08
NBCC,2024-02-01,2024-03-01,-0.061419022124382106,False,False,-0.06141899046946697,-0.061419022124382106,-0.0614081524616199,-0.061421158530128306,4,4,3.1654915133572104e-08
HEROMOTOCO,2024-02-01,2024-03-01,-0.01735454559197036,False,False,-0.01735452503978885,-0.01735454559197036,-0.01735452503978885,-0.01735452503978885,4,4,2.0552181512201173e-08
TATAPOWER,2024-02-01,2024-03-01,-0.029445832653486326,False,False,-0.029445801723029574,-0.029445832653486326,-0.029445801723029574,-0.029445801723029574,4,4,3.093045675139905e-08
BHEL,2024-02-01,2024-03-01,0.03428572770003435,False,False,0.03428571428571425,0.03428572770003435,0.03428571428571425,0.03428571428571425,4,4,-1.3414320099158772e-08
SWANCORP,2024-02-01,2024-04-01,0.03873993053913538,False,False,0.036467148792121984,0.03873993053913538,0.03873998767714104,0.03873998767714104,4,4,-0.002272781747013397
IRFC,2024-02-01,2024-04-01,-0.1477339125745898,False,False,-0.1477339611536197,-0.1477339125745898,-0.1477339611536197,-0.1477339611536197,4,4,-4.857902990984542e-08
TATAINVEST,2024-03-01,2024-04-01,-0.14241613908209305,False,False,-0.14241613635323125,-0.14241613908209305,-0.1424460431654676,-0.14242174521576478,4,4,2.728861803191762e-09
BEL,2024-03-01,2024-04-01,0.026750971968506843,False,False,,0.026750971968506843,0.02675097276264582,0.02675097276264582,3,3,
TATACONSUM,2024-03-01,2024-04-01,-0.09500418973300861,False,False,-0.09500416319733829,-0.09500414286922354,-0.09500416319733551,-0.09500382639116633,4,4,2.6535670327731964e-08
SUNPHARMA,2024-03-01,2024-05-02,-0.02581369248035914,False,False,-0.02581369248035914,-0.02581369248035914,-0.02581369248035914,-0.02581369248035914,4,4,0.0
LUPIN,2024-02-01,2024-05-02,0.08849182636128528,False,False,0.08849177512056561,0.08849182636128528,0.08849177512056561,0.08849177512056561,4,4,-5.124071966733368e-08
DLF,2024-01-01,2024-05-02,0.23887512776811226,False,False,0.23887506909894962,0.23887512776811226,0.23887506909894962,0.23887506909894962,4,4,-5.8669162639191086e-08
INDHOTEL,2024-03-01,2024-05-02,-0.022231608970619376,False,False,-0.02281981676280953,-0.022231608970619376,-0.022231650403054748,-0.022231650403054748,4,4,-0.0005882077921901541
SIGNATURE,2024-04-01,2024-05-02,-0.05313568840301164,False,False,,-0.05313568840301164,-0.053135724252366234,-0.053135724252366234,3,3,
OFSS,2024-04-01,2024-05-02,-0.13289908976454867,False,False,-0.13289905191823137,-0.13289908976454867,-0.13289905191823137,-0.13289905191823137,4,4,3.784631730230359e-08
EIHOTEL,2024-04-01,2024-05-02,-0.016319225309759156,False,False,-0.01631922510002104,-0.016319225309759156,-0.01631922510002104,-0.01631922510002104,4,4,2.0973811576396884e-10
SCHNEIDER,2024-04-01,2024-06-03,-0.0750545755189479,False,False,-0.0750546202287623,-0.0750545755189479,-0.0750546202287623,-0.0750546202287623,4,4,-4.470981440629629e-08
TATAMTRDVR,2023-10-03,2024-06-03,0.5068152547521443,False,False,,,,0.5068152186796253,1,1,
PNB,2024-03-01,2024-06-03,0.09731679354723699,False,False,,0.09731679354723699,0.0973167801361634,0.0973167801361634,3,3,
ETERNAL,2024-03-01,2024-06-03,0.053753735424878046,False,False,0.053753753753753575,0.053753735424878046,0.053753753753753575,0.053753753753753575,4,4,1.8328875528439426e-08
MEDANTA,2024-02-01,2024-06-03,-0.02682745640778983,False,False,-0.02682743658210951,-0.02682745640778983,-0.02682743658210951,-0.02682743658210951,4,4,1.982568031966281e-08
CANBK,2024-03-01,2024-06-03,0.1081828072228801,False,False,0.10818283936749329,0.1081828072228801,0.10799136069114468,0.10818283936749329,4,4,3.214461319345219e-08
BOSCHLTD,2024-03-01,2024-06-03,0.03627025915822002,False,False,0.036270244681181785,0.03627025915822002,0.036270244681181785,0.036270244681181785,4,4,-1.4477038234872452e-08
ZYDUSLIFE,2024-03-01,2024-06-03,0.11552388526986523,False,False,0.11552385583833136,0.11552388526986523,0.11552385583833136,0.11552385583833136,4,4,-2.9431533876689286e-08
VOLTAS,2024-05-02,2024-06-03,-0.05104754197935546,False,False,-0.05104760619454107,-0.05104754197935546,-0.05104760619454107,-0.05104760619454107,4,4,-6.421518561339212e-08
BEL,2024-05-02,2024-07-01,0.3105431049903489,False,False,,0.3105431049903489,0.3105431309904152,0.3105431309904152,3,3,
ANANDRATHI,2024-04-01,2024-07-01,0.08291671072279372,False,False,0.08291672420936336,0.08291671072279372,0.08291901447353878,0.08291626617171,4,4,1.3486569638843093e-08
INDIGO,2024-05-02,2024-07-01,0.027724676527414394,False,False,,0.027724676527414394,0.027724700298180416,0.027724700298180416,3,3,
THERMAX,2024-06-03,2024-07-01,-0.0636995350602344,False,False,-0.06369950164351623,-0.0636995350602344,-0.06369950164351623,-0.06369950164351623,4,4,3.3416718170364845e-08
HAVELLS,2024-06-03,2024-07-01,-0.029479073577744153,False,False,-0.02947906135263123,-0.029479073577744153,-0.02947906135263123,-0.02947906135263123,4,4,1.2225112921981918e-08
POWERINDIA,2024-05-02,2024-08-01,0.26659248510429845,False,False,0.2665923946094839,0.26659248510429845,0.2665923946094839,0.2665923946094839,4,4,-9.04948145308282e-08
SIEMENS,2024-05-02,2024-08-01,0.19710463949415225,False,False,,0.1971046543421684,0.19710465809418376,0.19710465809418376,3,3,
CUMMINSIND,2024-03-01,2024-08-01,0.3994094736757263,False,False,0.3994094235460264,0.3994094736757263,0.3994094235460264,0.3994094235460264,4,4,-5.012969994666605e-08
BLUESTARCO,2024-05-02,2024-08-01,0.19424046590253052,False,False,0.19424044607643154,0.19424046590253052,0.19424044607643154,0.19424044607643154,4,4,-1.9826098984765395e-08
BDL,2024-06-03,2024-08-01,-0.09160663952395864,False,False,,-0.09160663952395864,-0.09160663952395864,-0.09160663952395864,3,3,
VEDL,2024-06-03,2024-08-01,-0.02129517227524158,False,False,-0.021295184012231072,-0.02129518372834882,-0.021295184012231072,-0.021295184012231072,4,4,-1.173698949141766e-08
HAL,2023-12-01,2024-08-01,0.954837975302061,False,False,,0.954837975302061,0.9548380546248352,0.9548380546248352,3,3,
HINDZINC,2024-06-03,2024-08-01,-0.07007473738844916,False,False,-0.07007466973004017,-0.07007473738844916,-0.07007466973004017,-0.07007466973004017,4,4,6.765840898648179e-08
BHARTIARTL,2024-06-03,2024-08-01,0.08223709756437647,False,False,0.07995265253416561,0.08223709756437647,0.08223707857091522,0.08223707857091522,4,4,-0.0022844450302108577
BAJAJ-AUTO,2023-12-01,2024-08-01,0.6093979233277151,False,False,0.6093978713374848,0.6093979233277151,0.6093978713374848,0.6093978713374848,4,4,-5.19902303430797e-08
UNOMINDA,2024-07-01,2024-08-01,-0.09051914557837903,False,False,-0.09060270495032174,-0.09051914557837903,-0.09051912807493645,-0.09051912807493645,4,4,-8.355937194270968e-05
ARE&M,2024-07-01,2024-08-01,-0.06431670305156212,False,False,,-0.06431670305156212,-0.06431674392839437,-0.06431674392839437,3,3,
ESCORTS,2024-07-01,2024-08-01,0.001991911631556764,False,False,0.001991911631556764,0.001991911631556764,0.001991911631556764,0.001991911631556764,4,4,0.0
AEGISLOG,2024-07-01,2024-08-01,-0.10115776221456196,False,False,-0.10115775932639459,-0.10115776221456196,-0.10115775932639459,-0.10115775932639459,4,4,2.8881673719283185e-09
COCHINSHIP,2024-06-03,2024-09-02,-0.08030304243122821,False,False,-0.08030303030303032,-0.08030304243122821,-0.08030303030303032,-0.08030303030303032,4,4,1.2128197890426407e-08
M&M,2024-06-03,2024-09-02,0.054290053151101025,False,False,,0.054290053151101025,0.054290053151101025,0.054290053151101025,3,3,
GRSE,2024-07-01,2024-09-02,-0.2060264258278235,False,False,-0.2060264469976154,-0.2060264258278235,-0.2060264469976154,-0.2060264469976154,4,4,-2.1169791919462e-08
ZYDUSLIFE,2024-08-01,2024-09-02,-0.10459962383779264,False,False,-0.10459964556146295,-0.10459962383779264,-0.10459964556146295,-0.10459964556146295,4,4,-2.1723670307061127e-08
360ONE,2024-08-01,2024-09-02,-0.01150891519181474,False,False,-0.01150889323568216,-0.01150891519181474,-0.01150889323568216,-0.01150889323568216,4,4,2.1956132578715426e-08
BOSCHLTD,2024-08-01,2024-09-02,-0.059443062137660596,False,False,-0.059443072151570964,-0.059443062137660596,-0.059443072151570964,-0.059443072151570964,4,4,-1.0013910367590029e-08
EMAMILTD,2024-08-01,2024-09-02,-0.015653396142542464,False,False,-0.015653440116490724,-0.015653396142542464,-0.015653440116490724,-0.015653440116490724,4,4,-4.3973948260500606e-08
VGUARD,2024-08-01,2024-09-02,-0.017351697672297384,False,False,-0.017351697212883654,-0.017351697672297384,-0.017351697212883654,-0.017351697212883654,4,4,4.594137292812661e-10
OIL,2024-08-01,2024-10-01,-0.05058006578816654,False,False,,-0.05058006578816654,-0.050580085134796726,-0.050580085134796726,3,3,
GRANULES,2024-08-01,2024-10-01,-0.08289782357234754,False,False,-0.08289786223277917,-0.08289782357234754,-0.08289786223277917,-0.08289786223277917,4,4,-3.8660431633807946e-08
COROMANDEL,2024-08-01,2024-10-01,0.05772176755008296,False,False,,0.05772176755008296,0.0577217359368305,0.0577217359368305,3,3,
OFSS,2024-08-01,2024-10-01,0.048735666256920274,False,False,0.04873566800172302,0.048735666256920274,0.04873566800172302,0.04873566800172302,4,4,1.744802746728169e-09
RVNL,2024-08-01,2024-10-01,-0.11889166715863775,False,False,-0.11889168765743063,-0.11889166715863775,-0.11889168765743063,-0.11889168765743063,4,4,-2.0498792885348394e-08
NATCOPHARM,2024-09-02,2024-10-01,-0.08926536722753675,False,False,-0.08926538974342468,-0.08926538690861341,-0.08926538974342302,-0.08926448273370413,4,4,-2.2515887931895406e-08
AUROPHARMA,2024-09-02,2024-10-01,-0.0744231834857586,False,False,-0.07442324399111944,-0.0744231834857586,-0.07442324399111944,-0.07442324399111944,4,4,-6.050536083268554e-08
TRENT,2023-11-01,2024-11-01,2.2530203258613346,False,False,,2.25302041620721,2.253020271653812,2.253020271653812,3,3,
COLPAL,2024-08-01,2024-11-01,-0.0913401563724271,False,False,-0.09134016952166435,-0.0913401563724271,-0.09134016952166435,-0.09134016952166435,4,4,-1.3149237254594937e-08
PCBL,2024-09-02,2024-11-01,-0.11180567426803945,False,False,-0.11435597909621886,-0.11180567426803945,-0.11180569788891159,-0.11180569788891159,4,4,-0.002550304828179417
BAJAJ-AUTO,2024-09-02,2024-11-01,-0.1123618750464096,False,False,-0.11236192376484122,-0.1123618750464096,-0.11236192376484122,-0.11236192376484122,4,4,-4.87184316222411e-08
KALYANKJIL,2024-08-01,2024-11-01,0.1878873265315939,False,False,0.18788737382681053,0.1878873265315939,0.18788737382681053,0.18788737382681053,4,4,4.7295216631937365e-08
SUZLON,2024-08-01,2024-11-01,0.0023535749457788135,False,False,,0.0023535749457788135,0.0023536334215945587,0.0023536334215945587,3,3,
MOTHERSON,2024-06-03,2024-11-01,0.21933756740489807,False,False,,0.21933756740489807,0.21926743602609133,0.21941182374786705,3,3,
TORNTPHARM,2024-09-02,2024-11-01,-0.06544207337907282,False,False,-0.06544208761571535,-0.06544207337907282,-0.06544208761571535,-0.06544208761571535,4,4,-1.4236642531528787e-08
HSCL,2024-10-01,2024-11-01,-0.13675852476303163,False,False,-0.13675853804673466,-0.13675852476303163,-0.13675853804673466,-0.13675853804673466,4,4,-1.3283703026445437e-08
BHARTIARTL,2024-10-01,2024-11-01,-0.04841938091730591,False,False,-0.04861540272505216,-0.04841938091730591,-0.04841937952551956,-0.04841937952551956,4,4,-0.00019602180774624944
CHOLAHLDNG,2024-10-01,2024-11-01,-0.1689402867680344,False,False,-0.1689403137871105,-0.1689402867680344,-0.1689403137871105,-0.1689403137871105,4,4,-2.7019076087597682e-08
GLENMARK,2024-08-01,2024-12-02,0.07640683131880932,False,False,0.07640676079849751,0.07640683131880932,0.07640676079849751,0.07640676079849751,4,4,-7.052031181231655e-08
ANANTRAJ,2024-10-01,2024-12-02,-0.023501891368491123,False,False,-0.02350192413413965,-0.023501891368491123,-0.02350192413413965,-0.02350192413413965,4,4,-3.276564852772168e-08
BALRAMCHIN,2024-10-01,2024-12-02,-0.13033577811776387,False,False,-0.13033575784292106,-0.13033577811776387,-0.13033575784292106,-0.13033575784292106,4,4,2.0274842804646198e-08
SUNPHARMA,2024-09-02,2024-12-02,-0.00407494839765532,False,False,-0.004075002065034861,-0.00407494839765532,-0.004075002065034861,-0.004075002065034861,4,4,-5.366737954037859e-08
LUPIN,2024-09-02,2024-12-02,-0.07309369663951404,False,False,-0.07309371850856561,-0.07309369663951404,-0.07309371850856561,-0.07309371850856561,4,4,-2.1869051569645137e-08
POLYMED,2024-11-01,2024-12-02,-0.12280674102491151,False,False,-0.13276630726910543,-0.12280674102491151,-0.12280673719198443,-0.12280673719198443,4,4,-0.009959566244193918
GILLETTE,2024-11-01,2024-12-02,-0.020504764334227543,False,False,-0.020504763530132197,-0.020504764334227543,-0.020504763530132197,-0.020504763530132197,4,4,8.040953458632316e-10
BASF,2024-11-01,2024-12-02,-0.3191100158441843,False,False,-0.3191100200955441,-0.3191100158441843,-0.3191100200955441,-0.3191100200955441,4,4,-4.25135981974023e-09
GVT&D,2024-11-01,2024-12-02,-0.01921478593458692,False,False,-0.01921477291632001,-0.01921478593458692,-0.01921477291632001,-0.01921477291632001,4,4,1.3018266908915166e-08
GODFRYPHLP,2024-11-01,2024-12-02,-0.1407303087670677,False,False,-0.1407302930575145,-0.1407303087670677,-0.1407302930575145,-0.1407302930575145,4,4,1.570955321383849e-08
CRISIL,2024-11-01,2024-12-02,-0.0331466450141471,False,False,-0.033146591970121375,-0.0331466450141471,-0.033146591970121375,-0.033146591970121375,4,4,5.304402572736677e-08
COHANCE,2024-11-01,2025-01-01,-0.15420263018449298,False,False,-0.15420261462532503,-0.15420263018449298,-0.15420261462532503,-0.15420261462532503,4,4,1.555916795403789e-08
DEEPAKFERT,2024-11-01,2025-01-01,-0.023873461909172833,False,False,-0.023873422791908627,-0.023873461909172833,-0.023873422791908627,-0.023873422791908627,4,4,3.911726420557926e-08
JUBLPHARMA,2024-10-01,2025-01-01,-0.0772451684545209,False,False,-0.07724515081603,-0.0772451684545209,-0.07724515081603,-0.07724515081603,4,4,1.763849089009284e-08
ERIS,2024-09-02,2025-01-01,-0.06295967001363711,False,False,,-0.06295967001363711,-0.06295970438148868,-0.06295970438148868,3,3,
MCX,2024-11-01,2025-01-01,-0.03132056721165832,False,False,-0.03132054828295583,-0.03132056721165832,-0.031321030935778316,-0.03132054828295583,4,4,1.892870249431411e-08
RAMCOCEM,2024-12-02,2025-01-01,-0.06684376933787128,False,False,-0.06684375754648642,-0.06684376933787128,-0.06684375754648642,-0.06684375754648642,4,4,1.179138486850917e-08
DOMS,2024-12-02,2025-01-01,-0.06920993258482055,False,False,-0.0689083670784425,-0.06920993258482055,-0.06920988371100223,-0.06920988371100223,4,4,0.00030156550637805424
ECLERX,2024-12-02,2025-01-01,-0.021174178502873953,False,False,-0.021174178794765797,-0.021174178502873953,-0.02117447769621683,-0.021174119015488158,4,4,-2.9189184402866886e-10
COFORGE,2024-12-02,2025-02-01,-0.0728242242589151,False,False,-0.0728242276740102,-0.0728242242589151,-0.07284102976207563,-0.0728242276740102,4,4,-3.41509509560467e-09
PAYTM,2024-12-02,2025-02-01,-0.17060107655400536,False,False,-0.1706010380043529,-0.17060107655400536,-0.1706010380043529,-0.1706010380043529,4,4,3.854965247018782e-08
DIXON,2024-05-02,2025-02-01,0.7495630299854381,False,False,0.749563035801339,0.7495630299854381,0.749563035801339,0.749563035801339,4,4,5.815900872008228e-09
INDHOTEL,2024-12-02,2025-02-01,0.0004993750953852238,False,False,0.0006867274316395555,0.0004993750953852238,0.0004993446101992927,0.0004993446101992927,4,4,0.00018735233625433168
RADICO,2024-11-01,2025-02-01,-0.009240739291662914,False,False,-0.0092407592407594,-0.009240739291662914,-0.0092407592407594,-0.0092407592407594,4,4,-1.9949096485838425e-08
FORTIS,2024-12-02,2025-02-01,-0.07400847288229562,False,False,-0.07400842011965436,-0.07400847288229562,-0.07400842011965436,-0.07400842011965436,4,4,5.276264125608776e-08
DIVISLAB,2024-12-02,2025-02-01,-0.10180090371078443,False,False,-0.10180085846515385,-0.10180090371078443,-0.10180085846515385,-0.10180085846515385,4,4,4.524563057550779e-08
MOTILALOFS,2024-11-01,2025-02-01,-0.32314547558675055,False,False,-0.32314544616802343,-0.32314547558675055,-0.32314544616802343,-0.32314544616802343,4,4,2.9418727121033328e-08
KALYANKJIL,2024-12-02,2025-02-01,-0.3000276564240413,False,False,-0.3000276969948761,-0.3000276564240413,-0.3000276969948761,-0.3000276969948761,4,4,-4.057083480279999e-08
PPLPHARMA,2024-10-01,2025-02-01,0.002622289715998871,False,False,0.002622263012980186,0.002622289715998871,0.002622263012980186,0.002622263012980186,4,4,-2.6703018685125812e-08
KAYNES,2025-01-01,2025-02-01,-0.35599631151644673,False,False,-0.3559963409256931,-0.35599631151644673,-0.3559963409256931,-0.3559963409256931,4,4,-2.940924637151454e-08
KFINTECH,2025-01-01,2025-02-01,-0.2869300511800209,False,False,-0.28693007151409256,-0.2869300511800209,-0.28693007151409256,-0.28693007151409256,4,4,-2.0334071648697716e-08
ANANTRAJ,2025-01-01,2025-02-01,-0.2543362655967044,False,False,-0.25433627284938387,-0.2543362655967044,-0.25433627284938387,-0.25433627284938387,4,4,-7.252679457003808e-09
CRISIL,2025-01-01,2025-02-01,-0.14913437534643081,False,False,-0.14913437307389232,-0.14913437534643081,-0.14913437307389232,-0.14913437307389232,4,4,2.2725384907218427e-09
GVT&D,2025-01-01,2025-02-01,-0.16150918417018345,False,False,-0.1615091761030848,-0.13554278925414254,-0.1615091761030848,-0.1615091761030848,4,3,8.067098655750726e-09
POLICYBZR,2025-01-01,2025-02-01,-0.1901896640451195,False,False,-0.19018969422423548,-0.1901896640451195,-0.19018969422423548,-0.19018969422423548,4,4,-3.0179115984019234e-08
LUPIN,2025-01-01,2025-02-01,-0.1305128821891618,False,False,-0.1305129180937884,-0.1305128821891618,-0.1305129180937884,-0.1305129180937884,4,4,-3.590462660518767e-08
LLOYDSME,2024-12-02,2025-03-03,-0.06393718106552015,False,False,-0.06691997150320594,-0.06393718106552015,-0.06393715781956677,-0.06393715781956677,4,4,-0.0029827904376857894
KIMS,2024-12-02,2025-03-03,-0.13918173279458546,False,False,-0.13918167482778654,-0.13918173279458546,-0.13918167482778654,-0.13918167482778654,4,4,5.79667989164534e-08
LAURUSLABS,2025-01-01,2025-03-03,-0.14107046727359784,False,False,-0.1410704133842281,-0.14107046727359784,-0.1410704133842281,-0.1410704133842281,4,4,5.3889369744375415e-08
MUTHOOTFIN,2025-02-01,2025-03-03,-0.016563908979603026,False,False,-0.01656395335517402,-0.016563908979603026,-0.01656395335517402,-0.01656395335517402,4,4,-4.4375570995569547e-08
BSE,2025-02-01,2025-03-03,-0.19329944535548327,False,False,-0.1932994698420628,-0.19329944535548327,-0.1932994698420628,-0.1932994698420628,4,4,-2.4486579541793674e-08
ASTERDM,2025-02-01,2025-03-03,-0.17139852786540488,False,False,-0.17139852786540488,-0.17139852786540488,-0.17139852786540488,-0.17139852786540488,4,4,0.0
JUBLFOOD,2025-02-01,2025-03-03,-0.14389025948027057,False,False,-0.143890240605569,-0.14389025948027057,-0.143890240605569,-0.143890240605569,4,4,1.887470157946325e-08
WIPRO,2025-02-01,2025-03-03,-0.06971785056118107,False,False,-0.0697178477690289,-0.06971785056118107,-0.0697178477690289,-0.0697178477690289,4,4,2.792152176134266e-09
ZENSARTECH,2025-02-01,2025-03-03,-0.27367602747190645,False,False,-0.27367605269956086,-0.27367602747190645,-0.27367605269956086,-0.27367605269956086,4,4,-2.5227654409931688e-08
NAVINFLUOR,2025-02-01,2025-03-03,-0.07399605868236547,False,False,-0.07399610419464497,-0.07399605868236547,-0.07399610419464497,-0.07399610419464497,4,4,-4.551227950067016e-08
CONCORDBIO,2025-02-01,2025-03-03,-0.2754720795964556,False,False,-0.2754720575279186,-0.2754720795964556,-0.2754720575279186,-0.2754720575279186,4,4,2.2068536997821298e-08
MINDACORP,2025-02-01,2025-03-03,-0.13914031251803904,False,False,-0.13914037092379372,-0.13914031251803904,-0.13914037092379372,-0.13914037092379372,4,4,-5.84057546770822e-08
MAZDOCK,2025-02-01,2025-03-03,-0.09520109823785183,False,False,-0.09520107576585268,-0.09520109823785183,-0.09520107576585268,-0.09520107576585268,4,4,2.2471999150397437e-08
M&M,2025-02-01,2025-03-03,-0.15108478025717076,False,False,,-0.15108478025717076,-0.15108474851710407,-0.15108474851710407,3,3,
JKCEMENT,2025-02-01,2025-03-03,-0.05848555415647716,False,False,-0.058485534697678476,-0.05848555415647716,-0.058485534697678476,-0.058485534697678476,4,4,1.9458798683480438e-08
COHANCE,2025-03-03,2025-04-01,-0.057933451602669384,False,False,-0.057933514603982106,-0.057933451602669384,-0.057933514603982106,-0.057933514603982106,4,4,-6.300131272229947e-08
ABBOTINDIA,2025-03-03,2025-04-01,-0.02775664603821948,False,False,-0.027756621680341098,-0.02775664603821948,-0.027756621680341098,-0.027756621680341098,4,4,2.4357878380953935e-08
AVANTIFEED,2025-03-03,2025-04-01,0.200687032350352,False,False,0.20068704912401225,0.200687032350352,0.20068704912401225,0.20068704912401225,4,4,1.6773660238555976e-08
GODREJIND,2025-03-03,2025-04-01,-0.011328107801105824,False,False,-0.011328107299832357,-0.011328107801105824,-0.011328107299832357,-0.011328107299832357,4,4,5.012734671794306e-10
CHOLAFIN,2025-03-03,2025-04-01,0.03416094382813872,False,False,0.03416094382813872,0.03416094382813872,0.03416094382813872,0.03416094382813872,4,4,0.0
SHRIRAMFIN,2025-03-03,2025-04-01,0.02599392359789343,False,False,0.025993883792049033,0.02599392359789343,0.025993883792049033,0.025993883792049033,4,4,-3.9805844398443924e-08
BAJFINANCE,2025-02-01,2025-05-02,0.10779863899407993,False,False,0.10779865251684351,0.10854859909284587,0.10781250000000009,0.10779865251684351,4,4,1.3522763575579688e-08
BAJAJFINSV,2025-03-03,2025-05-02,0.06496964890785062,False,False,0.0649696771912649,0.06970161210755821,0.0649696771912649,0.0649696771912649,4,4,2.828341427729697e-08
BAJAJHLDNG,2025-02-01,2025-05-02,0.02212012931767915,False,False,0.02212012931767915,0.016845329249617125,0.02212012931767915,0.02212012931767915,4,4,0.0
REDINGTON,2025-03-03,2025-05-02,0.08431660377284111,False,False,0.08431659633106547,0.08082854264832173,0.08431659633106547,0.08431659633106547,4,4,-7.441775640160131e-09
AAVAS,2025-04-01,2025-05-02,-0.11560126495983769,False,False,-0.11560125596222526,-0.10601376728151723,-0.11560125596222526,-0.11560125596222526,4,4,8.997612432892765e-09
JSWSTEEL,2025-04-01,2025-05-02,-0.07862720737795859,False,False,-0.0786272189349112,-0.0840236686390533,-0.0786272189349112,-0.0786272189349112,4,4,-1.1556952617119975e-08
LLOYDSME,2025-04-01,2025-05-02,-0.06527781429270008,False,False,-0.06406586943736525,-0.062380096281485,-0.06527783216509375,-0.06527783216509375,4,4,0.0012119448553348233
CHAMBLFERT,2025-03-03,2025-06-02,0.01852028435545816,False,False,0.018520216374805276,0.01852028435545816,0.018520216374805276,0.018520216374805276,4,4,-6.798065288471378e-08
INDIGO,2025-03-03,2025-06-02,0.19448109989538165,False,False,,0.19448109989538165,0.19448115214908057,0.19448115214908057,3,3,
KOTAKBANK,2025-03-03,2025-06-02,0.07782300937005648,False,False,0.07782304397785444,0.07782300937005648,0.07782710890571964,0.07782304397785444,4,4,3.4607797960717335e-08
NAVINFLUOR,2025-04-01,2025-06-02,0.04696001961382712,False,False,0.046960042875007435,0.04696001961382712,0.046960042875007435,0.046960042875007435,4,4,2.3261180315259367e-08
UPL,2025-02-01,2025-06-02,0.053559562228373325,False,False,,0.053559562228373325,0.05355960264900661,0.05355960264900661,3,3,
SHREECEM,2025-03-03,2025-06-02,0.06254221030981899,False,False,0.06254222530519638,0.06254221030981899,0.06254222530519638,0.06254222530519638,4,4,1.4995377384252606e-08
GLAXO,2025-03-03,2025-06-02,0.29800403591049696,False,False,0.29800404745843423,0.29800403591049696,0.29800404745843423,0.29800404745843423,4,4,1.1547937273093112e-08
SRF,2025-02-01,2025-06-02,0.02577797712600094,False,False,0.02573809060515475,0.02577797712600094,0.025778029404999847,0.025778029404999847,4,4,-3.988652084618849e-05
HDFCBANK,2025-05-02,2025-06-02,0.0036882990056819054,False,False,0.0036883116883117406,0.005307222562206171,0.0036883116883117406,0.0036883116883117406,4,4,1.2682629835225612e-08
BHARTIARTL,2025-05-02,2025-06-02,0.0011879427306400459,False,False,0.0015928725701943591,0.0031923085001281937,0.0011879691128029446,0.0011879691128029446,4,4,0.0004049298395543133
JSWHL,2025-04-01,2025-07-01,-0.08454093363991233,False,False,-0.08454093363991233,-0.08454093363991233,-0.08454093363991233,-0.08454093363991233,4,4,0.0
GODFRYPHLP,2025-05-02,2025-07-01,0.056810790122333366,False,False,0.05681073025335581,0.05586664704235478,0.05679846915964748,0.056813182489636516,4,4,-5.986897755327902e-08
ICICIBANK,2025-05-02,2025-07-01,-0.00027926864510219307,False,False,-0.0002792516056967509,0.001328595515347919,-0.0002792516056967509,-0.0002792516056967509,4,4,1.7039405442176303e-08
KIMS,2025-04-01,2025-07-01,0.11007762285546385,False,False,0.1100776447751537,0.11007762285546385,0.1100776447751537,0.1100776447751537,4,4,2.1919689840999013e-08
SBICARD,2025-02-01,2025-07-01,0.1295229698828373,False,False,0.12952300139402384,0.1295229698828373,0.12952300139402384,0.12952300139402384,4,4,3.151118654898255e-08
ZENTEC,2025-06-02,2025-07-01,-0.06596777371344276,False,False,-0.0667830435705693,-0.06596777371344276,-0.06596779524956309,-0.06596779524956309,4,4,-0.0008152698571265438
INTELLECT,2025-06-02,2025-07-01,-0.04443326444534457,False,False,-0.04443326626425215,-0.04443326444534457,-0.04443326626425215,-0.04443326626425215,4,4,-1.8189075801089416e-09
GVT&D,2025-06-02,2025-07-01,0.021918826052398588,False,False,0.02191876141602167,0.021918826052398588,0.02191876141602167,0.02191876141602167,4,4,-6.46363769174485e-08
MFSL,2025-06-02,2025-08-01,-0.03271368799236485,False,False,-0.03271365696643236,-0.03271368799236485,-0.03271365696643236,-0.03271365696643236,4,4,3.1025932489825436e-08
SOLARINDS,2025-05-02,2025-08-01,0.05808874243237039,False,False,0.05808874243237039,0.05646950799602113,0.05808874243237039,0.05808874243237039,4,4,0.0
NH,2025-03-03,2025-08-01,0.20419660150986085,False,False,,0.20419660150986085,0.2041965833127013,0.2041965833127013,3,3,
BEL,2025-06-02,2025-08-01,-0.02658061365927422,False,False,,-0.02658061365927422,-0.02658064516129033,-0.02658064516129033,3,3,
BSE,2025-05-02,2025-08-01,0.14705460500146628,False,False,0.14705462617933707,0.1451479922284673,0.14706372047665495,0.14705280733718018,4,4,2.1177870790367592e-08
BDL,2025-06-02,2025-08-01,-0.2073331456881935,False,False,,-0.2073331456881935,-0.2073331307606603,-0.2073331307606603,3,3,
RPOWER,2025-06-02,2025-08-01,-0.19170567749071343,False,False,,-0.19170567749071343,-0.19170566403098266,-0.19170566403098266,3,3,
MANAPPURAM,2025-03-03,2025-08-01,0.24510289451019296,False,False,0.2451029633350077,0.24510289451019296,0.2451029633350077,0.2451029633350077,4,4,6.88248147362458e-08
GRSE,2025-06-02,2025-08-01,-0.12990561322593563,False,False,-0.1299055967633177,-0.12990561322593563,-0.1299055967633177,-0.1299055967633177,4,4,1.6462617935530943e-08
MCX,2025-07-01,2025-08-01,-0.16169085809145778,False,False,-0.16169085591302912,-0.16169085809145778,-0.16169085591302912,-0.16169085591302912,4,4,2.178428659682652e-09
AUBANK,2025-07-01,2025-08-01,-0.11606129972743673,False,False,-0.11606131090833194,-0.11606129972743673,-0.11606131090833194,-0.11606131090833194,4,4,-1.1180895209683683e-08
DEEPAKFERT,2025-07-01,2025-08-01,-0.10610840263837107,False,False,-0.10610840263837107,-0.10610840263837107,-0.10610840263837107,-0.10610840263837107,4,4,0.0
REDINGTON,2025-07-01,2025-08-01,-0.2434031309904745,False,False,-0.2434030937215651,-0.2434031309904745,-0.2434030937215651,-0.2434030937215651,4,4,3.726890940303207e-08
COROMANDEL,2025-05-02,2025-09-01,0.039871962092167035,False,False,,0.040426907869135054,0.03987198293105765,0.03987198293105765,3,3,
POWERINDIA,2025-06-02,2025-09-01,-0.014515373809895427,False,False,-0.014515373809895427,-0.014515373809895427,-0.014515373809895427,-0.014515373809895427,4,4,0.0
GLAND,2025-08-01,2025-09-01,-0.054283560482215054,False,False,-0.05428354814253222,-0.054283560482215054,-0.05428354814253222,-0.05428354814253222,4,4,1.233968283109732e-08
GLENMARK,2025-08-01,2025-09-01,-0.06818841119570929,False,False,-0.06818841280588073,-0.06818841119570929,-0.06818841280588073,-0.06818841280588073,4,4,-1.610171440624697e-09
SCHNEIDER,2025-08-01,2025-09-01,-0.1566962601535028,False,False,-0.1566962948167382,-0.1566962601535028,-0.1566962948167382,-0.1566962948167382,4,4,-3.466323539313976e-08
RAMCOCEM,2025-08-01,2025-09-01,-0.0804447724349937,False,False,-0.08044479193814602,-0.0804447724349937,-0.08044479193814602,-0.08044479193814602,4,4,-1.9503152315358818e-08
JKCEMENT,2025-07-01,2025-10-01,0.02754237288135597,False,False,0.02754237288135597,0.02754237288135597,0.02754237288135597,0.02754237288135597,4,4,0.0
LAURUSLABS,2025-08-01,2025-10-01,0.0266674810915688,False,False,0.02666745158062045,0.0266674810915688,0.02666745158062045,0.02666745158062045,4,4,-2.951094835168533e-08
BOSCHLTD,2025-08-01,2025-10-01,-0.051250309482545164,False,False,-0.051250309482545164,-0.051250309482545164,-0.051250309482545164,-0.051250309482545164,4,4,0.0
EIDPARRY,2025-08-01,2025-10-01,-0.14079360702580224,False,False,-0.14079362443964794,-0.14079360702580224,-0.14079362443964794,-0.14079362443964794,4,4,-1.7413845698754926e-08
HDFCAMC,2025-08-01,2025-10-01,-0.010596616206589471,False,False,-0.010596616206589471,-0.010596616206589471,-0.010596616206589471,-0.010596616206589471,4,4,0.0
CRAFTSMAN,2025-08-01,2025-10-01,0.03890177880897139,False,False,0.03890177880897139,0.03890177880897139,0.03890177880897139,0.03890177880897139,4,4,0.0
DELHIVERY,2025-09-01,2025-10-01,-0.08295511935191291,False,False,-0.08295514511873359,-0.08295511935191291,-0.08295514511873359,-0.08295514511873359,4,4,-2.5766820677119995e-08
DALBHARAT,2025-09-01,2025-10-01,-0.07235889940965567,False,False,-0.07235883992843173,-0.07235889940965567,-0.07235883992843173,-0.07235883992843173,4,4,5.9481223946278305e-08
PAYTM,2025-09-01,2025-10-01,-0.07056163602265342,False,False,-0.07056157954361553,-0.07056163602265342,-0.07056157954361553,-0.07056157954361553,4,4,5.647903789096631e-08
HYUNDAI,2025-07-01,2025-11-03,0.08332215612993243,False,False,0.08332217610568149,0.08332215612993243,0.08332217610568149,0.08332217610568149,4,4,1.997574905487909e-08
SYRMA,2025-08-01,2025-11-03,0.056602479143262885,False,False,0.05660251269713967,0.056602479143262885,0.05660251269713967,0.05660251269713967,4,4,3.3553876788161574e-08
AIIL,2025-06-02,2025-11-03,0.18961251942899215,False,False,0.18662457666095245,0.18961251942899215,0.18963350785340305,0.18961256544502603,4,4,-0.0029879427680397086
MFSL,2025-09-01,2025-11-03,-0.042536170411719865,False,False,-0.04253621409280628,-0.042536170411719865,-0.04253621409280628,-0.04253621409280628,4,4,-4.368108641461532e-08
TATAINVEST,2025-10-01,2025-11-03,-0.24508505462473418,False,False,-0.24508506616257086,-0.24508505462473418,-0.24508506616257086,-0.24508506616257086,4,4,-1.1537836686059677e-08
ETERNAL,2025-10-01,2025-11-03,-0.01945286898627474,False,False,-0.0194528875379939,-0.01945286898627474,-0.0194528875379939,-0.0194528875379939,4,4,-1.855171916087528e-08
ASHOKLEY,2025-10-01,2025-11-03,-0.009912865105407564,False,False,-0.009912908022374656,-0.009912865105407564,-0.009912908022374656,-0.009912908022374656,4,4,-4.2916967091244373e-08
NETWEB,2025-10-01,2025-12-01,-0.20765120989674346,False,False,-0.20765121488885063,-0.20765120989674346,-0.20765121488885063,-0.20765121488885063,4,4,-4.99210717208598e-09
ANANDRATHI,2025-08-01,2025-12-01,0.1244857147094276,False,False,0.12448579447156982,0.1244857147094276,0.12448579447156982,0.12448579447156982,4,4,7.976214222438216e-08
FORTIS,2025-09-01,2025-12-01,-0.0214135600555162,False,False,-0.021413507813767274,-0.0214135600555162,-0.021413507813767274,-0.021413507813767274,4,4,5.224174892681788e-08
GVT&D,2025-08-01,2025-12-01,-0.021585011602882842,False,False,-0.021584995284831043,-0.021585011602882842,-0.021584995284831043,-0.021584995284831043,4,4,1.6318051798691613e-08
GMDCLTD,2025-10-01,2025-12-01,-0.11077989478663752,False,False,-0.11077989042861747,-0.11077989478663752,-0.11077989042861747,-0.11077989042861747,4,4,4.358020055938994e-09
HBLENGINE,2025-11-03,2025-12-01,-0.11943549768536954,False,False,-0.11943545123431809,-0.11943549768536954,-0.11943545123431809,-0.11943545123431809,4,4,4.645105144973627e-08
HINDALCO,2025-11-03,2025-12-01,-0.04296508957694323,False,False,-0.042965061378659186,-0.04296508957694323,-0.042965061378659186,-0.042965061378659186,4,4,2.819828404110325e-08
GPIL,2025-11-03,2025-12-01,-0.15689196474405032,False,False,-0.1568919638105376,-0.15689196474405032,-0.1568919638105376,-0.1568919638105376,4,4,9.335127115761566e-10
HEROMOTOCO,2025-10-01,2026-01-01,0.07528762080073625,False,False,0.07528762080073625,0.07528762080073625,0.07528762080073625,0.07528762080073625,4,4,0.0
GMRAIRPORT,2025-12-01,2026-01-01,-0.01988107954090379,False,False,-0.019881085098476414,-0.01988107954090379,-0.019881085098476414,-0.019881085098476414,4,4,-5.5575726243262125e-09
ASIANPAINT,2025-12-01,2026-01-01,-0.04031248909174345,False,False,-0.040312456409541064,-0.04031248909174345,-0.040312456409541064,-0.040312456409541064,4,4,3.2682202388834014e-08
BHEL,2025-12-01,2026-01-01,0.0015464337011383833,False,False,0.001546391752577314,0.0015464337011383833,0.001546391752577314,0.001546391752577314,4,4,-4.194856106920497e-08
LAURUSLABS,2025-11-03,2026-02-01,-0.04633997444708249,False,False,-0.04633996309206467,,-0.04633996309206467,-0.04633996309206467,3,3,1.1355017814906887e-08
LTF,2025-07-01,2026-02-01,0.3428599452521921,False,False,0.3428598922247883,,0.3428598922247883,0.3428598922247883,3,3,-5.302740380130899e-08
CANBK,2025-11-03,2026-02-01,0.010386797169385398,False,False,0.010386819484240917,,0.010386819484240917,0.010386819484240917,3,3,2.2314855518956733e-08
ATHERENERG,2025-12-01,2026-02-01,-0.11687942221829584,False,False,-0.11687945263454891,,-0.11687945263454891,-0.11687945263454891,3,3,-3.041625307176332e-08
MARUTI,2025-10-01,2026-02-01,-0.11061697463200748,False,False,,,-0.11061697463200748,-0.11061697463200748,2,2,
ABCAPITAL,2025-07-01,2026-02-01,0.17236476680243795,False,False,0.17236467236467234,,0.17236467236467234,0.17236467236467234,3,3,-9.44377656075801e-08
EICHERMOT,2025-10-01,2026-02-01,-0.01879940183721429,False,False,-0.01879940183721429,,-0.01879940183721429,-0.01879940183721429,3,3,0.0
CUMMINSIND,2025-11-03,2026-02-01,-0.08192348265133909,False,False,-0.08192341941228842,,-0.08192341941228842,-0.08192341941228842,3,3,6.323905066274449e-08
RBLBANK,2025-08-01,2026-02-01,0.12697797422413104,False,False,0.12697800077190258,,0.12697800077190258,0.12697800077190258,3,3,2.6547771536655773e-08
HINDCOPPER,2026-01-01,2026-03-02,0.10207590757457163,False,False,0.10207595905481681,0.10207590757457163,0.10207595905481681,0.10207595905481681,4,4,5.148024517787064e-08
JKTYRE,2026-01-01,2026-03-02,-0.0752927950756982,False,False,-0.07529275137907665,-0.0752927950756982,-0.07529275137907665,-0.07529275137907665,4,4,4.36966215433543e-08
HINDALCO,2026-01-01,2026-03-02,0.0503379933834196,False,False,0.0503380077099278,0.0503379933834196,0.0503380077099278,0.0503380077099278,4,4,1.432650820198944e-08
MUTHOOTFIN,2025-12-01,2026-03-02,-0.08900322390406412,False,False,-0.08900317493637,-0.08900322390406412,-0.08900317493637,-0.08900317493637,4,4,4.896769412177093e-08
TECHM,2026-02-01,2026-03-02,-0.21656088851091848,False,False,,,-0.21656088045187205,-0.21656088045187205,2,2,
HINDZINC,2026-02-01,2026-03-02,0.08340650914649483,False,False,0.08340641992632869,,0.08340641992632869,0.08340641992632869,3,3,-8.922016614398842e-08
BEL,2026-02-01,2026-03-02,0.06723875794786127,False,False,,,0.0672387445633007,0.0672387445633007,2,2,
SBIN,2025-11-03,2026-04-01,0.07170682816743179,False,False,0.07170685479625138,0.07170682816743179,0.07170685479625138,0.07170685479625138,4,4,2.662881959381025e-08
ASHOKLEY,2025-12-01,2026-04-01,-0.06980662650264091,False,False,-0.06980661260137244,-0.06980662650264091,-0.06980661260137244,-0.06980661260137244,4,4,1.3901268469673767e-08
APLAPOLLO,2026-02-01,2026-04-01,-0.055688349335711984,False,False,-0.05545922977362083,,-0.055688418175606436,-0.055688418175606436,3,3,0.00022911956209115125
SHRIRAMFIN,2026-02-01,2026-04-01,-0.09728347049724684,False,False,-0.09728348035284695,,-0.09728348035284695,-0.09728348035284695,3,3,-9.855600113795049e-09
FEDERALBNK,2025-12-01,2026-04-01,0.04286827645499924,False,False,0.0428682774746687,0.04286827645499924,0.0428682774746687,0.0428682774746687,4,4,1.019669459978445e-09
UNIONBANK,2026-02-01,2026-04-01,0.013402635283128683,False,False,0.013402609671134158,,0.013402609671134158,0.013402609671134158,3,3,-2.5611994525220894e-08
KARURVYSYA,2026-02-01,2026-04-01,0.020276240370772802,False,False,0.02027617549379479,,0.02027617549379479,0.02027617549379479,3,3,-6.487697801205172e-08
VEDL,2026-01-01,2026-04-01,0.12370368986524993,False,False,0.12370364224674368,0.12370361697977428,0.12370364224674368,0.12370364224674368,4,4,-4.761850624923625e-08
INDIANB,2025-10-01,2026-04-01,0.20480295055568454,False,False,0.20480293060172317,0.20480295055568454,0.20480293060172317,0.20480293060172317,4,4,-1.995396137211003e-08
TVSMOTOR,2025-09-01,2026-04-01,0.020737768508681365,False,False,0.020737739109707443,0.020737768508681365,0.020737739109707443,0.020737739109707443,4,4,-2.9398973921956895e-08
MCX,2026-02-01,2026-04-01,0.10585228011247105,False,False,0.10585232615412155,,0.10585232615412155,0.10585232615412155,3,3,4.6041650492156805e-08
BHARATFORG,2026-03-02,2026-04-01,-0.11222264616316768,False,False,-0.11222263608790495,-0.11222264616316768,-0.11222263608790495,-0.11222263608790495,4,4,1.0075262735220747e-08
EICHERMOT,2026-03-02,2026-04-01,-0.1278430871454127,False,False,-0.1278430871454127,-0.1278430871454127,-0.1278430871454127,-0.1278430871454127,4,4,0.0
IOC,2026-03-02,2026-04-01,-0.2422533596213987,False,False,-0.2422533638546146,-0.2422533596213987,-0.2422533638546146,-0.2422533638546146,4,4,-4.233215888937991e-09
CUMMINSIND,2026-03-02,2026-04-01,-0.04311985456176226,False,False,-0.04311991363560863,-0.04311985456176226,-0.04311991363560863,-0.04311991363560863,4,4,-5.907384637016122e-08
KEI,2026-03-02,2026-04-01,-0.20576261915338068,False,False,,-0.20576261915338068,-0.20576258163657313,-0.20576258163657313,3,3,
TORNTPHARM,2026-03-02,2026-05-04,-0.02686999573765314,False,False,-0.026869907534559978,-0.02686999573765314,-0.026869907534559978,-0.026869907534559978,4,4,8.820309316259767e-08
JBCHEPHARM,2026-04-01,2026-05-04,0.03648946985584067,False,False,,,0.03648944643568308,0.03648944643568308,2,2,
LUPIN,2026-04-01,2026-05-04,0.032485010179234,False,False,0.032484944393160076,0.032485010179234,0.032484944393160076,0.032484944393160076,4,4,-6.57860739217142e-08
ONGC,2026-04-01,2026-05-04,0.016837376528554104,False,False,0.016837354625932832,0.016837376528554104,0.016837354625932832,0.016837354625932832,4,4,-2.1902621272218425e-08
IPCALAB,2026-04-01,2026-05-04,0.0144543492467204,False,False,0.013005063039809306,0.0144543492467204,0.014454316403659906,0.014454316403659906,4,4,-0.0014492862069110934
EMCURE,2026-04-01,2026-05-04,0.1277278024679529,False,False,0.12772781586063786,0.1277278024679529,0.12772781586063786,0.12772781586063786,4,4,1.3392684961033297e-08
AUROPHARMA,2026-04-01,2026-05-04,0.025258941234435506,False,False,0.0252589225840103,0.025258941234435506,0.0252589225840103,0.0252589225840103,4,4,-1.8650425204214116e-08
CHENNPETRO,2026-04-01,2026-05-04,0.0915164578752774,False,False,0.09151643169425738,0.0915164578752774,0.09151643169425738,0.09151643169425738,4,4,-2.618102001861189e-08
COALINDIA,2026-04-01,2026-05-04,0.06797956992759513,False,False,0.06797952825990206,0.06797956992759513,0.06797952825990206,0.06797952825990206,4,4,-4.1667693073677015e-08
NTPC,2026-04-01,2026-05-04,0.09707937608394324,False,False,,0.09707937608394324,0.09707939119703846,0.09707939119703846,3,3,
GESHIP,2026-02-01,2026-06-01,0.2303629148576729,False,False,0.23036298097074348,,0.23036298097074348,0.23036298097074348,3,3,6.611307057369231e-08
VTL,2026-04-01,2026-06-01,0.13174780936432318,False,False,0.1325267038472444,0.13174780936432318,0.13174782936957352,0.13174782936957352,4,4,0.000778894482921233
BELRISE,2026-04-01,2026-06-01,0.13562907167665994,False,False,0.13562902714693137,0.13562907167665994,0.13562902714693137,0.13562902714693137,4,4,-4.452972857116322e-08
CCL,2026-04-01,2026-06-01,-0.01616926841955557,False,False,,-0.01616926841955557,-0.016169269149034493,-0.016169269149034493,3,3,
ANANDRATHI,2026-05-04,2026-06-01,-0.02889153010898393,False,False,-0.028891476737093025,-0.02889153010898393,-0.028891476737093025,-0.028891476737093025,4,4,5.337189090681704e-08
BHARATFORG,2026-05-04,2026-06-01,0.04166209790305975,False,False,0.04166215191245004,0.04166209790305975,0.04166215191245004,0.04166215191245004,4,4,5.4009390293430215e-08
ABB,2026-05-04,2026-06-01,-0.028881365300905126,False,False,-0.028881365300905126,-0.028881365300905126,-0.028881365300905126,-0.028881365300905126,4,4,0.0
GVT&D,2026-03-02,2026-07-01,0.29776808452117076,False,False,0.29776799915173346,0.29776808452117076,0.29776799915173346,0.29776799915173346,4,4,-8.536943729708923e-08
SCHNEIDER,2026-05-04,2026-07-01,0.06218406198157744,False,False,0.06218410170010724,0.06218406198157744,0.06218410170010724,0.06218410170010724,4,4,3.9718529798449254e-08
NATIONALUM,2025-12-01,2026-07-01,0.2685747133510825,False,False,0.2685746777862015,0.2685747133510825,0.2685746777862015,0.2685746777862015,4,4,-3.556488104017319e-08
MCX,2026-05-04,2026-07-01,0.016856088194703744,False,False,0.01685605410415736,0.016856088194703744,0.01685605410415736,0.01685605410415736,4,4,-3.4090546385812104e-08
VEDL,2026-06-01,2026-07-01,-0.18270801488559052,False,False,-0.18270799347471445,-0.18270801488559052,-0.18270799347471445,-0.18270799347471445,4,4,2.1410876072103235e-08
ACUTAAS,2026-04-01,2026-08-03,0.3363062355152413,False,False,0.34074647070199204,0.3363062355152413,0.3363063333476266,0.3363063333476266,4,4,0.004440235186750741
THERMAX,2026-06-01,2026-08-03,-0.17437102295942963,False,False,-0.17437109437590137,-0.17437102295942963,-0.17437109437590137,-0.17437109437590137,4,4,-7.141647173636301e-08
POWERINDIA,2026-04-01,2026-08-03,0.27668063036106116,False,False,0.27668063036106116,0.27668063036106116,0.27668063036106116,0.27668063036106116,4,4,0.0
ADANIGREEN,2026-06-01,2026-08-03,-0.035869806854886166,False,False,-0.035869790586771755,-0.035869806854886166,-0.035869790586771755,-0.035869790586771755,4,4,1.6268114411133183e-08
ADANIPOWER,2026-05-04,2026-08-03,-0.06005283313685317,False,False,-0.06005279366476024,-0.06005283313685317,-0.06005279366476024,-0.06005279366476024,4,4,3.947209292753939e-08
BSE,2026-06-01,2026-08-03,-0.1208872487706818,False,False,-0.1208872276594698,-0.1208872487706818,-0.1208872276594698,-0.1208872276594698,4,4,2.1111212000768376e-08
ADANIENSOL,2026-06-01,2026-09-01,-0.07651186100902108,False,False,-0.07651186100902108,-0.07651186100902108,-0.07651186100902108,-0.07651186100902108,4,4,0.0
GRANULES,2026-06-01,2026-09-01,0.0747111838344432,False,False,0.07471116816431334,0.0747111838344432,0.07471116816431334,0.07471116816431334,4,4,-1.5670129860367865e-08
KIRLOSENG,2026-05-04,2026-09-01,0.24060111343480983,False,False,0.24060106753307053,0.24060111343480983,0.24060106753307053,0.24060106753307053,4,4,-4.590173929841512e-08
CAPLIPOINT,2026-07-01,2026-09-01,0.057410277368125984,False,False,0.05807622504537191,0.057410277368125984,0.057410296411856354,0.057410296411856354,4,4,0.0006659476772459261
BHARATFORG,2026-08-03,2026-09-01,-0.07182272674270695,False,False,-0.07182270465852558,-0.07182272674270695,-0.07182270465852558,-0.07182270465852558,4,4,2.2084181372505896e-08
APOLLOHOSP,2026-08-03,2026-09-01,-0.007369614512471645,False,False,-0.007369614512471645,-0.007369614512471645,-0.007369614512471645,-0.007369614512471645,4,4,0.0
