symbol,session,before,step,ticker,n_match,matched
20MICRONS,2013-01-28,2013-01-25,0.5000000223817955,20MICRONS,2,nse_list:2013-01-28:Face Value Split Rs 10 To Rs 5 | tejhq:2013-01-28:Face Value Split Rs 10 To Rs 5
360ONE,2023-03-02,2023-03-01,0.2500000138030953,360ONE,4,nse_list:2023-03-02:Bonus 1:1 | nse_list:2023-03-02:Face Value Split (Sub-Division) - From Rs 2/- Per Share To Re 1/- Per  | tejhq:2023-03-02:Bonus 1:1 | tejhq:2023-03-02:Face Value Split (Sub-Division) - From Rs 2/- Per Share To Re 1/- Per 
3IINFOLTD,2025-09-26,2025-09-25,0.9477797091837492,3IINFOLTD,1,nse_list:2025-09-26:Rights 2:9 @ Premium Rs 7/-
8KMILES,2016-10-10,2016-10-07,0.3750000177731806,8KMILES,2,nse_list:2016-10-10: Bonus 1:3/Face Value Split (Sub-Division) - From Rs 10/- Per Share To | tejhq:2016-10-10:Bonus 1:3/Face Value Split (Sub-Division) - From Rs 10/- Per Share To 
AARTIDRUGS,2015-03-24,2015-03-23,0.5000000005375383,AARTIDRUGS,2,nse_list:2015-03-24:Bonus 1:1 | tejhq:2015-03-24:Bonus 1:1
AARTIDRUGS,2020-09-30,2020-09-29,0.249999995648017,AARTIDRUGS,2,nse_list:2020-09-30: Bonus 3:1 | tejhq:2020-09-30:Bonus 3:1
AARTIIND,2019-07-03,2019-07-02,0.9736016655100624,AARTIIND,2,nse_list:2019-07-03: Scheme Of Demerger | tejhq:2019-07-03:Scheme Of Demerger
AARTIIND,2019-09-27,2019-09-26,0.5000000014621847,AARTIIND,2,nse_list:2019-09-27: Bonus 1:1 | tejhq:2019-09-27:Bonus 1:1
AARTIIND,2021-06-22,2021-06-21,0.4999999850956546,AARTIIND,2,nse_list:2021-06-22: Bonus 1:1 | tejhq:2021-06-22:Bonus 1:1
AARTIIND,2022-10-19,2022-10-18,0.917371459256276,AARTIIND,2,nse_list:2022-10-19:Demerger | tejhq:2022-10-19:Demerger
ABB,2019-12-20,2019-12-19,0.8550135501355015,ABB,2,nse_list:2019-12-20: Demerger | tejhq:2019-12-20:Demerger
ABFRL,2020-06-30,2020-06-29,0.9857069938938148,ABFRL,1,nse_list:2020-06-30: Rights 9:77 Partly Paid @ Premium Rs 100/-
ABFRL,2025-05-22,2025-05-21,0.3340769659788064,ABFRL,3,bc:2025-05-22:DEMERGER | nse_list:2025-05-22:Demerger | tejhq:2025-05-22:Demerger
ABIRLANUVO,2016-01-20,2016-01-19,0.4270775338287622,ABIRLANUVO,2,"notes:2016-01-20:notes.json x0.4662: Aditya Birla Nuvo, 20 Jan 2016: NSE's close fell f | nse_list:2016-01-20: Scheme Of Arrangement"
ABREL,2019-10-11,2019-10-10,0.446440716390841,CENTURYTEX,2,nse_list:2019-10-11: Demerger | tejhq:2019-10-11:Demerger
ACE,2008-03-13,2008-03-12,0.1999999955675268,ACE,1,nse_list:2008-03-13:Fv Split Rs.10/- To Rs.2/
ACUTAAS,2025-04-25,2025-04-24,0.4999999771788545,AMIORG,3,bc:2025-04-25:FVSPLT FRM RS 10 TO RS 5 | nse_list:2025-04-25:Face Value Split (Sub-Division) - From Rs 10/- Per Share To Rs 5/- Per | tejhq:2025-04-25:Face Value Split (Sub-Division) - From Rs 10/- Per Share To Rs 5/- Per
ADANIENT,2009-12-10,2009-12-09,0.5000000011110002,ADANIENT,1,nse_list:2009-12-10:Bonus 1:1
ADANIENT,2015-06-03,2015-06-02,0.1722919937205651,ADANIENT,1,nse_list:2015-06-03:Scheme Of Arrangement
ADANIENT,2018-09-06,2018-09-05,0.7760132732875088,ADANIENT,1,nse_list:2018-09-06: Scheme Of Arrangement
ADANIENT,2025-11-17,2025-11-14,0.9694850603941512,ADANIENT,1,nse_list:2025-11-17:Rights 3:25 @ Premium Rs 1799/-
ADANIPORTS,2010-09-23,2010-09-22,0.1999999853364715,MUNDRAPORT,2,nse_list:2010-09-23:Face Value Split From Rs.10/- To Rs.2/- | tejhq:2010-09-23:Face Value Split From Rs.10/- To Rs.2/-
ADANIPOWER,2025-09-22,2025-09-19,0.2000000068830173,ADANIPOWER,3,bc:2025-09-22:FVSPLT FRM RS 10 TO RS 2 | nse_list:2025-09-22:Face Value Split (Sub-Division) - From Rs 10/- Per Share To Rs 2/- Per | tejhq:2025-09-22:Face Value Split (Sub-Division) - From Rs 10/- Per Share To Rs 2/- Per
ADFFOODS,2023-09-11,2023-09-08,0.2000000068357907,ADFFOODS,2,nse_list:2023-09-11:Face Value Split (Sub-Division) - From Rs 10/- Per Share To Rs 2/- Per | tejhq:2023-09-11:Face Value Split (Sub-Division) - From Rs 10/- Per Share To Rs 2/- Per
ADSL,2009-11-11,2009-11-10,0.4999999868614452,ADSL,1,nse_list:2009-11-11:Fv Split Rs.10/- To Rs.5/
ADVANTA,2013-07-05,2013-07-04,0.1999999951641552,ADVANTA,2,nse_list:2013-07-05:Face Value Split From Rs.10/- To Rs.2/- | tejhq:2013-07-05:Face Value Split From Rs.10/- To Rs.2/-
ADVENZYMES,2017-05-25,2017-05-24,0.2000000013154482,ADVENZYMES,2,nse_list:2017-05-25: Face Value Split From Rs 10/- Per Share To Rs 2/- Per Share | tejhq:2017-05-25:Face Value Split From Rs 10/- Per Share To Rs 2/- Per Share
AEGISLOG,2010-08-18,2010-08-17,0.6000000064056759,AEGISCHEM,2,nse_list:2010-08-18:Bonus 2:3 | tejhq:2010-08-18:Bonus 2:3
AEGISLOG,2015-09-16,2015-09-15,0.1000000007692519,AEGISCHEM,2,nse_list:2015-09-16: Face Value Split From Rs 10 To Rs 1 | tejhq:2015-09-16:Face Value Split From Rs 10 To Rs 1
AFFLE,2021-10-07,2021-10-06,0.199999985321567,AFFLE,2,nse_list:2021-10-07: Face Value Split (Sub-Division) - From Rs 10/- Per Share To Rs 2/- Pe | tejhq:2021-10-07:Face Value Split (Sub-Division) - From Rs 10/- Per Share To Rs 2/- Per
AGCNET,2012-12-19,2012-12-18,0.4999999741253956,AGCNET,2,nse_list:2012-12-19:Bonus 1:1 | tejhq:2012-12-19:Bonus 1:1
AGI,2019-08-19,2019-08-16,0.2629337875239514,HSIL,3,nse_list:2019-08-19: Annual General Meeting/Dividend - Rs 3 Per Share | nse_list:2019-08-19: Demerger | tejhq:2019-08-19:Demerger
AIAENG,2008-10-13,2008-10-10,0.2000000106748186,AIAENG,1,nse_list:2008-10-13:Fv Split Rs.10/- To Rs.2/Rd Date Revised
AIIL,2026-01-13,2026-01-12,0.1999999832344318,AIIL,3,bc:2026-01-13:BONUS 4:1 | nse_list:2026-01-13:Bonus 4:1 | tejhq:2026-01-13:Bonus 4:1
AJANTPHARM,2012-08-09,2012-08-08,0.5000000050152795,AJANTPHARM,2,nse_list:2012-08-09:Face Value Split From Rs. 10/- To Rs. 5/- | tejhq:2012-08-09:Face Value Split From Rs. 10/- To Rs. 5/-
AJANTPHARM,2013-09-17,2013-09-16,0.6666666489887594,AJANTPHARM,2,nse_list:2013-09-17:Bonus 1:2 | tejhq:2013-09-17:Bonus 1:2
AJANTPHARM,2015-03-20,2015-03-19,0.4000000230726501,AJANTPHARM,2,nse_list:2015-03-20:Face Value Split (Sub-Division) - From Rs 5/- Per Share To Rs 2/- Per  | tejhq:2015-03-20:Face Value Split (Sub-Division) - From Rs 5/- Per Share To Rs 2/- Per 
AJANTPHARM,2022-06-22,2022-06-21,0.6666666133449282,AJANTPHARM,2,nse_list:2022-06-22:Bonus- 1:2 | tejhq:2022-06-22:Bonus- 1:2
AJRINFRA,2009-10-26,2009-10-23,0.2000000093295973,GAMMNINFRA,2,"notes:2009-10-26:notes.json x0.2: Face value split Rs 10 to Rs 2 in Oct 2009, in no act | nse_list:2009-10-26:Fv Split Rs.10/- To Rs.2/"
AJRINFRA,2013-01-23,2013-01-22,0.9714285799231016,GAMMNINFRA,2,nse_list:2013-01-23:Bonus 1:34 | tejhq:2013-01-23:Bonus 1:34
ALEMBICLTD,2011-04-11,2011-04-08,0.3539445628997868,ALEMBICLTD,1,nse_list:2011-04-11:Scheme Of Arrangement
ALEMBICLTD,2013-09-27,2013-09-26,0.4999999934151096,ALEMBICLTD,2,nse_list:2013-09-27:Bonus 1:1 | tejhq:2013-09-27:Bonus 1:1
ALEMBICLTD,2019-08-26,2019-08-23,0.7735849056603774,ALEMBICLTD,2,nse_list:2019-08-26: Demerger | tejhq:2019-08-26:Demerger
ALKYLAMINE,2014-09-08,2014-09-05,0.4999999704643584,ALKYLAMINE,2,nse_list:2014-09-08:Face Value Split (Sub-Division) - From Rs 10/- Per Share To Rs 5/- Per | tejhq:2014-09-08:Face Value Split (Sub-Division) - From Rs 10/- Per Share To Rs 5/- Per
ALKYLAMINE,2021-05-11,2021-05-10,0.3999999922824543,ALKYLAMINE,2,nse_list:2021-05-11: Face Value Split (Sub-Division) - From Rs 5/- Per Share To Rs 2/- Per | tejhq:2021-05-11:Face Value Split (Sub-Division) - From Rs 5/- Per Share To Rs 2/- Per 
ALLCARGO,2009-11-19,2009-11-18,0.2000000034682276,ALLCARGO,2,"notes:2009-11-19:notes.json x0.2: Face value split Rs 10 to Rs 2 (5:1), ex 19 Nov 2009, | nse_list:2009-11-19:Fv Spl-Rs10to2/Div-Rs2.50"
ALLCARGO,2015-12-30,2015-12-29,0.5000000070248479,ALLCARGO,2,nse_list:2015-12-30: Bonus 1:1 | tejhq:2015-12-30:Bonus 1:1
ALLCARGO,2023-04-18,2023-04-17,0.7899378343212374,ALLCARGO,2,nse_list:2023-04-18:Demerger | tejhq:2023-04-18:Demerger
ALLCARGO,2024-01-02,2024-01-01,0.2499999920798693,ALLCARGO,2,nse_list:2024-01-02:Bonus 3:1 | tejhq:2024-01-02:Bonus 3:1
ALLCARGO,2025-11-12,2025-11-11,0.3507528786536758,ALLCARGO,3,bc:2025-11-12:DEMERGER | nse_list:2025-11-12:Demerger | tejhq:2025-11-12:Demerger
ALLCARGO,2025-12-11,2025-12-10,0.9639711769415532,ALLCARGO,0,
ALOKTEXT,2009-03-18,2009-03-17,0.90738084230398,ALOKTEXT,1,nse_list:2009-03-18:Rht 83:40@Prem Re1 Per Sh
ALOKTEXT,2013-02-15,2013-02-14,0.9980099428099104,ALOKTEXT,1,nse_list:2013-02-15:Rights - 2:3@ Par Rs 10 Per Share
AMIORG,2025-04-25,2025-04-24,0.4999999771788545,AMIORG,3,bc:2025-04-25:FVSPLT FRM RS 10 TO RS 5 | nse_list:2025-04-25:Face Value Split (Sub-Division) - From Rs 10/- Per Share To Rs 5/- Per | tejhq:2025-04-25:Face Value Split (Sub-Division) - From Rs 10/- Per Share To Rs 5/- Per
AMRUTANJAN,2012-10-25,2012-10-23,0.2000000010344515,AMRUTANJAN,2,nse_list:2012-10-25:Face Value  Split From Rs. 10 To Rs. 2/- | tejhq:2012-10-25:Face Value  Split From Rs. 10 To Rs. 2/-
AMRUTANJAN,2018-04-13,2018-04-12,0.5000000196538911,AMRUTANJAN,2,nse_list:2018-04-13: Face Value Split (Sub-Division) - From Rs 2/- Per Share To Re 1/- Per | tejhq:2018-04-13:Face Value Split (Sub-Division) - From Rs 2/- Per Share To Re 1/- Per 
ANANDRATHI,2025-03-05,2025-03-04,0.5000000249153654,ANANDRATHI,3,bc:2025-03-05:BONUS 1:1 | nse_list:2025-03-05:Bonus 1:1 | tejhq:2025-03-05:Bonus 1:1
ANANDRATHI,2026-06-03,2026-06-02,0.500000020573806,ANANDRATHI,3,bc:2026-06-03:BONUS 1:1 | nse_list:2026-06-03:Bonus 1:1 | tejhq:2026-06-03:Bonus 1:1
ANANTRAJ,2020-10-06,2020-10-05,0.5613793103448277,ANANTRAJ,2,nse_list:2020-10-06: Demerger | tejhq:2020-10-06:Demerger
ANDHRAPAP,2024-09-11,2024-09-10,0.1999999987968611,ANDHRAPAP,2,nse_list:2024-09-11:Face Value Split (Sub-Division) - From Rs 10/- Per Share To Rs 2/- Per | tejhq:2024-09-11:Face Value Split (Sub-Division) - From Rs 10/- Per Share To Rs 2/- Per
ANDHRSUGAR,2021-12-30,2021-12-29,0.2000000173541119,ANDHRSUGAR,2,nse_list:2021-12-30: Face Value Split (Sub-Division) - From Rs 10/- Per Share To Rs 2/- Pe | tejhq:2021-12-30:Face Value Split (Sub-Division) - From Rs 10/- Per Share To Rs 2/- Per
ANGELONE,2026-02-26,2026-02-25,0.1000000022061785,ANGELONE,3,bc:2026-02-26:FVSPLT FRM RS 10 TO RE 1 | nse_list:2026-02-26:Face Value Split (Sub-Division) - From Rs 10/- Per Share To Re 1/- Per | tejhq:2026-02-26:Face Value Split (Sub-Division) - From Rs 10/- Per Share To Re 1/- Per
ANUP,2024-04-23,2024-04-22,0.499999986423055,ANUP,2,nse_list:2024-04-23:Bonus 1:1 | tejhq:2024-04-23:Bonus 1:1
APCOTEXIND,2013-08-14,2013-08-13,0.4999999878180421,APCOTEXIND,2,nse_list:2013-08-14:Face Value Split From Rs.10/- To Rs.5/- | tejhq:2013-08-14:Face Value Split From Rs.10/- To Rs.5/-
APCOTEXIND,2015-09-23,2015-09-22,0.5000000085690685,APCOTEXIND,2,nse_list:2015-09-23: Bonus 1:1 | tejhq:2015-09-23:Bonus 1:1
APCOTEXIND,2019-07-04,2019-07-03,0.4000000181365581,APCOTEXIND,2,nse_list:2019-07-04: Face Value Split (Sub-Division) - From Rs 5 Per Share To Rs 2 Per Sha | tejhq:2019-07-04:Face Value Split (Sub-Division) - From Rs 5 Per Share To Rs 2 Per Shar
APLAPOLLO,2020-12-15,2020-12-14,0.2000000088876475,APLAPOLLO,2,nse_list:2020-12-15: Face Value Split (Sub-Division) - From Rs 10/- Per Share To Rs 2/- Pe | tejhq:2020-12-15:Face Value Split (Sub-Division) - From Rs 10/- Per Share To Rs 2/- Per
APLAPOLLO,2021-09-16,2021-09-15,0.4999999806670453,APLAPOLLO,2,nse_list:2021-09-16: Bonus 1:1 | tejhq:2021-09-16:Bonus 1:1
APOLLO,2023-05-04,2023-05-03,0.0999999955963092,APOLLO,2,nse_list:2023-05-04:Face Value Split (Sub-Division) - From Rs 10/- Per Share To Re 1/- Per | tejhq:2023-05-04:Face Value Split (Sub-Division) - From Rs 10/- Per Share To Re 1/- Per
APOLLOHOSP,2010-09-02,2010-09-01,0.499999977783644,APOLLOHOSP,2,nse_list:2010-09-02:Face Value Split From Rs.10/- To Rs.5/- | tejhq:2010-09-02:Face Value Split From Rs.10/- To Rs.5/-
APOLLOPIPE,2021-12-02,2021-12-01,0.3333333302280911,APOLLOPIPE,2,nse_list:2021-12-02: Bonus 2:1 | tejhq:2021-12-02:Bonus 2:1
APTECHT,2023-07-14,2023-07-13,0.7142857352649381,APTECHT,2,nse_list:2023-07-14:Bonus 2:5 | tejhq:2023-07-14:Bonus 2:5
ARE&M,2008-10-14,2008-10-13,0.6666666735783793,AMARAJABAT,1,nse_list:2008-10-14:Bonus 1:2
ARE&M,2012-09-25,2012-09-24,0.4999999997629875,AMARAJABAT,2,nse_list:2012-09-25:Face Value Split From Rs.2/- To Re.1/- | tejhq:2012-09-25:Face Value Split From Rs.2/- To Re.1/-
ARSHIYA,2022-03-03,2022-03-02,0.8723958333333335,ARSHIYA,2,nse_list:2022-03-03:Demerger | tejhq:2022-03-03:Demerger
ARVIND,2018-11-28,2018-11-27,0.3491400096447515,ARVIND,2,nse_list:2018-11-28: Demerger | tejhq:2018-11-28:Demerger
ARVINDFASN,2020-03-17,2020-03-16,0.9022557846221256,ARVINDFASN,1,nse_list:2020-03-17: Rights 16:47 @ Premium Rs 146/-
ARVINDFASN,2021-02-23,2021-02-22,0.9763817645299268,ARVINDFASN,1,nse_list:2021-02-23: Rights 3:20 @ Premium Rs 131/-
ASAHIINDIA,2013-07-26,2013-07-25,0.9213904012642402,ASAHIINDIA,1,nse_list:2013-07-26:Rights 13:25 @ Premium Rs 29/- Per Share
ASHIANA,2013-10-24,2013-10-23,0.2000000128160673,ASHIANA,2,nse_list:2013-10-24:Face Value Split From Rs.10/- To Rs.2/- | tejhq:2013-10-24:Face Value Split From Rs.10/- To Rs.2/-
ASHOKA,2013-07-03,2013-07-02,0.3333333353645885,ASHOKA,2,nse_list:2013-07-03:Bonus 1:2 And Face Value Split Rs.10/- To Rs.5/- | tejhq:2013-07-03:Bonus 1:2 And Face Value Split Rs.10/- To Rs.5/-
ASHOKA,2018-07-12,2018-07-11,0.6666666493621893,ASHOKA,2,nse_list:2018-07-12: Bonus 1:2 | tejhq:2018-07-12:Bonus 1:2
ASHOKLEY,2011-08-02,2011-08-01,0.500000014771335,ASHOKLEY,2,nse_list:2011-08-02:Bonus 1:1 | tejhq:2011-08-02:Bonus 1:1
ASHOKLEY,2025-07-16,2025-07-15,0.4999999939598659,ASHOKLEY,3,bc:2025-07-16:BONUS 1:1 | nse_list:2025-07-16:Bonus 1:1 | tejhq:2025-07-16:Bonus 1:1
ASIANPAINT,2013-07-30,2013-07-29,0.1000000014310145,ASIANPAINT,2,nse_list:2013-07-30:Face Value Split Rs 10 To Re 1 | tejhq:2013-07-30:Face Value Split Rs 10 To Re 1
ASTEC,2025-07-04,2025-07-03,0.9924080652282532,ASTEC,1,nse_list:2025-07-04:Rights 1:7 @ Premium Rs 880/-
ASTERDM,2024-04-23,2024-04-22,0.7701373450930469,ASTERDM,1,nse_list:2024-04-23:Special Dividend - Rs 118 Per Share
ASTRAL,2010-09-15,2010-09-14,0.4999999990465147,ASTRAL,2,nse_list:2010-09-15:Face Value Split From Rs.10/- To Rs.5/- | tejhq:2010-09-15:Face Value Split From Rs.10/- To Rs.5/-
ASTRAL,2013-09-05,2013-09-04,0.4000000009911829,ASTRAL,2,nse_list:2013-09-05:Face Value Split From Rs.5/- To Rs.2/- | tejhq:2013-09-05:Face Value Split From Rs.5/- To Rs.2/-
ASTRAL,2014-09-25,2014-09-24,0.500000011990125,ASTRAL,2,nse_list:2014-09-25:Face Value Split From Rs 2/- Per Share To Re 1/- Per Share | tejhq:2014-09-25:Face Value Split From Rs 2/- Per Share To Re 1/- Per Share
ASTRAL,2019-09-16,2019-09-13,0.7999999522580583,ASTRAL,2,nse_list:2019-09-16: Bonus 1:4 | tejhq:2019-09-16:Bonus 1:4
ASTRAL,2021-03-18,2021-03-17,0.7499999857743491,ASTRAL,2,nse_list:2021-03-18: Bonus 1:3 | tejhq:2021-03-18:Bonus 1:3
ASTRAL,2023-03-14,2023-03-13,0.7500000393030175,ASTRAL,2,nse_list:2023-03-14:Bonus 1:3 | tejhq:2023-03-14:Bonus 1:3
ASTRAMICRO,2010-12-30,2010-12-29,0.6666666926544443,ASTRAMICRO,2,nse_list:2010-12-30:Bonus 1:2 | tejhq:2010-12-30:Bonus 1:2
AUBANK,2022-06-09,2022-06-08,0.5000000005021222,AUBANK,2,nse_list:2022-06-09:Bonus 1:1 | tejhq:2022-06-09:Bonus 1:1
AURIONPRO,2018-08-14,2018-08-13,0.9199438202247192,AURIONPRO,2,nse_list:2018-08-14: Scheme Of Demerger | tejhq:2018-08-14:Scheme Of Demerger
AURIONPRO,2024-06-27,2024-06-26,0.4999999825969712,AURIONPRO,2,nse_list:2024-06-27:Bonus 1:1 | tejhq:2024-06-27:Bonus 1:1
AUROPHARMA,2011-02-10,2011-02-09,0.2000000016658824,AUROPHARMA,2,nse_list:2011-02-10:Face Value Split From Rs.5/- To Re.1/- | tejhq:2011-02-10:Face Value Split From Rs.5/- To Re.1/-
AUROPHARMA,2015-07-20,2015-07-17,0.4999999918083988,AUROPHARMA,2,nse_list:2015-07-20:Bonus 1:1 | tejhq:2015-07-20:Bonus 1:1
AVANTIFEED,2015-11-26,2015-11-24,0.1999999918581822,AVANTIFEED,2,nse_list:2015-11-26: Face Value Split (Sub-Division) - From Rs 10/- Per Share To Rs 2/- Pe | tejhq:2015-11-26:Face Value Split (Sub-Division) - From Rs 10/- Per Share To Rs 2/- Per
AVANTIFEED,2018-06-26,2018-06-25,0.3333333219036829,AVANTIFEED,2,nse_list:2018-06-26: Bonus 1:2/Face Value Split (Sub-Division) From Rs 2/- Per Share To Re | tejhq:2018-06-26:Bonus 1:2/Face Value Split (Sub-Division) From Rs 2/- Per Share To Re 
AXISBANK,2014-07-28,2014-07-25,0.1999999938386907,AXISBANK,2,nse_list:2014-07-28:Face Value Split From Rs 10/- To Rs 2/- Per Share | tejhq:2014-07-28:Face Value Split From Rs 10/- To Rs 2/- Per Share
BAJAJ-AUTO,2010-09-08,2010-09-07,0.4999999919544916,BAJAJ-AUTO,2,nse_list:2010-09-08:Bonus 1:1 | tejhq:2010-09-08:Bonus 1:1
BAJAJCON,2011-05-05,2011-05-04,0.2000000117370355,BAJAJCORP,2,nse_list:2011-05-05:Face Value Split From Rs.5/- To Re.1/- | tejhq:2011-05-05:Face Value Split From Rs.5/- To Re.1/-
BAJAJELEC,2010-01-28,2010-01-27,0.2000000000665561,BAJAJELEC,2,nse_list:2010-01-28:Fv Split Rs.10 To Rs.2 | tejhq:2010-01-28:Fv Split Rs.10 To Rs.2
BAJAJELEC,2020-02-05,2020-02-04,0.9757136610747136,BAJAJELEC,1,nse_list:2020-02-05: Rights 13:118 @ Premium Rs 308/-
BAJAJELEC,2023-09-14,2023-09-13,0.9310523811583544,BAJAJELEC,2,nse_list:2023-09-14:Demerger | tejhq:2023-09-14:Demerger
BAJAJFINSV,2012-09-06,2012-09-05,0.9820123478968494,BAJAJFINSV,1,nse_list:2012-09-06:Rights 1:10 @ Premium Rs.645/- Per Share
BAJAJFINSV,2022-09-13,2022-09-12,0.1000000031340168,BAJAJFINSV,4,nse_list:2022-09-13:Bonus 1:1 | nse_list:2022-09-13:Face Value Split (Sub-Division) - From Rs 5/- Per Share To Re 1/- Per  | tejhq:2022-09-13:Bonus 1:1 | tejhq:2022-09-13:Face Value Split (Sub-Division) - From Rs 5/- Per Share To Re 1/- Per 
BAJAJHIND,2011-09-21,2011-09-20,0.8445154445956911,BAJAJHIND,1,nse_list:2011-09-21:Rights 2:1 @ Premium Rs.35/- Per Share
BAJFINANCE,2013-01-23,2013-01-22,0.9707017333598056,BAJFINANCE,1,nse_list:2013-01-23:Rights 3:19 @ Premium Rs 1090 Per Share
BAJFINANCE,2016-09-08,2016-09-07,0.0999999998712321,BAJFINANCE,2,nse_list:2016-09-08: Bonus 1:1/Face Value Split (Sub-Division) - From Rs 10/- Per Share To | tejhq:2016-09-08:Bonus 1:1/Face Value Split (Sub-Division) - From Rs 10/- Per Share To 
BAJFINANCE,2025-06-16,2025-06-13,0.0999999973835534,BAJFINANCE,6,bc:2025-06-16:BONUS 4:1 | bc:2025-06-16:FV SPLT FRM RS 2 TO RE 1 | nse_list:2025-06-16:Bonus 4:1 | nse_list:2025-06-16:Face Value Split (Sub-Division) - From Rs 2/- Per Share To Re 1/- Per  | tejhq:2025-06-16:Bonus 4:1 | tejhq:2025-06-16:Face Value Split (Sub-Division) - From Rs 2/- Per Share To Re 1/- Per 
BALAMINES,2010-11-18,2010-11-16,0.1999999972319809,BALAMINES,2,nse_list:2010-11-18:Face Value Split From Rs.10/- To Rs.2/- | tejhq:2010-11-18:Face Value Split From Rs.10/- To Rs.2/-
BALKRISIND,2010-12-20,2010-12-16,0.1999999847576788,BALKRISIND,2,nse_list:2010-12-20:Face Value Split From Rs.10/- To Rs.2/- | tejhq:2010-12-20:Face Value Split From Rs.10/- To Rs.2/-
BALKRISIND,2017-12-21,2017-12-20,0.5000000100730548,BALKRISIND,2,nse_list:2017-12-21: Bonus 1:1 | tejhq:2017-12-21:Bonus 1:1
BALMLAWRIE,2013-05-23,2013-05-22,0.5714285459800257,BALMLAWRIE,2,nse_list:2013-05-23:Bonus 3:4 | tejhq:2013-05-23:Bonus 3:4
BALMLAWRIE,2016-12-26,2016-12-23,0.2500000171144759,BALMLAWRIE,2,nse_list:2016-12-26: Bonus 3:1 | tejhq:2016-12-26:Bonus 3:1
BALMLAWRIE,2019-12-26,2019-12-24,0.6666666824191283,BALMLAWRIE,2,nse_list:2019-12-26: Bonus 1:2 | tejhq:2019-12-26:Bonus 1:2
BANCOINDIA,2020-03-18,2020-03-17,0.8028585038310477,BANCOINDIA,1,nse_list:2020-03-18: Interim Dividend - Rs 20 Per Share
BANCOINDIA,2024-12-30,2024-12-27,0.5000000012356951,BANCOINDIA,3,bc:2024-12-30:BONUS 1:1 | nse_list:2024-12-30:Bonus 1:1 | tejhq:2024-12-30:Bonus 1:1
BANKBARODA,2015-01-22,2015-01-21,0.1999999961702001,BANKBARODA,2,nse_list:2015-01-22:Face Value Split (Sub-Division) - From Rs 10/- Per Share To Rs 2/- Per | tejhq:2015-01-22:Face Value Split (Sub-Division) - From Rs 10/- Per Share To Rs 2/- Per
BATAINDIA,2015-10-07,2015-10-06,0.4999999777841917,BATAINDIA,2,nse_list:2015-10-07: Face Value Split (Sub-Division) - From Rs 10/- Per Share To Rs 5/- Pe | tejhq:2015-10-07:Face Value Split (Sub-Division) - From Rs 10/- Per Share To Rs 5/- Per
BBL,2024-04-24,2024-04-23,0.5000000290762256,BBL,2,nse_list:2024-04-24:Face Value Split (Sub-Division) - From Rs 10/- Per Share To Rs 5/- Per | tejhq:2024-04-24:Face Value Split (Sub-Division) - From Rs 10/- Per Share To Rs 5/- Per
BBOX,2012-12-19,2012-12-18,0.4999999741253956,AGCNET,2,nse_list:2012-12-19:Bonus 1:1 | tejhq:2012-12-19:Bonus 1:1
BBOX,2022-05-13,2022-05-12,0.2000000017536318,BBOX,2,nse_list:2022-05-13:Face Value Split (Sub-Division) - From Rs 10/- Per Share To Rs 2/- Per | tejhq:2022-05-13:Face Value Split (Sub-Division) - From Rs 10/- Per Share To Rs 2/- Per
BBTC,2012-11-08,2012-11-07,0.1999999980661249,BBTC,2,nse_list:2012-11-08:Face Value Split From Rs 10 To Rs 2 | tejhq:2012-11-08:Face Value Split From Rs 10 To Rs 2
BCG,2021-08-18,2021-08-17,0.8000000696784401,BCG,2,nse_list:2021-08-18: Bonus 1:4 | tejhq:2021-08-18:Bonus 1:4
BCG,2022-03-15,2022-03-14,0.5999999550838176,BCG,2,nse_list:2022-03-15:Bonus 2:3 | tejhq:2022-03-15:Bonus 2:3
BDL,2024-05-24,2024-05-23,0.4999999926568601,BDL,2,nse_list:2024-05-24:Face Value Split (Sub-Division) - From Rs 10/- Per Share To Rs 5/- Per | tejhq:2024-05-24:Face Value Split (Sub-Division) - From Rs 10/- Per Share To Rs 5/- Per
BECTORFOOD,2025-12-12,2025-12-11,0.1999999891345228,BECTORFOOD,3,bc:2025-12-12:FV SPLT FRM RS 10 TO RS 2 | nse_list:2025-12-12:Face Value Split (Sub-Division) - From Rs 10/- Per Share To Rs 2/- Per | tejhq:2025-12-12:Face Value Split (Sub-Division) - From Rs 10/- Per Share To Rs 2/- Per
BEL,2015-09-14,2015-09-11,0.3333333332100653,BEL,2,nse_list:2015-09-14: Bonus 2:1 | tejhq:2015-09-14:Bonus 2:1
BEL,2017-03-16,2017-03-15,0.0999999965963204,BEL,2,nse_list:2017-03-16: Face Value Split From Rs 10/- Per Share To Re 1/- Per Share | tejhq:2017-03-16:Face Value Split From Rs 10/- Per Share To Re 1/- Per Share
BEL,2017-09-28,2017-09-27,0.9090908956833204,BEL,2,nse_list:2017-09-28: Bonus 1:10 | tejhq:2017-09-28:Bonus 1:10
BEL,2022-09-15,2022-09-14,0.3333333394256473,BEL,2,nse_list:2022-09-15:Bonus 2:1 | tejhq:2022-09-15:Bonus 2:1
BEML,2022-09-08,2022-09-07,0.8359117974931347,BEML,2,nse_list:2022-09-08:Demerger | tejhq:2022-09-08:Demerger
BEML,2025-11-03,2025-10-31,0.4999999778043889,BEML,3,bc:2025-11-03:FVSPLT FRM RS 10 TO RS 5 | nse_list:2025-11-03:Face Value Split (Sub-Division) - From Rs 10/- Per Share To Rs 5/- Per | tejhq:2025-11-03:Face Value Split (Sub-Division) - From Rs 10/- Per Share To Rs 5/- Per
BEPL,2023-07-05,2023-07-04,0.6666667044690622,BEPL,2,nse_list:2023-07-05:Bonus 1:2 | tejhq:2023-07-05:Bonus 1:2
BERGEPAINT,2015-01-08,2015-01-07,0.4999999872790424,BERGEPAINT,2,nse_list:2015-01-08:Face Value Split (Sub-Division) - From Rs 2/- Per Share To Re 1/- Per  | tejhq:2015-01-08:Face Value Split (Sub-Division) - From Rs 2/- Per Share To Re 1/- Per 
BERGEPAINT,2016-07-15,2016-07-14,0.7142857334912385,BERGEPAINT,2,nse_list:2016-07-15: Bonus 2:5 | tejhq:2016-07-15:Bonus 2:5
BERGEPAINT,2023-09-22,2023-09-21,0.8333333215223929,BERGEPAINT,2,nse_list:2023-09-22:Bonus 1:5 | tejhq:2023-09-22:Bonus 1:5
BESTAGRO,2026-01-16,2026-01-14,0.0666666676415248,BESTAGRO,4,nse_list:2026-01-16:Bonus 1:2 | nse_list:2026-01-16:Face Value Split (Sub-Division) - From Rs 10/- Per Share To Re 1/- Per | tejhq:2026-01-16:Bonus 1:2 | tejhq:2026-01-16:Face Value Split (Sub-Division) - From Rs 10/- Per Share To Re 1/- Per
BHARATFORG,2017-09-28,2017-09-27,0.4999999796260857,BHARATFORG,2,nse_list:2017-09-28: Bonus 1:1 | tejhq:2017-09-28:Bonus 1:1
BHARATRAS,2025-12-12,2025-12-11,0.25,BHARATRAS,4,nse_list:2025-12-12:Bonus 1:1 | nse_list:2025-12-12:Face Value Split (Sub-Division) - From Rs 10/- Per Share To Rs 5/- Per | tejhq:2025-12-12:Bonus 1:1 | tejhq:2025-12-12:Face Value Split (Sub-Division) - From Rs 10/- Per Share To Rs 5/- Per
BHARTIARTL,2009-07-24,2009-07-23,0.5000000133894585,BHARTIARTL,2,"notes:2009-07-24:notes.json x0.5: Face value split Rs 10 to Rs 5 (2:1), ex 24 Jul 2009, | nse_list:2009-07-24:Agm/Div-Rs.2/Fv Rs10tors5"
BHARTIARTL,2019-04-23,2019-04-22,0.9181786127316874,BHARTIARTL,1,nse_list:2019-04-23: Rights 19:67 @ Premium Rs 215 Per Share
BHARTIARTL,2021-09-27,2021-09-24,0.9815706352328576,BHARTIARTL,1,nse_list:2021-09-27: Rights 1:14 @ Premium Rs 530/-
BHEL,2011-10-03,2011-09-30,0.1999999993489493,BHEL,2,nse_list:2011-10-03:Face Value Split From Rs.10/- To Rs.2/- | tejhq:2011-10-03:Face Value Split From Rs.10/- To Rs.2/-
BHEL,2017-09-28,2017-09-27,0.6666666421174038,BHEL,2,nse_list:2017-09-28: Bonus 1:2   | tejhq:2017-09-28:Bonus 1:2
BIOCON,2008-09-11,2008-09-10,0.499999980835478,BIOCON,1,nse_list:2008-09-11:Bonus 1:1
BIOCON,2017-06-15,2017-06-14,0.3333333351588979,BIOCON,2,nse_list:2017-06-15: Bonus 2:1 | tejhq:2017-06-15:Bonus 2:1
BIOCON,2019-06-12,2019-06-11,0.4999999891054354,BIOCON,2,nse_list:2019-06-12: Bonus 1:1 | tejhq:2019-06-12:Bonus 1:1
BLKASHYAP,2010-09-29,2010-09-28,0.1000000012953786,BLKASHYAP,2,nse_list:2010-09-29:Bonus 1:1 / Face Value Split From Rs. 5/- To Re. 1/- | tejhq:2010-09-29:Bonus 1:1 / Face Value Split From Rs. 5/- To Re. 1/-
BLS,2017-04-26,2017-04-25,0.100000002127012,BLS,2,nse_list:2017-04-26: Face Value Split From Rs 10/- Per Share To Re 1/- Per Share | tejhq:2017-04-26:Face Value Split From Rs 10/- Per Share To Re 1/- Per Share
BLS,2022-05-13,2022-05-12,0.4999999907128492,BLS,2,nse_list:2022-05-13:Bonus 1:1 | tejhq:2022-05-13:Bonus 1:1
BLS,2022-12-08,2022-12-07,0.5000000075418934,BLS,2,nse_list:2022-12-08:Bonus 1:1 | tejhq:2022-12-08:Bonus 1:1
BLUESTARCO,2023-06-20,2023-06-19,0.4999999762688647,BLUESTARCO,2,nse_list:2023-06-20:Bonus 1:1 | tejhq:2023-06-20:Bonus 1:1
BOMDYEING,2012-10-30,2012-10-29,0.2000000055385805,BOMDYEING,2,nse_list:2012-10-30:Face Value Split From Rs.10/- To Rs.2/- | tejhq:2012-10-30:Face Value Split From Rs.10/- To Rs.2/-
BOROLTD,2023-12-05,2023-12-04,0.8433396925148693,BOROLTD,2,nse_list:2023-12-05:Demerger | tejhq:2023-12-05:Demerger
BORORENEW,2018-08-02,2018-08-01,0.2499999947239851,BOROSIL,2,nse_list:2018-08-02: Bonus 3:1 | tejhq:2018-08-02:Bonus 3:1
BORORENEW,2020-03-06,2020-03-05,0.2640360169491524,BORORENEW,2,nse_list:2020-03-06: Demerger | tejhq:2020-03-06:Demerger
BPCL,2012-07-13,2012-07-12,0.4999999902884591,BPCL,2,nse_list:2012-07-13:Annual General Meeting/ Dividend Rs 11/- Per Share/ Bonus 1:1 | tejhq:2012-07-13:Annual General Meeting/ Dividend Rs 11/- Per Share/ Bonus 1:1
BPCL,2016-07-13,2016-07-12,0.4999999920506827,BPCL,2,nse_list:2016-07-13: Bonus 1:1 | tejhq:2016-07-13:Bonus 1:1
BPCL,2017-07-13,2017-07-12,0.6666666461300446,BPCL,2,nse_list:2017-07-13: Bonus 1:2 | tejhq:2017-07-13:Bonus 1:2
BPCL,2021-09-16,2021-09-15,0.8816206229547094,BPCL,1,nse_list:2021-09-16: Annual General Meeting/Dividend - Rs 23 Per Share/Special Dividend - 
BPCL,2024-06-21,2024-06-20,0.499999990078811,BPCL,2,nse_list:2024-06-21:Bonus 1:1 | tejhq:2024-06-21:Bonus 1:1
BRIGADE,2019-08-28,2019-08-27,0.666666667775001,BRIGADE,2,nse_list:2019-08-28: Bonus 1:2 | tejhq:2019-08-28:Bonus 1:2
BRIGADE,2026-06-17,2026-06-16,0.7500000323593667,BRIGADE,3,bc:2026-06-17:BONUS 1:3 | nse_list:2026-06-17:Bonus 1:3 | tejhq:2026-06-17:Bonus 1:3
BRITANNIA,2010-09-08,2010-09-07,0.19999999712539,BRITANNIA,2,nse_list:2010-09-08:Face Value Split From Rs.10/- To Rs.2/- | tejhq:2010-09-08:Face Value Split From Rs.10/- To Rs.2/-
BRITANNIA,2018-11-29,2018-11-28,0.4999999838975964,BRITANNIA,2,nse_list:2018-11-29: Face Value Split (Sub-Division) - From Rs 2/- Per Share To Re 1/- Per | tejhq:2018-11-29:Face Value Split (Sub-Division) - From Rs 2/- Per Share To Re 1/- Per 
BSE,2022-03-21,2022-03-17,0.3333333636305948,BSE,2,nse_list:2022-03-21:Bonus 2:1 | tejhq:2022-03-21:Bonus 2:1
BSE,2025-05-23,2025-05-22,0.3333333449648931,BSE,3,bc:2025-05-23:BONUS 2:1 | nse_list:2025-05-23:Bonus 2:1 | tejhq:2025-05-23:Bonus 2:1
BSOFT,2012-03-13,2012-03-12,0.5000000111972887,KPIT,2,nse_list:2012-03-13:Bonus 1:1 | tejhq:2012-03-13:Bonus 1:1
BSOFT,2019-01-24,2019-01-23,0.5951996307408262,KPIT,1,nse_list:2019-01-24: Composite Scheme Of Arrangement
CAMLINFINE,2025-01-08,2025-01-07,0.9770449514413708,CAMLINFINE,1,nse_list:2025-01-08:Rights 5:41 @ Premium Rs 109/-
CAMS,2025-12-05,2025-12-04,0.2000000036399812,CAMS,3,bc:2025-12-05:FV SPLT FRM RS 10 TO RS 2 | nse_list:2025-12-05:Face Value Split (Sub-Division) - From Rs 10/- Per Share To Rs 2/- Per | tejhq:2025-12-05:Face Value Split (Sub-Division) - From Rs 10/- Per Share To Rs 2/- Per
CANBK,2017-02-17,2017-02-16,0.9701984899980068,CANBK,1,nse_list:2017-02-17: Rights 1:10 @ Prem Rs 197/- Per Share
CANBK,2024-05-15,2024-05-14,0.1999999956907488,CANBK,2,nse_list:2024-05-15:Face Value Split (Sub-Division) - From Rs 10/- Per Share To Rs 2/- Per | tejhq:2024-05-15:Face Value Split (Sub-Division) - From Rs 10/- Per Share To Rs 2/- Per
CANFINHOME,2015-01-23,2015-01-22,0.9158878636672886,CANFINHOME,1,nse_list:2015-01-23:Rights 3:10 @ Premium Rs 440/- Per Share
CANFINHOME,2017-10-12,2017-10-11,0.2000000014342651,CANFINHOME,2,nse_list:2017-10-12: Face Value Split (Sub-Division) - From Rs 10/- Per Share To Rs 2/- Pe | tejhq:2017-10-12:Face Value Split (Sub-Division) - From Rs 10/- Per Share To Rs 2/- Per
CAPLIPOINT,2016-10-19,2016-10-18,0.2000000041676447,CAPLIPOINT,2,nse_list:2016-10-19: Fv Splt Frm Rs 10 To Rs 2 | tejhq:2016-10-19:Fv Splt Frm Rs 10 To Rs 2
CARBORUNIV,2011-10-05,2011-10-04,0.5,CARBORUNIV,2,nse_list:2011-10-05:Face Value Split From Rs.2/- To Re.1/- | tejhq:2011-10-05:Face Value Split From Rs.2/- To Re.1/-
CASTEXTECH,2011-11-21,2011-11-18,0.4999999662937721,AMTEKINDIA,2,nse_list:2011-11-21:Bonus 1:1 | tejhq:2011-11-21:Bonus 1:1
CASTROL,2010-04-09,2010-04-08,0.5000000167540923,CASTROL,2,nse_list:2010-04-09:Bonus 1:1 | tejhq:2010-04-09:Bonus 1:1
CASTROL,2012-09-04,2012-09-03,0.4999999896163396,CASTROL,2,nse_list:2012-09-04:Bonus 1:1 | tejhq:2012-09-04:Bonus 1:1
CASTROLIND,2010-04-09,2010-04-08,0.5000000167540923,CASTROL,2,nse_list:2010-04-09:Bonus 1:1 | tejhq:2010-04-09:Bonus 1:1
CASTROLIND,2012-09-04,2012-09-03,0.4999999896163396,CASTROL,2,nse_list:2012-09-04:Bonus 1:1 | tejhq:2012-09-04:Bonus 1:1
CASTROLIND,2017-12-21,2017-12-20,0.5000000072816936,CASTROLIND,2,nse_list:2017-12-21: Bonus 1:1 | tejhq:2017-12-21:Bonus 1:1
CCAVENUE,2017-08-31,2017-08-30,0.1000000002000721,INFIBEAM,2,nse_list:2017-08-31: Annual General Meeting/Face Value Split (Sub-Division) - From Rs 10/- | tejhq:2017-08-31:Annual General Meeting/Face Value Split (Sub-Division) - From Rs 10/- 
CCAVENUE,2020-12-10,2020-12-09,0.9707371975239169,INFIBEAM,2,nse_list:2020-12-10: Demerger | tejhq:2020-12-10:Demerger
CCAVENUE,2021-03-18,2021-03-17,0.5000000020296276,INFIBEAM,2,nse_list:2021-03-18: Bonus 1:1 | tejhq:2021-03-18:Bonus 1:1
CCAVENUE,2022-03-14,2022-03-11,0.5000000472265501,INFIBEAM,2,nse_list:2022-03-14:Bonus 1:1 | tejhq:2022-03-14:Bonus 1:1
CCAVENUE,2024-09-11,2024-09-10,0.9625369700953008,INFIBEAM,2,nse_list:2024-09-11:Demerger | tejhq:2024-09-11:Demerger
CCAVENUE,2025-06-26,2025-06-25,0.8940232591844726,INFIBEAM,2,"notes:2025-06-26:notes.json x0.8933: Rights issue ex-date: NSE's close fell, while NSE  | nse_list:2025-06-26:Rights 67:267 @ Premium Rs 9/-"
CCL,2013-08-19,2013-08-16,0.0999999948272915,CCL,2,nse_list:2013-08-19:Bonus 1:1 And Face Value Split From Rs.10/- To Rs.2/- | tejhq:2013-08-19:Bonus 1:1 And Face Value Split From Rs.10/- To Rs.2/-
CDSL,2024-08-23,2024-08-22,0.5000000168483231,CDSL,2,nse_list:2024-08-23:Bonus 1:1 | tejhq:2024-08-23:Bonus 1:1
CEMPRO,2015-08-21,2015-08-20,0.0999999973656638,ITDCEM,2,nse_list:2015-08-21: Face Value Split (Sub-Division) - From Rs 10/- Per Share To Re 1/- Pe | tejhq:2015-08-21:Face Value Split (Sub-Division) - From Rs 10/- Per Share To Re 1/- Per
CENTRALBK,2011-03-17,2011-03-16,0.8506133540247838,CENTRALBK,1,nse_list:2011-03-17:Rights Issue - 3:5 @ Premium Rs.93/-
CENTURYPLY,2008-04-24,2008-04-23,0.0999999949167478,CENTURYPLY,1,nse_list:2008-04-24:Fv Split Rs.10/- To Re.1/
CERA,2010-09-02,2010-09-01,0.4999999736870461,CERA,2,nse_list:2010-09-02:Bonus 1:1 | tejhq:2010-09-02:Bonus 1:1
CESC,2018-10-30,2018-10-29,0.8259837962962963,CESC,1,nse_list:2018-10-30: Composite Scheme Of Arrangement
CESC,2021-09-17,2021-09-16,0.1000000053858407,CESC,2,nse_list:2021-09-17: Face Value Split (Sub-Division) - From Rs 10/- Per Share To Re 1/- Pe | tejhq:2021-09-17:Face Value Split (Sub-Division) - From Rs 10/- Per Share To Re 1/- Per
CGCL,2016-11-23,2016-11-22,0.2000000039522666,CGCL,2,nse_list:2016-11-23: Fv Splt Frm Rs 10 To Rs 2 | tejhq:2016-11-23:Fv Splt Frm Rs 10 To Rs 2
CGCL,2023-02-17,2023-02-16,0.9457248575788026,CGCL,1,nse_list:2023-02-17:Rights 11:64 @ Premium Rs 473/-
CGCL,2024-03-05,2024-03-04,0.2500000063304627,CGCL,4,nse_list:2024-03-05:Bonus 1:1 | nse_list:2024-03-05:Face Value Split (Sub-Division) - From Rs 2/- Per Share To Re 1/- Per  | tejhq:2024-03-05:Bonus 1:1 | tejhq:2024-03-05:Face Value Split (Sub-Division) - From Rs 2/- Per Share To Re 1/- Per 
CGPOWER,2010-03-08,2010-03-05,0.5714285522981697,CROMPGREAV,2,nse_list:2010-03-08:Bonus 3:4 | tejhq:2010-03-08:Bonus 3:4
CGPOWER,2016-03-15,2016-03-14,0.283322601416613,CROMPGREAV,1,nse_list:2016-03-15: Scheme Of Arrangement
CHOICEIN,2022-09-22,2022-09-21,0.4999999992958216,CHOICEIN,2,nse_list:2022-09-22:Bonus 1:1 | tejhq:2022-09-22:Bonus 1:1
CHOICEIN,2024-02-20,2024-02-19,0.4999999994010494,CHOICEIN,2,nse_list:2024-02-20:Bonus 1:1 | tejhq:2024-02-20:Bonus 1:1
CHOLAFIN,2019-06-14,2019-06-13,0.1999999891723197,CHOLAFIN,2,nse_list:2019-06-14: Face Value Split (Sub-Division) - From Rs 10/- Per Share To Rs 2/- Pe | tejhq:2019-06-14:Face Value Split (Sub-Division) - From Rs 10/- Per Share To Rs 2/- Per
CLNINDIA,2015-01-19,2015-01-16,0.87768651090334,CLNINDIA,1,nse_list:2015-01-19:Second Interim Dividend - Rs 140/- Per Share (Purpose Revised)
CLNINDIA,2020-07-16,2020-07-15,0.7514645414792599,CLNINDIA,1,nse_list:2020-07-16: Special Dividend - Rs 140 Per Share
CLNINDIA,2021-02-18,2021-02-17,0.8895637636875238,CLNINDIA,1,nse_list:2021-02-18: Interim Dividend - Rs 50 Per Share
CMC,2011-06-08,2011-06-07,0.4999999997108318,CMC,2,nse_list:2011-06-08:Dividend Rs.20/- Per Share And Bonus 1:1 | tejhq:2011-06-08:Dividend Rs.20/- Per Share And Bonus 1:1
COCHINSHIP,2024-01-10,2024-01-09,0.5000000076027848,COCHINSHIP,2,nse_list:2024-01-10:Face Value Split (Sub-Division) - From Rs 10/- Per Share To Rs 5/- Per | tejhq:2024-01-10:Face Value Split (Sub-Division) - From Rs 10/- Per Share To Rs 5/- Per
COFORGE,2025-06-04,2025-06-03,0.2000000057451612,COFORGE,3,bc:2025-06-04:FVSPLT FRM RS 10 TO RS 2 | nse_list:2025-06-04:Face Value Split (Sub-Division) - From Rs 10/- Per Share To Rs 2/- Per | tejhq:2025-06-04:Face Value Split (Sub-Division) - From Rs 10/- Per Share To Rs 2/- Per
COHANCE,2020-09-25,2020-09-24,0.4999999923555102,SUVENPHAR,2,nse_list:2020-09-25: Bonus 1:1 | tejhq:2020-09-25:Bonus 1:1
COLPAL,2015-09-23,2015-09-22,0.5000000128285591,COLPAL,2,nse_list:2015-09-23: Bonus 1:1 | tejhq:2015-09-23:Bonus 1:1
CONCOR,2008-04-16,2008-04-15,0.5000000036697128,CONCOR,1,nse_list:2008-04-16:Bonus - 1:1
CONCOR,2013-09-06,2013-09-05,0.6666666526393157,CONCOR,2,nse_list:2013-09-06:Bonus 1:2 | tejhq:2013-09-06:Bonus 1:2
CONCOR,2017-04-05,2017-04-03,0.8000000163293861,CONCOR,2,nse_list:2017-04-05: Bonus 1:4 | tejhq:2017-04-05:Bonus 1:4
CONCOR,2018-06-26,2018-06-25,0.5000000223438398,CONCOR,2,nse_list:2018-06-26: Face Value Split (Sub-Division) - From Rs 10/- Per Share To Rs 5/- Pe | tejhq:2018-06-26:Face Value Split (Sub-Division) - From Rs 10/- Per Share To Rs 5/- Per
CONCOR,2019-02-04,2019-02-01,0.7999999776122241,CONCOR,2,nse_list:2019-02-04: Bonus 1:4 | tejhq:2019-02-04:Bonus 1:4
CONCOR,2025-07-04,2025-07-03,0.7999999838086979,CONCOR,3,bc:2025-07-04:BONUS 1:4 | nse_list:2025-07-04:Bonus 1:4 | tejhq:2025-07-04:Bonus 1:4
COROMANDEL,2010-12-23,2010-12-22,0.4999999702081721,COROMANDEL,2,nse_list:2010-12-23:Face Value Split From Rs.2/- To Re.1/- | tejhq:2010-12-23:Face Value Split From Rs.2/- To Re.1/-
CORPBANK,2015-01-22,2015-01-21,0.1999999870703493,CORPBANK,2,nse_list:2015-01-22:Face Valus Split (Sub-Division) - From Rs 10/- Per To Rs 2/- Per Share | tejhq:2015-01-22:Face Valus Split (Sub-Division) - From Rs 10/- Per To Rs 2/- Per Share
COSMOFIRST,2022-06-16,2022-06-15,0.6666666979426883,COSMOFILMS,2,nse_list:2022-06-16:Bonus 1:2 | tejhq:2022-06-16:Bonus 1:2
COX&KINGS,2011-06-21,2011-06-20,0.5000000133788314,COX&KINGS,2,nse_list:2011-06-21:Face Value Split From Rs.10/- To Rs.5/- | tejhq:2011-06-21:Face Value Split From Rs.10/- To Rs.5/-
COX&KINGS,2018-10-25,2018-10-24,0.9206914082358924,COX&KINGS,2,nse_list:2018-10-25: Scheme Of Demerger | tejhq:2018-10-25:Scheme Of Demerger
CRISIL,2011-09-28,2011-09-27,0.0999999947333483,CRISIL,2,nse_list:2011-09-28:Face Value Split From Rs.10/- To Re.1/- | tejhq:2011-09-28:Face Value Split From Rs.10/- To Re.1/-
CUB,2008-01-23,2008-01-22,0.1000000052635489,CUB,1,nse_list:2008-01-23:Fv Split Rs.10/- To Re.1/
CUB,2009-11-12,2009-11-11,0.8400000128195804,CUB,1,nse_list:2009-11-12:Rights 1:4 Prem@Rs.5/-
CUB,2012-11-22,2012-11-21,0.8654128859097701,CUB,1,nse_list:2012-11-22:Rights 1:4 @ Premium Rs.19/- Per Share
CUB,2017-07-13,2017-07-12,0.9090909062843678,CUB,2,nse_list:2017-07-13: Bonus 1:10 | tejhq:2017-07-13:Bonus 1:10
CUB,2018-07-10,2018-07-09,0.9090908664622692,CUB,2,nse_list:2018-07-10: Bonus 1:10 | tejhq:2018-07-10:Bonus 1:10
CUB,2026-06-12,2026-06-11,0.7500000351152215,CUB,3,bc:2026-06-12:BONUS 1:3 | nse_list:2026-06-12:Bonus 1:3 | tejhq:2026-06-12:Bonus 1:3
CUMMINSIND,2011-09-20,2011-09-19,0.7142857082075971,CUMMINSIND,2,nse_list:2011-09-20:Bonus 2:5 | tejhq:2011-09-20:Bonus 2:5
CUPID,2018-10-11,2018-10-10,0.8333333414053757,CUPID,2,nse_list:2018-10-11: Bonus 1:5 | tejhq:2018-10-11:Bonus 1:5
CUPID,2024-04-04,2024-04-03,0.0500000004293133,CUPID,4,nse_list:2024-04-04:Bonus 1:1 | nse_list:2024-04-04:Face Value Split (Sub-Division) - From Rs 10/- Per Share To Re 1/- Per | tejhq:2024-04-04:Bonus 1:1 | tejhq:2024-04-04:Face Value Split (Sub-Division) - From Rs 10/- Per Share To Re 1/- Per
CUPID,2026-03-09,2026-03-06,0.2000000094017434,CUPID,3,bc:2026-03-09:BONUS 4:1 | nse_list:2026-03-09:Bonus 4:1 | tejhq:2026-03-09:Bonus 4:1
CYIENT,2010-06-10,2010-06-09,0.4999999676034007,INFOTECENT,2,nse_list:2010-06-10:Bonus 1:1 | tejhq:2010-06-10:Bonus 1:1
DABUR,2010-09-08,2010-09-07,0.4999999787612286,DABUR,2,nse_list:2010-09-08:Bonus 1:1 | tejhq:2010-09-08:Bonus 1:1
DALMIASUG,2010-09-24,2010-09-23,0.2906015037593984,DALMIACEM,1,nse_list:2010-09-24:Scheme Of Arrangement
DBREALTY,2025-07-18,2025-07-17,0.8478344030263101,DBREALTY,3,bc:2025-07-18:DEMERGER | nse_list:2025-07-18:Demerger | tejhq:2025-07-18:Demerger
DEEPAKFERT,2020-09-16,2020-09-15,0.9696103352301396,DEEPAKFERT,2,nse_list:2020-09-16: Annual General Meeting/Dividend - Rs  3 Per Share | nse_list:2020-09-16: Rights 3:20 @ Premium Rs 123/-
DEEPAKNTR,2014-06-20,2014-06-19,0.0999999983134801,DEEPAKNTR,2,nse_list:2014-06-20:Bonus 1 : 1 / Face Value Split From Rs 10/- Each To Rs 2/- Each | tejhq:2014-06-20:Bonus 1 : 1 / Face Value Split From Rs 10/- Each To Rs 2/- Each
DELTACORP,2008-01-15,2008-01-14,0.0999999963905881,ARROWGROUP,1,nse_list:2008-01-15:Fv Split Rs.10/- To Re.1/
DFMFOODS,2018-11-01,2018-10-31,0.2000000004539826,DFMFOODS,2,nse_list:2018-11-01: Face Value Split (Sub-Division) - From Rs 10/- Per Share To Rs 2/- Pe | tejhq:2018-11-01:Face Value Split (Sub-Division) - From Rs 10/- Per Share To Rs 2/- Per
DHAMPURSUG,2022-05-13,2022-05-12,0.8413381454747364,DHAMPURSUG,2,nse_list:2022-05-13:Demerger | tejhq:2022-05-13:Demerger
DHANBANK,2008-01-23,2008-01-22,0.7196245531226441,DHANBANK,1,nse_list:2008-01-23:Rights-Eq 1:1@Prem Rs 52
DHANBANK,2024-12-27,2024-12-26,0.8115404776279708,DHANBANK,2,notes:2024-12-27:notes.json x0.811: Rights issue ex-date: NSE's close fell x0.727 while | nse_list:2024-12-27:Rights 14:25 @ Premium Rs 11/-
DHANI,2018-02-09,2018-02-08,0.9989868499991954,IBVENTURES,1,nse_list:2018-02-09: Rights 3:16 @ Premium Rs 238/-
DHFL,2015-09-09,2015-09-08,0.4999999996041322,DHFL,2,nse_list:2015-09-09: Bonus 1:1 | tejhq:2015-09-09:Bonus 1:1
DIACABS,2024-12-03,2024-12-02,0.099999993926757,DIACABS,3,bc:2024-12-03:FVSPLT FRM RS10 TO RE 1 | nse_list:2024-12-03:Face Value Split (Sub-Division) - From Rs 10/- Per Share To Re 1/- Per | tejhq:2024-12-03:Face Value Split (Sub-Division) - From Rs 10/- Per Share To Re 1/- Per
DISHMAN,2016-05-02,2016-04-29,0.5000000360089556,DISHMAN,2,nse_list:2016-05-02: Bonus 1:1 | tejhq:2016-05-02:Bonus 1:1
DIVISLAB,2009-07-30,2009-07-29,0.4999999997944642,DIVISLAB,1,nse_list:2009-07-30:Bonus-1:1
DIVISLAB,2015-09-23,2015-09-22,0.5000000440050906,DIVISLAB,2,nse_list:2015-09-23: Bonus 1:1 | tejhq:2015-09-23:Bonus 1:1
DIXON,2021-03-18,2021-03-17,0.2000000087257441,DIXON,2,nse_list:2021-03-18: Face Value Split (Sub-Division) - From Rs 10/- Per Share To Rs 2/- Pe | tejhq:2021-03-18:Face Value Split (Sub-Division) - From Rs 10/- Per Share To Rs 2/- Per
DOLLAR,2017-08-31,2017-08-30,0.199999999434521,DOLLAR,2,nse_list:2017-08-31: Face Value Split (Sub-Division) - From Rs 10/- Per Share To Rs 2/- Pe | tejhq:2017-08-31:Face Value Split (Sub-Division) - From Rs 10/- Per Share To Rs 2/- Per
DRREDDY,2024-10-28,2024-10-25,0.1999999910059173,DRREDDY,3,bc:2024-10-28:FV SPLT FRM RS 5 TO RE 1 | nse_list:2024-10-28:Face Value Split (Sub-Division) - From Rs 5/- Per Share To Re 1/- Per  | tejhq:2024-10-28:Face Value Split (Sub-Division) - From Rs 5/- Per Share To Re 1/- Per 
DWARKESH,2017-08-10,2017-08-09,0.1000000013917378,DWARKESH,2,nse_list:2017-08-10: Annual General Meeting/Dividend - Rs 10 Per Share/Face Value Split (S | tejhq:2017-08-10:Annual General Meeting/Dividend - Rs 10 Per Share/Face Value Split (Su
E2E,2026-06-05,2026-06-04,0.0999999979517789,E2E,3,bc:2026-06-05:FVSPLT FRM RS 10 TO RE 1 | nse_list:2026-06-05:Face Value Split (Sub-Division) - From Rs 10/- Per Share To Re 1/- Per | tejhq:2026-06-05:Face Value Split (Sub-Division) - From Rs 10/- Per Share To Re 1/- Per
EASEMYTRIP,2022-02-28,2022-02-25,0.499999988888557,EASEMYTRIP,2,nse_list:2022-02-28:Bonus 1:1 | tejhq:2022-02-28:Bonus 1:1
EASEMYTRIP,2022-11-21,2022-11-18,0.1250000056593234,EASEMYTRIP,4,nse_list:2022-11-21:Bonus 3:1 | nse_list:2022-11-21:Face Value Split (Sub-Division) - From Rs 2/- Per Share To Re 1/- Per  | tejhq:2022-11-21:Bonus 3:1 | tejhq:2022-11-21:Face Value Split (Sub-Division) - From Rs 2/- Per Share To Re 1/- Per 
EASEMYTRIP,2024-11-29,2024-11-28,0.5000000297285747,EASEMYTRIP,3,bc:2024-11-29:BONUS 1:1 | nse_list:2024-11-29:Bonus 1:1 | tejhq:2024-11-29:Bonus 1:1
ECLERX,2010-07-23,2010-07-22,0.6666666695023984,ECLERX,2,nse_list:2010-07-23:Bonus 1:2 | tejhq:2010-07-23:Bonus 1:2
ECLERX,2015-12-17,2015-12-16,0.7499999771342057,ECLERX,2,nse_list:2015-12-17: Bonus 1:3 | tejhq:2015-12-17:Bonus 1:3
ECLERX,2022-09-21,2022-09-20,0.6666666810970822,ECLERX,2,nse_list:2022-09-21:Bonus 1:2 | tejhq:2022-09-21:Bonus 1:2
ECLERX,2026-03-13,2026-03-12,0.5000000154887004,ECLERX,3,bc:2026-03-13:BONUS 1:1 | nse_list:2026-03-13:Bonus 1:1 | tejhq:2026-03-13:Bonus 1:1
EDELWEISS,2010-08-10,2010-08-09,0.099999992590948,EDELWEISS,2,nse_list:2010-08-10:Face Value Split From Rs.5/- To Re.1/- And Bonus 1:1 | tejhq:2010-08-10:Face Value Split From Rs.5/- To Re.1/- And Bonus 1:1
EDELWEISS,2023-06-02,2023-06-01,0.5526315789473685,EDELWEISS,2,nse_list:2023-06-02:Demerger | tejhq:2023-06-02:Demerger
EDUCOMP,2009-10-27,2009-10-26,0.1999999983464976,EDUCOMP,1,nse_list:2009-10-27:Fv Split Rs.10/- To Rs.2/
EICHERMOT,2020-08-24,2020-08-21,0.1000000017934966,EICHERMOT,2,nse_list:2020-08-24: Face Value Split (Sub-Division) - From Rs 10/- Per Share To Re 1/- Pe | tejhq:2020-08-24:Face Value Split (Sub-Division) - From Rs 10/- Per Share To Re 1/- Per
EIDPARRY,2010-12-23,2010-12-22,0.5000000232183197,EIDPARRY,2,nse_list:2010-12-23:Face Value Split From Rs.2/- To Re.1/- | tejhq:2010-12-23:Face Value Split From Rs.2/- To Re.1/-
EIHOTEL,2011-02-21,2011-02-18,0.8856268378443665,EIHOTEL,1,nse_list:2011-02-21:Rights 5:11 @ Premium Rs.64/- Per Share
EIHOTEL,2020-09-22,2020-09-21,0.98082124178715,EIHOTEL,1,nse_list:2020-09-22: Rights 8:85 @ Premium Rs 63/-
ELECON,2024-07-19,2024-07-18,0.4999999809369387,ELECON,2,nse_list:2024-07-19:Face Value Split (Sub-Division) - From Rs 2/- Per Share To Re 1/- Per  | tejhq:2024-07-19:Face Value Split (Sub-Division) - From Rs 2/- Per Share To Re 1/- Per 
ELGIEQUIP,2010-12-14,2010-12-13,0.5,ELGIEQUIP,2,nse_list:2010-12-14:Bonus 1:1 | tejhq:2010-12-14:Bonus 1:1
ELGIEQUIP,2020-09-24,2020-09-23,0.4999999999247824,ELGIEQUIP,2,nse_list:2020-09-24: Bonus 1:1 | tejhq:2020-09-24:Bonus 1:1
EMAMILTD,2010-07-21,2010-07-20,0.500000014054633,EMAMILTD,2,nse_list:2010-07-21:Dividend Rs.6/- Per Share And Face Value Split From Rs.2/- To Re.1/- | tejhq:2010-07-21:Dividend Rs.6/- Per Share And Face Value Split From Rs.2/- To Re.1/-
EMAMILTD,2013-06-26,2013-06-25,0.6666666965828401,EMAMILTD,2,nse_list:2013-06-26:Bonus 1:2 And Dividend Rs.8/- Per Share | tejhq:2013-06-26:Bonus 1:2 And Dividend Rs.8/- Per Share
EMAMILTD,2018-06-21,2018-06-20,0.5000000227520269,EMAMILTD,2,nse_list:2018-06-21: Bonus 1:1/Dividend- Rs 7 Per Share | tejhq:2018-06-21:Bonus 1:1/Dividend- Rs 7 Per Share
ENGINERSIN,2010-05-06,2010-05-05,0.1666669983338426,ENGINERSIN,3,notes:2010-05-06:notes.json x0.166667: 2:1 bonus (record 6 May 2010) with a face value  | nse_list:2010-05-06:Fv Spl-Rs10tors5/Bon-2:1 | tejhq:2010-05-06:Fv Spl-Rs10tors5/Bon-2:1
ENGINERSIN,2016-12-30,2016-12-29,0.5000000090731613,ENGINERSIN,2,nse_list:2016-12-30: Bonus 1:1 | tejhq:2016-12-30:Bonus 1:1
EPL,2018-06-20,2018-06-19,0.5000000187984367,ESSELPACK,2,nse_list:2018-06-20: Bonus 1:1 | tejhq:2018-06-20:Bonus 1:1
ETHOSLTD,2025-06-12,2025-06-11,0.9659234338565956,ETHOSLTD,1,nse_list:2025-06-12:Rights 4:43@ Premium Rs 1790/-
FCL,2015-02-12,2015-02-11,0.4999999912187973,FCL,2,nse_list:2015-02-12:Bonus 1:1 | tejhq:2015-02-12:Bonus 1:1
FCL,2015-06-11,2015-06-10,0.1999999998489237,FCL,2,nse_list:2015-06-11:Face Valus Split (Sub-Division) - From Rs 10/- Per Share To Rs 2/- Per | tejhq:2015-06-11:Face Valus Split (Sub-Division) - From Rs 10/- Per Share To Rs 2/- Per
FCL,2025-10-31,2025-10-30,0.1000000027109176,FCL,4,nse_list:2025-10-31:Bonus 4:1 | nse_list:2025-10-31:Face Value Split (Sub-Division) - From Rs 2/- Per Share To Re 1/- Per  | tejhq:2025-10-31:Bonus 4:1 | tejhq:2025-10-31:Face Value Split (Sub-Division) - From Rs 2/- Per Share To Re 1/- Per 
FEDERALBNK,2013-10-17,2013-10-15,0.2000000072943121,FEDERALBNK,2,nse_list:2013-10-17:Face Value Split From Rs.10/- To Rs.2/- | tejhq:2013-10-17:Face Value Split From Rs.10/- To Rs.2/-
FEDERALBNK,2015-07-08,2015-07-07,0.4999999998026289,FEDERALBNK,2,nse_list:2015-07-08:Bonus 1:1 | tejhq:2015-07-08:Bonus 1:1
FEL,2013-06-21,2013-06-20,0.6707482993197278,FRL,1,nse_list:2013-06-21:Scheme Of Arrangement
FEL,2014-11-18,2014-11-17,0.992673962623094,FRL,1,nse_list:2014-11-18:Rights 5:8 @ Premium Rs.101/- Per Equity Share
FEL,2016-05-11,2016-05-10,0.1257861635220125,FRL,1,nse_list:2016-05-11: Scheme Of Arrangement
FIEMIND,2024-02-28,2024-02-27,0.500000030066943,FIEMIND,2,nse_list:2024-02-28:Bonus 1:1 | tejhq:2024-02-28:Bonus 1:1
FILATEX,2018-06-27,2018-06-26,0.1999999972165151,FILATEX,2,nse_list:2018-06-27: Face Value Split (Sub-Division) - From Rs 10/- Per Share To Rs 2/- Pe | tejhq:2018-06-27:Face Value Split (Sub-Division) - From Rs 10/- Per Share To Rs 2/- Per
FILATEX,2022-12-27,2022-12-26,0.5000000078572551,FILATEX,2,nse_list:2022-12-27:Face Value Split (Sub-Division) - From Rs 2/- Per Share To Re 1/- Per  | tejhq:2022-12-27:Face Value Split (Sub-Division) - From Rs 2/- Per Share To Re 1/- Per 
FINPIPE,2021-04-15,2021-04-13,0.2000000041287433,FINPIPE,2,nse_list:2021-04-15: Face Value Split (Sub-Division) - From Rs 10/- Per Share To Rs 2/- Pe | tejhq:2021-04-15:Face Value Split (Sub-Division) - From Rs 10/- Per Share To Rs 2/- Per
FMGOETZE,2026-09-04,2026-09-03,0.8468306983147005,FMGOETZE,1,nse_list:2026-09-04:Interim Dividend - Rs 7.50 Per Share & Special Dividend Rs 86.50 Per S
FUSION,2025-04-04,2025-04-03,0.9682912421173164,FUSION,1,nse_list:2025-04-04:Rights 55:91 @ Premium Rs 121/-
GABRIEL,2012-07-12,2012-07-11,0.4999999806957881,GABRIEL,2,nse_list:2012-07-12:Bonus 1:1 | tejhq:2012-07-12:Bonus 1:1
GAEL,2020-10-01,2020-09-30,0.4999999922656983,GAEL,2,nse_list:2020-10-01: Face Value Split (Sub-Division) - From Rs 2/- Per Share To Re 1/- Per | tejhq:2020-10-01:Face Value Split (Sub-Division) - From Rs 2/- Per Share To Re 1/- Per 
GAEL,2024-03-15,2024-03-14,0.5000000252824516,GAEL,2,nse_list:2024-03-15:Bonus 1:1 | tejhq:2024-03-15:Bonus 1:1
GAIL,2008-10-06,2008-10-03,0.6666666567722903,GAIL,1,nse_list:2008-10-06:Bonus 1:2
GAIL,2017-03-09,2017-03-08,0.7500000000000001,GAIL,2,nse_list:2017-03-09: Bonus 1:3 | tejhq:2017-03-09:Bonus 1:3
GAIL,2018-03-27,2018-03-26,0.7500000141927421,GAIL,2,nse_list:2018-03-27: Bonus 1:3 | tejhq:2018-03-27:Bonus 1:3
GAIL,2019-07-09,2019-07-08,0.499999990033816,GAIL,2,nse_list:2019-07-09: Bonus 1:1 | tejhq:2019-07-09:Bonus 1:1
GAIL,2022-09-06,2022-09-05,0.6666666262050834,GAIL,2,nse_list:2022-09-06:Bonus 1:2 | tejhq:2022-09-06:Bonus 1:2
GAMMNINFRA,2009-10-26,2009-10-23,0.2000000093295973,GAMMNINFRA,2,"notes:2009-10-26:notes.json x0.2: Face value split Rs 10 to Rs 2 in Oct 2009, in no act | nse_list:2009-10-26:Fv Split Rs.10/- To Rs.2/"
GAMMNINFRA,2013-01-23,2013-01-22,0.9714285799231016,GAMMNINFRA,2,nse_list:2013-01-23:Bonus 1:34 | tejhq:2013-01-23:Bonus 1:34
GANESHHOU,2016-07-14,2016-07-13,0.6666666820601361,GANESHHOUC,2,nse_list:2016-07-14: Bonus 1:2 | tejhq:2016-07-14:Bonus 1:2
GANESHHOUC,2016-07-14,2016-07-13,0.6666666820601361,GANESHHOUC,2,nse_list:2016-07-14: Bonus 1:2 | tejhq:2016-07-14:Bonus 1:2
GARFIBRES,2025-01-03,2025-01-02,0.1999999951674407,GARFIBRES,3,bc:2025-01-03:BONUS 4:1 | nse_list:2025-01-03:Bonus 4:1 | tejhq:2025-01-03:Bonus 4:1
GAYAPROJ,2012-02-22,2012-02-21,0.8289280581929436,GAYAPROJ,1,nse_list:2012-02-22:Rights 1:1 @ Premium Rs.110 Per Share
GAYAPROJ,2017-02-10,2017-02-09,0.2000000007199878,GAYAPROJ,2,nse_list:2017-02-10: Face Value Split From Rs 10/- Per Share To Rs 2/- Per Share | tejhq:2017-02-10:Face Value Split From Rs 10/- Per Share To Rs 2/- Per Share
GDL,2020-07-23,2020-07-22,0.9726123760994652,GDL,1,nse_list:2020-07-23: Rights 4:27 @ Premium Rs 62/-
GENUSPOWER,2010-10-22,2010-10-21,0.1000000043764533,GENUSPOWER,2,nse_list:2010-10-22:Face Value Split From Rs.10/- To Re.1/- | tejhq:2010-10-22:Face Value Split From Rs.10/- To Re.1/-
GEOJITFSL,2024-10-07,2024-10-04,0.9003856637639547,GEOJITFSL,1,nse_list:2024-10-07:Rights 1:6 @ Premium Rs 49/-
GFLLIMITED,2008-02-01,2008-01-31,0.5000000016123265,GUJFLUORO,1,nse_list:2008-02-01:Fv Split Rs.2/- To Re.1/-
GFLLIMITED,2019-08-06,2019-08-05,0.1089288755179656,GFLLIMITED,2,nse_list:2019-08-06: Demerger | tejhq:2019-08-06:Demerger
GFLLIMITED,2021-03-26,2021-03-25,0.7452699584679281,GFLLIMITED,2,nse_list:2021-03-26: Demerger | tejhq:2021-03-26:Demerger
GHCL,2023-04-06,2023-04-05,0.951219512195122,GHCL,2,nse_list:2023-04-06:Demerger | tejhq:2023-04-06:Demerger
GICRE,2018-07-12,2018-07-11,0.5000000004846996,GICRE,2,nse_list:2018-07-12: Bonus 1:1/Dividend- Rs 13.5 Per Share | tejhq:2018-07-12:Bonus 1:1/Dividend- Rs 13.5 Per Share
GLAXO,2018-09-11,2018-09-10,0.4999999996383084,GLAXO,2,nse_list:2018-09-11: Bonus 1:1 | tejhq:2018-09-11:Bonus 1:1
GMBREW,2014-05-16,2014-05-15,0.8000000261206841,GMBREW,2,nse_list:2014-05-16:Dividend Rs 2.50/- Per Share / Bonus 1 : 4 | tejhq:2014-05-16:Dividend Rs 2.50/- Per Share / Bonus 1 : 4
GMBREW,2016-05-30,2016-05-27,0.8000000138750374,GMBREW,2,nse_list:2016-05-30: Bonus 1:4 | tejhq:2016-05-30:Bonus 1:4
GMBREW,2018-05-21,2018-05-18,0.7999999901104443,GMBREW,2,nse_list:2018-05-21: Bonus 1:4 | tejhq:2018-05-21:Bonus 1:4
GMBREW,2024-05-24,2024-05-23,0.7999999463588291,GMBREW,2,nse_list:2024-05-24:Bonus 1:4 | tejhq:2024-05-24:Bonus 1:4
GMDCLTD,2008-10-16,2008-10-15,0.499999992102076,GMDCLTD,1,nse_list:2008-10-16:Bonus 1:1
GMMPFAUDLR,2022-07-11,2022-07-08,0.333333334626576,GMMPFAUDLR,2,nse_list:2022-07-11:Bonus 2:1 | tejhq:2022-07-11:Bonus 2:1
GMRAIRPORT,2009-10-01,2009-09-30,0.4999999820120879,GMRINFRA,1,nse_list:2009-10-01:Fv Split Rs.2/- To Re.1/-
GMRAIRPORT,2015-03-11,2015-03-10,0.981092468295529,GMRINFRA,1,nse_list:2015-03-11:Rights 3:14 @ Premium Rs 14/- Per Share
GMRAIRPORT,2022-01-11,2022-01-10,0.9256965944272446,GMRINFRA,2,nse_list:2022-01-11:Demerger | tejhq:2022-01-11:Demerger
GMRINFRA,2009-10-01,2009-09-30,0.4999999820120879,GMRINFRA,1,nse_list:2009-10-01:Fv Split Rs.2/- To Re.1/-
GMRINFRA,2015-03-11,2015-03-10,0.981092468295529,GMRINFRA,1,nse_list:2015-03-11:Rights 3:14 @ Premium Rs 14/- Per Share
GMRINFRA,2022-01-11,2022-01-10,0.9256965944272446,GMRINFRA,2,nse_list:2022-01-11:Demerger | tejhq:2022-01-11:Demerger
GODFRYPHLP,2014-11-28,2014-11-27,0.1999999896435373,GODFRYPHLP,2,nse_list:2014-11-28:Face Value Split From Rs 10/- Per Share To Rs 2/- Per Share | tejhq:2014-11-28:Face Value Split From Rs 10/- Per Share To Rs 2/- Per Share
GODFRYPHLP,2025-09-16,2025-09-15,0.3333333412891655,GODFRYPHLP,3,bc:2025-09-16:BONUS 2:1 | nse_list:2025-09-16:Bonus 2:1 | tejhq:2025-09-16:Bonus 2:1
GODREJCP,2008-03-12,2008-03-11,0.9861713888406156,GODREJCP,1,nse_list:2008-03-12:Rights-Eq 1:7@Prem Rs122
GODREJCP,2017-06-22,2017-06-21,0.5000000003929522,GODREJCP,2,nse_list:2017-06-22: Bonus 1:1 | tejhq:2017-06-22:Bonus 1:1
GODREJCP,2018-09-12,2018-09-11,0.6666667017741504,GODREJCP,2,nse_list:2018-09-12: Bonus 1:2 | tejhq:2018-09-12:Bonus 1:2
GODREJPROP,2013-08-19,2013-08-16,0.927777957020195,GODREJPROP,1,nse_list:2013-08-19:Rights 8:29 @ Premium Rs.315/- Per Equity Share
GODREJPROP,2013-11-21,2013-11-20,0.5000000169400939,GODREJPROP,2,nse_list:2013-11-21:Face Value Split From Rs.10/- To Rs.5/- | tejhq:2013-11-21:Face Value Split From Rs.10/- To Rs.5/-
GOKULAGRO,2023-03-08,2023-03-06,0.994003517820006,GOKULAGRO,1,nse_list:2023-03-08:Rights 1:32 @ Premium Rs 90/-
GOKULAGRO,2025-10-14,2025-10-13,0.5000000252977942,GOKULAGRO,3,bc:2025-10-14:FVSPLT FRM RS 2 TO RE 1 | nse_list:2025-10-14:Face Value Split (Sub-Division) - From Rs 2/- Per Share To Re 1/- Per  | tejhq:2025-10-14:Face Value Split (Sub-Division) - From Rs 2/- Per Share To Re 1/- Per 
GOLDIAM,2022-03-28,2022-03-25,0.2000000140010951,GOLDIAM,2,nse_list:2022-03-28:Face Value Split (Sub-Division) - From Rs 10/- Per Share To Rs 2/- Per | tejhq:2022-03-28:Face Value Split (Sub-Division) - From Rs 10/- Per Share To Rs 2/- Per
GOLDIAM,2026-07-10,2026-07-09,0.7500000000000001,GOLDIAM,3,bc:2026-07-10:BONUS 1:3 | nse_list:2026-07-10:Bonus 1:3 | tejhq:2026-07-10:Bonus 1:3
GPIL,2021-10-26,2021-10-25,0.250000008980328,GPIL,4,nse_list:2021-10-26: Bonus 1:1 | nse_list:2021-10-26: Face Value Split (Sub-Division) - From Rs 10/- Per Share To Rs 5/- Pe | tejhq:2021-10-26:Bonus 1:1 | tejhq:2021-10-26:Face Value Split (Sub-Division) - From Rs 10/- Per Share To Rs 5/- Per
GPIL,2024-10-04,2024-10-03,0.1999999958480503,GPIL,3,bc:2024-10-04:FVSPLT FRM RS 5 TO RE 1 | nse_list:2024-10-04:Face Value Split (Sub-Division) - From Rs 5/- Per Share To Re 1/- Per  | tejhq:2024-10-04:Face Value Split (Sub-Division) - From Rs 5/- Per Share To Re 1/- Per 
GRANULES,2015-03-23,2015-03-20,0.0999999992873055,GRANULES,2,nse_list:2015-03-23:Face Value Split Rs 10 To Rs 1 | tejhq:2015-03-23:Face Value Split Rs 10 To Rs 1
GRASIM,2010-05-26,2010-05-25,0.7929279862009486,GRASIM,1,nse_list:2010-05-26:Scheme Of Arrangement
GRASIM,2016-10-06,2016-10-05,0.1999999945998387,GRASIM,2,nse_list:2016-10-06: Face Value Split From Rs 10 To Re 2 | tejhq:2016-10-06:Face Value Split From Rs 10 To Re 2
GRASIM,2017-07-19,2017-07-18,0.8028750573482184,GRASIM,1,nse_list:2017-07-19: Scheme Of Arrangement
GRASIM,2024-01-10,2024-01-09,0.9960395531853916,GRASIM,1,nse_list:2024-01-10:Rights 6:179 @ Premium Rs 1810/-
GRAVITA,2012-05-25,2012-05-24,0.2000000033899003,GRAVITA,2,nse_list:2012-05-25:Face Value Split From Rs.10/- To Rs.2/- | tejhq:2012-05-25:Face Value Split From Rs.10/- To Rs.2/-
GREAVESCOT,2010-11-24,2010-11-23,0.2000000080311932,GREAVESCOT,2,nse_list:2010-11-24:Interim Dividend Rs 2/- Per Share And Face Value Split From Rs 10/- To | tejhq:2010-11-24:Interim Dividend Rs 2/- Per Share And Face Value Split From Rs 10/- To
GREENLAM,2022-02-10,2022-02-09,0.199999998237,GREENLAM,2,nse_list:2022-02-10:Face Value Split (Sub-Division) - From Rs 5/- Per Share To Re 1/- Per  | tejhq:2022-02-10:Face Value Split (Sub-Division) - From Rs 5/- Per Share To Re 1/- Per 
GREENLAM,2025-03-21,2025-03-20,0.4999999680488503,GREENLAM,2,nse_list:2025-03-21:Bonus 1:1 | tejhq:2025-03-21:Bonus 1:1
GREENPLY,2014-11-26,2014-11-25,0.8549914329515735,GREENPLY,2,nse_list:2014-11-26:Scheme Of Demerger | tejhq:2014-11-26:Scheme Of Demerger
GREENPLY,2016-01-06,2016-01-05,0.199999999451051,GREENPLY,2,nse_list:2016-01-06: Face Value Split (Sub-Division) - From Rs 5/- Per Share To Re 1/- Per | tejhq:2016-01-06:Face Value Split (Sub-Division) - From Rs 5/- Per Share To Re 1/- Per 
GREENPLY,2019-07-12,2019-07-11,0.94182249925794,GREENPLY,2,nse_list:2019-07-12: Demerger | tejhq:2019-07-12:Demerger
GRINDWELL,2016-07-14,2016-07-13,0.5,GRINDWELL,2,nse_list:2016-07-14: Bonus 1:1 | tejhq:2016-07-14:Bonus 1:1
GRMOVER,2025-12-24,2025-12-23,0.3333333375666041,GRMOVER,2,nse_list:2025-12-24:Bonus 2:1 | tejhq:2025-12-24:Bonus 2:1
GRUH,2012-07-24,2012-07-23,0.1999999881863683,GRUH,2,nse_list:2012-07-24:Face Value Split From Rs 10 To Rs 2 | tejhq:2012-07-24:Face Value Split From Rs 10 To Rs 2
GRUH,2014-06-09,2014-06-06,0.4999999998506956,GRUH,2,nse_list:2014-06-09:Bonus Issue 1 : 1 | tejhq:2014-06-09:Bonus Issue 1 : 1
GRUH,2018-06-06,2018-06-05,0.4999999824960043,GRUH,2,nse_list:2018-06-06: Bonus 1:1 | tejhq:2018-06-06:Bonus 1:1
GSFC,2012-09-20,2012-09-18,0.2000000168347997,GSFC,2,nse_list:2012-09-20:Face Value Split From Rs 10 To Rs 2 | tejhq:2012-09-20:Face Value Split From Rs 10 To Rs 2
GUJENERGY,2019-01-15,2019-01-14,0.2000000042097632,GUJGASLTD,2,nse_list:2019-01-15: Face Value Split (Sub-Division) - From Rs 10/- Per Share To Rs 2/- Pe | tejhq:2019-01-15:Face Value Split (Sub-Division) - From Rs 10/- Per Share To Rs 2/- Per
GUJENERGY,2026-07-02,2026-07-01,0.8825,GUJENERGY,3,bc:2026-07-02:DEMERGER | nse_list:2026-07-02:Demerger | tejhq:2026-07-02:Demerger
GUJFLUORO,2008-02-01,2008-01-31,0.5000000016123265,GUJFLUORO,1,nse_list:2008-02-01:Fv Split Rs.2/- To Re.1/-
GUJGASLTD,2019-01-15,2019-01-14,0.2000000042097632,GUJGASLTD,2,nse_list:2019-01-15: Face Value Split (Sub-Division) - From Rs 10/- Per Share To Rs 2/- Pe | tejhq:2019-01-15:Face Value Split (Sub-Division) - From Rs 10/- Per Share To Rs 2/- Per
GUJNRECOKE,2008-10-17,2008-10-16,0.7142856603986413,GUJNRECOKE,1,nse_list:2008-10-17:Bonus 2:5
GUJRATGAS,2009-09-17,2009-09-16,0.4999999854781927,GUJRATGAS,1,nse_list:2009-09-17:Bonus 1:1
GVKPIL,2008-02-08,2008-02-07,0.1000000046986266,GVKPIL,1,nse_list:2008-02-08:Fv Split Rs.10/- To Re.1/
GVT&D,2008-10-22,2008-10-21,0.1999999944200364,AREVAT&D,1,nse_list:2008-10-22:Fv Split Rs.10/- To Rs.2/Rd Date Revised
GVT&D,2011-12-14,2011-12-13,0.7616632860040567,AREVAT&D,1,nse_list:2011-12-14:Scheme Of Arrangement
HAL,2023-09-28,2023-09-27,0.4999999871767084,HAL,2,nse_list:2023-09-28:Face Value Split (Sub-Division) - From Rs 10/- Per Share To Rs 5/- Per | tejhq:2023-09-28:Face Value Split (Sub-Division) - From Rs 10/- Per Share To Rs 5/- Per
HARRMALAYA,2010-08-31,2010-08-30,0.7206325301204819,HARRMALAYA,1,nse_list:2010-08-31:Scheme Of Arrangement
HATHWAY,2015-01-06,2015-01-05,0.2000000061465414,HATHWAY,2,nse_list:2015-01-06:Face Value Split (Sub-Division) - From Rs 10/- Per Share To Rs 2/- Per | tejhq:2015-01-06:Face Value Split (Sub-Division) - From Rs 10/- Per Share To Rs 2/- Per
HATSUN,2016-07-13,2016-07-12,0.7142857161340448,HATSUN,2,nse_list:2016-07-13: Bonus 2:5 | tejhq:2016-07-13:Bonus 2:5
HATSUN,2018-05-31,2018-05-30,0.9861479151098516,HATSUN,1,nse_list:2018-05-31: Interim Dividend- Rs 3 Per Share / Rights 1:16 @ Premium Rs 554 Per S
HATSUN,2020-12-09,2020-12-08,0.7500000339770557,HATSUN,2,nse_list:2020-12-09: Bonus 1:3 | tejhq:2020-12-09:Bonus 1:3
HATSUN,2022-12-07,2022-12-06,0.9816674685577372,HATSUN,1,nse_list:2022-12-07:Rights 1:30 @ Premium Rs 418/-
HAVELLS,2010-10-08,2010-10-07,0.5000000214781338,HAVELLS,2,nse_list:2010-10-08:Bonus 1:1 | tejhq:2010-10-08:Bonus 1:1
HAVELLS,2014-08-26,2014-08-25,0.2000000034999375,HAVELLS,2,nse_list:2014-08-26:Face Value Split From Rs 5/- Per Share To Re 1/- Per Share | tejhq:2014-08-26:Face Value Split From Rs 5/- Per Share To Re 1/- Per Share
HBLENGINE,2009-11-24,2009-11-23,0.0999999992252159,HBLPOWER,1,nse_list:2009-11-24:Fv Split Rs.10/- To Re.1/
HBLPOWER,2009-11-24,2009-11-23,0.0999999992252159,HBLPOWER,1,nse_list:2009-11-24:Fv Split Rs.10/- To Re.1/
HCC,2010-08-10,2010-08-09,0.5000000216049241,HCC,2,nse_list:2010-08-10:Bonus 1:1 | tejhq:2010-08-10:Bonus 1:1
HCC,2018-11-20,2018-11-19,0.8971608742759495,HCC,1,nse_list:2018-11-20: Rights 49:100 @ Premium Rs 9/-
HCC,2024-03-15,2024-03-14,0.959967045577,HCC,1,nse_list:2024-03-15:Rights 13:118 @ Premium Rs 20/-
HCC,2025-12-05,2025-12-04,0.8417653206191565,HCC,1,nse_list:2025-12-05:Rights 277:630 @ Premium Rs 11.50/-
HCG,2026-02-03,2026-02-02,0.992782334047544,HCG,0,
HCG,2026-03-02,2026-02-27,0.9938571686430228,HCG,1,nse_list:2026-03-02:Rights 1:17 @ Premium Rs 502/-
HCL-INSYS,2017-10-31,2017-10-30,0.99262294648506,HCL-INSYS,1,nse_list:2017-10-31: Rights 10:21 @ Premium Rs 45/-
HCLTECH,2015-03-19,2015-03-18,0.4999999997065791,HCLTECH,2,nse_list:2015-03-19:Bonus 1 : 1 | tejhq:2015-03-19:Bonus 1 : 1
HCLTECH,2019-12-05,2019-12-04,0.4999999782367075,HCLTECH,2,nse_list:2019-12-05: Bonus 1:1 | tejhq:2019-12-05:Bonus 1:1
HDFC,2010-08-18,2010-08-17,0.1999999887674217,HDFC,2,nse_list:2010-08-18:Face Value Split From Rs.10/- To Rs.2/- | tejhq:2010-08-18:Face Value Split From Rs.10/- To Rs.2/-
HDFCAMC,2025-11-26,2025-11-25,0.5,HDFCAMC,3,bc:2025-11-26:BONUS 1:1 | nse_list:2025-11-26:Bonus 1:1 | tejhq:2025-11-26:Bonus 1:1
HDFCBANK,2011-07-14,2011-07-13,0.1999999961435371,HDFCBANK,2,nse_list:2011-07-14:Face Value Split From Rs.10/- To Rs.2/- | tejhq:2011-07-14:Face Value Split From Rs.10/- To Rs.2/-
HDFCBANK,2019-09-19,2019-09-18,0.4999999778265642,HDFCBANK,2,nse_list:2019-09-19: Face Value Split (Sub-Division) - From Rs 2 Per Share To Rs 1 Per Sha | tejhq:2019-09-19:Face Value Split (Sub-Division) - From Rs 2 Per Share To Rs 1 Per Shar
HDFCBANK,2025-08-26,2025-08-25,0.4999999812443127,HDFCBANK,3,bc:2025-08-26:BONUS 1:1 | nse_list:2025-08-26:Bonus 1:1 | tejhq:2025-08-26:Bonus 1:1
HDIL,2008-08-21,2008-08-20,0.7777777905681306,HDIL,1,nse_list:2008-08-21:Bonus - 2:7
HEG,2024-10-18,2024-10-17,0.2000000087345118,HEG,3,bc:2024-10-18:FVSPLT FRM RS 10 TO RS 2 | nse_list:2024-10-18:Face Value Split (Sub-Division) - From Rs 10/- Per Share To Rs 2/- Per | tejhq:2024-10-18:Face Value Split (Sub-Division) - From Rs 10/- Per Share To Rs 2/- Per
HEG,2026-09-07,2026-09-04,0.3737727428767593,HEG,3,bc:2026-09-07:DEMERGER | nse_list:2026-09-07:Demerger | tejhq:2026-09-07:Demerger
HEGAM,2024-10-18,2024-10-17,0.2000000087345118,HEG,3,bc:2024-10-18:FVSPLT FRM RS 10 TO RS 2 | nse_list:2024-10-18:Face Value Split (Sub-Division) - From Rs 10/- Per Share To Rs 2/- Per | tejhq:2024-10-18:Face Value Split (Sub-Division) - From Rs 10/- Per Share To Rs 2/- Per
HEGAM,2026-09-07,2026-09-04,0.3737727428767593,HEG,3,bc:2026-09-07:DEMERGER | nse_list:2026-09-07:Demerger | tejhq:2026-09-07:Demerger
HERITGFOOD,2013-07-26,2013-07-25,0.5000000187345229,HERITGFOOD,2,nse_list:2013-07-26:Bonus 1:1 | tejhq:2013-07-26:Bonus 1:1
HERITGFOOD,2017-10-10,2017-10-09,0.5000000028175486,HERITGFOOD,2,nse_list:2017-10-10: Face Value Split (Sub-Division) - From Rs 10/- Per Share To Rs 5/- Pe | tejhq:2017-10-10:Face Value Split (Sub-Division) - From Rs 10/- Per Share To Rs 5/- Per
HERITGFOOD,2023-01-20,2023-01-19,0.5071123589684391,HERITGFOOD,2,"notes:2023-01-20:notes.json x0.5071: Rights issue ex-date: NSE's close fell, while NSE  | nse_list:2023-01-20:Rights 1:1 @ Premium Rs 0/-"
HEXAWARE,2011-02-24,2011-02-23,0.499999987279042,HEXAWARE,2,nse_list:2011-02-24:Dividend Rs 1.40 Per Share / Bonus 1:1 | tejhq:2011-02-24:Dividend Rs 1.40 Per Share / Bonus 1:1
HGS,2022-02-22,2022-02-21,0.5000000182480829,HGS,3,nse_list:2022-02-22:Bonus 1:1 | nse_list:2022-02-22:Interim Dividend - Rs 28 Per Share | tejhq:2022-02-22:Bonus 1:1
HIKAL,2015-02-27,2015-02-26,0.2000000101233265,HIKAL,2,nse_list:2015-02-27:Face Value Split (Sub-Division): From Rs 10/- Per Share To Rs 2/- Per  | tejhq:2015-02-27:Face Value Split (Sub-Division): From Rs 10/- Per Share To Rs 2/- Per 
HIKAL,2018-06-22,2018-06-21,0.6666666672530721,HIKAL,2,nse_list:2018-06-22: Bonus 1:2 | tejhq:2018-06-22:Bonus 1:2
HINDALCO,2008-08-28,2008-08-27,0.9068965478520687,HINDALCO,1,nse_list:2008-08-28:Rhs 3:7@Prem Rs95/Div185%
HINDPETRO,2016-09-14,2016-09-12,0.333333321026412,HINDPETRO,2,nse_list:2016-09-14: Bonus 2:1 | tejhq:2016-09-14:Bonus 2:1
HINDPETRO,2017-07-11,2017-07-10,0.6666666567325272,HINDPETRO,2,nse_list:2017-07-11: Bonus 1:2/ Dividend - Rs 1.10 Per Share | tejhq:2017-07-11:Bonus 1:2/ Dividend - Rs 1.10 Per Share
HINDPETRO,2024-06-21,2024-06-20,0.6666666780335896,HINDPETRO,2,nse_list:2024-06-21:Bonus 1:2 | tejhq:2024-06-21:Bonus 1:2
HINDUNILVR,2025-12-05,2025-12-04,0.9498009909836732,HINDUNILVR,3,bc:2025-12-05:DEMERGER | nse_list:2025-12-05:Demerger | tejhq:2025-12-05:Demerger
HINDWAREAP,2024-10-25,2024-10-24,0.9542386750482532,HINDWAREAP,1,nse_list:2024-10-25:Rights 119:758 @ Premium Rs 218/-
HINDZINC,2011-03-07,2011-03-04,0.099999995997643,HINDZINC,2,nse_list:2011-03-07:Bonus - 1:1 And Face Value Split From Rs. 10 To Rs. 2 | tejhq:2011-03-07:Bonus - 1:1 And Face Value Split From Rs. 10 To Rs. 2
HINDZINC,2016-04-06,2016-04-05,0.8714859601719196,HINDZINC,1,nse_list:2016-04-06: Special Dividend - Rs 24/- Per Share (Purpose Revised)
HLEGLAS,2022-10-18,2022-10-17,0.2000000072231925,HLEGLAS,2,nse_list:2022-10-18:Face Value Split (Sub-Division) - From Rs 10/- Per Share To Rs 2/- Per | tejhq:2022-10-18:Face Value Split (Sub-Division) - From Rs 10/- Per Share To Rs 2/- Per
HMAAGRO,2023-12-29,2023-12-28,0.1000000031938857,HMAAGRO,2,nse_list:2023-12-29:Face Value Split (Sub-Division) - From Rs 10/- Per Share To Re 1/- Per | tejhq:2023-12-29:Face Value Split (Sub-Division) - From Rs 10/- Per Share To Re 1/- Per
HNDFDS,2022-07-21,2022-07-20,0.2000000064998593,HNDFDS,2,nse_list:2022-07-21:Face Value Split (Sub-Division) - From Rs 10/- Per Share To Rs 2/- Per | tejhq:2022-07-21:Face Value Split (Sub-Division) - From Rs 10/- Per Share To Rs 2/- Per
HSCL,2010-11-08,2010-11-05,0.09999999681582,HCIL,2,nse_list:2010-11-08:Face Value Split From Rs.10/- To Re.1/- | tejhq:2010-11-08:Face Value Split From Rs.10/- To Re.1/-
HTMEDIA,2019-04-09,2019-04-08,0.8514225500526869,HTMEDIA,2,nse_list:2019-04-09: Demerger | tejhq:2019-04-09:Demerger
IBULLSLTD,2022-09-01,2022-08-30,0.8405405405405405,YAARI,2,nse_list:2022-09-01:Demerger | tejhq:2022-09-01:Demerger
ICICIBANK,2014-12-04,2014-12-03,0.2000000024290154,ICICIBANK,2,nse_list:2014-12-04:Face Value Split (Sub-Division) - From Rs 10/- Per Share To Rs 2/- Per | tejhq:2014-12-04:Face Value Split (Sub-Division) - From Rs 10/- Per Share To Rs 2/- Per
ICICIBANK,2017-06-20,2017-06-19,0.9090909144126368,ICICIBANK,2,nse_list:2017-06-20: Annual General Meeting/Dividend - Rs 2.50 Per Share/Bonus 1:10 (Revis | tejhq:2017-06-20:Annual General Meeting/Dividend - Rs 2.50 Per Share/Bonus 1:10 (Revise
ICIL,2016-11-11,2016-11-10,0.2000000043267779,ICIL,2,nse_list:2016-11-11: Fv Splt Frm Rs 10 To Rs 2 | tejhq:2016-11-11:Fv Splt Frm Rs 10 To Rs 2
IDEA,2019-03-29,2019-03-28,0.6040000257820919,IDEA,2,"notes:2019-03-29:notes.json x0.6024: Rights issue ex-date: NSE's close fell, while NSE  | nse_list:2019-03-29: Rights 87:38 @ Premium Of Rs 2.50 Per Share"
IDFC,2015-10-01,2015-09-30,0.4278624601205246,IDFC,17,nse_list:2015-09-29: Demerger | nse_list:2015-10-01: Demerger | tejhq:2015-09-29:Demerger | tejhq:2015-10-01:Demerger
IDFC,2023-02-13,2023-02-10,0.878854624686659,IDFC,1,nse_list:2023-02-13:Special Dividend - Rs 11 Per Share
IEX,2018-10-19,2018-10-17,0.0999999956402547,IEX,2,nse_list:2018-10-19: Face Value Split (Sub-Division) - From Rs 10/- Per Share To Re 1/- Pe | tejhq:2018-10-19:Face Value Split (Sub-Division) - From Rs 10/- Per Share To Re 1/- Per
IEX,2021-12-03,2021-12-02,0.3333333347276896,IEX,2,nse_list:2021-12-03: Bonus 2:1 | tejhq:2021-12-03:Bonus 2:1
IGARASHI,2018-09-27,2018-09-26,0.8898678236428581,IGARASHI,2,nse_list:2018-09-27: Bonus 25:202 | tejhq:2018-09-27:Bonus 25:202
IGL,2017-11-09,2017-11-08,0.1999999890069018,IGL,2,nse_list:2017-11-09: Face Value Split (Sub-Division) - From Rs 10/- Per Share To Rs 2/- Pe | tejhq:2017-11-09:Face Value Split (Sub-Division) - From Rs 10/- Per Share To Rs 2/- Per
IGL,2025-01-31,2025-01-30,0.500000007863261,IGL,3,bc:2025-01-31:BONUS 1:1 | nse_list:2025-01-31:Bonus 1:1 | tejhq:2025-01-31:Bonus 1:1
IIFL,2008-08-08,2008-08-07,0.2000000004685182,INDIAINFO,1,nse_list:2008-08-08:Fv Split Rs.10/- To Rs.2/
IIFL,2019-05-30,2019-05-29,0.477901545095221,IIFL,1,nse_list:2019-05-30: Scheme Of Arrangement
IIFL,2024-04-23,2024-04-22,0.9713605451933588,IIFL,1,nse_list:2024-04-23:Rights 1:9 @ Premium Rs 298/-
IL&FSTRANS,2014-03-13,2014-03-12,0.9547360716251032,IL&FSTRANS,1,nse_list:2014-03-13:Rights 27:100 @ Premium Rs.90/- Per Equity Share
IL&FSTRANS,2015-10-07,2015-10-06,0.9751125561498004,IL&FSTRANS,1,nse_list:2015-10-07: Rights 1:3 @ Premium Rs.80/- Per Share
IMFA,2022-01-07,2022-01-06,0.4999999857211007,IMFA,2,nse_list:2022-01-07:Bonus 1:1 | tejhq:2022-01-07:Bonus 1:1
INDHOTEL,2017-10-04,2017-10-03,0.9358764537867555,INDHOTEL,1,nse_list:2017-10-04: Rights 1:5 @ Premium Rs 74/-
INDHOTEL,2021-11-11,2021-11-10,0.9696702759011532,INDHOTEL,1,nse_list:2021-11-11: Rights 1:9 @ Premium Rs 149/-
INDIAGLYCO,2025-08-12,2025-08-11,0.4999999741126808,INDIAGLYCO,3,bc:2025-08-12:FVSPLT FRM RS 10 TO RS 5 | nse_list:2025-08-12:Face Value Split (Sub-Division) - From Rs 10/- Per Share To Rs 5/- Per | tejhq:2025-08-12:Face Value Split (Sub-Division) - From Rs 10/- Per Share To Rs 5/- Per
INDIAGLYCO,2026-09-02,2026-09-01,0.2124673922820905,INDIAGLYCO,3,bc:2026-09-02:DEMERGER | nse_list:2026-09-02:Demerger | tejhq:2026-09-02:Demerger
INDIAMART,2023-06-21,2023-06-20,0.4999999834909049,INDIAMART,2,nse_list:2023-06-21:Bonus 1:1 | tejhq:2023-06-21:Bonus 1:1
INDIANHUME,2010-08-30,2010-08-27,0.2000000065205096,INDIANHUME,2,nse_list:2010-08-30:Face Value Split From Rs.10/- To Rs.2/- | tejhq:2010-08-30:Face Value Split From Rs.10/- To Rs.2/-
INDIANHUME,2016-12-09,2016-12-08,0.5000000076217729,INDIANHUME,2,nse_list:2016-12-09: Bonus 1:1 | tejhq:2016-12-09:Bonus 1:1
INDOCO,2012-05-17,2012-05-16,0.1333333363222722,INDOCO,2,nse_list:2012-05-17:Bonus 1:2 And Face Value Split From Rs.10 To Rs.2 | tejhq:2012-05-17:Bonus 1:2 And Face Value Split From Rs.10 To Rs.2
INEOSSTYRO,2021-10-22,2021-10-21,0.891876685546216,INEOSSTYRO,1,nse_list:2021-10-22: Special Dividend - Rs 192 Per Share
INFIBEAM,2017-08-31,2017-08-30,0.1000000002000721,INFIBEAM,2,nse_list:2017-08-31: Annual General Meeting/Face Value Split (Sub-Division) - From Rs 10/- | tejhq:2017-08-31:Annual General Meeting/Face Value Split (Sub-Division) - From Rs 10/- 
INFIBEAM,2020-12-10,2020-12-09,0.9707371975239169,INFIBEAM,2,nse_list:2020-12-10: Demerger | tejhq:2020-12-10:Demerger
INFIBEAM,2021-03-18,2021-03-17,0.5000000020296276,INFIBEAM,2,nse_list:2021-03-18: Bonus 1:1 | tejhq:2021-03-18:Bonus 1:1
INFIBEAM,2022-03-14,2022-03-11,0.5000000472265501,INFIBEAM,2,nse_list:2022-03-14:Bonus 1:1 | tejhq:2022-03-14:Bonus 1:1
INFIBEAM,2024-09-11,2024-09-10,0.9625369700953008,INFIBEAM,2,nse_list:2024-09-11:Demerger | tejhq:2024-09-11:Demerger
INFIBEAM,2025-06-26,2025-06-25,0.8940232591844726,INFIBEAM,2,"notes:2025-06-26:notes.json x0.8933: Rights issue ex-date: NSE's close fell, while NSE  | nse_list:2025-06-26:Rights 67:267 @ Premium Rs 9/-"
INFINITE,2017-11-01,2017-10-31,0.9629629567608924,INFINITE,2,nse_list:2017-11-01: Bonus 1:26 | tejhq:2017-11-01:Bonus 1:26
INFY,2014-12-02,2014-12-01,0.4999999882645907,INFY,2,nse_list:2014-12-02:Bonus 1:1 | tejhq:2014-12-02:Bonus 1:1
INFY,2015-06-15,2015-06-12,0.5000000061988714,INFY,2,nse_list:2015-06-15:Annual General Meeting/ Dividend - Rs 29.50/- Per Share And Bonus 1:1 | tejhq:2015-06-15:Annual General Meeting/ Dividend - Rs 29.50/- Per Share And Bonus 1:1
INFY,2018-09-04,2018-09-03,0.4999999834402349,INFY,2,nse_list:2018-09-04: Bonus 1:1 | tejhq:2018-09-04:Bonus 1:1
INGERRAND,2018-05-24,2018-05-23,0.7690505052467416,INGERRAND,1,nse_list:2018-05-24: Special Dividend- Rs 202 Per Share
INOXGREEN,2026-07-31,2026-07-30,0.9694151212553496,INOXGREEN,3,bc:2026-07-31:DEMERGER | nse_list:2026-07-31:Demerger | tejhq:2026-07-31:Demerger
INOXWIND,2024-05-24,2024-05-23,0.2500000098967143,INOXWIND,2,nse_list:2024-05-24:Bonus 3:1 | tejhq:2024-05-24:Bonus 3:1
INOXWIND,2025-07-29,2025-07-28,0.9857298835941928,INOXWIND,1,nse_list:2025-07-29:Rights 5:78 @ Premium Rs 110/-
INSECTICID,2015-04-16,2015-04-15,0.6666666976760911,INSECTICID,2,nse_list:2015-04-16:Bonus 1:2 | tejhq:2015-04-16:Bonus 1:2
INSECTICID,2022-09-30,2022-09-29,0.666666656643462,INSECTICID,2,nse_list:2022-09-30:Bonus 1:2 | tejhq:2022-09-30:Bonus 1:2
INTELLECT,2017-07-17,2017-07-14,0.9367591667474792,INTELLECT,1,nse_list:2017-07-17: Rights 5:22 @ Premium Rs 81/-
IOC,2009-10-29,2009-10-28,0.4999999831759446,IOC,1,nse_list:2009-10-29:Bonus 1:1
IOC,2016-10-18,2016-10-17,0.500000030854998,IOC,2,nse_list:2016-10-18: Bonus 1:1 | tejhq:2016-10-18:Bonus 1:1
IOC,2018-03-15,2018-03-14,0.4999999760542378,IOC,2,nse_list:2018-03-15: Bonus 1:1 | tejhq:2018-03-15:Bonus 1:1
IOC,2022-06-30,2022-06-29,0.6666666388728797,IOC,2,nse_list:2022-06-30:Bonus 1:2 | tejhq:2022-06-30:Bonus 1:2
IOLCP,2025-03-11,2025-03-10,0.2000000126171528,IOLCP,2,nse_list:2025-03-11:Face Value Split (Sub-Division) - From Rs 10/- Per Share To Rs 2/- Per | tejhq:2025-03-11:Face Value Split (Sub-Division) - From Rs 10/- Per Share To Rs 2/- Per
IONEXCHANG,2023-06-12,2023-06-09,0.0999999999999999,IONEXCHANG,2,nse_list:2023-06-12:Face Value Split (Sub-Division) - From Rs 10/- Per Share To Re 1/- Per | tejhq:2023-06-12:Face Value Split (Sub-Division) - From Rs 10/- Per Share To Re 1/- Per
IPCALAB,2010-03-22,2010-03-19,0.2000000046388111,IPCALAB,2,nse_list:2010-03-22:Fv Split Rs.10 To Rs.2 | tejhq:2010-03-22:Fv Split Rs.10 To Rs.2
IPCALAB,2022-01-10,2022-01-07,0.50000001109831,IPCALAB,2,nse_list:2022-01-10:Face Value Split (Sub-Division) - From Rs 2/- Per Share To Re 1/- Per  | tejhq:2022-01-10:Face Value Split (Sub-Division) - From Rs 2/- Per Share To Re 1/- Per 
IRB,2023-02-22,2023-02-21,0.1000000050620714,IRB,2,nse_list:2023-02-22:Face Value Split (Sub-Division) - From Rs 10/- Per Share To Re 1/- Per | tejhq:2023-02-22:Face Value Split (Sub-Division) - From Rs 10/- Per Share To Re 1/- Per
IRB,2026-03-30,2026-03-27,0.5000000175119319,IRB,3,bc:2026-03-30:BONUS 1:1 | nse_list:2026-03-30:Bonus 1:1 | tejhq:2026-03-30:Bonus 1:1
IRCON,2020-04-03,2020-04-01,0.2000000072392923,IRCON,2,nse_list:2020-04-03: Face Value Split (Sub-Division) - From Rs 10/- Per Share To Rs 2/- Pe | tejhq:2020-04-03:Face Value Split (Sub-Division) - From Rs 10/- Per Share To Rs 2/- Per
IRCON,2021-05-20,2021-05-19,0.4999999846757842,IRCON,2,nse_list:2021-05-20: Bonus 1:1 | tejhq:2021-05-20:Bonus 1:1
IRCTC,2021-10-28,2021-10-27,0.2000000070934167,IRCTC,2,nse_list:2021-10-28: Face Value Split (Sub-Division) - From Rs 10/- Per Share To Rs 2/- Pe | tejhq:2021-10-28:Face Value Split (Sub-Division) - From Rs 10/- Per Share To Rs 2/- Per
ITC,2010-08-03,2010-08-02,0.4999999791692623,ITC,2,nse_list:2010-08-03:Bonus 1:1 | tejhq:2010-08-03:Bonus 1:1
ITC,2016-07-01,2016-06-30,0.6666667083195256,ITC,2,nse_list:2016-07-01: Bonus 1:2 | tejhq:2016-07-01:Bonus 1:2
ITC,2025-01-06,2025-01-03,0.919123754152824,ITC,3,bc:2025-01-06:DEMERGER | nse_list:2025-01-06:Demerger | tejhq:2025-01-06:Demerger
ITDCEM,2015-08-21,2015-08-20,0.0999999973656638,ITDCEM,2,nse_list:2015-08-21: Face Value Split (Sub-Division) - From Rs 10/- Per Share To Re 1/- Pe | tejhq:2015-08-21:Face Value Split (Sub-Division) - From Rs 10/- Per Share To Re 1/- Per
IVRCLINFRA,2010-03-18,2010-03-17,0.5000000090062204,IVRCLINFRA,2,nse_list:2010-03-18:Bonus 1:1 | tejhq:2010-03-18:Bonus 1:1
J&KBANK,2014-09-04,2014-09-03,0.0999999994906807,J&KBANK,2,nse_list:2014-09-04:Face Value Split - From Rs 10/- Per Share To Re 1/- Per Share | tejhq:2014-09-04:Face Value Split - From Rs 10/- Per Share To Re 1/- Per Share
JAGRAN,2008-01-09,2008-01-08,0.1999999959010314,JAGRAN,1,nse_list:2008-01-09:Fv Split Rs.10/- To Rs.2/
JAGRAN,2026-06-05,2026-06-04,0.872122711168635,JAGRAN,1,nse_list:2026-06-05:Interim Dividend - Rs 7 Per Share & Special Dividend Rs 3 Per Share
JAIBALAJI,2025-01-17,2025-01-16,0.2000000102790803,JAIBALAJI,3,bc:2025-01-17:FVSPLT FRM RS 10 TO RS 2 | nse_list:2025-01-17:Face Value Split (Sub-Division) - From Rs 10/- Per Share To Rs 2/- Per | tejhq:2025-01-17:Face Value Split (Sub-Division) - From Rs 10/- Per Share To Rs 2/- Per
JAMNAAUTO,2015-12-03,2015-12-02,0.499999991859294,JAMNAAUTO,2,nse_list:2015-12-03: Face Value Split (Sub-Division) - From Rs 10/- Per Share To Rs 5/- Pe | tejhq:2015-12-03:Face Value Split (Sub-Division) - From Rs 10/- Per Share To Rs 5/- Per
JAMNAAUTO,2017-10-05,2017-10-04,0.2000000038983311,JAMNAAUTO,2,nse_list:2017-10-05: Face Value Split (Sub-Division) - From Rs 5/- Per Share To Re 1/- Per | tejhq:2017-10-05:Face Value Split (Sub-Division) - From Rs 5/- Per Share To Re 1/- Per 
JAYSREETEA,2010-08-13,2010-08-12,0.5000000089835017,JAYSREETEA,2,nse_list:2010-08-13:Face Value Split From Rs.10/- To Rs.5/- | tejhq:2010-08-13:Face Value Split From Rs.10/- To Rs.5/-
JBCHEPHARM,2011-08-29,2011-08-26,0.7164126639423157,JBCHEPHARM,1,nse_list:2011-08-29:Special Interim Dividend Rs.40/- Per Share
JBCHEPHARM,2023-09-18,2023-09-15,0.5000000081872668,JBCHEPHARM,2,nse_list:2023-09-18:Face Value Split (Sub-Division) - From Rs 2/- Per Share To Re 1/- Per  | tejhq:2023-09-18:Face Value Split (Sub-Division) - From Rs 2/- Per Share To Re 1/- Per 
JBMA,2014-10-08,2014-10-07,0.2499999980430521,JBMA,2,nse_list:2014-10-08:Bonus 1:1 And Face Value Split Rs.10/- To Rs.5/- Per Share | tejhq:2014-10-08:Bonus 1:1 And Face Value Split Rs.10/- To Rs.5/- Per Share
JBMA,2022-02-21,2022-02-18,0.4000000098206204,JBMA,2,nse_list:2022-02-21:Face Value Split (Sub-Division) - From Rs 5/- Per Share To Rs 2/- Per  | tejhq:2022-02-21:Face Value Split (Sub-Division) - From Rs 5/- Per Share To Rs 2/- Per 
JBMA,2025-01-31,2025-01-30,0.5000000076146413,JBMA,3,bc:2025-01-31:FV SPLT FRM RS 2 TO RE 1 | nse_list:2025-01-31:Face Value Split (Sub-Division) - From Rs 2/- Per Share To Re 1/- Per  | tejhq:2025-01-31:Face Value Split (Sub-Division) - From Rs 2/- Per Share To Re 1/- Per 
JINDALPOLY,2010-10-22,2010-10-21,0.4999999939328798,JINDALPOLY,2,nse_list:2010-10-22:Bonus 1:1 | tejhq:2010-10-22:Bonus 1:1
JINDALPOLY,2013-07-17,2013-07-16,0.968605419695968,JINDALPOLY,2,nse_list:2013-07-17:Scheme Of Demerger | tejhq:2013-07-17:Scheme Of Demerger
JINDALPOLY,2019-12-30,2019-12-27,0.9506067702789016,JINDALPOLY,2,nse_list:2019-12-30: Demerger | tejhq:2019-12-30:Demerger
JINDALSAW,2009-12-10,2009-12-09,0.2000000012856363,JINDALSAW,1,nse_list:2009-12-10:Fv Split Rs.10/- To Rs.2/
JINDALSAW,2024-10-09,2024-10-08,0.5000000163272003,JINDALSAW,3,bc:2024-10-09:FV SPLT FRM RS 2 TO RE 1 | nse_list:2024-10-09:Face Value Split (Sub-Division) - From Rs 2/- Per Share To Re 1/- Per  | tejhq:2024-10-09:Face Value Split (Sub-Division) - From Rs 2/- Per Share To Re 1/- Per 
JINDALSTEL,2008-01-21,2008-01-18,0.1999999947072104,JINDALSTEL,1,nse_list:2008-01-21:Fv Split Rs.5/- To Re.1/-
JINDALSTEL,2009-09-14,2009-09-11,0.1666669913329879,JINDALSTEL,2,notes:2009-09-14:notes.json x0.166667: 1:6 adjustment (split with bonus) in no corporat | nse_list:2009-09-14:Div-Rs.5.50 Pr Sh/Bon 5:1purpose Revised
JINDWORLD,2017-12-26,2017-12-22,0.4999999890027615,JINDWORLD,2,nse_list:2017-12-26: Face Value Split (Sub-Division) - From Rs 10/- Per Share To Rs 5/- Pe | tejhq:2017-12-26:Face Value Split (Sub-Division) - From Rs 10/- Per Share To Rs 5/- Per
JINDWORLD,2018-10-31,2018-10-30,0.1999999975777854,JINDWORLD,2,nse_list:2018-10-31: Face Value Split (Sub-Division) - From Rs 5/- Per Share To Re 1/- Per | tejhq:2018-10-31:Face Value Split (Sub-Division) - From Rs 5/- Per Share To Re 1/- Per 
JINDWORLD,2025-02-28,2025-02-27,0.2000000144630083,JINDWORLD,3,bc:2025-02-28:BONUS 4:1 | nse_list:2025-02-28:Bonus 4:1 | tejhq:2025-02-28:Bonus 4:1
JISLJALEQS,2010-10-29,2010-10-28,0.1999999957096806,JISLJALEQS,2,nse_list:2010-10-29:Face Value Split From Rs.10/- To Rs.2/- | tejhq:2010-10-29:Face Value Split From Rs.10/- To Rs.2/-
JKIL,2015-12-10,2015-12-09,0.4999999999747632,JKIL,2,nse_list:2015-12-10: Face Value Split (Sub-Division) - From Rs 10/- Per Share To Rs 5/- Pe | tejhq:2015-12-10:Face Value Split (Sub-Division) - From Rs 10/- Per Share To Rs 5/- Per
JKLAKSHMI,2009-12-17,2009-12-16,0.4999999772511531,JKLAKSHMI,1,nse_list:2009-12-17:Fv Split Rs.10 To Rs.5
JKPAPER,2011-07-26,2011-07-25,0.9572806567879992,JKPAPER,1,nse_list:2011-07-26:Rights 3:4 @ Premium Rs.32/- Per Share
JKTYRE,2008-07-07,2008-07-04,0.9820675238988396,JKTYRE,1,nse_list:2008-07-07:Rights-Eq 1:3@Prem Rs 75
JKTYRE,2014-12-18,2014-12-17,0.1999999896943055,JKTYRE,2,nse_list:2014-12-18:Face Value Split (Sub-Division) - From Rs 10/- Per Share To Rs 2/- Per | tejhq:2014-12-18:Face Value Split (Sub-Division) - From Rs 10/- Per Share To Rs 2/- Per
JLHL,2026-07-24,2026-07-23,0.1999999885696658,JLHL,3,bc:2026-07-24:FVSPLT FRM RS 10 TO RS 2 | nse_list:2026-07-24:Face Value Split (Sub-Division) - From Rs 10/- Per Share To Rs 2/- Per | tejhq:2026-07-24:Face Value Split (Sub-Division) - From Rs 10/- Per Share To Rs 2/- Per
JMCPROJECT,2009-07-24,2009-07-23,0.9318554860824986,JMCPROJECT,1,nse_list:2009-07-24:Rht1:5@Prem-Rs100/Div-Rs2bc Dates And Purpose Revised
JMCPROJECT,2018-10-04,2018-10-03,0.2000000029316928,JMCPROJECT,2,nse_list:2018-10-04: Face Value Split (Sub-Division) - From Rs 10/- Per Share To Rs 2/- Pe | tejhq:2018-10-04:Face Value Split (Sub-Division) - From Rs 10/- Per Share To Rs 2/- Per
JMFINANCIL,2008-09-08,2008-09-05,0.0400000017985652,JMFINANCIL,2,notes:2008-09-08:notes.json x0.04: JM Financial: face value split Rs 10 to Re 1 with a  | nse_list:2008-09-08:Fv Spl-Rs10tore1/Bon-3:2
JMTAUTOLTD,2014-07-30,2014-07-28,0.2857142695407803,JMTAUTOLTD,2,nse_list:2014-07-30:Bonus 5:2 | tejhq:2014-07-30:Bonus 5:2
JMTAUTOLTD,2015-06-25,2015-06-24,0.1999999898721222,JMTAUTOLTD,2,nse_list:2015-06-25:Face Value Split (Sub-Division) - From Rs 10/- Per Share To Rs 2/- Per | tejhq:2015-06-25:Face Value Split (Sub-Division) - From Rs 10/- Per Share To Rs 2/- Per
JMTAUTOLTD,2016-09-21,2016-09-20,0.4999999986455951,JMTAUTOLTD,2,nse_list:2016-09-21: Face Value Split From Rs 2 To Re 1 | tejhq:2016-09-21:Face Value Split From Rs 2 To Re 1
JPASSOCIAT,2009-12-17,2009-12-16,0.6666666530624864,JPASSOCIAT,1,nse_list:2009-12-17:Bonus 1:2
JSL,2015-11-19,2015-11-18,0.3913043478260869,JSL,1,nse_list:2015-11-19: Composite Scheme Of Arrangement
JSLL,2023-11-02,2023-11-01,0.5555555821394218,JSLL,1,"notes:2023-11-02:notes.json x0.5556: Bonus 4:5, ex-date 2 Nov 2023 (SME, absent from NS"
JSLL,2025-06-12,2025-06-11,0.2000000039241163,JSLL,2,"bc:2025-06-12:FVSPLT FRM RS 10 TO RS 2 | notes:2025-06-12:notes.json x0.2: Split Rs 10 to Rs 2, ex-date 12 Jun 2025 (SME list): "
JSWSTEEL,2017-01-04,2017-01-03,0.0999999992417378,JSWSTEEL,2,nse_list:2017-01-04: Fv Splt Frm Rs 10 To Re 1 | tejhq:2017-01-04:Fv Splt Frm Rs 10 To Re 1
JTEKTINDIA,2008-09-02,2008-09-01,0.5000000162403143,SONASTEER,1,nse_list:2008-09-02:Fv Split Rs.2/- To Re.1/-
JTEKTINDIA,2025-07-25,2025-07-24,0.9782916540276092,JTEKTINDIA,1,nse_list:2025-07-25:Rights 1:11 @ Premium Rs 107.10/-
JTLIND,2023-09-07,2023-09-06,0.4999999860395346,JTLIND,2,nse_list:2023-09-07:Bonus 1:1 | tejhq:2023-09-07:Bonus 1:1
JTLIND,2024-11-14,2024-11-13,0.4999999739617514,JTLIND,2,nse_list:2024-11-14:Face Value Split (Sub-Division) - From Rs 2/- Per Share To Re 1/- Per  | tejhq:2024-11-14:Face Value Split (Sub-Division) - From Rs 2/- Per Share To Re 1/- Per 
JUBLFOOD,2018-06-21,2018-06-20,0.5000000023296128,JUBLFOOD,2,nse_list:2018-06-21: Bonus 1:1 | tejhq:2018-06-21:Bonus 1:1
JUBLFOOD,2022-04-19,2022-04-18,0.1999999963884272,JUBLFOOD,2,nse_list:2022-04-19:Face Value Split (Sub-Division) - From Rs 10/- Per Share To Rs 2/- Per | tejhq:2022-04-19:Face Value Split (Sub-Division) - From Rs 10/- Per Share To Rs 2/- Per
JUBLPHARMA,2010-11-25,2010-11-24,0.9447650453421268,JUBILANT,2,nse_list:2010-11-25:Scheme Of Demerger | tejhq:2010-11-25:Scheme Of Demerger
JUBLPHARMA,2021-02-04,2021-02-03,0.8802164586583464,JUBILANT,2,nse_list:2021-02-04: Demerger | tejhq:2021-02-04:Demerger
JYOTHYLAB,2008-12-12,2008-12-11,0.1999999947143227,JYOTHYLAB,1,nse_list:2008-12-12:Fv Split Rs.5/- To Re.1/-
JYOTHYLAB,2012-07-12,2012-07-11,0.4999999999086797,JYOTHYLAB,2,nse_list:2012-07-12:Annual General Meeting/Dividend Of Rs.2.50 Per Share/ Bonus 1:1 | tejhq:2012-07-12:Annual General Meeting/Dividend Of Rs.2.50 Per Share/ Bonus 1:1
JYOTHYLAB,2018-06-28,2018-06-27,0.4999999997520618,JYOTHYLAB,2,nse_list:2018-06-28: Bonus 1:1 | tejhq:2018-06-28:Bonus 1:1
JYOTISTRUC,2024-03-21,2024-03-20,0.9504876756812656,JYOTISTRUC,1,nse_list:2024-03-21:Rights 6:37 @ Premium Rs 13/-
JYOTISTRUC,2025-02-10,2025-02-07,0.8958046030800173,JYOTISTRUC,1,nse_list:2025-02-10:Rights 9:26 @ Premium Rs 14/-
KAJARIACER,2016-10-04,2016-10-03,0.5000000349115216,KAJARIACER,2,nse_list:2016-10-04: Face Value Split From Rs 2 To Re 1 | tejhq:2016-10-04:Face Value Split From Rs 2 To Re 1
KANSAINER,2010-06-23,2010-06-22,0.500000008757788,KANSAINER,2,nse_list:2010-06-23:Bonus 1:1 | tejhq:2010-06-23:Bonus 1:1
KANSAINER,2015-03-26,2015-03-25,0.0999999989980086,KANSAINER,2,nse_list:2015-03-26:Face Value Split (Sub-Division) - From Rs 10/- Per Share To Re 1/- Per | tejhq:2015-03-26:Face Value Split (Sub-Division) - From Rs 10/- Per Share To Re 1/- Per
KANSAINER,2023-07-04,2023-07-03,0.6666666803630518,KANSAINER,2,nse_list:2023-07-04:Bonus 1:2 | tejhq:2023-07-04:Bonus 1:2
KARURVYSYA,2010-09-16,2010-09-15,0.7142857745842168,KARURVYSYA,2,nse_list:2010-09-16:Bonus 2:5 | tejhq:2010-09-16:Bonus 2:5
KARURVYSYA,2011-02-17,2011-02-16,0.7907490384615983,KARURVYSYA,2,"notes:2011-02-17:notes.json x0.7951: Rights issue ex-date: NSE's close fell, while NSE  | nse_list:2011-02-17:Rights 2:5 @ Premium Rs.140/- Per Share"
KARURVYSYA,2016-11-17,2016-11-16,0.1999999897504111,KARURVYSYA,2,nse_list:2016-11-17: Fv Splt Frm Rs 10 To Rs 2 | tejhq:2016-11-17:Fv Splt Frm Rs 10 To Rs 2
KARURVYSYA,2017-10-12,2017-10-11,0.9316599387657698,KARURVYSYA,1,nse_list:2017-10-12: Rights 1:6 @ Premium Rs 74/-
KARURVYSYA,2018-08-14,2018-08-13,0.9090909096604064,KARURVYSYA,2,nse_list:2018-08-14: Bonus 1:10 | tejhq:2018-08-14:Bonus 1:10
KARURVYSYA,2025-08-26,2025-08-25,0.8333332905269197,KARURVYSYA,3,bc:2025-08-26:BONUS 1:5 | nse_list:2025-08-26:Bonus 1:5 | tejhq:2025-08-26:Bonus 1:5
KCP,2010-09-02,2010-09-01,0.100000005236543,KCP,2,nse_list:2010-09-02:1st Interim Dividend Rs.2.50 Per Share And Face Value Split From Rs.10 | tejhq:2010-09-02:1st Interim Dividend Rs.2.50 Per Share And Face Value Split From Rs.10
KEC,2010-12-30,2010-12-29,0.1999999981212244,KEC,2,nse_list:2010-12-30:Face Value Split From Rs.10/- To Rs.2/- | tejhq:2010-12-30:Face Value Split From Rs.10/- To Rs.2/-
KESORAMIND,2013-05-15,2013-05-14,0.7900459534509975,KESORAMIND,2,"notes:2013-05-15:notes.json x0.79: Rights issue ex-date: NSE's close fell, while NSE Ma | nse_list:2013-05-15:Rights 7:5@Premium Rs.55 Per Share/Annual General Meeting / Dividend R"
KESORAMIND,2019-12-24,2019-12-23,0.9297484822202948,KESORAMIND,2,nse_list:2019-12-24: Demerger | tejhq:2019-12-24:Demerger
KESORAMIND,2021-09-16,2021-09-15,0.8554726059517918,KESORAMIND,1,nse_list:2021-09-16: Rights 133:274 @ Premium Rs 40/-
KESORAMIND,2025-03-10,2025-03-07,0.0473999984566512,KESORAMIND,3,notes:2025-03-10:notes.json x0.0474: Demerger: Kesoram's cement business went to UltraT | nse_list:2025-03-10:Demerger | tejhq:2025-03-10:Demerger
KGL,2008-04-04,2008-04-03,0.0999999951067485,KNL,1,nse_list:2008-04-04:Fv Split Rs.10/- To Re.1/
KIMS,2024-09-13,2024-09-12,0.2000000061629916,KIMS,2,nse_list:2024-09-13:Face Value Split (Sub-Division) - From Rs 10/- Per Share To Rs 2/- Per | tejhq:2024-09-13:Face Value Split (Sub-Division) - From Rs 10/- Per Share To Rs 2/- Per
KIRLPNU,2026-08-18,2026-08-17,0.5000000078833543,KIRLPNU,3,bc:2026-08-18:FVSPLT FRM RS 2 TO RE 1 | nse_list:2026-08-18:Face Value Split (Sub-Division) - From Rs 2/- Per Share To Re 1/- Per  | tejhq:2026-08-18:Face Value Split (Sub-Division) - From Rs 2/- Per Share To Re 1/- Per 
KITEX,2017-06-22,2017-06-21,0.7142857367929628,KITEX,2,nse_list:2017-06-22: Bonus 2:5 | tejhq:2017-06-22:Bonus 2:5
KITEX,2025-01-17,2025-01-16,0.3333333302094662,KITEX,3,bc:2025-01-17:BONUS 2:1 | nse_list:2025-01-17:Bonus 2:1 | tejhq:2025-01-17:Bonus 2:1
KKCL,2021-12-16,2021-12-15,0.19999999819696,KKCL,2,nse_list:2021-12-16: Bonus 4:1 | tejhq:2021-12-16:Bonus 4:1
KMEW,2025-12-22,2025-12-19,0.5000000286204257,KMEW,3,bc:2025-12-22:FVSPLT FRM RS 10 TO RS 5 | nse_list:2025-12-22:Face Value Split (Sub-Division) - From Rs 10/- Per Share To Rs 5/- Per | tejhq:2025-12-22:Face Value Split (Sub-Division) - From Rs 10/- Per Share To Rs 5/- Per
KNRCON,2016-12-13,2016-12-12,0.2000000022770064,KNRCON,2,nse_list:2016-12-13: Fv Splt Frm Rs 10 To Rs 2 | tejhq:2016-12-13:Fv Splt Frm Rs 10 To Rs 2
KNRCON,2021-02-03,2021-02-02,0.5000000069611266,KNRCON,2,nse_list:2021-02-03: Bonus 1:1 | tejhq:2021-02-03:Bonus 1:1
KOTAKBANK,2010-09-13,2010-09-09,0.4999999812823161,KOTAKBANK,2,nse_list:2010-09-13:Face Value Split From Rs.10/- To Rs.5/- | tejhq:2010-09-13:Face Value Split From Rs.10/- To Rs.5/-
KOTAKBANK,2015-07-08,2015-07-07,0.4999999979110857,KOTAKBANK,2,nse_list:2015-07-08:Bonus 1: 1 | tejhq:2015-07-08:Bonus 1: 1
KOTAKBANK,2026-01-14,2026-01-13,0.1999999948483878,KOTAKBANK,3,bc:2026-01-14:FV SPLT FRM RS 5 TO RE 1 | nse_list:2026-01-14:Face Value Split (Sub-Division) - From Rs 5/- Per Share To Re 1/- Per  | tejhq:2026-01-14:Face Value Split (Sub-Division) - From Rs 5/- Per Share To Re 1/- Per 
KPIGREEN,2023-01-18,2023-01-17,0.5000000031214272,KPIGREEN,2,nse_list:2023-01-18:Bonus 1:1 | tejhq:2023-01-18:Bonus 1:1
KPIGREEN,2024-02-15,2024-02-14,0.6666666422008027,KPIGREEN,2,nse_list:2024-02-15:Bonus 1:2 | tejhq:2024-02-15:Bonus 1:2
KPIGREEN,2024-07-18,2024-07-16,0.4999999967209192,KPIGREEN,2,nse_list:2024-07-18:Face Value Split (Sub-Division) - From Rs10/- Per Share To Rs 5/- Per  | tejhq:2024-07-18:Face Value Split (Sub-Division) - From Rs10/- Per Share To Rs 5/- Per 
KPIGREEN,2025-01-03,2025-01-02,0.6666666280890372,KPIGREEN,3,bc:2025-01-03:BONUS 1:2 | nse_list:2025-01-03:Bonus 1:2 | tejhq:2025-01-03:Bonus 1:2
KPIL,2010-09-08,2010-09-07,0.1999999981705003,KALPATPOWR,2,nse_list:2010-09-08:Face Value Split From Rs.10/- To Rs.2/- | tejhq:2010-09-08:Face Value Split From Rs.10/- To Rs.2/-
KPIT,2012-03-13,2012-03-12,0.5000000111972887,KPIT,2,nse_list:2012-03-13:Bonus 1:1 | tejhq:2012-03-13:Bonus 1:1
KPIT,2019-01-24,2019-01-23,0.5951996307408262,KPIT,1,nse_list:2019-01-24: Composite Scheme Of Arrangement
KPRMILL,2016-11-29,2016-11-28,0.4999999981338497,KPRMILL,2,nse_list:2016-11-29: Fv Splt Frm Rs 10 To Rs 5 | tejhq:2016-11-29:Fv Splt Frm Rs 10 To Rs 5
KPRMILL,2021-09-24,2021-09-23,0.2000000011634331,KPRMILL,2,nse_list:2021-09-24: Face Value Split (Sub-Division) - From Rs 5/- Per Share To Re 1/- Per | tejhq:2021-09-24:Face Value Split (Sub-Division) - From Rs 5/- Per Share To Re 1/- Per 
KRBL,2010-02-10,2010-02-09,0.0999999981918139,KRBL,2,nse_list:2010-02-10:Fv Spl-Rs10tore1/Div-1.50 | tejhq:2010-02-10:Fv Spl-Rs10tore1/Div-1.50
KSB,2011-04-18,2011-04-15,0.5000000027220554,KSBPUMPS,2,nse_list:2011-04-18:Bonus 1:1 | tejhq:2011-04-18:Bonus 1:1
KSB,2024-07-25,2024-07-24,0.2000000019565293,KSB,2,nse_list:2024-07-25:Face Value Split (Sub-Division) - From Rs 10/- Per Share To Rs 2/- Per | tejhq:2024-07-25:Face Value Split (Sub-Division) - From Rs 10/- Per Share To Rs 2/- Per
KSCL,2014-01-27,2014-01-24,0.2000000052518221,KSCL,2,nse_list:2014-01-27:Face Value Split From Rs 10/- To Rs 2/- | tejhq:2014-01-27:Face Value Split From Rs 10/- To Rs 2/-
KTKBANK,2011-02-25,2011-02-24,0.9236452996653612,KTKBANK,1,nse_list:2011-02-25:Rights 2:5 @ Premium Rs 75 Per Share
KTKBANK,2016-10-24,2016-10-21,0.8145332095122901,KTKBANK,2,"notes:2016-10-24:notes.json x0.8145: Rights issue ex-date: NSE's close fell, while NSE  | nse_list:2016-10-24: Rights 1:2 @ Premium Rs 60/- Per Share"
KTKBANK,2020-03-17,2020-03-16,0.909090930261392,KTKBANK,2,nse_list:2020-03-17: Bonus 1:10 | tejhq:2020-03-17:Bonus 1:10
LAKSHVILAS,2009-09-24,2009-09-23,0.7281369238395367,LAKSHVILAS,1,nse_list:2009-09-24:Rights 1:1 Prem@Rs.44/-
LAKSHVILAS,2017-12-05,2017-12-04,0.9281021713951532,LAKSHVILAS,1,nse_list:2017-12-05: Rights 1:3 @ Premium Rs 112/-
LALPATHLAB,2025-12-19,2025-12-18,0.5000000262505072,LALPATHLAB,3,bc:2025-12-19:BONUS 1:1 | nse_list:2025-12-19:Bonus 1:1 | tejhq:2025-12-19:Bonus 1:1
LAOPALA,2014-09-24,2014-09-23,0.1999999920985516,LAOPALA,2,nse_list:2014-09-24:Sub-Division From Rs 10/- Per Share To Rs 2/- Per Share | tejhq:2014-09-24:Sub-Division From Rs 10/- Per Share To Rs 2/- Per Share
LAOPALA,2018-03-22,2018-03-21,0.4999999812083879,LAOPALA,2,nse_list:2018-03-22: Bonus 1:1 | tejhq:2018-03-22:Bonus 1:1
LAURUSLABS,2020-09-29,2020-09-28,0.2000000007497966,LAURUSLABS,2,nse_list:2020-09-29: Face Value Split (Sub-Division) - From Rs 10/- Per Share To Rs 2/- Pe | tejhq:2020-09-29:Face Value Split (Sub-Division) - From Rs 10/- Per Share To Rs 2/- Per
LGBBROSLTD,2014-07-04,2014-07-03,0.5000000061323376,LGBBROSLTD,2,nse_list:2014-07-04:Annual General Meeting / Final Dividend - Rs 7/- Per Share / Bonus 1 : | tejhq:2014-07-04:Annual General Meeting / Final Dividend - Rs 7/- Per Share / Bonus 1 :
LGBBROSLTD,2018-06-14,2018-06-13,0.5000000098830354,LGBBROSLTD,2,nse_list:2018-06-14: Bonus 1:1 | tejhq:2018-06-14:Bonus 1:1
LICHSGFIN,2010-12-30,2010-12-29,0.1999999986012497,LICHSGFIN,2,nse_list:2010-12-30:Face Value Split From Rs.10/- To Rs.2/- | tejhq:2010-12-30:Face Value Split From Rs.10/- To Rs.2/-
LICI,2026-05-29,2026-05-27,0.4999999925811164,LICI,3,bc:2026-05-29:BONUS 1:1 | nse_list:2026-05-29:Bonus 1:1 | tejhq:2026-05-29:Bonus 1:1
LITL,2010-01-04,2009-12-31,0.0999999994512417,LITL,2,nse_list:2010-01-04:Fv Split Rs.10 To Re.1 | tejhq:2010-01-04:Fv Split Rs.10 To Re.1
LLOYDSENGG,2023-12-14,2023-12-13,0.961911255821974,LLOYDSENGG,1,nse_list:2023-12-14:Rights 1:17 @ Premium Rs 14.50/-
LLOYDSENGG,2025-04-28,2025-04-25,0.8843321383176053,LLOYDSENGG,1,nse_list:2025-04-28:Rights 9:34 @ Premium Rs 31/-
LLOYDSENT,2025-08-14,2025-08-13,0.9144819436045288,LLOYDSENT,1,nse_list:2025-08-14:Rights 1:5 @ Premium Rs 38/-
LODHA,2023-05-31,2023-05-30,0.4999999888101284,LODHA,2,nse_list:2023-05-31:Bonus 1:1 | tejhq:2023-05-31:Bonus 1:1
LT,2008-10-01,2008-09-30,0.500000021192057,LT,1,nse_list:2008-10-01:Bonus 1:1
LT,2013-07-11,2013-07-10,0.6666666466189347,LT,2,nse_list:2013-07-11:Bonus 1:2 | tejhq:2013-07-11:Bonus 1:2
LT,2017-07-13,2017-07-12,0.6666666524480378,LT,2,nse_list:2017-07-13: Bonus 1:2 | tejhq:2017-07-13:Bonus 1:2
LTF,2021-01-21,2021-01-20,0.9301137028833278,L&TFH,1,nse_list:2021-01-21: Rights 17:74@ Premium Rs 55 Per Share
LTFOODS,2017-02-07,2017-02-06,0.0999999971969824,DAAWAT,2,nse_list:2017-02-07: Fv Splt Frm Rs 10 To Re 1 | tejhq:2017-02-07:Fv Splt Frm Rs 10 To Re 1
LUMAXTECH,2018-06-07,2018-06-06,0.2000000043099107,LUMAXTECH,2,nse_list:2018-06-07: Face Value Split (Sub-Division) - From Rs 10/- Per Share To Rs 2/- Pe | tejhq:2018-06-07:Face Value Split (Sub-Division) - From Rs 10/- Per Share To Rs 2/- Per
LUPIN,2010-08-27,2010-08-26,0.1999999888866487,LUPIN,2,nse_list:2010-08-27:Face Value Split From Rs.10/- To Rs.2/- | tejhq:2010-08-27:Face Value Split From Rs.10/- To Rs.2/-
LUXIND,2016-06-06,2016-06-03,0.2000000070144124,LUXIND,2,nse_list:2016-06-06: Face Value Split From Rs 10 To Rs 2 | tejhq:2016-06-06:Face Value Split From Rs 10 To Rs 2
M&M,2010-03-29,2010-03-26,0.5000000333436703,M&M,2,nse_list:2010-03-29:Fv Split Rs.10 To Rs.5 | tejhq:2010-03-29:Fv Split Rs.10 To Rs.5
M&M,2017-12-21,2017-12-20,0.4999999917764544,M&M,2,nse_list:2017-12-21: Bonus 1:1 | tejhq:2017-12-21:Bonus 1:1
M&MFIN,2013-02-15,2013-02-14,0.1999999984981617,M&MFIN,2,nse_list:2013-02-15:Face Value Split Rs 10 To Rs 2 | tejhq:2013-02-15:Face Value Split Rs 10 To Rs 2
M&MFIN,2020-07-22,2020-07-21,0.6096972491595585,M&MFIN,1,nse_list:2020-07-22: Rights 1:1 @ Premium Rs 48/-
M&MFIN,2025-05-14,2025-05-13,0.9729917399986696,M&MFIN,1,nse_list:2025-05-14:Rights 1:8 @ Premium Rs 192/-
MAHLIFE,2017-03-30,2017-03-29,0.9340679022660472,MAHLIFE,1,nse_list:2017-03-30: Rights 1:4 @ Premium Rs 282/-
MAHLIFE,2021-09-14,2021-09-13,0.3333333441691268,MAHLIFE,2,nse_list:2021-09-14: Bonus 2:1 | tejhq:2021-09-14:Bonus 2:1
MAHLIFE,2025-05-23,2025-05-22,0.9187517607738014,MAHLIFE,1,nse_list:2025-05-23:Rights 3:8 @ Premium Rs 247/-
MAHLOG,2025-07-23,2025-07-22,0.9125921308372944,MAHLOG,1,nse_list:2025-07-23:Rights 3:8 @ Premium Rs 267/-
MAHSEAMLES,2022-11-25,2022-11-24,0.5,MAHSEAMLES,2,nse_list:2022-11-25:Bonus 1:1 | tejhq:2022-11-25:Bonus 1:1
MAITHANALL,2015-07-15,2015-07-14,0.5000000066965768,MAITHANALL,2,nse_list:2015-07-15:Bonus 1:1 | tejhq:2015-07-15:Bonus 1:1
MANAPPURAM,2011-06-09,2011-06-08,0.499999980391833,MANAPPURAM,2,nse_list:2011-06-09:Bonus Shares In The Ratio Of 1:1 | tejhq:2011-06-09:Bonus Shares In The Ratio Of 1:1
MANDHANA,2016-09-22,2016-09-21,0.3505535055350552,MANDHANA,2,nse_list:2016-09-22: Scheme Of Demerger | tejhq:2016-09-22:Scheme Of Demerger
MANINDS,2020-09-24,2020-09-23,0.8982536066818527,MANINDS,2,nse_list:2020-09-24: Demerger | tejhq:2020-09-24:Demerger
MANINFRA,2014-08-28,2014-08-27,0.2000000049141156,MANINFRA,2,nse_list:2014-08-28:Annual General Meeting / Dividend - Rs 1.35/- Per Share / Face Value S | tejhq:2014-08-28:Annual General Meeting / Dividend - Rs 1.35/- Per Share / Face Value S
MANINFRA,2021-11-17,2021-11-16,0.6666666439854492,MANINFRA,2,nse_list:2021-11-17: Bonus 1:2 | tejhq:2021-11-17:Bonus 1:2
MANORAMA,2024-03-07,2024-03-06,0.1999999922223504,MANORAMA,2,nse_list:2024-03-07:Face Value Split (Sub-Division) - From Rs 10/- Per Share To Rs 2/- Per | tejhq:2024-03-07:Face Value Split (Sub-Division) - From Rs 10/- Per Share To Rs 2/- Per
MANPASAND,2017-09-27,2017-09-26,0.5000000194742756,MANPASAND,2,nse_list:2017-09-27: Bonus 1:1 | tejhq:2017-09-27:Bonus 1:1
MARICO,2015-12-22,2015-12-21,0.5000000068981868,MARICO,2,nse_list:2015-12-22: Bonus 1:1 | tejhq:2015-12-22:Bonus 1:1
MARKSANS,2008-03-11,2008-03-10,0.1000000013837033,MARKSANS,1,nse_list:2008-03-11:Fv Split Rs.10/- To Re.1/
MASFIN,2024-02-22,2024-02-21,0.3333333252519916,MASFIN,2,nse_list:2024-02-22:Bonus 2:1 | tejhq:2024-02-22:Bonus 2:1
MASTEK,2015-06-12,2015-06-11,0.3400296769775139,MASTEK,1,nse_list:2015-06-12:Scheme Of Arrangement
MAYURUNIQ,2013-09-25,2013-09-24,0.4999999800248427,MAYURUNIQ,2,nse_list:2013-09-25:Face Value Split From Rs.10/- To Rs.5/- | tejhq:2013-09-25:Face Value Split From Rs.10/- To Rs.5/-
MAYURUNIQ,2014-03-28,2014-03-27,0.5000000186338448,MAYURUNIQ,2,nse_list:2014-03-28:Bonus 1 : 1 | tejhq:2014-03-28:Bonus 1 : 1
MAZDOCK,2024-12-27,2024-12-26,0.5000000210702197,MAZDOCK,3,bc:2024-12-27:FVSPLT FRM RS 10 TO RS 5 | nse_list:2024-12-27:Face Value Split (Sub-Division) - From Rs 10/- Per Share To Rs 5/- Per | tejhq:2024-12-27:Face Value Split (Sub-Division) - From Rs 10/- Per Share To Rs 5/- Per
MBAPL,2022-10-18,2022-10-17,0.5000000041208948,MBAPL,2,nse_list:2022-10-18:Bonus 1:1 | tejhq:2022-10-18:Bonus 1:1
MBAPL,2023-10-20,2023-10-19,0.5000000121687973,MBAPL,2,nse_list:2023-10-20:Bonus 1:1 | tejhq:2023-10-20:Bonus 1:1
MBAPL,2026-07-03,2026-07-02,0.1999999985715341,MBAPL,3,bc:2026-07-03:FVSPLT FRM RS 10 TO RS 2 | nse_list:2026-07-03:Face Value Split (Sub-Division) - From Rs 10/- Per Share To Rs 2/- Per | tejhq:2026-07-03:Face Value Split (Sub-Division) - From Rs 10/- Per Share To Rs 2/- Per
MBLINFRA,2015-07-28,2015-07-27,0.4999999569985544,MBLINFRA,2,nse_list:2015-07-28:Bonus 1:1 | tejhq:2015-07-28:Bonus 1:1
MCX,2026-01-02,2026-01-01,0.2000000044433638,MCX,3,bc:2026-01-02:FVSPLT FRM RS 10 TO RS 2 | nse_list:2026-01-02:Face Value Split (Sub-Division) - From Rs 10/- Per Share To Rs 2/- Per | tejhq:2026-01-02:Face Value Split (Sub-Division) - From Rs 10/- Per Share To Rs 2/- Per
METROPOLIS,2026-03-20,2026-03-19,0.2500000032339268,METROPOLIS,3,bc:2026-03-20:BONUS 3:1 | nse_list:2026-03-20:Bonus 3:1 | tejhq:2026-03-20:Bonus 3:1
MFSL,2016-01-27,2016-01-25,0.7391857506361325,MAX,1,nse_list:2016-01-27: Scheme Of Arrangement
MHRIL,2017-07-10,2017-07-07,0.6666667183327446,MHRIL,2,nse_list:2017-07-10: Bonus 1:2 | tejhq:2017-07-10:Bonus 1:2
MHRIL,2021-09-08,2021-09-07,0.6666666645338711,MHRIL,2,nse_list:2021-09-08: Bonus 1:2 | tejhq:2021-09-08:Bonus 1:2
MID-DAY,2011-01-20,2011-01-19,0.2176100628930817,MID-DAY,2,notes:2011-01-20:notes.json x0.218: Demerger: Mid-Day Multimedia's print business went  | nse_list:2011-01-20:Scheme Of Arrangement
MINDACORP,2012-06-13,2012-03-19,0.5,MINDACORP,0,
MINDACORP,2015-01-05,2015-01-02,0.1000000031888797,MINDACORP,2,nse_list:2015-01-05:Bonus 1:1 / Face Value Split From Rs 10/- Per Share To Rs 2/- Per Shar | tejhq:2015-01-05:Bonus 1:1 / Face Value Split From Rs 10/- Per Share To Rs 2/- Per Shar
MINDTREE,2014-06-03,2014-06-02,0.4999999839665971,MINDTREE,2,nse_list:2014-06-03:Bonus 1 : 1 | tejhq:2014-06-03:Bonus 1 : 1
MINDTREE,2016-03-09,2016-03-08,0.5000000010252631,MINDTREE,2,nse_list:2016-03-09: Bonus 1:1 | tejhq:2016-03-09:Bonus 1:1
MIRZAINT,2023-03-29,2023-03-28,0.1370377694285149,MIRZAINT,2,nse_list:2023-03-29:Demerger | tejhq:2023-03-29:Demerger
MMFL,2008-09-26,2008-09-25,0.4999999824097766,MMFL,1,nse_list:2008-09-26:Bonus - 1:1
MMFL,2018-07-18,2018-07-17,0.4999999993245916,MMFL,2,nse_list:2018-07-18: Bonus 1:1 | tejhq:2018-07-18:Bonus 1:1
MMFL,2024-07-16,2024-07-15,0.4999999906302331,MMFL,2,nse_list:2024-07-16:Bonus 1:1 | tejhq:2024-07-16:Bonus 1:1
MMTC,2010-07-29,2010-07-28,0.0499999992399065,MMTC,2,nse_list:2010-07-29:Bonus 1:1 And Face Value Split From Rs.10 To Re.1 | tejhq:2010-07-29:Bonus 1:1 And Face Value Split From Rs.10 To Re.1
MMTC,2018-05-03,2018-05-02,0.6666666697050134,MMTC,2,nse_list:2018-05-03: Bonus 1:2 | tejhq:2018-05-03:Bonus 1:2
MOIL,2017-09-27,2017-09-26,0.4999999837782668,MOIL,2,nse_list:2017-09-27: Bonus 1:1 | tejhq:2017-09-27:Bonus 1:1
MOLDTKPAC,2016-02-17,2016-02-16,0.4999999979383346,MOLDTKPAC,2,nse_list:2016-02-17: Face Value Split (Sub-Division) - From Rs 10/- Per Share To Rs 5/- Pe | tejhq:2016-02-17:Face Value Split (Sub-Division) - From Rs 10/- Per Share To Rs 5/- Per
MOLDTKPAC,2020-10-21,2020-10-20,0.993334611591308,MOLDTKPAC,1,nse_list:2020-10-21: Rights 1:50 @ Premium Rs 175  With 6 Warrants For 50 Equity Shares
MONSANTO,2011-10-05,2011-10-04,0.4999999783107406,MONSANTO,2,nse_list:2011-10-05:Bonus 1:1 | tejhq:2011-10-05:Bonus 1:1
MOTHERSON,2012-10-03,2012-10-01,0.6666666394497645,MOTHERSUMI,2,nse_list:2012-10-03:Bonus 1:2 | tejhq:2012-10-03:Bonus 1:2
MOTHERSON,2013-12-20,2013-12-19,0.6666666417195914,MOTHERSUMI,2,nse_list:2013-12-20:Bonus 1:2 | tejhq:2013-12-20:Bonus 1:2
MOTHERSON,2015-07-23,2015-07-22,0.6666666736819385,MOTHERSUMI,2,nse_list:2015-07-23:Annual General Meeting / Dividend - Rs 3/- Per Share / Bonus - 1:2 | tejhq:2015-07-23:Annual General Meeting / Dividend - Rs 3/- Per Share / Bonus - 1:2
MOTHERSON,2017-07-05,2017-07-04,0.666666700619151,MOTHERSUMI,2,nse_list:2017-07-05: Bonus 1:2 | tejhq:2017-07-05:Bonus 1:2
MOTHERSON,2018-10-30,2018-10-29,0.6666666775332695,MOTHERSUMI,2,nse_list:2018-10-30: Bonus 1:2 | tejhq:2018-10-30:Bonus 1:2
MOTHERSON,2022-01-14,2022-01-13,0.7902470187393527,MOTHERSUMI,2,nse_list:2022-01-14:Demerger | tejhq:2022-01-14:Demerger
MOTHERSON,2022-10-03,2022-09-30,0.6666666189322797,MOTHERSON,2,nse_list:2022-10-03:Bonus 1:2 | tejhq:2022-10-03:Bonus 1:2
MOTHERSON,2025-07-18,2025-07-17,0.6666666705068373,MOTHERSON,3,bc:2025-07-18:BONUS 1:2 | nse_list:2025-07-18:Bonus 1:2 | tejhq:2025-07-18:Bonus 1:2
MOTILALOFS,2008-07-25,2008-07-24,0.199999995940269,MOTILALOFS,1,nse_list:2008-07-25:Fv Split Rs.5/- To Re.1/-
MOTILALOFS,2024-06-10,2024-06-07,0.2500000042724208,MOTILALOFS,2,nse_list:2024-06-10:Bonus 3:1 | tejhq:2024-06-10:Bonus 3:1
MSUMI,2022-11-16,2022-11-15,0.7142857291438898,MSUMI,2,nse_list:2022-11-16:Bonus 2:5 | tejhq:2022-11-16:Bonus 2:5
MSUMI,2025-07-18,2025-07-17,0.6666666525539421,MSUMI,3,bc:2025-07-18:BONUS 1:2 | nse_list:2025-07-18:Bonus 1:2 | tejhq:2025-07-18:Bonus 1:2
MVL,2009-09-18,2009-09-17,0.1999999973134284,MVL,1,nse_list:2009-09-18:Fv Split Rs.10/- To Rs.2/
MVL,2010-11-16,2010-11-15,0.5000000105627967,MVL,2,nse_list:2010-11-16:Face Value Split From Rs.2/- To Re.1/- | tejhq:2010-11-16:Face Value Split From Rs.2/- To Re.1/-
MYSOREBANK,2010-09-02,2010-09-01,0.8738133601237423,MYSOREBANK,1,nse_list:2010-09-02:Rights 3:10 @ Premium Rs.530/- Per Share
NATCOPHARM,2015-11-26,2015-11-24,0.2000000002033846,NATCOPHARM,2,nse_list:2015-11-26: Face Value Split (Sub-Division) - From Rs 10/- Per Share To Rs 2/- Pe | tejhq:2015-11-26:Face Value Split (Sub-Division) - From Rs 10/- Per Share To Rs 2/- Per
NATCOPHARM,2026-10-01,2026-09-30,0.9918560440565928,NATCOPHARM,1,nse_list:2026-10-01:Rights 2:21 @ Premium Rs 748/-
NATIONALUM,2011-03-15,2011-03-14,0.2500000102561514,NATIONALUM,2,nse_list:2011-03-15:Bonus 1:1 And Face Value Split From Rs.10/- To Rs.5/- | tejhq:2011-03-15:Bonus 1:1 And Face Value Split From Rs.10/- To Rs.5/-
NAUKRI,2010-09-27,2010-09-24,0.4999999970505785,NAUKRI,2,nse_list:2010-09-27:Bonus 1:1 | tejhq:2010-09-27:Bonus 1:1
NAUKRI,2012-06-22,2012-06-21,0.4999999833344252,NAUKRI,2,nse_list:2012-06-22:Annual General Meeting/Dividend-Re.1/- Per Share/Bonus 1:1 | tejhq:2012-06-22:Annual General Meeting/Dividend-Re.1/- Per Share/Bonus 1:1
NAUKRI,2025-05-07,2025-05-06,0.2000000034954631,NAUKRI,3,bc:2025-05-07:FVSPLT FRM RS 10 TO RS 2 | nse_list:2025-05-07:Face Value Split (Sub-Division) - From Rs 10/- Per Share To Rs 2/- Per | tejhq:2025-05-07:Face Value Split (Sub-Division) - From Rs 10/- Per Share To Rs 2/- Per
NAVA,2016-09-01,2016-08-31,0.5000000069690073,NBVENTURES,2,nse_list:2016-09-01: Bonus 1:1 | tejhq:2016-09-01:Bonus 1:1
NAVA,2025-01-20,2025-01-17,0.5000000070341312,NAVA,3,bc:2025-01-20:FV SPLT FRM RS 2 TO RE 1 | nse_list:2025-01-20:Face Value Split (Sub-Division) - From Rs 2/- Per Share To Re 1/- Per  | tejhq:2025-01-20:Face Value Split (Sub-Division) - From Rs 2/- Per Share To Re 1/- Per 
NAVINFLUOR,2012-06-07,2012-06-06,0.8409471690283009,NAVINFLUOR,1,nse_list:2012-06-07:Final Dividend Rs.6.50 Per Share And Special Dividend Rs.60 Per Share
NAVINFLUOR,2017-07-19,2017-07-18,0.1999999910846063,NAVINFLUOR,2,nse_list:2017-07-19: Face Value Split From Rs 10/- Per Share To Rs 2/- Per Share | tejhq:2017-07-19:Face Value Split From Rs 10/- Per Share To Rs 2/- Per Share
NAVNETEDUL,2009-09-08,2009-09-07,0.3999999856049165,NAVNETPUBL,1,nse_list:2009-09-08:Bonus 3:2
NAZARA,2022-06-24,2022-06-23,0.5000000431280268,NAZARA,2,nse_list:2022-06-24:Bonus 1:1 | tejhq:2022-06-24:Bonus 1:1
NAZARA,2025-09-26,2025-09-25,0.25,NAZARA,6,bc:2025-09-26:BONUS 1:1 | bc:2025-09-26:FV SPLT FRM RS 4 TO RS 2 | nse_list:2025-09-26:Bonus 1:1 | nse_list:2025-09-26:Face Value Split (Sub-Division) - From Rs 4/- Per Share To Rs 2/- Per  | tejhq:2025-09-26:Bonus 1:1 | tejhq:2025-09-26:Face Value Split (Sub-Division) - From Rs 4/- Per Share To Rs 2/- Per 
NBCC,2016-06-02,2016-06-01,0.2000000039187115,NBCC,2,nse_list:2016-06-02: Face Value Split (Sub-Division) - From Rs 10/- Per Share To Rs 2/- Pe | tejhq:2016-06-02:Face Value Split (Sub-Division) - From Rs 10/- Per Share To Rs 2/- Per
NBCC,2017-02-17,2017-02-16,0.6666666957922578,NBCC,2,nse_list:2017-02-17: Bonus 1:2 | tejhq:2017-02-17:Bonus 1:2
NBCC,2018-04-25,2018-04-24,0.5000000002080411,NBCC,2,nse_list:2018-04-25: Face Value Split (Sub-Division) - From Rs 2/- Per Share To Re 1/- Per | tejhq:2018-04-25:Face Value Split (Sub-Division) - From Rs 2/- Per Share To Re 1/- Per 
NBCC,2024-10-07,2024-10-04,0.6666666495071405,NBCC,3,bc:2024-10-07:BONUS 1:2 | nse_list:2024-10-07:Bonus 1:2 | tejhq:2024-10-07:Bonus 1:2
NCC,2014-09-18,2014-09-17,0.6120518152704694,NCC,1,nse_list:2014-09-18:Rights 7 : 6 @ Premium Rs 18/- Per Share
NDTV,2025-09-12,2025-09-11,0.7937673299798674,NDTV,1,nse_list:2025-09-12:Rights 3:4 @ Premium Rs 78/-
NESCO,2010-07-20,2010-07-19,0.4999999998720732,NESCO,2,nse_list:2010-07-20:Bonus 1:1 | tejhq:2010-07-20:Bonus 1:1
NESCO,2017-09-15,2017-09-14,0.2000000042715533,NESCO,2,nse_list:2017-09-15: Face Value Split (Sub-Division) - From Rs 10/- Per Share To Rs 2/- Pe | tejhq:2017-09-15:Face Value Split (Sub-Division) - From Rs 10/- Per Share To Rs 2/- Per
NESTLEIND,2024-01-05,2024-01-04,0.0999999997009661,NESTLEIND,2,nse_list:2024-01-05:Face Value Split (Sub-Division) - From Rs10/- Per Share To Re 1/- Per  | tejhq:2024-01-05:Face Value Split (Sub-Division) - From Rs10/- Per Share To Re 1/- Per 
NESTLEIND,2025-08-08,2025-08-07,0.5000000218509465,NESTLEIND,3,bc:2025-08-08:BONUS 1:1 | nse_list:2025-08-08:Bonus 1:1 | tejhq:2025-08-08:Bonus 1:1
NETWORK18,2012-09-11,2012-09-10,0.9957216172507362,NETWORK18,1,nse_list:2012-09-11:Rights 307:50 @ Premium Rs.25/- Per Share
NEULANDLAB,2012-03-21,2012-03-20,0.8659221965727311,NEULANDLAB,1,nse_list:2012-03-21:Rights 5:12 @ Premium Rs.35/- Per Share
NEULANDLAB,2014-08-13,2014-08-12,0.9556593039300266,NEULANDLAB,1,nse_list:2014-08-13:Rights Issue 4 : 25 @ Premium Rs 194/- Per Equity Share
NEWGEN,2024-01-12,2024-01-11,0.5000000074679013,NEWGEN,2,nse_list:2024-01-12:Bonus 1:1 | tejhq:2024-01-12:Bonus 1:1
NEXTMEDIA,2011-01-20,2011-01-19,0.2176100628930817,MID-DAY,2,notes:2011-01-20:notes.json x0.218: Demerger: Mid-Day Multimedia's print business went  | nse_list:2011-01-20:Scheme Of Arrangement
NIACL,2018-06-27,2018-06-26,0.5000000095025933,NIACL,2,nse_list:2018-06-27: Bonus 1:1/ Dividend- Rs 5 Per Share | tejhq:2018-06-27:Bonus 1:1/ Dividend- Rs 5 Per Share
NIITLTD,2023-06-08,2023-06-07,0.2386531820424272,NIITLTD,2,nse_list:2023-06-08:Demerger | tejhq:2023-06-08:Demerger
NITINFIRE,2010-11-04,2010-11-03,0.1999999864387588,NITINFIRE,2,nse_list:2010-11-04:Face Value Split From Rs.10/- To Rs.2/- | tejhq:2010-11-04:Face Value Split From Rs.10/- To Rs.2/-
NITINFIRE,2011-09-22,2011-09-21,0.285714290802307,NITINFIRE,2,nse_list:2011-09-22:Bonus 5:2 | tejhq:2011-09-22:Bonus 5:2
NITINFIRE,2014-11-13,2014-11-12,0.7499999599828356,NITINFIRE,2,nse_list:2014-11-13:Bonus 1:3 | tejhq:2014-11-13:Bonus 1:3
NLCINDIA,2020-03-05,2020-03-04,0.8828215278893685,NLCINDIA,1,nse_list:2020-03-05: Interim Dividend - Rs 7.06 Per Share
NMDC,2008-04-10,2008-04-09,0.1000000009402177,NMDC,1,nse_list:2008-04-10:Fv Split Rs.10/- To Re.1/
NMDC,2008-05-21,2008-05-20,0.333333320318469,NMDC,1,nse_list:2008-05-21:Bonus 2:1
NMDC,2016-02-24,2016-02-23,0.8980686900965204,NMDC,1,nse_list:2016-02-24: Interim Dividend - Rs 9.50/- Per Share
NMDC,2022-10-27,2022-10-25,0.7977055449330783,NMDC,2,nse_list:2022-10-27:Demerger | tejhq:2022-10-27:Demerger
NMDC,2024-12-27,2024-12-26,0.3333333181984094,NMDC,3,bc:2024-12-27:BONUS 2:1 | nse_list:2024-12-27:Bonus 2:1 | tejhq:2024-12-27:Bonus 2:1
NRBBEARING,2010-09-03,2010-09-02,0.500000014167864,NRBBEARING,2,nse_list:2010-09-03:Bonus 1:1 | tejhq:2010-09-03:Bonus 1:1
NTPC,2019-03-19,2019-03-18,0.83333340307674,NTPC,2,nse_list:2019-03-19: Bonus 1:5 | tejhq:2019-03-19:Bonus 1:5
NUVAMA,2025-12-26,2025-12-24,0.2,NUVAMA,3,bc:2025-12-26:FV SPLT FRM RS 10 TO RS 2 | nse_list:2025-12-26:Face Value Split (Sub-Division) - From Rs 10/- Per Share To Rs 2/- Per | tejhq:2025-12-26:Face Value Split (Sub-Division) - From Rs 10/- Per Share To Rs 2/- Per
NYKAA,2022-11-10,2022-11-09,0.1666666599508615,NYKAA,2,nse_list:2022-11-10:Bonus 5:1 | tejhq:2022-11-10:Bonus 5:1
OCCL,2024-07-01,2024-06-28,0.2587058532971104,OCCL,2,nse_list:2024-07-01:Demerger | tejhq:2024-07-01:Demerger
OFSS,2014-09-24,2014-09-23,0.877576250187001,OFSS,1,nse_list:2014-09-24:Interim Dividend - Rs 485/- Per Share
OIL,2012-03-29,2012-03-28,0.4000000265315375,OIL,2,nse_list:2012-03-29:Bonus 3:2 | tejhq:2012-03-29:Bonus 3:2
OIL,2017-01-12,2017-01-11,0.7500000120497059,OIL,2,nse_list:2017-01-12: Bonus 1:3 | tejhq:2017-01-12:Bonus 1:3
OIL,2018-03-27,2018-03-26,0.6666666204544829,OIL,2,nse_list:2018-03-27: Bonus 1:2 | tejhq:2018-03-27:Bonus 1:2
OIL,2024-07-02,2024-07-01,0.6666666497328673,OIL,2,nse_list:2024-07-02:Bonus 1:2 | tejhq:2024-07-02:Bonus 1:2
OMAXE,2013-11-11,2013-11-08,0.7959183733333427,OMAXE,2,nse_list:2013-11-11:Bonus 10:39 | tejhq:2013-11-11:Bonus 10:39
ONELIFECAP,2026-02-16,2026-02-13,0.954996271233301,ONELIFECAP,1,nse_list:2026-02-16:Rights 300:167 @ Premium Rs 5/-
ONGC,2011-02-08,2011-02-07,0.2499999815910027,ONGC,2,nse_list:2011-02-08:Bonus 1:1 And Face Value Split From Rs.10/- To Rs.5/- | tejhq:2011-02-08:Bonus 1:1 And Face Value Split From Rs.10/- To Rs.5/-
ONGC,2016-12-15,2016-12-14,0.6666666998452183,ONGC,2,nse_list:2016-12-15: Bonus 1: 2 | tejhq:2016-12-15:Bonus 1: 2
ONIDA,2014-09-18,2014-09-17,0.888059693689357,MIRCELECTR,1,nse_list:2014-09-18:Rights 5:13 @Premium Rs.5
ONIDA,2025-06-30,2025-06-27,0.9275191284193456,MIRCELECTR,1,nse_list:2025-06-30:Rights 3:14 @ Premium Rs 9/-
OPTOCIRCUI,2008-11-03,2008-10-31,0.5882353136763413,OPTOCIRCUI,1,nse_list:2008-11-03:Bonus 7:10
OPTOCIRCUI,2012-03-29,2012-03-28,0.7692307810006666,OPTOCIRCUI,2,nse_list:2012-03-29:Bonus 3:10 | tejhq:2012-03-29:Bonus 3:10
ORBITCORP,2010-06-29,2010-06-28,0.4999999669196292,ORBITCORP,2,nse_list:2010-06-29:Bonus 1:1 | tejhq:2010-06-29:Bonus 1:1
ORIENTHOT,2010-11-10,2010-11-09,0.1000000032748086,ORIENTHOT,2,nse_list:2010-11-10:Face Value Split From Rs.10/- To Re.1/- | tejhq:2010-11-10:Face Value Split From Rs.10/- To Re.1/-
ORIENTPPR,2008-02-01,2008-01-31,0.0999999979054424,ORIENTPPR,1,nse_list:2008-02-01:Fv Split Rs.10/- To Re.1/
ORIENTPPR,2013-03-07,2013-03-06,0.1962809917355372,ORIENTPPR,1,nse_list:2013-03-07:Scheme Of Arrangement
ORIENTPPR,2018-01-11,2018-01-10,0.3043351760256037,ORIENTPPR,1,nse_list:2018-01-11: Scheme Of Arrangement
ORISSAMINE,2012-10-29,2012-10-26,0.1000000081756822,ORISSAMINE,2,nse_list:2012-10-29:Face Value Split From Rs.10/- To Re.1/- | tejhq:2012-10-29:Face Value Split From Rs.10/- To Re.1/-
PAISALO,2022-06-30,2022-06-29,0.100000001172572,PAISALO,2,nse_list:2022-06-30:Face Value Split (Sub-Division) - From Rs 10/- Per Share To Re 1/- Per | tejhq:2022-06-30:Face Value Split (Sub-Division) - From Rs 10/- Per Share To Re 1/- Per
PAISALO,2024-03-20,2024-03-19,0.5000000111622454,PAISALO,2,nse_list:2024-03-20:Bonus 1:1 | tejhq:2024-03-20:Bonus 1:1
PANACEABIO,2020-09-21,2020-09-18,0.9261226460647032,PANACEABIO,2,nse_list:2020-09-21: Demerger | tejhq:2020-09-21:Demerger
PANAMAPET,2014-09-19,2014-09-18,0.1999999965408784,PANAMAPET,2,nse_list:2014-09-19:Face Value Split From Rs.10/- To Rs.2/- | tejhq:2014-09-19:Face Value Split From Rs.10/- To Rs.2/-
PANAMAPET,2017-10-03,2017-09-29,0.6666666970270664,PANAMAPET,2,nse_list:2017-10-03: Bonus 1:2 | tejhq:2017-10-03:Bonus 1:2
PARAS,2025-07-04,2025-07-03,0.5000000058844681,PARAS,3,bc:2025-07-04:FVSPLT FRM RS 10 TO RS 5 | nse_list:2025-07-04:Face Value Split (Sub-Division) - From Rs 10/- Per Share To Rs 5/- Per | tejhq:2025-07-04:Face Value Split (Sub-Division) - From Rs 10/- Per Share To Rs 5/- Per
PARSVNATH,2010-10-18,2010-10-15,0.4999999997293507,PARSVNATH,2,nse_list:2010-10-18:Face Value Split From Rs.10/- To Rs.5/- | tejhq:2010-10-18:Face Value Split From Rs.10/- To Rs.5/-
PATANJALI,2025-09-11,2025-09-10,0.3333333310353155,PATANJALI,3,bc:2025-09-11:BONUS 2:1 | nse_list:2025-09-11:Bonus 2:1 | tejhq:2025-09-11:Bonus 2:1
PATELENG,2019-09-17,2019-09-16,0.7620613700286888,PATELENG,2,"notes:2019-09-17:notes.json x0.7621: Rights issue ex-date: NSE's close fell, while NSE  | nse_list:2019-09-17: Rights 7:5 @ Premium Rs 8/- Per Share"
PATELENG,2023-02-06,2023-02-03,0.9101449361500228,PATELENG,1,nse_list:2023-02-06:Rights 1:2@ Premium Rs 11.60/-
PATELENG,2025-12-04,2025-12-03,0.9659574236188616,PATELENG,1,nse_list:2025-12-04:Rights 7:40 @ Premium Rs 26/-
PATNI,2010-08-30,2010-08-27,0.8838174390142463,PATNI,1,nse_list:2010-08-30:Special Interim Dividend-Rs.63/- Per Share
PCBL,2018-04-19,2018-04-18,0.1999999998716061,PHILIPCARB,2,nse_list:2018-04-19: Face Value Split (Sub-Division) - From Rs 10/- Per Share To Rs 2/- Pe | tejhq:2018-04-19:Face Value Split (Sub-Division) - From Rs 10/- Per Share To Rs 2/- Per
PCBL,2022-04-11,2022-04-08,0.5000000009585847,PCBL,2,nse_list:2022-04-11:Face Value Split (Sub-Division) - From Rs 2/- Per Share To Re 1/- Per  | tejhq:2022-04-11:Face Value Split (Sub-Division) - From Rs 2/- Per Share To Re 1/- Per 
PCJEWELLER,2017-07-06,2017-07-05,0.5000000197386508,PCJEWELLER,2,nse_list:2017-07-06: Bonus 1:1 | tejhq:2017-07-06:Bonus 1:1
PCJEWELLER,2024-12-16,2024-12-13,0.0999999939430802,PCJEWELLER,3,bc:2024-12-16:FVSPLT FRM RS 10 TO RE 1 | nse_list:2024-12-16:Face Value Split (Sub-Division) - From Rs 10/- Per Share To Re 1/- Per | tejhq:2024-12-16:Face Value Split (Sub-Division) - From Rs 10/- Per Share To Re 1/- Per
PDSL,2022-08-26,2022-08-25,0.2000000020757193,PDSL,2,nse_list:2022-08-26:Face Value Split (Sub-Division) - From Rs 10/- Per Share To Rs 2/- Per | tejhq:2022-08-26:Face Value Split (Sub-Division) - From Rs 10/- Per Share To Rs 2/- Per
PEL,2018-01-31,2018-01-30,0.9941730767513586,PEL,1,nse_list:2018-01-31: Rights 1:23 @ Premium Rs 2378/-
PEL,2019-12-30,2019-12-27,0.9761428363455672,PEL,1,nse_list:2019-12-30: Rights 11:83 @ Premium Rs 1298/-
PEL,2022-08-30,2022-08-29,0.5520633272774461,PEL,2,nse_list:2022-08-30:Demerger | tejhq:2022-08-30:Demerger
PERSISTENT,2015-03-10,2015-03-09,0.5000000006445441,PERSISTENT,2,nse_list:2015-03-10:Bonus 1 : 1 | tejhq:2015-03-10:Bonus 1 : 1
PERSISTENT,2024-03-28,2024-03-27,0.4999999878443942,PERSISTENT,2,nse_list:2024-03-28:Face Value Split (Sub-Division) - From Rs 10/- Per Share To Rs 5/- Per | tejhq:2024-03-28:Face Value Split (Sub-Division) - From Rs 10/- Per Share To Rs 5/- Per
PETRONET,2017-07-03,2017-06-30,0.5000000001236885,PETRONET,2,nse_list:2017-07-03: Bonus 1:1 | tejhq:2017-07-03:Bonus 1:1
PFC,2016-08-26,2016-08-25,0.4999999986443757,PFC,2,nse_list:2016-08-26: Bonus 1:1 | tejhq:2016-08-26:Bonus 1:1
PFC,2023-09-21,2023-09-20,0.8000000255204858,PFC,2,nse_list:2023-09-21:Bonus 1:4 | tejhq:2023-09-21:Bonus 1:4
PFIZER,2013-12-05,2013-12-04,0.789627435258703,PFIZER,1,nse_list:2013-12-05:Interim Dividend - Rs 360/- Per Share
PFOCUS,2010-10-29,2010-10-28,0.1000000017205107,PFOCUS,2,nse_list:2010-10-29:Face Value Split From Rs.10/- To Re.1/- | tejhq:2010-10-29:Face Value Split From Rs.10/- To Re.1/-
PGEL,2024-07-10,2024-07-09,0.0999999990963295,PGEL,2,nse_list:2024-07-10:Face Value Split (Sub-Division) - From Rs 10/- Per Share To Re 1/- Per | tejhq:2024-07-10:Face Value Split (Sub-Division) - From Rs 10/- Per Share To Re 1/- Per
PGHL,2010-10-22,2010-10-21,0.8989630153223314,MERCK,1,nse_list:2010-10-22:Interim Dividend-Rs.95/- Per Share (Purpose Revised)
PGIL,2014-06-02,2014-05-29,0.7087166009636443,PGIL,1,nse_list:2014-05-30:Scheme Of Arrangement
PGIL,2024-01-05,2024-01-04,0.4999999911405224,PGIL,2,nse_list:2024-01-05:Face Value Split (Sub-Division) - From Rs10/- Per Share To Rs 5/- Per  | tejhq:2024-01-05:Face Value Split (Sub-Division) - From Rs10/- Per Share To Rs 5/- Per 
PGIL,2026-09-11,2026-09-10,0.500000000025928,PGIL,3,bc:2026-09-11:BONUS 1:1 | nse_list:2026-09-11:Bonus 1:1 | tejhq:2026-09-11:Bonus 1:1
PHOENIXLTD,2008-02-13,2008-02-12,0.1999999944340613,PHOENIXLTD,1,nse_list:2008-02-13:Fv Split Rs.10/- To Rs.2/
PHOENIXLTD,2024-09-20,2024-09-19,0.4999999936732691,PHOENIXLTD,2,nse_list:2024-09-20:Bonus 1:1 | tejhq:2024-09-20:Bonus 1:1
PIDILITIND,2010-03-15,2010-03-12,0.5000000003538243,PIDILITIND,2,nse_list:2010-03-15:Bonus 1:1 | tejhq:2010-03-15:Bonus 1:1
PIDILITIND,2025-09-23,2025-09-22,0.4999999836070222,PIDILITIND,3,bc:2025-09-23:BONUS 1:1 | nse_list:2025-09-23:Bonus 1:1 | tejhq:2025-09-23:Bonus 1:1
PIIND,2011-08-17,2011-08-16,0.4999999729173929,PIIND,2,nse_list:2011-08-17:Face Value Split From Rs.10/- To Rs.5/- | tejhq:2011-08-17:Face Value Split From Rs.10/- To Rs.5/-
PIIND,2013-04-12,2013-04-11,0.1999999873273135,PIIND,2,nse_list:2013-04-12:Face Value Split From Rs.5/- Per Share To Re.1/- Per Share | tejhq:2013-04-12:Face Value Split From Rs.5/- Per Share To Re.1/- Per Share
PILANIINVS,2020-12-31,2020-12-30,0.714285699255073,PILANIINVS,2,nse_list:2020-12-31: Bonus 2:5 | tejhq:2020-12-31:Bonus 2:5
PNB,2014-12-18,2014-12-17,0.2000000061819135,PNB,2,nse_list:2014-12-18:Face Value Split (Sub-Division) - From Rs 10/- Per Share To Rs 2/- Per | tejhq:2014-12-18:Face Value Split (Sub-Division) - From Rs 10/- Per Share To Rs 2/- Per
PNBGILTS,2013-07-03,2013-07-02,0.7499999852143521,PNBGILTS,2,nse_list:2013-07-03:Bonus 1:3 | tejhq:2013-07-03:Bonus 1:3
PNBHOUSING,2023-04-05,2023-04-03,0.8282403108272464,PNBHOUSING,1,nse_list:2023-04-05:Rights 29:54@ Premium Rs 265/-
PNCINFRA,2016-08-12,2016-08-11,0.2000000049489734,PNCINFRA,2,nse_list:2016-08-12: Face Value Split From Rs 10 To Rs 2 | tejhq:2016-08-12:Face Value Split From Rs 10 To Rs 2
POKARNA,2017-10-18,2017-10-17,0.1999999924122893,POKARNA,2,nse_list:2017-10-18: Face Value Split (Sub-Division) - From Rs 10/- Per Share To Rs 2/- Pe | tejhq:2017-10-18:Face Value Split (Sub-Division) - From Rs 10/- Per Share To Rs 2/- Per
POLARIS,2014-10-09,2014-10-08,0.8467741935483871,POLARIS,2,nse_list:2014-10-09:Scheme Of Arrangement Cum Demerger | tejhq:2014-10-09:Scheme Of Arrangement Cum Demerger
POLYMED,2013-07-09,2013-07-08,0.4999999828241745,POLYMED,2,nse_list:2013-07-09:Bonus 1:1 | tejhq:2013-07-09:Bonus 1:1
POLYMED,2015-02-02,2015-01-30,0.5000000061785166,POLYMED,2,nse_list:2015-02-02:Face Value Split (Sub-Division) - From Rs 10/- Per Share To Rs 5/- Per | tejhq:2015-02-02:Face Value Split (Sub-Division) - From Rs 10/- Per Share To Rs 5/- Per
POLYMED,2017-03-24,2017-03-23,0.49999998375393,POLYMED,2,nse_list:2017-03-24: Bonus 1:1 | tejhq:2017-03-24:Bonus 1:1
POLYPLEX,2010-12-23,2010-12-22,0.4999999636345096,POLYPLEX,2,nse_list:2010-12-23:Bonus 1:1 | tejhq:2010-12-23:Bonus 1:1
POLYPLEX,2021-02-17,2021-02-16,0.8902546358948162,POLYPLEX,1,nse_list:2021-02-17: Interim Dividend - Rs 100 Per Share
POONAWALLA,2010-08-13,2010-08-12,0.200000006969974,MAGMA,2,nse_list:2010-08-13:Face Value Split From Rs.10/- To Rs.2/- | tejhq:2010-08-13:Face Value Split From Rs.10/- To Rs.2/-
POWERGRID,2021-07-29,2021-07-28,0.7499999460922422,POWERGRID,2,nse_list:2021-07-29: Bonus 1:3 | tejhq:2021-07-29:Bonus 1:3
POWERGRID,2023-09-12,2023-09-11,0.7499999880354505,POWERGRID,2,nse_list:2023-09-12:Bonus 1:3 | tejhq:2023-09-12:Bonus 1:3
POWERMECH,2024-10-08,2024-10-07,0.4999999922107259,POWERMECH,3,bc:2024-10-08:BONUS 1:1 | nse_list:2024-10-08:Bonus 1:1 | tejhq:2024-10-08:Bonus 1:1
PPLPHARMA,2023-08-02,2023-08-01,0.9765608805117154,PPLPHARMA,1,nse_list:2023-08-02:Rights 5:46 @ Premium Rs 71/-
PRAKASH,2019-04-23,2019-04-22,0.8880723572639908,PRAKASH,2,nse_list:2019-04-23: Demerger | tejhq:2019-04-23:Demerger
PRECWIRE,2016-03-21,2016-03-18,0.5000000210607222,PRECWIRE,2,nse_list:2016-03-21: Face Value Split (Sub-Division) - From Rs 10/- Per Share To Rs 5/- Pe | tejhq:2016-03-21:Face Value Split (Sub-Division) - From Rs 10/- Per Share To Rs 5/- Per
PRECWIRE,2021-12-22,2021-12-21,0.1999999906730387,PRECWIRE,2,nse_list:2021-12-22: Face Value Split (Sub-Division) - From Rs 5/- Per Share To Re 1/- Per | tejhq:2021-12-22:Face Value Split (Sub-Division) - From Rs 5/- Per Share To Re 1/- Per 
PRECWIRE,2022-12-22,2022-12-21,0.6666666199449611,PRECWIRE,2,nse_list:2022-12-22:Bonus 1:2 | tejhq:2022-12-22:Bonus 1:2
PRICOLLTD,2020-11-24,2020-11-23,0.8889815418231284,PRICOLLTD,1,nse_list:2020-11-24: Rights 2:7 @ Premium Rs 29/-
PRIVISCL,2020-08-21,2020-08-20,0.8080461448598132,FAIRCHEM,2,nse_list:2020-08-21: Demerger | tejhq:2020-08-21:Demerger
PROVOGE,2008-10-03,2008-10-01,0.1999999893798031,PROVOGUE,1,nse_list:2008-10-03:Fv Split Rs.10/- To Rs.2/
PROVOGUE,2008-10-03,2008-10-01,0.1999999893798031,PROVOGUE,1,nse_list:2008-10-03:Fv Split Rs.10/- To Rs.2/
PTC,2026-08-10,2026-08-07,0.886866687099371,PTC,1,nse_list:2026-08-10:Interim Dividend - Rs 23 Per Share
PVRINOX,2020-07-09,2020-07-08,0.9819370935109496,PVR,1,nse_list:2020-07-09: Rights 7:94 @ Premium Rs 774/-
QUESS,2025-04-15,2025-04-11,0.4929740452967432,QUESS,3,bc:2025-04-15:DEMERGER | nse_list:2025-04-15:Demerger | tejhq:2025-04-15:Demerger
RAIN,2011-06-15,2011-06-14,0.1999999987488958,RAINCOM,2,nse_list:2011-06-15:Face Value Split From Rs.10/- To Rs.2/- | tejhq:2011-06-15:Face Value Split From Rs.10/- To Rs.2/-
RAJESHEXPO,2008-01-29,2008-01-28,0.1666669892543102,RAJESHEXPO,2,notes:2008-01-29:notes.json x0.166667: 1:6 adjustment (split with bonus) in no corporat | nse_list:2008-01-29:Fv Spl-Rs2 To Re1/Bon-2:1
RAJRATAN,2022-03-15,2022-03-14,0.2000000049003117,RAJRATAN,2,nse_list:2022-03-15:Face Value Split (Sub-Division) - From Rs 10/- Per Share To Rs 2/- Per | tejhq:2022-03-15:Face Value Split (Sub-Division) - From Rs 10/- Per Share To Rs 2/- Per
RAJTV,2014-03-25,2014-03-24,0.2500000102871223,RAJTV,2,nse_list:2014-03-25:Bonus 1:1 / Face Value Split From Rs.10/- To Rs.5/- | tejhq:2014-03-25:Bonus 1:1 / Face Value Split From Rs.10/- To Rs.5/-
RALLIS,2010-06-08,2010-06-07,0.6666667056360316,RALLIS,2,nse_list:2010-06-08:Bonus 1: 2 | tejhq:2010-06-08:Bonus 1: 2
RALLIS,2011-07-15,2011-07-14,0.0999999947420248,RALLIS,2,nse_list:2011-07-15:Face Value Split From Rs.10/- To Re.1/- | tejhq:2011-07-15:Face Value Split From Rs.10/- To Re.1/-
RAMCOCEM,2008-10-01,2008-09-30,0.0500000006393596,MADRASCEM,2,notes:2008-10-01:notes.json x0.05: 1:20 adjustment (split with bonus) in no corporate-a | nse_list:2008-10-01:Fv Spl-Rs10tore1/Bon-1:1
RAMCOIND,2009-09-14,2009-09-11,0.0500000019342983,RAMCOIND,2,notes:2009-09-14:notes.json x0.05: 1:20 adjustment (split with bonus) in no corporate-a | nse_list:2009-09-14:Fv Spl-Rs10tore1/Bon-1:1
RAMCOSYS,2014-04-22,2014-04-21,0.9533851614919732,RAMCOSYS,1,nse_list:2014-04-22:Rights 1:2 @ Premium Rs.145/- Per Equity Share
RASOYPR,2013-03-21,2013-03-20,0.0666666664130467,RASOYPR,2,nse_list:2013-03-21:Bonus 2:1 / Face Value Split From Rs. 5/- To Re. 1/- | tejhq:2013-03-21:Bonus 2:1 / Face Value Split From Rs. 5/- To Re. 1/-
RATNAMANI,2008-11-06,2008-11-05,0.2000000113585741,RATNAMANI,1,nse_list:2008-11-06:Fv Split Rs.10/- To Rs.2/
RATNAMANI,2022-06-30,2022-06-29,0.6666666568286339,RATNAMANI,2,nse_list:2022-06-30:Bonus 1:2 | tejhq:2022-06-30:Bonus 1:2
RAYMOND,2024-07-11,2024-07-10,0.6341053832261335,RAYMOND,2,nse_list:2024-07-11:Demerger | tejhq:2024-07-11:Demerger
RAYMOND,2025-05-14,2025-05-13,0.3523620788851244,RAYMOND,2,nse_list:2025-05-14:Demerger | tejhq:2025-05-14:Demerger
RECLTD,2016-09-28,2016-09-27,0.4999999833442068,RECLTD,2,nse_list:2016-09-28: Bonus 1:1 | tejhq:2016-09-28:Bonus 1:1
RECLTD,2022-08-17,2022-08-16,0.7500000222107556,RECLTD,2,nse_list:2022-08-17:Bonus 1:3 | tejhq:2022-08-17:Bonus 1:3
REDINGTON,2010-08-20,2010-08-19,0.1999999947561481,REDINGTON,2,nse_list:2010-08-20:Face Value Split From Rs.10/- To Rs.2/- | tejhq:2010-08-20:Face Value Split From Rs.10/- To Rs.2/-
REDINGTON,2021-08-18,2021-08-17,0.4999999721921413,REDINGTON,2,nse_list:2021-08-18: Bonus 1:1 | tejhq:2021-08-18:Bonus 1:1
REDTAPE,2025-02-04,2025-02-03,0.2499999921183943,REDTAPE,3,bc:2025-02-04:BONUS 3:1 | nse_list:2025-02-04:Bonus 3:1 | tejhq:2025-02-04:Bonus 3:1
REFEX,2020-06-16,2020-06-15,0.927386961427094,REFEX,1,nse_list:2020-06-16: Rights 5:14@ Premium Rs 35/-
REFEX,2024-03-22,2024-03-21,0.2000000008790891,REFEX,2,nse_list:2024-03-22:Face Value Split (Sub-Division) - From Rs 10/- Per Share To Rs 2/- Per | tejhq:2024-03-22:Face Value Split (Sub-Division) - From Rs 10/- Per Share To Rs 2/- Per
REIAGROLTD,2009-02-05,2009-02-04,0.0999999925419718,REIAGROLTD,1,nse_list:2009-02-05:Fv Split Rs.10/- To Re.1/
REIAGROLTD,2010-06-07,2010-06-04,0.6547177648367486,REIAGROLTD,1,nse_list:2010-06-07:Rights 2:1 @ Premium Rs.18.50
RELAXO,2013-11-22,2013-11-21,0.1999999994416957,RELAXO,2,nse_list:2013-11-22:Face Value Split From Rs.5/- To Re.1/- | tejhq:2013-11-22:Face Value Split From Rs.5/- To Re.1/-
RELAXO,2015-07-01,2015-06-30,0.5000000191962601,RELAXO,2,nse_list:2015-07-01:Bonus 1:1 | tejhq:2015-07-01:Bonus 1:1
RELAXO,2019-06-26,2019-06-25,0.5000000066829382,RELAXO,2,nse_list:2019-06-26: Bonus 1:1 | tejhq:2019-06-26:Bonus 1:1
RELIANCE,2009-11-26,2009-11-25,0.4999999808594753,RELIANCE,1,nse_list:2009-11-26:Bonus 1:1
RELIANCE,2017-09-07,2017-09-06,0.5000000208582097,RELIANCE,2,nse_list:2017-09-07: Bonus 1:1 | tejhq:2017-09-07:Bonus 1:1
RELIANCE,2020-05-13,2020-05-12,0.9906096980753076,RELIANCE,1,nse_list:2020-05-13: Rights 1:15 @ Premium Rs 1247
RELIANCE,2023-07-20,2023-07-19,0.9218818727237538,RELIANCE,2,nse_list:2023-07-20:Demerger | tejhq:2023-07-20:Demerger
RELIANCE,2024-10-28,2024-10-25,0.4999999999552178,RELIANCE,3,bc:2024-10-28:BONUS 1:1 | nse_list:2024-10-28:Bonus 1:1 | tejhq:2024-10-28:Bonus 1:1
RELIGARE,2010-01-15,2010-01-14,0.9671621876759492,RELIGARE,1,nse_list:2010-01-15:Rights 2:3@Prem Rs.345/-
RELMEDIA,2013-07-23,2013-07-22,0.8995337644138256,RELMEDIA,1,nse_list:2013-07-23:Rights 13:4 @ Premium Rs.35 Per Share
RENUKA,2008-04-10,2008-04-09,0.0999999974181405,RENUKA,1,nse_list:2008-04-10:Fv Split Rs.10/- To Re.1/
RENUKA,2010-03-15,2010-03-12,0.5000000198037496,RENUKA,2,nse_list:2010-03-15:Bonus 1:1 | tejhq:2010-03-15:Bonus 1:1
RITES,2019-08-08,2019-08-07,0.7999999878843368,RITES,2,nse_list:2019-08-08: Bonus  1:4 | tejhq:2019-08-08:Bonus  1:4
RITES,2024-09-20,2024-09-19,0.4999999925759061,RITES,3,nse_list:2024-09-20:Bonus 1:1 | nse_list:2024-09-20:Dividend - Rs 5 Per Share | tejhq:2024-09-20:Bonus 1:1
RKFORGE,2022-03-14,2022-03-11,0.1999999966427307,RKFORGE,2,nse_list:2022-03-14:Face Value Split (Sub-Division) - From Rs 10/- Per Share To Rs 2/- Per | tejhq:2022-03-14:Face Value Split (Sub-Division) - From Rs 10/- Per Share To Rs 2/- Per
ROLEXRINGS,2025-10-17,2025-10-16,0.0999999989103124,ROLEXRINGS,2,nse_list:2025-10-17:Face Value Split (Sub-Division) - From Rs 10/- Per Share To Re 1/- Per | tejhq:2025-10-17:Face Value Split (Sub-Division) - From Rs 10/- Per Share To Re 1/- Per
ROLTA,2008-01-24,2008-01-23,0.5000000003916782,ROLTA,1,nse_list:2008-01-24:Bonus 1 : 1
RPOWER,2008-05-30,2008-05-29,0.6250000081441018,RPOWER,1,nse_list:2008-05-30:Bonus 3:5
RSYSTEMS,2014-02-26,2014-02-25,0.1000000014631264,RSYSTEMS,2,nse_list:2014-02-26:Face Value Split From Rs 10/- To Re 1/- Per Share | tejhq:2014-02-26:Face Value Split From Rs 10/- To Re 1/- Per Share
SADBHAV,2010-06-16,2010-06-15,0.9781940434608136,SADBHAV,1,nse_list:2010-06-16:Rights Eq 1:20 @ Premium Rs.715 Per Share And 3 Warrants : 1 Eq
SADBHAV,2010-12-07,2010-12-06,0.0999999933270585,SADBHAV,2,nse_list:2010-12-07:Face Value Split From Rs.10/- To Re.1/- | tejhq:2010-12-07:Face Value Split From Rs.10/- To Re.1/-
SAFARI,2023-12-12,2023-12-11,0.499999988593159,SAFARI,2,nse_list:2023-12-12:Bonus 1:1 | tejhq:2023-12-12:Bonus 1:1
SAGCEM,2021-08-17,2021-08-16,0.2000000096485558,SAGCEM,2,nse_list:2021-08-17: Face Value Split (Sub-Division) - From Rs 10/- Per Share To Rs 2/- Pe | tejhq:2021-08-17:Face Value Split (Sub-Division) - From Rs 10/- Per Share To Rs 2/- Per
SAKSOFT,2022-09-23,2022-09-22,0.0999999949750787,SAKSOFT,2,nse_list:2022-09-23:Face Value Split (Sub-Division) - From Rs 10/- Per Share To Re 1/- Per | tejhq:2022-09-23:Face Value Split (Sub-Division) - From Rs 10/- Per Share To Re 1/- Per
SAKSOFT,2024-09-19,2024-09-18,0.8000000108489584,SAKSOFT,2,nse_list:2024-09-19:Bonus 1:4 | tejhq:2024-09-19:Bonus 1:4
SAMMAANCAP,2024-02-01,2024-01-31,0.8913857729893792,IBULHSGFIN,1,nse_list:2024-02-01:Rights 1:2 @ Premium Rs 148/-
SANDUMA,2024-02-02,2024-02-01,0.1666666700343226,SANDUMA,2,nse_list:2024-02-02:Bonus 5:1 | tejhq:2024-02-02:Bonus 5:1
SANDUMA,2025-09-22,2025-09-19,0.3333333163367736,SANDUMA,3,bc:2025-09-22:BONUS 2:1 | nse_list:2025-09-22:Bonus 2:1 | tejhq:2025-09-22:Bonus 2:1
SANGHVIMOV,2024-09-27,2024-09-26,0.4999999995579128,SANGHVIMOV,2,nse_list:2024-09-27:Face Value Split (Sub-Division) - From Rs 2/- Per Share To Re 1/- Per  | tejhq:2024-09-27:Face Value Split (Sub-Division) - From Rs 2/- Per Share To Re 1/- Per 
SANOFI,2024-06-13,2024-06-12,0.646607397258914,SANOFI,2,nse_list:2024-06-13:Demerger | tejhq:2024-06-13:Demerger
SAPPHIRE,2024-09-05,2024-09-04,0.200000001552428,SAPPHIRE,2,nse_list:2024-09-05:Face Value Split (Sub-Division) - From Rs 10/- Per Share To Rs 2/- Per | tejhq:2024-09-05:Face Value Split (Sub-Division) - From Rs 10/- Per Share To Rs 2/- Per
SARDAEN,2023-08-04,2023-08-03,0.0999999965197795,SARDAEN,2,nse_list:2023-08-04:Face Value Split (Sub-Division) - From Rs 10/- Per Share To Re 1/- Per | tejhq:2023-08-04:Face Value Split (Sub-Division) - From Rs 10/- Per Share To Re 1/- Per
SAREGAMA,2022-04-26,2022-04-25,0.0999999999683755,SAREGAMA,2,nse_list:2022-04-26:Face Value Split (Sub-Division) - From Rs 10/- Per Share To Re 1/- Per | tejhq:2022-04-26:Face Value Split (Sub-Division) - From Rs 10/- Per Share To Re 1/- Per
SAREGAMA,2023-07-27,2023-07-26,0.9701615756575068,SAREGAMA,2,nse_list:2023-07-27:Demerger | tejhq:2023-07-27:Demerger
SASKEN,2014-01-23,2014-01-22,0.8918008686988258,SASKEN,1,nse_list:2014-01-23:Special Dividend - Rs 22.50/- Per Share (Purpose Revised)
SATIA,2019-10-15,2019-10-14,0.0999999978777762,SATIA,2,nse_list:2019-10-15: Face Value Split (Sub-Division) - From Rs 10/- Per Share To Re 1/- Pe | tejhq:2019-10-15:Face Value Split (Sub-Division) - From Rs 10/- Per Share To Re 1/- Per
SBBJ,2011-03-16,2011-03-15,0.8945617232546222,SBBJ,1,nse_list:2011-03-16:Rights 2:5 @ Premium Of Rs 380 Per Share
SBCL,2022-10-12,2022-10-11,0.6666666876891058,SBCL,2,nse_list:2022-10-12:Bonus 1:2 | tejhq:2022-10-12:Bonus 1:2
SBIN,2008-01-28,2008-01-25,0.9427874593287804,SBIN,1,nse_list:2008-01-28:Rights-Eq 1:5@Prem Rs1580
SBIN,2014-11-20,2014-11-19,0.0999999937515006,SBIN,2,nse_list:2014-11-20:Face Value Split Rs.10/- To Re.1/- Per Share | tejhq:2014-11-20:Face Value Split Rs.10/- To Re.1/- Per Share
SBT,2015-03-03,2015-03-02,0.9513483572521132,SBT,1,nse_list:2015-03-03:Rights 1:5 @ Premium Rs 390/- Per Share
SCHAEFFLER,2022-02-08,2022-02-07,0.2000000010594759,SCHAEFFLER,2,nse_list:2022-02-08:Face Value Split (Sub-Division) - From Rs 10/- Per Share To Rs 2/- Per | tejhq:2022-02-08:Face Value Split (Sub-Division) - From Rs 10/- Per Share To Rs 2/- Per
SCI,2008-10-29,2008-10-28,0.6666667017551975,SCI,1,nse_list:2008-10-29:Bonus 1:2
SCI,2023-03-31,2023-03-29,0.7757977621218398,SCI,2,nse_list:2023-03-31:Demerger | tejhq:2023-03-31:Demerger
SECURKLOUD,2016-10-10,2016-10-07,0.3750000177731806,8KMILES,2,nse_list:2016-10-10: Bonus 1:3/Face Value Split (Sub-Division) - From Rs 10/- Per Share To | tejhq:2016-10-10:Bonus 1:3/Face Value Split (Sub-Division) - From Rs 10/- Per Share To 
SENCO,2025-01-31,2025-01-30,0.5000000062198297,SENCO,3,bc:2025-01-31:FVSPLT FRM RS 10 TO RS 5 | nse_list:2025-01-31:Face Value Split (Sub-Division) - From Rs 10/- Per Share To Rs 5/- Per | tejhq:2025-01-31:Face Value Split (Sub-Division) - From Rs 10/- Per Share To Rs 5/- Per
SESHAPAPER,2019-08-19,2019-08-16,0.2000000095464215,SESHAPAPER,2,nse_list:2019-08-19: Face Value Split (Sub-Division) - From Rs 10/- Per Share To Rs 2/- Pe | tejhq:2019-08-19:Face Value Split (Sub-Division) - From Rs 10/- Per Share To Rs 2/- Per
SFL,2022-12-21,2022-12-20,0.4999999996824866,SFL,2,nse_list:2022-12-21:Bonus 1:1 | tejhq:2022-12-21:Bonus 1:1
SHAILY,2023-11-23,2023-11-22,0.199999987355844,SHAILY,2,nse_list:2023-11-23:Face Value Split (Sub-Division) - From Rs 10/- Per Share To Rs 2/- Per | tejhq:2023-11-23:Face Value Split (Sub-Division) - From Rs 10/- Per Share To Rs 2/- Per
SHAKTIPUMP,2024-11-25,2024-11-22,0.1666666726957234,SHAKTIPUMP,3,bc:2024-11-25:BONUS 5:1 | nse_list:2024-11-25:Bonus 5:1 | tejhq:2024-11-25:Bonus 5:1
SHANKARA,2025-09-24,2025-09-23,0.2445734477536598,SHANKARA,2,nse_list:2025-09-24:Demerger | tejhq:2025-09-24:Demerger
SHARDAMOTR,2020-03-26,2020-03-25,0.943318163011998,SHARDAMOTR,2,nse_list:2020-03-26: Demerger | tejhq:2020-03-26:Demerger
SHARDAMOTR,2021-04-16,2021-04-15,0.2000000067355202,SHARDAMOTR,2,nse_list:2021-04-16: Face Value Split (Sub-Division) - From Rs 10/- Per Share To Rs 2/- Pe | tejhq:2021-04-16:Face Value Split (Sub-Division) - From Rs 10/- Per Share To Rs 2/- Per
SHARDAMOTR,2025-07-04,2025-07-03,0.4999999998335831,SHARDAMOTR,3,bc:2025-07-04:BONUS 1:1 | nse_list:2025-07-04:Bonus 1:1 | tejhq:2025-07-04:Bonus 1:1
SHAREINDIA,2023-02-28,2023-02-27,0.991690398753308,SHAREINDIA,1,nse_list:2023-02-28:Rights 1:50 @ Premium Rs 690/- With 17 Warrants For 50 Equity Shares
SHAREINDIA,2024-06-27,2024-06-26,0.2000000071832878,SHAREINDIA,2,nse_list:2024-06-27:Face Value Split (Sub-Division) - From Rs 10/- Per Share To Rs 2/- Per | tejhq:2024-06-27:Face Value Split (Sub-Division) - From Rs 10/- Per Share To Rs 2/- Per
SHILPAMED,2013-07-16,2013-07-15,0.6666666629136151,SHILPAMED,2,nse_list:2013-07-16:Annual General Meeting / Dividend - Rs 1.30/- Per Share / Bonus 1:2 | tejhq:2013-07-16:Annual General Meeting / Dividend - Rs 1.30/- Per Share / Bonus 1:2
SHILPAMED,2015-11-06,2015-11-05,0.5000000064833754,SHILPAMED,2,nse_list:2015-11-06: Face Value Split (Sub-Division) - From Rs 2/- Per Share To Re 1/- Per | tejhq:2015-11-06:Face Value Split (Sub-Division) - From Rs 2/- Per Share To Re 1/- Per 
SHILPAMED,2025-10-03,2025-10-01,0.499999984144654,SHILPAMED,3,bc:2025-10-03:BONUS 1:1 | nse_list:2025-10-03:Bonus 1:1 | tejhq:2025-10-03:Bonus 1:1
SHILPI,2014-09-16,2014-09-15,0.5000000056343222,SHILPI,2,nse_list:2014-09-16:Bonus 1:1 | tejhq:2014-09-16:Bonus 1:1
SHOPERSTOP,2011-01-12,2011-01-11,0.5000000109478938,SHOPERSTOP,2,nse_list:2011-01-12:Face Value Split From Rs.10/- To Rs.5/- | tejhq:2011-01-12:Face Value Split From Rs.10/- To Rs.5/-
SHOPERSTOP,2020-11-19,2020-11-18,0.9467454227914311,SHOPERSTOP,1,nse_list:2020-11-19: Rights 17:70 @ Premium Rs 135/-
SHREEASHTA,2009-08-20,2009-08-19,0.0999999979706027,SHREEASHTA,1,nse_list:2009-08-20:Fv Split Rs.10/- To Rs.1/
SHREEASHTA,2010-02-01,2010-01-29,0.2000000015738697,SHREEASHTA,2,nse_list:2010-02-01:Bonus 4:1 | tejhq:2010-02-01:Bonus 4:1
SHRENUJ,2014-07-15,2014-07-14,0.4999999889402753,SHRENUJ,2,nse_list:2014-07-15:Annual General Meeting / Dividend - Re 0.60/- Per Share / Bonus 1 : 1 | tejhq:2014-07-15:Annual General Meeting / Dividend - Re 0.60/- Per Share / Bonus 1 : 1
SHRIPISTON,2023-07-24,2023-07-21,0.4999999901012933,SHRIPISTON,2,nse_list:2023-07-24:Bonus 1:1 | tejhq:2023-07-24:Bonus 1:1
SHRIRAMFIN,2020-07-09,2020-07-08,0.9732610007474022,SRTRANSFIN,1,nse_list:2020-07-09: Rights 3:26 @ Premium Rs 560/-
SHRIRAMFIN,2025-01-10,2025-01-09,0.1999999895735092,SHRIRAMFIN,3,notes:2025-01-10:notes.json x0.2: 1:5 split of Shriram Finance (face value 10 to 2) tha | nse_list:2025-01-10:Face Value Split (Sub-Division) - From Rs 10/- Per Share To Rs 2/- Per | tejhq:2025-01-10:Face Value Split (Sub-Division) - From Rs 10/- Per Share To Rs 2/- Per
SIEMENS,2008-02-29,2008-02-28,0.5000000160773816,SIEMENS,1,nse_list:2008-02-29:Bonus 1:1
SIEMENS,2025-04-07,2025-04-04,0.5706908271866726,SIEMENS,3,bc:2025-04-07:DEMERGER | nse_list:2025-04-07:Demerger | tejhq:2025-04-07:Demerger
SINTEX,2010-10-27,2010-10-26,0.4999999747495255,SINTEX,2,nse_list:2010-10-27:Face Value Split From Rs.2/- To Re.1/- | tejhq:2010-10-27:Face Value Split From Rs.2/- To Re.1/-
SINTEX,2017-05-25,2017-05-24,0.2483189241114313,SINTEX,1,nse_list:2017-05-25: Scheme Of Arrangement
SIS,2020-01-15,2020-01-14,0.499999999980771,SIS,2,nse_list:2020-01-15: Face Value Split (Sub-Division) - From Rs 10/- Per Share To Rs 5/- Pe | tejhq:2020-01-15:Face Value Split (Sub-Division) - From Rs 10/- Per Share To Rs 5/- Per
SIYSIL,2017-10-25,2017-10-24,0.1999999967250635,SIYSIL,2,nse_list:2017-10-25: Face Value Split (Sub-Division) - From Rs 10/- Per Share To Rs 2/- Pe | tejhq:2017-10-25:Face Value Split (Sub-Division) - From Rs 10/- Per Share To Rs 2/- Per
SKFINDIA,2025-10-15,2025-10-14,0.4524598674227298,SKFINDIA,3,bc:2025-10-15:DEMERGER | nse_list:2025-10-15:Demerger | tejhq:2025-10-15:Demerger
SKIPPER,2024-01-12,2024-01-11,0.9769622632130732,SKIPPER,1,nse_list:2024-01-12:Rights 1:10 @ Premium Rs 193/-
SKYGOLD,2024-12-16,2024-12-13,0.1000000001443031,SKYGOLD,3,bc:2024-12-16:BONUS 9:1 | nse_list:2024-12-16:Bonus 9:1 | tejhq:2024-12-16:Bonus 9:1
SMARTLINK,2009-06-18,2009-06-17,0.7444866920152092,D-LINK,1,nse_list:2009-06-18:Scheme Of Arrangement
SMARTLINK,2011-05-31,2011-05-30,0.7028231495615866,SMARTLINK,1,nse_list:2011-05-31:Special Interim Dividend Rs 30 Per Share (Purpose Revised)
SMLMAH,2010-02-09,2010-02-08,0.9178405353089472,SWARAJMAZD,1,nse_list:2010-02-09:Rights 19:50@Prem Rs.190
SMSPHARMA,2015-12-17,2015-12-16,0.0999999965532793,SMSPHARMA,2,nse_list:2015-12-17: Face Value Split (Sub-Division) - From Rs 10/- Per Share To Re 1/- Pe | tejhq:2015-12-17:Face Value Split (Sub-Division) - From Rs 10/- Per Share To Re 1/- Per
SOBHA,2024-06-19,2024-06-18,0.9733348625742168,SOBHA,1,nse_list:2024-06-19:Rights 6:47 @ Premium Rs 1641/-
SOLARA,2024-05-15,2024-05-14,0.9214991318006596,SOLARA,1,nse_list:2024-05-15:Rights 1:3 @ Premium Rs 365/-
SOLARINDS,2016-07-13,2016-07-12,0.199999995484698,SOLARINDS,2,nse_list:2016-07-13: Fv Splt Frm Rs 10 To Rs 2 | tejhq:2016-07-13:Fv Splt Frm Rs 10 To Rs 2
SOMANYCERA,2010-11-11,2010-11-10,0.2000000052550622,SOMANYCERA,2,nse_list:2010-11-11:Face Value Split From Rs.10/- To Rs.2/- | tejhq:2010-11-11:Face Value Split From Rs.10/- To Rs.2/-
SONASTEER,2008-09-02,2008-09-01,0.5000000162403143,SONASTEER,1,nse_list:2008-09-02:Fv Split Rs.2/- To Re.1/-
SONATSOFTW,2022-09-08,2022-09-07,0.7499999989442018,SONATSOFTW,2,nse_list:2022-09-08:Bonus 1:3 | tejhq:2022-09-08:Bonus 1:3
SONATSOFTW,2023-12-12,2023-12-11,0.4999999907737862,SONATSOFTW,2,nse_list:2023-12-12:Bonus 1:1 | tejhq:2023-12-12:Bonus 1:1
SOTL,2022-09-01,2022-08-30,0.1999999968404396,SOTL,2,nse_list:2022-09-01:Face Value Split (Sub-Division) - From Rs 10/- Per Share To Rs 2/- Per | tejhq:2022-09-01:Face Value Split (Sub-Division) - From Rs 10/- Per Share To Rs 2/- Per
SOUTHBANK,2008-10-16,2008-10-15,0.8000000006808812,SOUTHBANK,1,nse_list:2008-10-16:Bonus 1:4
SOUTHBANK,2010-09-23,2010-09-22,0.0999999915801553,SOUTHBANK,2,nse_list:2010-09-23:Face Value Split From Rs.10/- To Re.1/- | tejhq:2010-09-23:Face Value Split From Rs.10/- To Re.1/-
SOUTHBANK,2017-02-16,2017-02-15,0.9052106267629856,SOUTHBANK,1,nse_list:2017-02-16: Rights 1:3 @ Premium Rs 13/- Per Share
SOUTHBANK,2024-02-27,2024-02-26,0.918598410671638,SOUTHBANK,1,nse_list:2024-02-27:Rights 1:4 @ Premium Rs 21/-
SPANDANA,2025-07-24,2025-07-23,0.9509883010722248,SPANDANA,1,nse_list:2025-07-24:Rights 10:41 @ Premium Rs 220/-
SPARC,2012-08-23,2012-08-22,0.9836956002521297,SPARC,1,nse_list:2012-08-23:Rights 1: 7@ Premium Rs 66 Per Share
SPARC,2016-03-16,2016-03-15,0.9932422058060042,SPARC,1,nse_list:2016-03-16: Rights 5: 116 At Premium Rs 244/- Per Share
SPLPETRO,2023-01-06,2023-01-05,0.5000000156180037,SPLPETRO,2,nse_list:2023-01-06:Face Value Split (Sub-Division) - From Rs 4/- Per Share To Rs 2/- Per  | tejhq:2023-01-06:Face Value Split (Sub-Division) - From Rs 4/- Per Share To Rs 2/- Per 
SREINFRA,2011-02-10,2011-02-09,0.555555532121955,SREINFRA,2,nse_list:2011-02-10:Bonus 4:5 (Pursuant To Scheme Of Amalgamation) | tejhq:2011-02-10:Bonus 4:5 (Pursuant To Scheme Of Amalgamation)
SRF,2021-10-13,2021-10-12,0.2000000012883982,SRF,2,nse_list:2021-10-13: Bonus 4:1 | tejhq:2021-10-13:Bonus 4:1
SSWL,2021-11-18,2021-11-17,0.5000000016723335,SSWL,2,nse_list:2021-11-18: Face Value Split (Sub-Division) - From Rs 10/- Per Share To Rs 5/- Pe | tejhq:2021-11-18:Face Value Split (Sub-Division) - From Rs 10/- Per Share To Rs 5/- Per
SSWL,2022-11-10,2022-11-09,0.1999999901653213,SSWL,2,nse_list:2022-11-10:Face Value Split (Sub-Division) - From Rs 5/- Per Share To Re 1/- Per  | tejhq:2022-11-10:Face Value Split (Sub-Division) - From Rs 5/- Per Share To Re 1/- Per 
STAR,2013-12-19,2013-12-18,0.4332993455093012,STAR,1,nse_list:2013-12-19:Special Dividend - Rs 500/- Per Share
STAR,2014-10-16,2014-10-14,0.8682393841587223,STAR,1,nse_list:2014-10-16:Special Dividend Rs.105/- Per Share
STAR,2024-12-06,2024-12-05,0.4596141544055756,STAR,3,bc:2024-12-06:DEMERGER | nse_list:2024-12-06:Demerger | tejhq:2024-12-06:Demerger
STCINDIA,2008-03-19,2008-03-18,0.4999999846626072,STCINDIA,1,nse_list:2008-03-19:Bonus - 1:1
STEELXIND,2022-07-12,2022-07-11,0.0999999986093607,STEELXIND,2,nse_list:2022-07-12:Face Value Split (Sub-Division) - From Rs 10/- Per Share To Re 1/- Per | tejhq:2022-07-12:Face Value Split (Sub-Division) - From Rs 10/- Per Share To Re 1/- Per
STER,2010-06-21,2010-06-18,0.2499999993451042,STER,2,nse_list:2010-06-21:Bonus 1:1 And Face Value Split From Rs.2/- To Re.1/- | tejhq:2010-06-21:Bonus 1:1 And Face Value Split From Rs.2/- To Re.1/-
STLTECH,2010-03-09,2010-03-08,0.1999999947863773,STRTECH,2,nse_list:2010-03-09:Bon 1:1/Fv Spl Rs.5tors.2 | tejhq:2010-03-09:Bon 1:1/Fv Spl Rs.5tors.2
STLTECH,2025-04-24,2025-04-23,0.7479590663447166,STLTECH,3,bc:2025-04-24:DEMERGER | nse_list:2025-04-24:Demerger | tejhq:2025-04-24:Demerger
STYRENIX,2021-10-22,2021-10-21,0.891876685546216,INEOSSTYRO,1,nse_list:2021-10-22: Special Dividend - Rs 192 Per Share
SUDARCOLOR,2015-01-19,2015-01-16,0.87768651090334,CLNINDIA,1,nse_list:2015-01-19:Second Interim Dividend - Rs 140/- Per Share (Purpose Revised)
SUDARCOLOR,2020-07-16,2020-07-15,0.7514645414792599,CLNINDIA,1,nse_list:2020-07-16: Special Dividend - Rs 140 Per Share
SUDARCOLOR,2021-02-18,2021-02-17,0.8895637636875238,CLNINDIA,1,nse_list:2021-02-18: Interim Dividend - Rs 50 Per Share
SUDARSCHEM,2014-09-30,2014-09-29,0.1000000032867184,SUDARSCHEM,2,nse_list:2014-09-30:Bonus 1 : 1 / Face Value Split From Rs 10/- To Rs 2/- Per Share | tejhq:2014-09-30:Bonus 1 : 1 / Face Value Split From Rs 10/- To Rs 2/- Per Share
SUJANATOW,2011-01-10,2011-01-07,0.2000000060224858,SUJANATOW,2,nse_list:2011-01-10:Face Value Split From Rs.5/- To Re.1/- | tejhq:2011-01-10:Face Value Split From Rs.5/- To Re.1/-
SUNDARMFIN,2008-08-22,2008-08-21,0.5000000306978715,SUNDARMFIN,1,nse_list:2008-08-22:Bonus 1:1
SUNDARMFIN,2012-12-13,2012-12-12,0.4999999649543856,SUNDARMFIN,2,nse_list:2012-12-13:Bonus 1:1 | tejhq:2012-12-13:Bonus 1:1
SUNDARMHLD,2021-04-26,2021-04-23,0.8887983211321897,SUNDARMHLD,1,nse_list:2021-04-26: Rights 23:49 @ Premium Rs 45/-
SUNPHARMA,2010-11-25,2010-11-24,0.2000000059065847,SUNPHARMA,2,nse_list:2010-11-25:Face Value Split From Rs.5/- To Re.1/- | tejhq:2010-11-25:Face Value Split From Rs.5/- To Re.1/-
SUNPHARMA,2013-07-29,2013-07-26,0.5000000218509465,SUNPHARMA,2,nse_list:2013-07-29:Bonus 1:1 | tejhq:2013-07-29:Bonus 1:1
SUNTECK,2017-07-25,2017-07-24,0.5000000192445418,SUNTECK,2,nse_list:2017-07-25: Face Value Split (Sub-Division) - From Rs 2/- Per Share To Rs 1/- Per | tejhq:2017-07-25:Face Value Split (Sub-Division) - From Rs 2/- Per Share To Rs 1/- Per 
SUPRAJIT,2010-03-18,2010-03-17,0.1000000055625678,SUPRAJIT,2,nse_list:2010-03-18:Bon 1:1/Fv Spl Rs.5tore.1 | tejhq:2010-03-18:Bon 1:1/Fv Spl Rs.5tore.1
SUPREMEIND,2010-10-18,2010-10-15,0.1999999832491188,SUPREMEIND,2,nse_list:2010-10-18:Face Value Split From Rs.10/- To Rs.2/- | tejhq:2010-10-18:Face Value Split From Rs.10/- To Rs.2/-
SURYAROSNI,2023-10-06,2023-10-05,0.4999999939521248,SURYAROSNI,2,nse_list:2023-10-06:Face Value Split (Sub-Division) - From Rs 10/- Per Share To Rs 5/- Per | tejhq:2023-10-06:Face Value Split (Sub-Division) - From Rs 10/- Per Share To Rs 5/- Per
SURYAROSNI,2025-01-01,2024-12-31,0.4999999994232683,SURYAROSNI,3,bc:2025-01-01:BONUS 1:1 | nse_list:2025-01-01:Bonus 1:1 | tejhq:2025-01-01:Bonus 1:1
SUVEN,2020-01-21,2020-01-20,0.0529109305025709,SUVEN,2,nse_list:2020-01-21: Demerger | tejhq:2020-01-21:Demerger
SUVEN,2022-10-17,2022-10-14,0.921296352413228,SUVEN,1,nse_list:2022-10-17:Rights 1:2 @ Premium Rs 54/-
SUVENPHAR,2020-09-25,2020-09-24,0.4999999923555102,SUVENPHAR,2,nse_list:2020-09-25: Bonus 1:1 | tejhq:2020-09-25:Bonus 1:1
SUZLON,2008-01-21,2008-01-18,0.2000000087809004,SUZLON,1,nse_list:2008-01-21:Fv Split Rs.10/- To Rs.2/
SUZLON,2022-10-03,2022-09-30,0.918213953794308,SUZLON,1,nse_list:2022-10-03:Rights 5:21 @ Premium Rs 3/-
SWANCORP,2014-02-03,2014-01-31,0.5000000236387128,SWANENERGY,2,nse_list:2014-02-03:Face Value Split From Rs 2/- To Re 1/- | tejhq:2014-02-03:Face Value Split From Rs 2/- To Re 1/-
SWANENERGY,2014-02-03,2014-01-31,0.5000000236387128,SWANENERGY,2,nse_list:2014-02-03:Face Value Split From Rs 2/- To Re 1/- | tejhq:2014-02-03:Face Value Split From Rs 2/- To Re 1/-
SYMPHONY,2012-02-15,2012-02-14,0.1999999929863034,SYMPHONY,2,nse_list:2012-02-15:Face Value Split Rs.10/- To Rs.2/- | tejhq:2012-02-15:Face Value Split Rs.10/- To Rs.2/-
SYMPHONY,2016-09-14,2016-09-12,0.4999999789434106,SYMPHONY,2,nse_list:2016-09-14: Bonus 1:1 | tejhq:2016-09-14:Bonus 1:1
SYNGENE,2019-06-11,2019-06-10,0.5000000367707831,SYNGENE,2,nse_list:2019-06-11: Bonus 1:1 | tejhq:2019-06-11:Bonus 1:1
TAKE,2008-09-18,2008-09-17,0.1000000028776594,TAKE,1,nse_list:2008-09-18:Fv Split-Rs10/- To Re.1/-
TANLA,2008-05-02,2008-04-30,0.5000000211044914,TANLA,1,nse_list:2008-05-02:Fv Split Rs.2/- To Re.1/-
TARIL,2013-06-13,2013-06-12,0.9000000292821799,TRIL,2,nse_list:2013-06-13:Bonus 1:9 | tejhq:2013-06-13:Bonus 1:9
TARIL,2017-09-28,2017-09-27,0.1000000014049608,TRIL,2,nse_list:2017-09-28: Face Value Split (Sub-Division) - From Rs 10/- Per Share To Re 1/- Pe | tejhq:2017-09-28:Face Value Split (Sub-Division) - From Rs 10/- Per Share To Re 1/- Per
TARIL,2025-02-14,2025-02-13,0.5000000223506872,TARIL,3,bc:2025-02-14:BONUS 1:1 | nse_list:2025-02-14:Bonus 1:1 | tejhq:2025-02-14:Bonus 1:1
TATACHEM,2020-03-04,2020-03-03,0.4347435985920352,TATACHEM,2,nse_list:2020-03-04: Demerger | tejhq:2020-03-04:Demerger
TATACOFFEE,2015-01-23,2015-01-22,0.0999999948910407,TATACOFFEE,2,nse_list:2015-01-23:Face Value Split (Sub-Division): From Rs 10/- Per Share To Re 1/- Per  | tejhq:2015-01-23:Face Value Split (Sub-Division): From Rs 10/- Per Share To Re 1/- Per 
TATACOMM,2019-09-17,2019-09-16,0.6519447047797563,TATACOMM,2,nse_list:2019-09-17: Demerger | tejhq:2019-09-17:Demerger
TATACONSUM,2010-06-30,2010-06-29,0.099999996743462,TATATEA,3,nse_list:2010-06-30:Face Value Split From Rs.10/- To Re.1/- | tejhq:2010-06-30:Derived from an unexplained price step; no exchange action was publish | tejhq:2010-06-30:Face Value Split From Rs.10/- To Re.1/-
TATACONSUM,2024-07-26,2024-07-25,0.9877228951267042,TATACONSUM,1,nse_list:2024-07-26:Rights 1:26 @ Premium Rs 817/-
TATAELXSI,2017-09-18,2017-09-15,0.4999999933829623,TATAELXSI,2,nse_list:2017-09-18: Bonus 1:1 | tejhq:2017-09-18:Bonus 1:1
TATAINVEST,2025-10-14,2025-10-13,0.1000000012302994,TATAINVEST,3,bc:2025-10-14:FVSPLT FRM RS 10 TO RE 1 | nse_list:2025-10-14:Face Value Split (Sub-Division) - From Rs 10/- Per Share To Re 1/- Per | tejhq:2025-10-14:Face Value Split (Sub-Division) - From Rs 10/- Per Share To Re 1/- Per
TATAMOTORS,2011-09-12,2011-09-09,0.2000000000460396,TATAMOTORS,2,nse_list:2011-09-12:Face Value Split From Rs.10/- To Rs.2/- | tejhq:2011-09-12:Face Value Split From Rs.10/- To Rs.2/-
TATAMOTORS,2015-04-06,2015-04-01,0.9893878290482134,TATAMOTORS,1,nse_list:2015-04-06:Rights 6:109 @ Premium Rs. 448/- Per Share
TATAMOTORS,2025-10-14,2025-10-13,0.5984865682936056,TATAMOTORS,3,bc:2025-10-14:DEMERGER | nse_list:2025-10-14:Demerger | tejhq:2025-10-14:Demerger
TATAMTRDVR,2011-09-12,2011-09-09,0.1999999913167235,TATAMTRDVR,2,nse_list:2011-09-12:Face Value Split From Rs.10/- To Rs.2/- | tejhq:2011-09-12:Face Value Split From Rs.10/- To Rs.2/-
TATAMTRDVR,2015-04-06,2015-04-01,0.9896515762002908,TATAMTRDVR,1,nse_list:2015-04-06:Rights 6:109 @ Premium Rs.269/- Per Share
TATAPOWER,2011-09-26,2011-09-23,0.0999999991105675,TATAPOWER,2,nse_list:2011-09-26:Face Value Split From Rs.10/- To Re.1/- | tejhq:2011-09-26:Face Value Split From Rs.10/- To Re.1/-
TATAPOWER,2014-03-19,2014-03-18,0.9650168159546844,TATAPOWER,1,nse_list:2014-03-19:Rights 7:50 @ Premium Rs.59/- Per Equity Share
TATASTEEL,2018-01-31,2018-01-30,0.9511370893264196,TATASTEEL,1,nse_list:2018-01-31: Rights - 4:25 Fully Paid Up Shares @ Premium Rs 500/- Per Share / 2:2
TATASTEEL,2022-07-28,2022-07-27,0.1000000040652789,TATASTEEL,2,nse_list:2022-07-28:Face Value Split (Sub-Division) - From Rs 10/- Per Share To Re 1/- Per | tejhq:2022-07-28:Face Value Split (Sub-Division) - From Rs 10/- Per Share To Re 1/- Per
TATASTLBSL,2010-09-21,2010-09-20,0.1999999921932724,BHUSANSTL,2,nse_list:2010-09-21:Annual General Meeting / Dividend Rs.2.50 Per Share And Face Value Spl | tejhq:2010-09-21:Annual General Meeting / Dividend Rs.2.50 Per Share And Face Value Spl
TATASTLBSL,2013-01-15,2013-01-14,0.9852099516946282,BHUSANSTL,1,nse_list:2013-01-15:Right Issue 1:15 @ Premium Of Rs 333 Per Share
TATASTLLP,2019-06-24,2019-06-21,0.8536130975730469,TATASPONGE,1,nse_list:2019-06-24: Rights 15:7@ Premium Rs 490 Per Share
TCI,2016-08-26,2016-08-25,0.5302989130434783,TCI,1,nse_list:2016-08-26: Scheme Of Arrangement
TCS,2009-06-16,2009-06-15,0.500000007842112,TCS,1,nse_list:2009-06-16:Bonus 1:1/Div-Rs.5 Per Sh
TCS,2018-05-31,2018-05-30,0.4999999998723077,TCS,2,nse_list:2018-05-31: Bonus 1:1 /Dividend- Rs 29 Per Share | tejhq:2018-05-31:Bonus 1:1 /Dividend- Rs 29 Per Share
TDPOWERSYS,2022-10-31,2022-10-28,0.1999999964600793,TDPOWERSYS,2,nse_list:2022-10-31:Face Value Split (Sub-Division) - From Rs 10/- Per Share To Rs 2/- Per | tejhq:2022-10-31:Face Value Split (Sub-Division) - From Rs 10/- Per Share To Rs 2/- Per
TDPOWERSYS,2026-08-24,2026-08-21,0.5000000315550343,TDPOWERSYS,3,bc:2026-08-24:FVSPLT FRM RS 2 TO RE 1 | nse_list:2026-08-24:Face Value Split (Sub-Division) - From Rs 2/- Per Share To Re 1/- Per  | tejhq:2026-08-24:Face Value Split (Sub-Division) - From Rs 2/- Per Share To Re 1/- Per 
TECHM,2015-03-19,2015-03-18,0.2499999911176375,TECHM,2,nse_list:2015-03-19:Bonus 1:1 / Face Value Split - From Rs 10/- Per Share To Rs 5/- Per Sh | tejhq:2015-03-19:Bonus 1:1 / Face Value Split - From Rs 10/- Per Share To Rs 5/- Per Sh
TECHNO,2016-09-06,2016-09-02,0.4999999813033683,TECHNO,2,nse_list:2016-09-06: Bonus 1:1 | tejhq:2016-09-06:Bonus 1:1
TEXRAIL,2019-09-24,2019-09-23,0.9890110330704324,TEXRAIL,1,nse_list:2019-09-24: Rights 19:100 @ Premium Rs 45.70/-
TEXRAIL,2021-10-21,2021-10-20,0.907997179942526,TEXRAIL,1,nse_list:2021-10-21: Rights 2:7 @ Premium Rs 22/-
TFCILTD,2025-09-19,2025-09-18,0.2000000016568562,TFCILTD,2,nse_list:2025-09-19:Face Value Split (Sub-Division) - From Rs 10/- Per Share To Rs 2/- Per | tejhq:2025-09-19:Face Value Split (Sub-Division) - From Rs 10/- Per Share To Rs 2/- Per
THANGAMAYL,2023-07-17,2023-07-14,0.5000000044057638,THANGAMAYL,2,nse_list:2023-07-17:Bonus 1:1 | tejhq:2023-07-17:Bonus 1:1
THANGAMAYL,2025-02-11,2025-02-10,0.9688354134581374,THANGAMAYL,1,nse_list:2025-02-11:Rights 2:15 @ Premium Rs 1390/-
THOMASCOOK,2019-12-05,2019-12-04,0.4444816053511706,THOMASCOOK,2,nse_list:2019-12-05: Demerger | tejhq:2019-12-05:Demerger
THYROCARE,2025-11-28,2025-11-27,0.3333333334001108,THYROCARE,3,bc:2025-11-28:BONUS 2:1 | nse_list:2025-11-28:Bonus 2:1 | tejhq:2025-11-28:Bonus 2:1
TI,2010-09-28,2010-09-27,0.3333333232013352,TI,2,nse_list:2010-09-28:Bonus 2:1 | tejhq:2010-09-28:Bonus 2:1
TIDEWATER,2016-03-16,2016-03-15,0.2499999897607088,TIDEWATER,2,nse_list:2016-03-16: Bonus 1:1/Face Value Split (Sub-Division) - From Rs 10/- Per Share To | tejhq:2016-03-16:Bonus 1:1/Face Value Split (Sub-Division) - From Rs 10/- Per Share To 
TIDEWATER,2021-07-26,2021-07-23,0.2000000062457032,TIDEWATER,4,nse_list:2021-07-26: Bonus 1:1 | nse_list:2021-07-26: Face Value Split (Sub-Division) - From Rs 5/- Per Share To Re 2/- Per | tejhq:2021-07-26:Bonus 1:1 | tejhq:2021-07-26:Face Value Split (Sub-Division) - From Rs 5/- Per Share To Re 2/- Per 
TIMETECHNO,2008-10-29,2008-10-28,0.0999999984010184,TIMETECHNO,1,nse_list:2008-10-29:Fv Split Rs.10/- To Re.1/Record Date Revised
TIMETECHNO,2025-09-23,2025-09-22,0.499999987225794,TIMETECHNO,3,bc:2025-09-23:BONUS 1:1 | nse_list:2025-09-23:Bonus 1:1 | tejhq:2025-09-23:Bonus 1:1
TIPSMUSIC,2022-05-19,2022-05-18,0.9000359483449936,TIPSINDLTD,2,nse_list:2022-05-19:Demerger | tejhq:2022-05-19:Demerger
TIPSMUSIC,2023-04-21,2023-04-20,0.0999999962172201,TIPSINDLTD,2,nse_list:2023-04-21:Face Value Split (Sub-Division) - From Rs 10/- Per Share To Re 1/- Per | tejhq:2023-04-21:Face Value Split (Sub-Division) - From Rs 10/- Per Share To Re 1/- Per
TIRUMALCHM,2018-08-14,2018-08-13,0.1000000002579716,TIRUMALCHM,2,nse_list:2018-08-14: Face Value Split (Sub-Division) - From Rs 10/- Per Share To Re 1/- Pe | tejhq:2018-08-14:Face Value Split (Sub-Division) - From Rs 10/- Per Share To Re 1/- Per
TITAGARH,2015-04-23,2015-04-22,0.2000000048159698,TWL,2,nse_list:2015-04-23:Face Value Split (Sub-Division) - From Rs 10/- Per Share To Rs 2/- Per | tejhq:2015-04-23:Face Value Split (Sub-Division) - From Rs 10/- Per Share To Rs 2/- Per
TITAN,2011-06-23,2011-06-22,0.05000000076446,TITAN,2,nse_list:2011-06-23:Bonus 1:1 / Face Value Split From Rs.10/- To Re.1/- | tejhq:2011-06-23:Bonus 1:1 / Face Value Split From Rs.10/- To Re.1/-
TMPV,2011-09-12,2011-09-09,0.2000000000460396,TATAMOTORS,2,nse_list:2011-09-12:Face Value Split From Rs.10/- To Rs.2/- | tejhq:2011-09-12:Face Value Split From Rs.10/- To Rs.2/-
TMPV,2015-04-06,2015-04-01,0.9893878290482134,TATAMOTORS,1,nse_list:2015-04-06:Rights 6:109 @ Premium Rs. 448/- Per Share
TMPV,2025-10-14,2025-10-13,0.5984865682936056,TATAMOTORS,3,bc:2025-10-14:DEMERGER | nse_list:2025-10-14:Demerger | tejhq:2025-10-14:Demerger
TORNTPHARM,2013-07-23,2013-07-22,0.5000000070018534,TORNTPHARM,2,nse_list:2013-07-23:Bonus 1:1 | tejhq:2013-07-23:Bonus 1:1
TORNTPHARM,2022-07-08,2022-07-07,0.5000000249255975,TORNTPHARM,2,nse_list:2022-07-08:Bonus 1:1 | tejhq:2022-07-08:Bonus 1:1
TRENT,2010-07-08,2010-07-07,0.8423000525654967,TRENT,2,"notes:2010-07-08:notes.json x0.8423: Rights issue of 4 CCPS (Series A and B, Rs 10 + Rs | nse_list:2010-07-08:4 Ccps (2 Series A Ccps And 2 Series B Ccps) Issued @ Premium Of Rs 54"
TRENT,2016-09-12,2016-09-09,0.1000000091091546,TRENT,2,nse_list:2016-09-12: Face Value Split From Rs 10 To Re 1 | tejhq:2016-09-12:Face Value Split From Rs 10 To Re 1
TRENT,2026-06-04,2026-06-03,0.6666666207863524,TRENT,3,bc:2026-06-04:BONUS 1:2 | nse_list:2026-06-04:Bonus 1:2 | tejhq:2026-06-04:Bonus 1:2
TRIDENT,2019-12-13,2019-12-12,0.0999999974302189,TRIDENT,2,nse_list:2019-12-13: Face Value Split (Sub-Division) - From Rs 10/- Per Share To Rs 1/- Pe | tejhq:2019-12-13:Face Value Split (Sub-Division) - From Rs 10/- Per Share To Rs 1/- Per
TRIVENI,2011-05-03,2011-05-02,0.4004014049172102,TRIVENI,1,nse_list:2011-05-03:Scheme Of Arrangement
TRIVENI,2026-07-22,2026-07-21,0.584305408271474,TRIVENI,3,bc:2026-07-22:DEMERGER | nse_list:2026-07-22:Demerger | tejhq:2026-07-22:Demerger
TSFINV,2021-04-26,2021-04-23,0.8887983211321897,SUNDARMHLD,1,nse_list:2021-04-26: Rights 23:49 @ Premium Rs 45/-
TTKPRESTIG,2019-05-15,2019-05-14,0.8333333520015508,TTKPRESTIG,2,nse_list:2019-05-15: Bonus 1:5 | tejhq:2019-05-15:Bonus 1:5
TTKPRESTIG,2021-12-14,2021-12-13,0.0999999928495009,TTKPRESTIG,2,nse_list:2021-12-14: Face Value Split (Sub-Division) - From Rs 10 Per Share To Re 1 Per Sh | tejhq:2021-12-14:Face Value Split (Sub-Division) - From Rs 10 Per Share To Re 1 Per Sha
TTML,2013-08-07,2013-08-06,0.8823529902343749,TTML,2,nse_list:2013-08-07:Bonus 2:15 | tejhq:2013-08-07:Bonus 2:15
TULIP,2010-07-06,2010-07-05,0.2000000054828897,TULIP,2,nse_list:2010-07-06:Fv Split Rs.10/- To Rs.2/- | tejhq:2010-07-06:Fv Split Rs.10/- To Rs.2/-
TV-18,2009-09-18,2009-09-17,0.9316926913709144,TV-18,1,nse_list:2009-09-18:Rights 1:2 Prem@Rs.79/-
TV18BRDCST,2008-02-21,2008-02-20,0.2000000062945924,GBN,1,nse_list:2008-02-21:Fv Split Rs.10/- To Rs.2/
TV18BRDCST,2010-03-03,2010-03-02,0.9831813699733982,IBN18,1,nse_list:2010-03-03:Rights 3:10 @Prem Rs.91.5
TV18BRDCST,2012-09-14,2012-09-13,0.8578183711215095,TV18BRDCST,1,nse_list:2012-09-14:Rights 41:11 @ Premium Rs.18/- Per Share
TVSHLTD,2023-08-24,2023-08-23,0.8673995541412114,TVSHLTD,2,nse_list:2023-08-24:Demerger | tejhq:2023-08-24:Demerger
TVSMOTOR,2010-09-08,2010-09-07,0.5000000003311802,TVSMOTOR,2,nse_list:2010-09-08:Bonus 1:1 | tejhq:2010-09-08:Bonus 1:1
TVTODAY,2023-02-13,2023-02-10,0.7822200147370836,TVTODAY,1,nse_list:2023-02-13:Special Interim Dividend - Rs 67 Per Share
UNICHEMLAB,2010-10-21,2010-10-20,0.3999999984403502,UNICHEMLAB,2,nse_list:2010-10-21:Interim Dividend Rs.3/- Per Share And Face Value Split From Rs.5/- To  | tejhq:2010-10-21:Interim Dividend Rs.3/- Per Share And Face Value Split From Rs.5/- To 
UNITDSPR,2018-06-15,2018-06-14,0.1999999992934314,MCDOWELL-N,2,nse_list:2018-06-15: Face Value Split (Sub-Division) - From Rs 10/- Per Share To Rs 2/- Pe | tejhq:2018-06-15:Face Value Split (Sub-Division) - From Rs 10/- Per Share To Rs 2/- Per
UNITY,2010-04-07,2010-04-06,0.2000000035379769,UNITY,2,nse_list:2010-04-07:Fv Split Rs.10 To Rs.2 | tejhq:2010-04-07:Fv Split Rs.10 To Rs.2
UNOMINDA,2016-09-12,2016-09-09,0.2000000005117124,MINDAIND,2,nse_list:2016-09-12: Face Value Split From Rs 10 To Rs 2 | tejhq:2016-09-12:Face Value Split From Rs 10 To Rs 2
UNOMINDA,2018-07-11,2018-07-10,0.3333333171723703,MINDAIND,2,nse_list:2018-07-11: Bonus 2:1/Dividend- Rs 1.60 Per Share | tejhq:2018-07-11:Bonus 2:1/Dividend- Rs 1.60 Per Share
UNOMINDA,2020-08-14,2020-08-13,0.9949944661168736,MINDAIND,1,nse_list:2020-08-14: Rights 1:27 @ Premium Rs 248/-
UNOMINDA,2022-07-07,2022-07-06,0.5000000185893233,MINDAIND,3,nse_list:2022-07-07:Bonus 1:1 | nse_list:2022-07-07:Dividend - Rs 1 Per Share | tejhq:2022-07-07:Bonus 1:1
UPL,2008-10-29,2008-10-28,0.4999999949332042,UNIPHOS,1,nse_list:2008-10-29:Bonus 1:1
UPL,2019-07-02,2019-07-01,0.6666667162215906,UPL,2,nse_list:2019-07-02: Bonus 1:2 | tejhq:2019-07-02:Bonus 1:2
UPL,2024-11-26,2024-11-25,0.959243351714339,UPL,1,nse_list:2024-11-26:Rights 1:8 @ Premium Rs 358/-
UTKARSHBNK,2025-10-14,2025-10-13,0.8489326842438205,UTKARSHBNK,2,notes:2025-10-14:notes.json x0.849: Rights issue ex-date: NSE's close fell x0.804 while | nse_list:2025-10-14:Rights 8:13 @ Premium Rs 4/-
V2RETAIL,2026-03-25,2026-03-24,0.0999999990787678,V2RETAIL,3,bc:2026-03-25:FV SPLT FRM RS 10 TO 1 | nse_list:2026-03-25:Face Value Split (Sub-Division) - From Rs 10/- Per Share To Re 1/- Per | tejhq:2026-03-25:Face Value Split (Sub-Division) - From Rs 10/- Per Share To Re 1/- Per
VAIBHAVGBL,2021-05-07,2021-05-06,0.2000000031410903,VAIBHAVGBL,2,nse_list:2021-05-07: Face Value Split (Sub-Division) - From Rs 10/- Per Share To Rs 2/- Pe | tejhq:2021-05-07:Face Value Split (Sub-Division) - From Rs 10/- Per Share To Rs 2/- Per
VAKRANGEE,2012-04-12,2012-04-11,0.0499999990082232,VAKRANSOFT,2,nse_list:2012-04-12:Bonus 1:1 And Face Value Split From Rs.10/- To Re.1/- | tejhq:2012-04-12:Bonus 1:1 And Face Value Split From Rs.10/- To Re.1/-
VAKRANGEE,2017-12-21,2017-12-20,0.5000000330781551,VAKRANGEE,2,nse_list:2017-12-21: Bonus 1:1 | tejhq:2017-12-21:Bonus 1:1
VAKRANGEE,2023-06-15,2023-06-14,0.9152542372881356,VAKRANGEE,2,nse_list:2023-06-15:Demerger | tejhq:2023-06-15:Demerger
VALIANTORG,2020-12-24,2020-12-23,0.4999999852856421,VALIANTORG,2,nse_list:2020-12-24: Bonus 1:1 | tejhq:2020-12-24:Bonus 1:1
VBL,2019-07-25,2019-07-24,0.6666666655304234,VBL,2,nse_list:2019-07-25: Bonus 1:2 | tejhq:2019-07-25:Bonus 1:2
VBL,2021-06-10,2021-06-09,0.6666666854645429,VBL,2,nse_list:2021-06-10: Bonus 1:2 | tejhq:2021-06-10:Bonus 1:2
VBL,2022-06-06,2022-06-03,0.666666675908429,VBL,2,nse_list:2022-06-06:Bonus 1:2 | tejhq:2022-06-06:Bonus 1:2
VBL,2023-06-15,2023-06-14,0.4999999926214754,VBL,2,nse_list:2023-06-15:Face Value Split (Sub-Division) - From Rs 10/- Per Share To Rs 5/- Per | tejhq:2023-06-15:Face Value Split (Sub-Division) - From Rs 10/- Per Share To Rs 5/- Per
VBL,2024-09-12,2024-09-11,0.3999999980117726,VBL,2,nse_list:2024-09-12:Face Value Split (Sub-Division) - From Rs 5/- Per Share To Rs 2/- Per  | tejhq:2024-09-12:Face Value Split (Sub-Division) - From Rs 5/- Per Share To Rs 2/- Per 
VEDL,2008-08-08,2008-08-07,0.0500000019639107,SESAGOA,2,notes:2008-08-08:notes.json x0.05: Sesa Goa (now VEDL): face value split Rs 10 to Re 1  | nse_list:2008-08-08:Fv Spl-Rs10tore1/Bon-1:1
VEDL,2026-04-30,2026-04-29,0.3510211995863496,VEDL,3,bc:2026-04-30:DEMERGER | nse_list:2026-04-30:Demerger | tejhq:2026-04-30:Demerger
VEEDOL,2016-03-16,2016-03-15,0.2499999897607088,TIDEWATER,2,nse_list:2016-03-16: Bonus 1:1/Face Value Split (Sub-Division) - From Rs 10/- Per Share To | tejhq:2016-03-16:Bonus 1:1/Face Value Split (Sub-Division) - From Rs 10/- Per Share To 
VEEDOL,2021-07-26,2021-07-23,0.2000000062457032,TIDEWATER,4,nse_list:2021-07-26: Bonus 1:1 | nse_list:2021-07-26: Face Value Split (Sub-Division) - From Rs 5/- Per Share To Re 2/- Per | tejhq:2021-07-26:Bonus 1:1 | tejhq:2021-07-26:Face Value Split (Sub-Division) - From Rs 5/- Per Share To Re 2/- Per 
VENKEYS,2015-12-21,2015-12-18,0.6666666357621338,VENKEYS,2,nse_list:2015-12-21: Bonus 1:2 | tejhq:2015-12-21:Bonus 1:2
VESUVIUS,2025-06-10,2025-06-09,0.099999995860971,VESUVIUS,3,bc:2025-06-10:FVSPLT FRM RS 10 TO RE 1 | nse_list:2025-06-10:Face Value Split (Sub-Division) - From Rs 10/- Per Share To Re 1/- Per | tejhq:2025-06-10:Face Value Split (Sub-Division) - From Rs 10/- Per Share To Re 1/- Per
VGUARD,2016-08-30,2016-08-29,0.0999999954705132,VGUARD,2,nse_list:2016-08-30: Face Value Split From Rs 10 To Re 1 | tejhq:2016-08-30:Face Value Split From Rs 10 To Re 1
VGUARD,2017-03-15,2017-03-14,0.714285740448871,VGUARD,2,nse_list:2017-03-15: Bonus 2:5 | tejhq:2017-03-15:Bonus 2:5
VINATIORGA,2009-10-30,2009-10-29,0.2000000066606902,VINATIORGA,2,"notes:2009-10-30:notes.json x0.2: Vinati Organics: face value split Rs 10 to Rs 2, ex 3 | nse_list:2009-10-30:Fv Spl-Rs10tors2/Div-1.50record Date Revised"
VINATIORGA,2020-02-05,2020-02-04,0.5000000291873153,VINATIORGA,2,nse_list:2020-02-05: Face Value Split (Sub-Division) - From Rs 2/- Per Share To Rs 1/- Per | tejhq:2020-02-05:Face Value Split (Sub-Division) - From Rs 2/- Per Share To Rs 1/- Per 
VIPIND,2011-10-31,2011-10-28,0.2000000035239698,VIPIND,2,nse_list:2011-10-31:Face Value Split From Rs.10/- To Rs.2/- | tejhq:2011-10-31:Face Value Split From Rs.10/- To Rs.2/-
VIVIDHA,2015-05-28,2015-05-27,0.0909090878994784,VIVIDHA,2,nse_list:2015-05-28:Bonus 10:1 | tejhq:2015-05-28:Bonus 10:1
VIVIDHA,2016-03-30,2016-03-29,0.7500000217573397,VIVIDHA,2,nse_list:2016-03-30: Bonus 1:3 | tejhq:2016-03-30:Bonus 1:3
VMART,2025-06-23,2025-06-20,0.2499999933901716,VMART,3,bc:2025-06-23:BONUS 3:1 | nse_list:2025-06-23:Bonus 3:1 | tejhq:2025-06-23:Bonus 3:1
VRLLOG,2025-08-14,2025-08-13,0.5000000218901305,VRLLOG,2,nse_list:2025-08-14:Bonus 1:1 | tejhq:2025-08-14:Bonus 1:1
VSTIND,2024-09-06,2024-09-05,0.0909090880453998,VSTIND,2,nse_list:2024-09-06:Bonus 10:1 | tejhq:2024-09-06:Bonus 10:1
VTL,2022-03-24,2022-03-23,0.1999999871521715,VTL,2,nse_list:2022-03-24:Face Value Split (Sub-Division) - From Rs 10/- Per Share To Rs 2/- Per | tejhq:2022-03-24:Face Value Split (Sub-Division) - From Rs 10/- Per Share To Rs 2/- Per
WABAG,2011-08-16,2011-08-12,0.4000000002500151,WABAG,2,nse_list:2011-08-16:Face Value Split From Rs.5/- To Rs.2/- | tejhq:2011-08-16:Face Value Split From Rs.5/- To Rs.2/-
WABAG,2015-03-26,2015-03-25,0.4999999993988313,WABAG,2,nse_list:2015-03-26:Bonus 1 : 1 | tejhq:2015-03-26:Bonus 1 : 1
WEBELSOLAR,2009-12-29,2009-12-24,0.5000000444348114,WEBELSOLAR,1,nse_list:2009-12-29:Bonus 1:1
WEBELSOLAR,2025-11-14,2025-11-13,0.099999994477272,WEBELSOLAR,3,bc:2025-11-14:FVSPLT FRM RS 10 TO RE 1 | nse_list:2025-11-14:Face Value Split (Sub-Division) - From Rs 10/- Per Share To Re 1/- Per | tejhq:2025-11-14:Face Value Split (Sub-Division) - From Rs 10/- Per Share To Re 1/- Per
WELSPUNLIV,2016-03-21,2016-03-18,0.0999999997364348,WELSPUNIND,2,nse_list:2016-03-21: Interim Div - Rs 6/- Per Share + Face Value Split (Sub-Division) - Fr | tejhq:2016-03-21:Interim Div - Rs 6/- Per Share + Face Value Split (Sub-Division) - Fro
WHEELS,2014-02-13,2014-02-12,0.5541513627383268,WHEELS,1,nse_list:2014-02-13:Rights 51:20 @ Premium Rs.390/- Per Equity Share
WHEELS,2018-08-08,2018-08-07,0.4999999786646321,WHEELS,3,nse_list:2018-08-08: Annual General Meeting/Dividend- Rs 9 Per Share | nse_list:2018-08-08: Bonus 1:1 | tejhq:2018-08-08:Bonus 1:1
WIPRO,2010-06-15,2010-06-14,0.6000000409313342,WIPRO,2,nse_list:2010-06-15:Bonus 2:3 And Final Dividend Rs.6/- Per Share | tejhq:2010-06-15:Bonus 2:3 And Final Dividend Rs.6/- Per Share
WIPRO,2017-06-13,2017-06-12,0.5000000154612346,WIPRO,2,nse_list:2017-06-13: Bonus 1:1 | tejhq:2017-06-13:Bonus 1:1
WIPRO,2019-03-06,2019-03-05,0.7500000005747713,WIPRO,2,nse_list:2019-03-06: Bonus 1:3 | tejhq:2019-03-06:Bonus 1:3
WIPRO,2024-12-03,2024-12-02,0.5000000000223757,WIPRO,3,bc:2024-12-03:BONUS 1:1 | nse_list:2024-12-03:Bonus 1:1 | tejhq:2024-12-03:Bonus 1:1
WOCKPHARMA,2022-03-08,2022-03-07,0.9218334362624082,WOCKPHARMA,1,nse_list:2022-03-08:Rights 3:10@ Premium Rs 220 Per Share
WYETH,2013-12-05,2013-12-04,0.8543884317449214,WYETH,1,nse_list:2013-12-05:Interim Dividend - Rs 145/- Per Share
YESBANK,2017-09-21,2017-09-20,0.2000000006315392,YESBANK,2,nse_list:2017-09-21: Face Value Split (Sub-Division) - From Rs 10/- Per Share To Rs 2/- Pe | tejhq:2017-09-21:Face Value Split (Sub-Division) - From Rs 10/- Per Share To Rs 2/- Per
ZEEL,2010-11-11,2010-11-10,0.4999999896655707,ZEEL,2,nse_list:2010-11-11:Bonus 1:1 | tejhq:2010-11-11:Bonus 1:1
ZEEMEDIA,2010-04-15,2010-04-13,0.2435301924353019,ZEENEWS,2,notes:2010-04-15:notes.json x0.2435: Zee News 2010 scheme: the close fell from 75.35 to | nse_list:2010-04-15:Scheme Of Arrangement
ZEENEWS,2010-04-15,2010-04-13,0.2435301924353019,ZEENEWS,2,notes:2010-04-15:notes.json x0.2435: Zee News 2010 scheme: the close fell from 75.35 to | nse_list:2010-04-15:Scheme Of Arrangement
ZENSARTECH,2010-07-21,2010-07-20,0.4999999652765248,ZENSARTECH,2,nse_list:2010-07-21:Dividend Rs.5.50 Per Share And Bonus 1:1 | tejhq:2010-07-21:Dividend Rs.5.50 Per Share And Bonus 1:1
ZENSARTECH,2018-09-07,2018-09-06,0.2000000140365931,ZENSARTECH,2,nse_list:2018-09-07: Face Value Split (Sub-Division) - From Rs 10 /- Per Share To Rs 2/- P | tejhq:2018-09-07:Face Value Split (Sub-Division) - From Rs 10 /- Per Share To Rs 2/- Pe
ZFCVINDIA,2026-06-24,2026-06-23,0.1666666666666666,ZFCVINDIA,3,bc:2026-06-24:BONUS 5:1 | nse_list:2026-06-24:Bonus 5:1 | tejhq:2026-06-24:Bonus 5:1
ZODIACLOTH,2010-08-23,2010-08-20,0.6666666474201906,ZODIACLOTH,2,nse_list:2010-08-23:Bonus 1:2 | tejhq:2010-08-23:Bonus 1:2
ZODIACLOTH,2011-09-27,2011-09-26,0.6666666393226918,ZODIACLOTH,2,nse_list:2011-09-27:Bonus 1:2 | tejhq:2011-09-27:Bonus 1:2
ZUARIAGRO,2012-04-09,2012-04-04,0.357732949087416,ZUARIAGRO,2,nse_list:2012-04-09:Scheme Of Arrangement And Demerger | tejhq:2012-04-09:Scheme Of Arrangement And Demerger
ZUARIIND,2012-04-09,2012-04-04,0.357732949087416,ZUARIAGRO,2,nse_list:2012-04-09:Scheme Of Arrangement And Demerger | tejhq:2012-04-09:Scheme Of Arrangement And Demerger
ZYDUSLIFE,2010-04-05,2010-04-01,0.6666666765046996,CADILAHC,2,nse_list:2010-04-05:Bonus 1: 2 | tejhq:2010-04-05:Bonus 1: 2
ZYDUSLIFE,2015-10-06,2015-10-05,0.1999999981755515,CADILAHC,2,nse_list:2015-10-06: Face Value Split (Sub-Division) - From Rs 5/- Per Share To Re 1/- Per | tejhq:2015-10-06:Face Value Split (Sub-Division) - From Rs 5/- Per Share To Re 1/- Per 
ZYDUSWELL,2025-09-18,2025-09-17,0.1999999963078529,ZYDUSWELL,3,bc:2025-09-18:FVSPLT FRM RS 10 TO RS 2 | nse_list:2025-09-18:Face Value Split (Sub-Division) - From Rs 10/- Per Share To Rs 2/- Per | tejhq:2025-09-18:Face Value Split (Sub-Division) - From Rs 10/- Per Share To Rs 2/- Per
