published,effective,file,index,action,symbol,company
2018-08-01,2018-08-08,ind_prs01082018,NIFTY_500,OUT,TECHNO,Techno Electric & Engineering Company Ltd.
2018-08-01,2018-08-08,ind_prs01082018,NIFTY_500,IN,BDL,Bharat Dynamics Ltd.
2018-08-01,2018-08-08,ind_prs01082018,NIFTY_SMALLCAP_250,OUT,TECHNO,Techno Electric & Engineering Company Ltd.
2018-08-01,2018-08-08,ind_prs01082018,NIFTY_SMALLCAP_250,IN,BDL,Bharat Dynamics Ltd.
2022-09-01,2022-09-30,ind_prs01092022,NIFTY_50,OUT,SHREECEM,Shree Cement Ltd.
2022-09-01,2022-09-30,ind_prs01092022,NIFTY_50,IN,ADANIENT,Adani Enterprises Ltd.
2022-09-01,2022-09-30,ind_prs01092022,NIFTY_NEXT_50,OUT,ADANIENT,Adani Enterprises Ltd.
2022-09-01,2022-09-30,ind_prs01092022,NIFTY_NEXT_50,OUT,JUBLFOOD,Jubilant Foodworks Ltd.
2022-09-01,2022-09-30,ind_prs01092022,NIFTY_NEXT_50,OUT,LUPIN,Lupin Ltd.
2022-09-01,2022-09-30,ind_prs01092022,NIFTY_NEXT_50,OUT,MINDTREE,MindTree Ltd.*
2022-09-01,2022-09-30,ind_prs01092022,NIFTY_NEXT_50,OUT,PNB,Punjab National Bank
2022-09-01,2022-09-30,ind_prs01092022,NIFTY_NEXT_50,OUT,SAIL,Steel Authority of India Ltd.
2022-09-01,2022-09-30,ind_prs01092022,NIFTY_NEXT_50,OUT,ZYDUSLIFE,Zydus Lifesciences Ltd.
2022-09-01,2022-09-30,ind_prs01092022,NIFTY_NEXT_50,IN,ATGL,Adani Total Gas Ltd.
2022-09-01,2022-09-30,ind_prs01092022,NIFTY_NEXT_50,IN,BEL,Bharat Electronics Ltd.
2022-09-01,2022-09-30,ind_prs01092022,NIFTY_NEXT_50,IN,HAL,Hindustan Aeronautics Ltd.
2022-09-01,2022-09-30,ind_prs01092022,NIFTY_NEXT_50,IN,IRCTC,Indian Railway Catering and Tourism Corporation Ltd.
2022-09-01,2022-09-30,ind_prs01092022,NIFTY_NEXT_50,IN,MPHASIS,MphasiS Ltd.
2022-09-01,2022-09-30,ind_prs01092022,NIFTY_NEXT_50,IN,MOTHERSON,Samvardhana Motherson International Ltd.
2022-09-01,2022-09-30,ind_prs01092022,NIFTY_NEXT_50,IN,SHREECEM,Shree Cement Ltd.
2022-09-01,2022-09-30,ind_prs01092022,NIFTY_500,OUT,ADVENZYMES,Advanced Enzyme Tech Ltd.
2022-09-01,2022-09-30,ind_prs01092022,NIFTY_500,OUT,ERIS,Eris Lifesciences Ltd.
2022-09-01,2022-09-30,ind_prs01092022,NIFTY_500,OUT,GLS,Glenmark Life Sciences Ltd.
2022-09-01,2022-09-30,ind_prs01092022,NIFTY_500,OUT,HATHWAY,Hathway Cable & Datacom Ltd.
2022-09-01,2022-09-30,ind_prs01092022,NIFTY_500,OUT,HEMIPROP,Hemisphere Properties India Ltd.
2022-09-01,2022-09-30,ind_prs01092022,NIFTY_500,OUT,ICIL,Indo Count Industries Ltd.
2022-09-01,2022-09-30,ind_prs01092022,NIFTY_500,OUT,IRCON,IRCON International Ltd.
2022-09-01,2022-09-30,ind_prs01092022,NIFTY_500,OUT,MINDTREE,MindTree Ltd.*
2022-09-01,2022-09-30,ind_prs01092022,NIFTY_500,OUT,NESCO,NESCO Ltd.
2022-09-01,2022-09-30,ind_prs01092022,NIFTY_500,OUT,RAILTEL,Railtel Corporation Of India Ltd.
2022-09-01,2022-09-30,ind_prs01092022,NIFTY_500,OUT,SEQUENT,Sequent Scientific Ltd.
2022-09-01,2022-09-30,ind_prs01092022,NIFTY_500,OUT,SOLARA,Solara Active Pharma Sciences Ltd.
2022-09-01,2022-09-30,ind_prs01092022,NIFTY_500,OUT,SPICEJET,Spicejet Ltd.
2022-09-01,2022-09-30,ind_prs01092022,NIFTY_500,OUT,STAR,Strides Pharma Science Ltd.
2022-09-01,2022-09-30,ind_prs01092022,NIFTY_500,OUT,TATASTLLP,Tata Steel Long Products Ltd.
2022-09-01,2022-09-30,ind_prs01092022,NIFTY_500,OUT,UCOBANK,UCO Bank
2022-09-01,2022-09-30,ind_prs01092022,NIFTY_500,OUT,VAKRANGEE,Vakrangee Ltd.
2022-09-01,2022-09-30,ind_prs01092022,NIFTY_500,OUT,VENKEYS,Venky's (India) Ltd.
2022-09-01,2022-09-30,ind_prs01092022,NIFTY_500,IN,AWL,Adani Wilmar Ltd.
2022-09-01,2022-09-30,ind_prs01092022,NIFTY_500,IN,AETHER,Aether Industries Ltd.
2022-09-01,2022-09-30,ind_prs01092022,NIFTY_500,IN,BHARATRAS,Bharat Rasayan Ltd.
2022-09-01,2022-09-30,ind_prs01092022,NIFTY_500,IN,DEEPAKFERT,Deepak Fertilisers & Petrochemicals Corp. Ltd.
2022-09-01,2022-09-30,ind_prs01092022,NIFTY_500,IN,GREENPANEL,Greenpanel Industries Ltd.
2022-09-01,2022-09-30,ind_prs01092022,NIFTY_500,IN,JBMA,JBM Auto Ltd.
2022-09-01,2022-09-30,ind_prs01092022,NIFTY_500,IN,MAHLIFE,Mahindra Lifespace Developers Ltd.
2022-09-01,2022-09-30,ind_prs01092022,NIFTY_500,IN,MSUMI,Motherson Sumi Wiring India Ltd.
2022-09-01,2022-09-30,ind_prs01092022,NIFTY_500,IN,NIITLTD,NIIT Ltd.
2022-09-01,2022-09-30,ind_prs01092022,NIFTY_500,IN,OLECTRA,Olectra Greentech Ltd.
2022-09-01,2022-09-30,ind_prs01092022,NIFTY_500,IN,PATANJALI,Patanjali Foods Ltd.
2022-09-01,2022-09-30,ind_prs01092022,NIFTY_500,IN,RAYMOND,Raymond Ltd.
2022-09-01,2022-09-30,ind_prs01092022,NIFTY_500,IN,MOTHERSON,Samvardhana Motherson International Ltd.
2022-09-01,2022-09-30,ind_prs01092022,NIFTY_500,IN,SHARDACROP,Sharda Cropchem Ltd.
2022-09-01,2022-09-30,ind_prs01092022,NIFTY_500,IN,SWANENERGY,Swan Energy Ltd.
2022-09-01,2022-09-30,ind_prs01092022,NIFTY_500,IN,TEJASNET,Tejas Networks Ltd.
2022-09-01,2022-09-30,ind_prs01092022,NIFTY_500,IN,TCI,Transport Corporation of India Ltd.
2022-09-01,2022-09-30,ind_prs01092022,NIFTY_500,IN,MANYAVAR,Vedant Fashions Ltd.
2022-09-01,2022-09-30,ind_prs01092022,NIFTY_MIDCAP_150,OUT,ATGL,Adani Total Gas Ltd.
2022-09-01,2022-09-30,ind_prs01092022,NIFTY_MIDCAP_150,OUT,APOLLOTYRE,Apollo Tyres Ltd.
2022-09-01,2022-09-30,ind_prs01092022,NIFTY_MIDCAP_150,OUT,BEL,Bharat Electronics Ltd.
2022-09-01,2022-09-30,ind_prs01092022,NIFTY_MIDCAP_150,OUT,EXIDEIND,Exide Industries Ltd.
2022-09-01,2022-09-30,ind_prs01092022,NIFTY_MIDCAP_150,OUT,GLENMARK,Glenmark Pharmaceuticals Ltd.
2022-09-01,2022-09-30,ind_prs01092022,NIFTY_MIDCAP_150,OUT,HAL,Hindustan Aeronautics Ltd.
2022-09-01,2022-09-30,ind_prs01092022,NIFTY_MIDCAP_150,OUT,IDBI,IDBI Bank Ltd.
2022-09-01,2022-09-30,ind_prs01092022,NIFTY_MIDCAP_150,OUT,IRCTC,Indian Railway Catering and Tourism Corporation Ltd.
2022-09-01,2022-09-30,ind_prs01092022,NIFTY_MIDCAP_150,OUT,MANAPPURAM,Manappuram Finance Ltd.
2022-09-01,2022-09-30,ind_prs01092022,NIFTY_MIDCAP_150,OUT,METROPOLIS,Metropolis Healthcare Ltd.
2022-09-01,2022-09-30,ind_prs01092022,NIFTY_MIDCAP_150,OUT,MPHASIS,MphasiS Ltd.
2022-09-01,2022-09-30,ind_prs01092022,NIFTY_MIDCAP_150,OUT,NUVOCO,Nuvoco Vistas Corporation Ltd.
2022-09-01,2022-09-30,ind_prs01092022,NIFTY_MIDCAP_150,IN,AWL,Adani Wilmar Ltd.
2022-09-01,2022-09-30,ind_prs01092022,NIFTY_MIDCAP_150,IN,DEVYANI,Devyani International Ltd.
2022-09-01,2022-09-30,ind_prs01092022,NIFTY_MIDCAP_150,IN,JUBLFOOD,Jubilant Foodworks Ltd.
2022-09-01,2022-09-30,ind_prs01092022,NIFTY_MIDCAP_150,IN,KPRMILL,K.P.R. Mill Ltd.
2022-09-01,2022-09-30,ind_prs01092022,NIFTY_MIDCAP_150,IN,LUPIN,Lupin Ltd.
2022-09-01,2022-09-30,ind_prs01092022,NIFTY_MIDCAP_150,IN,MSUMI,Motherson Sumi Wiring India Ltd.
2022-09-01,2022-09-30,ind_prs01092022,NIFTY_MIDCAP_150,IN,PATANJALI,Patanjali Foods Ltd.
2022-09-01,2022-09-30,ind_prs01092022,NIFTY_MIDCAP_150,IN,POONAWALLA,Poonawalla Fincorp Ltd.
2022-09-01,2022-09-30,ind_prs01092022,NIFTY_MIDCAP_150,IN,PNB,Punjab National Bank
2022-09-01,2022-09-30,ind_prs01092022,NIFTY_MIDCAP_150,IN,SAIL,Steel Authority of India Ltd.
2022-09-01,2022-09-30,ind_prs01092022,NIFTY_MIDCAP_150,IN,MANYAVAR,Vedant Fashions Ltd.
2022-09-01,2022-09-30,ind_prs01092022,NIFTY_MIDCAP_150,IN,ZYDUSLIFE,Zydus Lifesciences Ltd.
2022-09-01,2022-09-30,ind_prs01092022,NIFTY_SMALLCAP_250,OUT,ADVENZYMES,Advanced Enzyme Tech Ltd.
2022-09-01,2022-09-30,ind_prs01092022,NIFTY_SMALLCAP_250,OUT,DEVYANI,Devyani International Ltd.
2022-09-01,2022-09-30,ind_prs01092022,NIFTY_SMALLCAP_250,OUT,ERIS,Eris Lifesciences Ltd.
2022-09-01,2022-09-30,ind_prs01092022,NIFTY_SMALLCAP_250,OUT,GLS,Glenmark Life Sciences Ltd.
2022-09-01,2022-09-30,ind_prs01092022,NIFTY_SMALLCAP_250,OUT,HATHWAY,Hathway Cable & Datacom Ltd.
2022-09-01,2022-09-30,ind_prs01092022,NIFTY_SMALLCAP_250,OUT,HEMIPROP,Hemisphere Properties India Ltd.
2022-09-01,2022-09-30,ind_prs01092022,NIFTY_SMALLCAP_250,OUT,ICIL,Indo Count Industries Ltd.
2022-09-01,2022-09-30,ind_prs01092022,NIFTY_SMALLCAP_250,OUT,IRCON,IRCON International Ltd.
2022-09-01,2022-09-30,ind_prs01092022,NIFTY_SMALLCAP_250,OUT,KPRMILL,K.P.R. Mill Ltd.
2022-09-01,2022-09-30,ind_prs01092022,NIFTY_SMALLCAP_250,OUT,NESCO,NESCO Ltd.
2022-09-01,2022-09-30,ind_prs01092022,NIFTY_SMALLCAP_250,OUT,POONAWALLA,Poonawalla Fincorp Ltd.
2022-09-01,2022-09-30,ind_prs01092022,NIFTY_SMALLCAP_250,OUT,RAILTEL,Railtel Corporation Of India Ltd.
2022-09-01,2022-09-30,ind_prs01092022,NIFTY_SMALLCAP_250,OUT,SEQUENT,Sequent Scientific Ltd.
2022-09-01,2022-09-30,ind_prs01092022,NIFTY_SMALLCAP_250,OUT,SOLARA,Solara Active Pharma Sciences Ltd.
2022-09-01,2022-09-30,ind_prs01092022,NIFTY_SMALLCAP_250,OUT,SPICEJET,Spicejet Ltd.
2022-09-01,2022-09-30,ind_prs01092022,NIFTY_SMALLCAP_250,OUT,STAR,Strides Pharma Science Ltd.
2022-09-01,2022-09-30,ind_prs01092022,NIFTY_SMALLCAP_250,OUT,TATASTLLP,Tata Steel Long Products Ltd.
2022-09-01,2022-09-30,ind_prs01092022,NIFTY_SMALLCAP_250,OUT,UCOBANK,UCO Bank
2022-09-01,2022-09-30,ind_prs01092022,NIFTY_SMALLCAP_250,OUT,VAKRANGEE,Vakrangee Ltd.
2022-09-01,2022-09-30,ind_prs01092022,NIFTY_SMALLCAP_250,OUT,VENKEYS,Venky's (India) Ltd.
2022-09-01,2022-09-30,ind_prs01092022,NIFTY_SMALLCAP_250,IN,AETHER,Aether Industries Ltd.
2022-09-01,2022-09-30,ind_prs01092022,NIFTY_SMALLCAP_250,IN,APOLLOTYRE,Apollo Tyres Ltd.
2022-09-01,2022-09-30,ind_prs01092022,NIFTY_SMALLCAP_250,IN,BHARATRAS,Bharat Rasayan Ltd.
2022-09-01,2022-09-30,ind_prs01092022,NIFTY_SMALLCAP_250,IN,DEEPAKFERT,Deepak Fertilisers & Petrochemicals Corp. Ltd.
2022-09-01,2022-09-30,ind_prs01092022,NIFTY_SMALLCAP_250,IN,EXIDEIND,Exide Industries Ltd.
2022-09-01,2022-09-30,ind_prs01092022,NIFTY_SMALLCAP_250,IN,GLENMARK,Glenmark Pharmaceuticals Ltd.
2022-09-01,2022-09-30,ind_prs01092022,NIFTY_SMALLCAP_250,IN,GREENPANEL,Greenpanel Industries Ltd.
2022-09-01,2022-09-30,ind_prs01092022,NIFTY_SMALLCAP_250,IN,IDBI,IDBI Bank Ltd.
2022-09-01,2022-09-30,ind_prs01092022,NIFTY_SMALLCAP_250,IN,JBMA,JBM Auto Ltd.
2022-09-01,2022-09-30,ind_prs01092022,NIFTY_SMALLCAP_250,IN,MAHLIFE,Mahindra Lifespace Developers Ltd.
2022-09-01,2022-09-30,ind_prs01092022,NIFTY_SMALLCAP_250,IN,MANAPPURAM,Manappuram Finance Ltd.
2022-09-01,2022-09-30,ind_prs01092022,NIFTY_SMALLCAP_250,IN,METROPOLIS,Metropolis Healthcare Ltd.
2022-09-01,2022-09-30,ind_prs01092022,NIFTY_SMALLCAP_250,IN,NIITLTD,NIIT Ltd.
2022-09-01,2022-09-30,ind_prs01092022,NIFTY_SMALLCAP_250,IN,NUVOCO,Nuvoco Vistas Corporation Ltd.
2022-09-01,2022-09-30,ind_prs01092022,NIFTY_SMALLCAP_250,IN,OLECTRA,Olectra Greentech Ltd.
2022-09-01,2022-09-30,ind_prs01092022,NIFTY_SMALLCAP_250,IN,RAYMOND,Raymond Ltd.
2022-09-01,2022-09-30,ind_prs01092022,NIFTY_SMALLCAP_250,IN,SHARDACROP,Sharda Cropchem Ltd.
2022-09-01,2022-09-30,ind_prs01092022,NIFTY_SMALLCAP_250,IN,SWANENERGY,Swan Energy Ltd.
2022-09-01,2022-09-30,ind_prs01092022,NIFTY_SMALLCAP_250,IN,TEJASNET,Tejas Networks Ltd.
2022-09-01,2022-09-30,ind_prs01092022,NIFTY_SMALLCAP_250,IN,TCI,Transport Corporation of India Ltd.
2022-09-01,2022-09-30,ind_prs01092022,NIFTY_MICROCAP_250,OUT,ADFFOODS,ADF Foods Ltd.
2022-09-01,2022-09-30,ind_prs01092022,NIFTY_MICROCAP_250,OUT,ASHIANA,Ashiana Housing Ltd.
2022-09-01,2022-09-30,ind_prs01092022,NIFTY_MICROCAP_250,OUT,BHARATRAS,Bharat Rasayan Ltd.
2022-09-01,2022-09-30,ind_prs01092022,NIFTY_MICROCAP_250,OUT,CENTRUM,Centrum Capital Ltd.
2022-09-01,2022-09-30,ind_prs01092022,NIFTY_MICROCAP_250,OUT,CHEMCON,Chemcon Speciality Chemicals Ltd.
2022-09-01,2022-09-30,ind_prs01092022,NIFTY_MICROCAP_250,OUT,DBCORP,D.B.Corp Ltd.
2022-09-01,2022-09-30,ind_prs01092022,NIFTY_MICROCAP_250,OUT,DEEPAKFERT,Deepak Fertilisers & Petrochemicals Corp. Ltd.
2022-09-01,2022-09-30,ind_prs01092022,NIFTY_MICROCAP_250,OUT,DODLA,Dodla Dairy Ltd.
2022-09-01,2022-09-30,ind_prs01092022,NIFTY_MICROCAP_250,OUT,FCONSUMER,Future Consumer Ltd.
2022-09-01,2022-09-30,ind_prs01092022,NIFTY_MICROCAP_250,OUT,GEPIL,GE Power India Ltd.
2022-09-01,2022-09-30,ind_prs01092022,NIFTY_MICROCAP_250,OUT,GET&D,GE T&D India Ltd.
2022-09-01,2022-09-30,ind_prs01092022,NIFTY_MICROCAP_250,OUT,GHCL,GHCL Ltd.**
2022-09-01,2022-09-30,ind_prs01092022,NIFTY_MICROCAP_250,OUT,GREENLAM,Greenlam Industries Ltd.
2022-09-01,2022-09-30,ind_prs01092022,NIFTY_MICROCAP_250,OUT,GREENPANEL,Greenpanel Industries Ltd.
2022-09-01,2022-09-30,ind_prs01092022,NIFTY_MICROCAP_250,OUT,GTPL,GTPL Hathway Ltd.
2022-09-01,2022-09-30,ind_prs01092022,NIFTY_MICROCAP_250,OUT,HESTERBIO,Hester Biosciences Ltd.
2022-09-01,2022-09-30,ind_prs01092022,NIFTY_MICROCAP_250,OUT,IGARASHI,Igarashi Motors India Ltd.
2022-09-01,2022-09-30,ind_prs01092022,NIFTY_MICROCAP_250,OUT,JBMA,JBM Auto Ltd.
2022-09-01,2022-09-30,ind_prs01092022,NIFTY_MICROCAP_250,OUT,JMCPROJECT,JMC Projects (India) Ltd.
2022-09-01,2022-09-30,ind_prs01092022,NIFTY_MICROCAP_250,OUT,JTEKTINDIA,JTEKT India Ltd.
2022-09-01,2022-09-30,ind_prs01092022,NIFTY_MICROCAP_250,OUT,KSL,Kalyani Steels Ltd.
2022-09-01,2022-09-30,ind_prs01092022,NIFTY_MICROCAP_250,OUT,MAHLIFE,Mahindra Lifespace Developers Ltd.
2022-09-01,2022-09-30,ind_prs01092022,NIFTY_MICROCAP_250,OUT,NIITLTD,NIIT Ltd.
2022-09-01,2022-09-30,ind_prs01092022,NIFTY_MICROCAP_250,OUT,NILKAMAL,Nilkamal Ltd.
2022-09-01,2022-09-30,ind_prs01092022,NIFTY_MICROCAP_250,OUT,NUCLEUS,Nucleus Software Exports Ltd.
2022-09-01,2022-09-30,ind_prs01092022,NIFTY_MICROCAP_250,OUT,OLECTRA,Olectra Greentech Ltd.
2022-09-01,2022-09-30,ind_prs01092022,NIFTY_MICROCAP_250,OUT,PANACEABIO,Panacea Biotec Ltd.
2022-09-01,2022-09-30,ind_prs01092022,NIFTY_MICROCAP_250,OUT,PILANIINVS,Pilani Investment and Industries Corporation Ltd.
2022-09-01,2022-09-30,ind_prs01092022,NIFTY_MICROCAP_250,OUT,DIAMONDYD,Prataap Snacks Ltd.
2022-09-01,2022-09-30,ind_prs01092022,NIFTY_MICROCAP_250,OUT,PUNJABCHEM,Punjab Chemicals & Crop Protection Ltd.
2022-09-01,2022-09-30,ind_prs01092022,NIFTY_MICROCAP_250,OUT,PURVA,Puravankara Ltd.
2022-09-01,2022-09-30,ind_prs01092022,NIFTY_MICROCAP_250,OUT,RSYSTEMS,R Systems International Ltd.
2022-09-01,2022-09-30,ind_prs01092022,NIFTY_MICROCAP_250,OUT,RAMCOIND,Ramco Industries Ltd.
2022-09-01,2022-09-30,ind_prs01092022,NIFTY_MICROCAP_250,OUT,RAYMOND,Raymond Ltd.
2022-09-01,2022-09-30,ind_prs01092022,NIFTY_MICROCAP_250,OUT,REPCOHOME,Repco Home Finance Ltd.
2022-09-01,2022-09-30,ind_prs01092022,NIFTY_MICROCAP_250,OUT,SANDHAR,Sandhar Technologies Ltd.
2022-09-01,2022-09-30,ind_prs01092022,NIFTY_MICROCAP_250,OUT,SANGHIIND,Sanghi Industries Ltd.
2022-09-01,2022-09-30,ind_prs01092022,NIFTY_MICROCAP_250,OUT,SASKEN,Sasken Technologies Ltd.
2022-09-01,2022-09-30,ind_prs01092022,NIFTY_MICROCAP_250,OUT,SOTL,Savita Oil Technologies Ltd.
2022-09-01,2022-09-30,ind_prs01092022,NIFTY_MICROCAP_250,OUT,SHALBY,Shalby Ltd.
2022-09-01,2022-09-30,ind_prs01092022,NIFTY_MICROCAP_250,OUT,SHARDACROP,Sharda Cropchem Ltd.
2022-09-01,2022-09-30,ind_prs01092022,NIFTY_MICROCAP_250,OUT,STARCEMENT,Star Cement Ltd.
2022-09-01,2022-09-30,ind_prs01092022,NIFTY_MICROCAP_250,OUT,SUBROS,Subros Ltd.
2022-09-01,2022-09-30,ind_prs01092022,NIFTY_MICROCAP_250,OUT,SWANENERGY,Swan Energy Ltd.
2022-09-01,2022-09-30,ind_prs01092022,NIFTY_MICROCAP_250,OUT,SWARAJENG,Swaraj Engines Ltd.
2022-09-01,2022-09-30,ind_prs01092022,NIFTY_MICROCAP_250,OUT,TEJASNET,Tejas Networks Ltd.
2022-09-01,2022-09-30,ind_prs01092022,NIFTY_MICROCAP_250,OUT,TCI,Transport Corporation of India Ltd.
2022-09-01,2022-09-30,ind_prs01092022,NIFTY_MICROCAP_250,OUT,TVSSRICHAK,TVS Srichakra Ltd.
2022-09-01,2022-09-30,ind_prs01092022,NIFTY_MICROCAP_250,OUT,UNICHEMLAB,Unichem Laboratories Ltd.
2022-09-01,2022-09-30,ind_prs01092022,NIFTY_MICROCAP_250,IN,ACRYSIL,Acrysil Ltd.
2022-09-01,2022-09-30,ind_prs01092022,NIFTY_MICROCAP_250,IN,ADVENZYMES,Advanced Enzyme Tech Ltd.
2022-09-01,2022-09-30,ind_prs01092022,NIFTY_MICROCAP_250,IN,BUTTERFLY,Butterfly Gandhimathi Appliances Ltd.
2022-09-01,2022-09-30,ind_prs01092022,NIFTY_MICROCAP_250,IN,CHOICEIN,Choice International Ltd.
2022-09-01,2022-09-30,ind_prs01092022,NIFTY_MICROCAP_250,IN,DBREALTY,D B Realty Ltd.
2022-09-01,2022-09-30,ind_prs01092022,NIFTY_MICROCAP_250,IN,DATAMATICS,Datamatics Global Services Ltd.
2022-09-01,2022-09-30,ind_prs01092022,NIFTY_MICROCAP_250,IN,DWARKESH,Dwarikesh Sugar Industrial Ltd.
2022-09-01,2022-09-30,ind_prs01092022,NIFTY_MICROCAP_250,IN,ELECON,Elecon Engineering Co. Ltd.
2022-09-01,2022-09-30,ind_prs01092022,NIFTY_MICROCAP_250,IN,EMUDHRA,eMudhra Ltd.
2022-09-01,2022-09-30,ind_prs01092022,NIFTY_MICROCAP_250,IN,ETHOSLTD,Ethos Ltd.
2022-09-01,2022-09-30,ind_prs01092022,NIFTY_MICROCAP_250,IN,EKC,Everest Kanto Cylinder Ltd.
2022-09-01,2022-09-30,ind_prs01092022,NIFTY_MICROCAP_250,IN,FCL,Fineotex Chemical Ltd.
2022-09-01,2022-09-30,ind_prs01092022,NIFTY_MICROCAP_250,IN,GANESHHOUC,Ganesh Housing Corporation Ltd.
2022-09-01,2022-09-30,ind_prs01092022,NIFTY_MICROCAP_250,IN,GRWRHITECH,Garware Hi-Tech Films Ltd.
2022-09-01,2022-09-30,ind_prs01092022,NIFTY_MICROCAP_250,IN,GLS,Glenmark Life Sciences Ltd.
2022-09-01,2022-09-30,ind_prs01092022,NIFTY_MICROCAP_250,IN,GOKEX,Gokaldas Exports Ltd.
2022-09-01,2022-09-30,ind_prs01092022,NIFTY_MICROCAP_250,IN,GRAVITA,Gravita India Ltd.
2022-09-01,2022-09-30,ind_prs01092022,NIFTY_MICROCAP_250,IN,GUFICBIO,Gufic Biosciences Ltd.
2022-09-01,2022-09-30,ind_prs01092022,NIFTY_MICROCAP_250,IN,HATHWAY,Hathway Cable & Datacom Ltd.
2022-09-01,2022-09-30,ind_prs01092022,NIFTY_MICROCAP_250,IN,HEMIPROP,Hemisphere Properties India Ltd.
2022-09-01,2022-09-30,ind_prs01092022,NIFTY_MICROCAP_250,IN,HNDFDS,Hindustan Foods Ltd.
2022-09-01,2022-09-30,ind_prs01092022,NIFTY_MICROCAP_250,IN,ICRA,ICRA Ltd.
2022-09-01,2022-09-30,ind_prs01092022,NIFTY_MICROCAP_250,IN,ICIL,Indo Count Industries Ltd.
2022-09-01,2022-09-30,ind_prs01092022,NIFTY_MICROCAP_250,IN,INDORAMA,Indo Rama Synthetics Ltd.
2022-09-01,2022-09-30,ind_prs01092022,NIFTY_MICROCAP_250,IN,IRCON,IRCON International Ltd.
2022-09-01,2022-09-30,ind_prs01092022,NIFTY_MICROCAP_250,IN,JKIL,J.Kumar Infraprojects Ltd.
2022-09-01,2022-09-30,ind_prs01092022,NIFTY_MICROCAP_250,IN,MMFL,M M Forgings Ltd.
2022-09-01,2022-09-30,ind_prs01092022,NIFTY_MICROCAP_250,IN,MANALIPETC,Manali Petrochemicals Ltd.
2022-09-01,2022-09-30,ind_prs01092022,NIFTY_MICROCAP_250,IN,NESCO,NESCO Ltd.
2022-09-01,2022-09-30,ind_prs01092022,NIFTY_MICROCAP_250,IN,OMAXE,Omaxe Ltd.
2022-09-01,2022-09-30,ind_prs01092022,NIFTY_MICROCAP_250,IN,PANAMAPET,Panama Petrochem Ltd.
2022-09-01,2022-09-30,ind_prs01092022,NIFTY_MICROCAP_250,IN,PARADEEP,Paradeep Phosphates Ltd.
2022-09-01,2022-09-30,ind_prs01092022,NIFTY_MICROCAP_250,IN,POKARNA,Pokarna Ltd.
2022-09-01,2022-09-30,ind_prs01092022,NIFTY_MICROCAP_250,IN,PRUDENT,Prudent Corporate Advisory Services Ltd.
2022-09-01,2022-09-30,ind_prs01092022,NIFTY_MICROCAP_250,IN,RAILTEL,Railtel Corporation Of India Ltd.
2022-09-01,2022-09-30,ind_prs01092022,NIFTY_MICROCAP_250,IN,RAINBOW,Rainbow Childrens Medicare Ltd.
2022-09-01,2022-09-30,ind_prs01092022,NIFTY_MICROCAP_250,IN,RAJRATAN,Rajratan Global Wire Ltd.
2022-09-01,2022-09-30,ind_prs01092022,NIFTY_MICROCAP_250,IN,SEQUENT,Sequent Scientific Ltd.
2022-09-01,2022-09-30,ind_prs01092022,NIFTY_MICROCAP_250,IN,SBCL,Shivalik Bimetal Controls Ltd.
2022-09-01,2022-09-30,ind_prs01092022,NIFTY_MICROCAP_250,IN,SOLARA,Solara Active Pharma Sciences Ltd.
2022-09-01,2022-09-30,ind_prs01092022,NIFTY_MICROCAP_250,IN,SPICEJET,Spicejet Ltd.
2022-09-01,2022-09-30,ind_prs01092022,NIFTY_MICROCAP_250,IN,STEELXIND,Steel Exchange India Ltd.
2022-09-01,2022-09-30,ind_prs01092022,NIFTY_MICROCAP_250,IN,STAR,Strides Pharma Science Ltd.
2022-09-01,2022-09-30,ind_prs01092022,NIFTY_MICROCAP_250,IN,SPLPETRO,Supreme Petrochem Ltd.
2022-09-01,2022-09-30,ind_prs01092022,NIFTY_MICROCAP_250,IN,TATASTLLP,Tata Steel Long Products Ltd.
2022-09-01,2022-09-30,ind_prs01092022,NIFTY_MICROCAP_250,IN,TIIL,Technocraft Industries (India) Ltd.
2022-09-01,2022-09-30,ind_prs01092022,NIFTY_MICROCAP_250,IN,VAKRANGEE,Vakrangee Ltd.
2022-09-01,2022-09-30,ind_prs01092022,NIFTY_MICROCAP_250,IN,VENKEYS,Venky's (India) Ltd.
2022-09-01,2022-09-30,ind_prs01092022,NIFTY_MICROCAP_250,IN,VIDHIING,Vidhi Specialty Food Ingredients Ltd.
2022-09-01,2022-09-30,ind_prs01092022,NIFTY_TOTAL_MARKET,OUT,ADFFOODS,ADF Foods Ltd.
2022-09-01,2022-09-30,ind_prs01092022,NIFTY_TOTAL_MARKET,OUT,ASHIANA,Ashiana Housing Ltd.
2022-09-01,2022-09-30,ind_prs01092022,NIFTY_TOTAL_MARKET,OUT,CENTRUM,Centrum Capital Ltd.
2022-09-01,2022-09-30,ind_prs01092022,NIFTY_TOTAL_MARKET,OUT,CHEMCON,Chemcon Speciality Chemicals Ltd.
2022-09-01,2022-09-30,ind_prs01092022,NIFTY_TOTAL_MARKET,OUT,DBCORP,D.B.Corp Ltd.
2022-09-01,2022-09-30,ind_prs01092022,NIFTY_TOTAL_MARKET,OUT,DODLA,Dodla Dairy Ltd.
2022-09-01,2022-09-30,ind_prs01092022,NIFTY_TOTAL_MARKET,OUT,ERIS,Eris Lifesciences Ltd.
2022-09-01,2022-09-30,ind_prs01092022,NIFTY_TOTAL_MARKET,OUT,FCONSUMER,Future Consumer Ltd.
2022-09-01,2022-09-30,ind_prs01092022,NIFTY_TOTAL_MARKET,OUT,GEPIL,GE Power India Ltd.
2022-09-01,2022-09-30,ind_prs01092022,NIFTY_TOTAL_MARKET,OUT,GET&D,GE T&D India Ltd.
2022-09-01,2022-09-30,ind_prs01092022,NIFTY_TOTAL_MARKET,OUT,GHCL,GHCL Ltd.**
2022-09-01,2022-09-30,ind_prs01092022,NIFTY_TOTAL_MARKET,OUT,GREENLAM,Greenlam Industries Ltd.
2022-09-01,2022-09-30,ind_prs01092022,NIFTY_TOTAL_MARKET,OUT,GTPL,GTPL Hathway Ltd.
2022-09-01,2022-09-30,ind_prs01092022,NIFTY_TOTAL_MARKET,OUT,HESTERBIO,Hester Biosciences Ltd.
2022-09-01,2022-09-30,ind_prs01092022,NIFTY_TOTAL_MARKET,OUT,IGARASHI,Igarashi Motors India Ltd.
2022-09-01,2022-09-30,ind_prs01092022,NIFTY_TOTAL_MARKET,OUT,JMCPROJECT,JMC Projects (India) Ltd.
2022-09-01,2022-09-30,ind_prs01092022,NIFTY_TOTAL_MARKET,OUT,JTEKTINDIA,JTEKT India Ltd.
2022-09-01,2022-09-30,ind_prs01092022,NIFTY_TOTAL_MARKET,OUT,KSL,Kalyani Steels Ltd.
2022-09-01,2022-09-30,ind_prs01092022,NIFTY_TOTAL_MARKET,OUT,MINDTREE,MindTree Ltd.*
2022-09-01,2022-09-30,ind_prs01092022,NIFTY_TOTAL_MARKET,OUT,NILKAMAL,Nilkamal Ltd.
2022-09-01,2022-09-30,ind_prs01092022,NIFTY_TOTAL_MARKET,OUT,NUCLEUS,Nucleus Software Exports Ltd.
2022-09-01,2022-09-30,ind_prs01092022,NIFTY_TOTAL_MARKET,OUT,PANACEABIO,Panacea Biotec Ltd.
2022-09-01,2022-09-30,ind_prs01092022,NIFTY_TOTAL_MARKET,OUT,PILANIINVS,Pilani Investment and Industries Corporation Ltd.
2022-09-01,2022-09-30,ind_prs01092022,NIFTY_TOTAL_MARKET,OUT,DIAMONDYD,Prataap Snacks Ltd.
2022-09-01,2022-09-30,ind_prs01092022,NIFTY_TOTAL_MARKET,OUT,PUNJABCHEM,Punjab Chemicals & Crop Protection Ltd.
2022-09-01,2022-09-30,ind_prs01092022,NIFTY_TOTAL_MARKET,OUT,PURVA,Puravankara Ltd.
2022-09-01,2022-09-30,ind_prs01092022,NIFTY_TOTAL_MARKET,OUT,RSYSTEMS,R Systems International Ltd.
2022-09-01,2022-09-30,ind_prs01092022,NIFTY_TOTAL_MARKET,OUT,RAMCOIND,Ramco Industries Ltd.
2022-09-01,2022-09-30,ind_prs01092022,NIFTY_TOTAL_MARKET,OUT,REPCOHOME,Repco Home Finance Ltd.
2022-09-01,2022-09-30,ind_prs01092022,NIFTY_TOTAL_MARKET,OUT,SANDHAR,Sandhar Technologies Ltd.
2022-09-01,2022-09-30,ind_prs01092022,NIFTY_TOTAL_MARKET,OUT,SANGHIIND,Sanghi Industries Ltd.
2022-09-01,2022-09-30,ind_prs01092022,NIFTY_TOTAL_MARKET,OUT,SASKEN,Sasken Technologies Ltd.
2022-09-01,2022-09-30,ind_prs01092022,NIFTY_TOTAL_MARKET,OUT,SOTL,Savita Oil Technologies Ltd.
2022-09-01,2022-09-30,ind_prs01092022,NIFTY_TOTAL_MARKET,OUT,SHALBY,Shalby Ltd.
2022-09-01,2022-09-30,ind_prs01092022,NIFTY_TOTAL_MARKET,OUT,STARCEMENT,Star Cement Ltd.
2022-09-01,2022-09-30,ind_prs01092022,NIFTY_TOTAL_MARKET,OUT,SUBROS,Subros Ltd.
2022-09-01,2022-09-30,ind_prs01092022,NIFTY_TOTAL_MARKET,OUT,SWARAJENG,Swaraj Engines Ltd.
2022-09-01,2022-09-30,ind_prs01092022,NIFTY_TOTAL_MARKET,OUT,TVSSRICHAK,TVS Srichakra Ltd.
2022-09-01,2022-09-30,ind_prs01092022,NIFTY_TOTAL_MARKET,OUT,UCOBANK,UCO Bank
2022-09-01,2022-09-30,ind_prs01092022,NIFTY_TOTAL_MARKET,OUT,UNICHEMLAB,Unichem Laboratories Ltd.
2022-09-01,2022-09-30,ind_prs01092022,NIFTY_TOTAL_MARKET,IN,ACRYSIL,Acrysil Ltd.
2022-09-01,2022-09-30,ind_prs01092022,NIFTY_TOTAL_MARKET,IN,AWL,Adani Wilmar Ltd.
2022-09-01,2022-09-30,ind_prs01092022,NIFTY_TOTAL_MARKET,IN,AETHER,Aether Industries Ltd.
2022-09-01,2022-09-30,ind_prs01092022,NIFTY_TOTAL_MARKET,IN,BUTTERFLY,Butterfly Gandhimathi Appliances Ltd.
2022-09-01,2022-09-30,ind_prs01092022,NIFTY_TOTAL_MARKET,IN,CHOICEIN,Choice International Ltd.
2022-09-01,2022-09-30,ind_prs01092022,NIFTY_TOTAL_MARKET,IN,DBREALTY,D B Realty Ltd.
2022-09-01,2022-09-30,ind_prs01092022,NIFTY_TOTAL_MARKET,IN,DATAMATICS,Datamatics Global Services Ltd.
2022-09-01,2022-09-30,ind_prs01092022,NIFTY_TOTAL_MARKET,IN,DWARKESH,Dwarikesh Sugar Industrial Ltd.
2022-09-01,2022-09-30,ind_prs01092022,NIFTY_TOTAL_MARKET,IN,ELECON,Elecon Engineering Co. Ltd.
2022-09-01,2022-09-30,ind_prs01092022,NIFTY_TOTAL_MARKET,IN,EMUDHRA,eMudhra Ltd.
2022-09-01,2022-09-30,ind_prs01092022,NIFTY_TOTAL_MARKET,IN,ETHOSLTD,Ethos Ltd.
2022-09-01,2022-09-30,ind_prs01092022,NIFTY_TOTAL_MARKET,IN,EKC,Everest Kanto Cylinder Ltd.
2022-09-01,2022-09-30,ind_prs01092022,NIFTY_TOTAL_MARKET,IN,FCL,Fineotex Chemical Ltd.
2022-09-01,2022-09-30,ind_prs01092022,NIFTY_TOTAL_MARKET,IN,GANESHHOUC,Ganesh Housing Corporation Ltd.
2022-09-01,2022-09-30,ind_prs01092022,NIFTY_TOTAL_MARKET,IN,GRWRHITECH,Garware Hi-Tech Films Ltd.
2022-09-01,2022-09-30,ind_prs01092022,NIFTY_TOTAL_MARKET,IN,GOKEX,Gokaldas Exports Ltd.
2022-09-01,2022-09-30,ind_prs01092022,NIFTY_TOTAL_MARKET,IN,GRAVITA,Gravita India Ltd.
2022-09-01,2022-09-30,ind_prs01092022,NIFTY_TOTAL_MARKET,IN,GUFICBIO,Gufic Biosciences Ltd.
2022-09-01,2022-09-30,ind_prs01092022,NIFTY_TOTAL_MARKET,IN,HNDFDS,Hindustan Foods Ltd.
2022-09-01,2022-09-30,ind_prs01092022,NIFTY_TOTAL_MARKET,IN,ICRA,ICRA Ltd.
2022-09-01,2022-09-30,ind_prs01092022,NIFTY_TOTAL_MARKET,IN,INDORAMA,Indo Rama Synthetics Ltd.
2022-09-01,2022-09-30,ind_prs01092022,NIFTY_TOTAL_MARKET,IN,JKIL,J.Kumar Infraprojects Ltd.
2022-09-01,2022-09-30,ind_prs01092022,NIFTY_TOTAL_MARKET,IN,MMFL,M M Forgings Ltd.
2022-09-01,2022-09-30,ind_prs01092022,NIFTY_TOTAL_MARKET,IN,MANALIPETC,Manali Petrochemicals Ltd.
2022-09-01,2022-09-30,ind_prs01092022,NIFTY_TOTAL_MARKET,IN,MSUMI,Motherson Sumi Wiring India Ltd.
2022-09-01,2022-09-30,ind_prs01092022,NIFTY_TOTAL_MARKET,IN,OMAXE,Omaxe Ltd.
2022-09-01,2022-09-30,ind_prs01092022,NIFTY_TOTAL_MARKET,IN,PANAMAPET,Panama Petrochem Ltd.
2022-09-01,2022-09-30,ind_prs01092022,NIFTY_TOTAL_MARKET,IN,PARADEEP,Paradeep Phosphates Ltd.
2022-09-01,2022-09-30,ind_prs01092022,NIFTY_TOTAL_MARKET,IN,PATANJALI,Patanjali Foods Ltd.
2022-09-01,2022-09-30,ind_prs01092022,NIFTY_TOTAL_MARKET,IN,POKARNA,Pokarna Ltd.
2022-09-01,2022-09-30,ind_prs01092022,NIFTY_TOTAL_MARKET,IN,PRUDENT,Prudent Corporate Advisory Services Ltd.
2022-09-01,2022-09-30,ind_prs01092022,NIFTY_TOTAL_MARKET,IN,RAINBOW,Rainbow Childrens Medicare Ltd.
2022-09-01,2022-09-30,ind_prs01092022,NIFTY_TOTAL_MARKET,IN,RAJRATAN,Rajratan Global Wire Ltd.
2022-09-01,2022-09-30,ind_prs01092022,NIFTY_TOTAL_MARKET,IN,MOTHERSON,Samvardhana Motherson International Ltd.
2022-09-01,2022-09-30,ind_prs01092022,NIFTY_TOTAL_MARKET,IN,SBCL,Shivalik Bimetal Controls Ltd.
2022-09-01,2022-09-30,ind_prs01092022,NIFTY_TOTAL_MARKET,IN,STEELXIND,Steel Exchange India Ltd.
2022-09-01,2022-09-30,ind_prs01092022,NIFTY_TOTAL_MARKET,IN,SPLPETRO,Supreme Petrochem Ltd.
2022-09-01,2022-09-30,ind_prs01092022,NIFTY_TOTAL_MARKET,IN,TIIL,Technocraft Industries (India) Ltd.
2022-09-01,2022-09-30,ind_prs01092022,NIFTY_TOTAL_MARKET,IN,MANYAVAR,Vedant Fashions Ltd.
2022-09-01,2022-09-30,ind_prs01092022,NIFTY_TOTAL_MARKET,IN,VIDHIING,Vidhi Specialty Food Ingredients Ltd.
2010-10-01,2010-10-07,ind_prs01102010,NIFTY_NEXT_50,OUT,ZEEL,Zee Entertainment Enterprises Ltd.
2010-10-01,2010-10-07,ind_prs01102010,NIFTY_NEXT_50,OUT,RNRL,Reliance Natural Resources Ltd.
2010-10-01,2010-10-07,ind_prs01102010,NIFTY_NEXT_50,IN,EXIDEIND,Exide Industries Ltd.
2010-10-01,2010-10-07,ind_prs01102010,NIFTY_NEXT_50,IN,TATACHEM,Tata Chemicals Ltd.
2010-10-01,2010-10-07,ind_prs01102010,NIFTY_500,OUT,ZEEL,Zee Entertainment Enterprises Ltd.
2010-10-01,2010-10-07,ind_prs01102010,NIFTY_500,OUT,RNRL,Reliance Natural Resources Ltd.
2010-10-01,2010-10-07,ind_prs01102010,NIFTY_500,IN,JUBLFOOD,Jubilant Foodworks Ltd.
2010-10-01,2010-10-07,ind_prs01102010,NIFTY_500,IN,JPPOWER,Jaiprakash Power Ventures Ltd.
2011-12-01,2011-12-07,ind_prs01122011,NIFTY_500,OUT,IBREALEST,Indiabulls Real Estate Limited
2011-12-01,2011-12-07,ind_prs01122011,NIFTY_500,IN,JAIBALAJI,Jai Balaji Industries Limited
2020-07-02,2020-07-31,ind_prs02072020_1,NIFTY_50,OUT,VEDL,Vedanta Ltd.
2020-07-02,2020-07-31,ind_prs02072020_1,NIFTY_50,IN,HDFCLIFE,HDFC Life Insurance Company Ltd.
2020-07-02,2020-07-31,ind_prs02072020_1,NIFTY_NEXT_50,OUT,HDFCLIFE,HDFC Life Insurance Company Ltd.
2020-07-02,2020-07-31,ind_prs02072020_1,NIFTY_NEXT_50,IN,SBICARD,SBI Cards and Payment Services Ltd.
2020-07-02,2020-07-31,ind_prs02072020_1,NIFTY_500,OUT,VEDL,Vedanta Ltd.
2020-07-02,2020-07-31,ind_prs02072020_1,NIFTY_500,IN,SBICARD,SBI Cards and Payment Services Ltd.
2017-11-03,2017-11-13,ind_prs03112017,NIFTY_500,OUT,SUNDARMFIN,Sundaram Finance Ltd.
2017-11-03,2017-11-13,ind_prs03112017,NIFTY_500,OUT,SHILPI,Shilpi Cable Tech Ltd.
2017-11-03,2017-11-13,ind_prs03112017,NIFTY_500,IN,AUBANK,AU Small Finance Bank Ltd.
2017-11-03,2017-11-13,ind_prs03112017,NIFTY_500,IN,RELAXO,Relaxo Footwears Ltd.
2017-11-03,2017-11-13,ind_prs03112017,NIFTY_MIDCAP_150,OUT,SUNDARMFIN,Sundaram Finance Ltd.
2017-11-03,2017-11-13,ind_prs03112017,NIFTY_MIDCAP_150,IN,AUBANK,AU Small Finance Bank Ltd.
2017-11-03,2017-11-13,ind_prs03112017,NIFTY_SMALLCAP_250,OUT,SHILPI,Shilpi Cable Tech Ltd.
2017-11-03,2017-11-13,ind_prs03112017,NIFTY_SMALLCAP_250,IN,RELAXO,Relaxo Footwears Ltd.
2011-02-04,2011-02-08,ind_prs04022011,NIFTY_500,OUT,HIMACHLFUT,Himachal     Futuristic Communications
2011-02-04,2011-02-08,ind_prs04022011,NIFTY_500,IN,RELMEDIA,Reliance MediaWorks Ltd.
2010-03-04,2010-03-09,ind_prs04032010,NIFTY_500,OUT,KIRLOSBROS,Kirloskar Brothers Limited
2010-03-04,2010-03-09,ind_prs04032010,NIFTY_500,IN,BRIGADE,Brigade Enterprises Ltd.
2025-04-04,2025-04-11,ind_prs04042025_2,NIFTY_500,OUT,QUESS,Quess Corp Ltd.
2025-04-04,2025-04-11,ind_prs04042025_2,NIFTY_500,IN,SUNDRMFAST,Sundram Fasteners Ltd.
2025-04-04,2025-04-11,ind_prs04042025_2,NIFTY_SMALLCAP_250,OUT,QUESS,Quess Corp Ltd.
2025-04-04,2025-04-11,ind_prs04042025_2,NIFTY_SMALLCAP_250,IN,SUNDRMFAST,Sundram Fasteners Ltd.
2025-04-04,2025-04-11,ind_prs04042025_2,NIFTY_TOTAL_MARKET,OUT,QUESS,Quess Corp Ltd.
2025-04-04,2025-04-11,ind_prs04042025_2,NIFTY_TOTAL_MARKET,IN,SUNDRMFAST,Sundram Fasteners Ltd.
2026-05-04,2026-05-12,ind_prs04052026,NIFTY_500,OUT,GSPL,Gujarat State Petronet Ltd.
2026-05-04,2026-05-12,ind_prs04052026,NIFTY_500,IN,CIEINDIA,CIE Automotive India Ltd.
2026-05-04,2026-05-12,ind_prs04052026,NIFTY_SMALLCAP_250,OUT,GSPL,Gujarat State Petronet Ltd.
2026-05-04,2026-05-12,ind_prs04052026,NIFTY_SMALLCAP_250,IN,CIEINDIA,CIE Automotive India Ltd.
2026-05-04,2026-05-12,ind_prs04052026,NIFTY_MICROCAP_250,OUT,CIEINDIA,CIE Automotive India Ltd.
2026-05-04,2026-05-12,ind_prs04052026,NIFTY_MICROCAP_250,IN,RATNAMANI,Ratnamani Metals & Tubes Ltd.
2026-05-04,2026-05-12,ind_prs04052026,NIFTY_TOTAL_MARKET,OUT,GSPL,Gujarat State Petronet Ltd.
2026-05-04,2026-05-12,ind_prs04052026,NIFTY_TOTAL_MARKET,IN,RATNAMANI,Ratnamani Metals & Tubes Ltd.
2023-07-04,2023-07-13,ind_prs04072023,NIFTY_50,OUT,HDFC,Housing Development Finance Corporation Ltd.
2023-07-04,2023-07-13,ind_prs04072023,NIFTY_50,IN,LTIM,LTIMindtree Ltd.
2023-07-04,2023-07-13,ind_prs04072023,NIFTY_NEXT_50,OUT,LTIM,LTIMindtree Ltd.*
2023-07-04,2023-07-13,ind_prs04072023,NIFTY_NEXT_50,IN,JINDALSTEL,Jindal Steel & Power Ltd.
2023-07-04,2023-07-13,ind_prs04072023,NIFTY_500,OUT,HDFC,Housing Development Finance Corporation Ltd.
2023-07-04,2023-07-13,ind_prs04072023,NIFTY_500,IN,MANKIND,Mankind Pharma Ltd.
2023-07-04,2023-07-13,ind_prs04072023,NIFTY_MIDCAP_150,OUT,JINDALSTEL,Jindal Steel & Power Ltd.*
2023-07-04,2023-07-13,ind_prs04072023,NIFTY_MIDCAP_150,IN,MANKIND,Mankind Pharma Ltd.
2023-07-04,2023-07-13,ind_prs04072023,NIFTY_TOTAL_MARKET,OUT,HDFC,Housing Development Finance Corporation Ltd.
2023-07-04,2023-07-13,ind_prs04072023,NIFTY_TOTAL_MARKET,IN,MANKIND,Mankind Pharma Ltd.
2024-10-04,2024-10-10,ind_prs04102024,NIFTY_500,OUT,IDFC,IDFC Ltd.
2024-10-04,2024-10-10,ind_prs04102024,NIFTY_500,IN,EMCURE,Emcure Pharmaceuticals Ltd.
2024-10-04,2024-10-10,ind_prs04102024,NIFTY_SMALLCAP_250,OUT,IDFC,IDFC Ltd.
2024-10-04,2024-10-10,ind_prs04102024,NIFTY_SMALLCAP_250,IN,EMCURE,Emcure Pharmaceuticals Ltd.
2024-10-04,2024-10-10,ind_prs04102024,NIFTY_TOTAL_MARKET,OUT,IDFC,IDFC Ltd.
2024-10-04,2024-10-10,ind_prs04102024,NIFTY_TOTAL_MARKET,IN,EMCURE,Emcure Pharmaceuticals Ltd.
2010-04-05,2010-04-06,ind_prs05042010,NIFTY_500,OUT,UNMAPPED:Micro Inks Limited,Micro Inks Limited
2010-04-05,2010-04-06,ind_prs05042010,NIFTY_500,IN,NHPC,NHPC Limited
2022-04-05,2022-05-04,ind_prs05042022,NIFTY_500,OUT,AARTIIND,Aarti Industries Ltd.
2022-04-05,2022-05-04,ind_prs05042022,NIFTY_500,IN,GMRINFRA,GMR Infrastructure Ltd.
2022-04-05,2022-05-04,ind_prs05042022,NIFTY_MIDCAP_150,OUT,AARTIIND,Aarti Industries Ltd.
2022-04-05,2022-05-04,ind_prs05042022,NIFTY_MIDCAP_150,IN,GMRINFRA,GMR Infrastructure Ltd.
2022-04-05,2022-05-04,ind_prs05042022,NIFTY_TOTAL_MARKET,OUT,AARTIIND,Aarti Industries Ltd.
2022-04-05,2022-05-04,ind_prs05042022,NIFTY_TOTAL_MARKET,IN,GMRINFRA,GMR Infrastructure Ltd.
2022-04-05,2022-04-12,ind_prs05042022_1,NIFTY_500,OUT,BEML,BEML Ltd.
2022-04-05,2022-04-12,ind_prs05042022_1,NIFTY_500,IN,CGCL,Capri Global Capital Ltd.
2022-04-05,2022-04-12,ind_prs05042022_1,NIFTY_SMALLCAP_250,OUT,BEML,BEML Ltd.
2022-04-05,2022-04-12,ind_prs05042022_1,NIFTY_SMALLCAP_250,IN,CGCL,Capri Global Capital Ltd.
2022-04-05,2022-04-12,ind_prs05042022_1,NIFTY_MICROCAP_250,OUT,CGCL,Capri Global Capital Ltd.*
2022-04-05,2022-04-12,ind_prs05042022_1,NIFTY_MICROCAP_250,OUT,GENUSPOWER,Genus Power Infrastructures Ltd.
2022-04-05,2022-04-12,ind_prs05042022_1,NIFTY_MICROCAP_250,IN,AKZOINDIA,Akzo Nobel India Ltd.
2022-04-05,2022-04-12,ind_prs05042022_1,NIFTY_MICROCAP_250,IN,IONEXCHANG,Ion Exchange (India) Ltd.
2022-04-05,2022-04-12,ind_prs05042022_1,NIFTY_TOTAL_MARKET,OUT,BEML,BEML Ltd.
2022-04-05,2022-04-12,ind_prs05042022_1,NIFTY_TOTAL_MARKET,OUT,GENUSPOWER,Genus Power Infrastructures Ltd.
2022-04-05,2022-04-12,ind_prs05042022_1,NIFTY_TOTAL_MARKET,IN,AKZOINDIA,Akzo Nobel India Ltd.
2022-04-05,2022-04-12,ind_prs05042022_1,NIFTY_TOTAL_MARKET,IN,IONEXCHANG,Ion Exchange (India) Ltd.
2015-06-05,2015-06-15,ind_prs05062015,NIFTY_500,OUT,JSL,Jindal Stainless Ltd.
2015-06-05,2015-06-15,ind_prs05062015,NIFTY_500,IN,CEATLTD,Ceat Ltd.
2018-03-06,2018-04-02,ind_prs06032018,NIFTY_500,OUT,VIDEOIND,Videocon Industries Ltd.
2018-03-06,2018-04-02,ind_prs06032018,NIFTY_500,IN,ERIS,Eris Lifesciences Ltd.
2018-03-06,2018-04-02,ind_prs06032018,NIFTY_SMALLCAP_250,OUT,VIDEOIND,Videocon Industries Ltd.
2018-03-06,2018-04-02,ind_prs06032018,NIFTY_SMALLCAP_250,IN,ERIS,Eris Lifesciences Ltd.
2025-03-06,2025-03-10,ind_prs06032025,NIFTY_MICROCAP_250,OUT,KESORAMIND,Kesoram Industries Ltd.
2025-03-06,2025-03-10,ind_prs06032025,NIFTY_MICROCAP_250,IN,INNOVACAP,Innova Captab Ltd.
2025-03-06,2025-03-10,ind_prs06032025,NIFTY_TOTAL_MARKET,OUT,KESORAMIND,Kesoram Industries Ltd.
2025-03-06,2025-03-10,ind_prs06032025,NIFTY_TOTAL_MARKET,IN,INNOVACAP,Innova Captab Ltd.
2011-04-06,2011-04-11,ind_prs06042011,NIFTY_500,OUT,ALEMBICLTD,Alembic Limited
2011-04-06,2011-04-11,ind_prs06042011,NIFTY_500,IN,COALINDIA,Coal India Limited
2022-04-06,2022-04-07,ind_prs06042022,NIFTY_500,OUT,SUPPETRO,Supreme Petrochem Ltd.
2022-04-06,2022-04-07,ind_prs06042022,NIFTY_500,IN,MTARTECH,MTAR Technologies Ltd.
2022-04-06,2022-04-07,ind_prs06042022,NIFTY_SMALLCAP_250,OUT,SUPPETRO,Supreme Petrochem Ltd.
2022-04-06,2022-04-07,ind_prs06042022,NIFTY_SMALLCAP_250,IN,MTARTECH,MTAR Technologies Ltd.
2022-04-06,2022-04-07,ind_prs06042022,NIFTY_MICROCAP_250,OUT,MTARTECH,MTAR Technologies Ltd.*
2022-04-06,2022-04-07,ind_prs06042022,NIFTY_MICROCAP_250,IN,JISLJALEQS,Jain Irrigation Systems Ltd.
2022-04-06,2022-04-07,ind_prs06042022,NIFTY_TOTAL_MARKET,OUT,SUPPETRO,Supreme Petrochem Ltd.
2022-04-06,2022-04-07,ind_prs06042022,NIFTY_TOTAL_MARKET,IN,JISLJALEQS,Jain Irrigation Systems Ltd.
2013-06-06,2013-06-11,ind_prs06062013,NIFTY_500,OUT,FUTUREVENT,Future Ventures India Limited
2013-06-06,2013-06-11,ind_prs06062013,NIFTY_500,OUT,JSWISPAT,JSW ISPAT Steel Limited
2013-06-06,2013-06-11,ind_prs06062013,NIFTY_500,IN,INFRATEL,Bharti Infratel Limited
2013-06-06,2013-06-11,ind_prs06062013,NIFTY_500,IN,DBCORP,D.B.Corp Limited
2022-12-06,2022-12-30,ind_prs06122022,NIFTY_500,OUT,ALLCARGO,Allcargo Logistics Ltd.
2022-12-06,2022-12-30,ind_prs06122022,NIFTY_500,OUT,NIITLTD,NIIT Ltd.
2022-12-06,2022-12-30,ind_prs06122022,NIFTY_500,OUT,SCI,Shipping Corporation of India Ltd.
2022-12-06,2022-12-30,ind_prs06122022,NIFTY_500,IN,BEML,BEML Ltd.
2022-12-06,2022-12-30,ind_prs06122022,NIFTY_500,IN,LEMONTREE,Lemon Tree Hotels Ltd.
2022-12-06,2022-12-30,ind_prs06122022,NIFTY_500,IN,UCOBANK,UCO Bank
2022-12-06,2022-12-30,ind_prs06122022,NIFTY_SMALLCAP_250,OUT,ALLCARGO,Allcargo Logistics Ltd.
2022-12-06,2022-12-30,ind_prs06122022,NIFTY_SMALLCAP_250,OUT,NIITLTD,NIIT Ltd.
2022-12-06,2022-12-30,ind_prs06122022,NIFTY_SMALLCAP_250,OUT,SCI,Shipping Corporation of India Ltd.
2022-12-06,2022-12-30,ind_prs06122022,NIFTY_SMALLCAP_250,IN,BEML,BEML Ltd.
2022-12-06,2022-12-30,ind_prs06122022,NIFTY_SMALLCAP_250,IN,LEMONTREE,Lemon Tree Hotels Ltd.
2022-12-06,2022-12-30,ind_prs06122022,NIFTY_SMALLCAP_250,IN,UCOBANK,UCO Bank
2022-12-06,2022-12-30,ind_prs06122022,NIFTY_MICROCAP_250,OUT,LEMONTREE,Lemon Tree Hotels Ltd.
2022-12-06,2022-12-30,ind_prs06122022,NIFTY_MICROCAP_250,IN,TMB,Tamilnad Mercantile Bank Ltd.
2022-12-06,2022-12-30,ind_prs06122022,NIFTY_TOTAL_MARKET,OUT,ALLCARGO,Allcargo Logistics Ltd.
2022-12-06,2022-12-30,ind_prs06122022,NIFTY_TOTAL_MARKET,OUT,NIITLTD,NIIT Ltd.
2022-12-06,2022-12-30,ind_prs06122022,NIFTY_TOTAL_MARKET,OUT,SCI,Shipping Corporation of India Ltd.
2022-12-06,2022-12-30,ind_prs06122022,NIFTY_TOTAL_MARKET,IN,BEML,BEML Ltd.
2022-12-06,2022-12-30,ind_prs06122022,NIFTY_TOTAL_MARKET,IN,TMB,Tamilnad Mercantile Bank Ltd.
2022-12-06,2022-12-30,ind_prs06122022,NIFTY_TOTAL_MARKET,IN,UCOBANK,UCO Bank
2017-03-07,2017-03-31,ind_prs07032017,NIFTY_500,OUT,SBBJ,State Bank of Bikaner & Jaipur Ltd.
2017-03-07,2017-03-31,ind_prs07032017,NIFTY_500,OUT,MYSOREBANK,State Bank of Mysore
2017-03-07,2017-03-31,ind_prs07032017,NIFTY_500,OUT,SBT,State Bank of Travancore
2017-03-07,2017-03-31,ind_prs07032017,NIFTY_500,IN,FRETAIL,Future Retail Ltd.
2017-03-07,2017-03-31,ind_prs07032017,NIFTY_500,IN,MAXINDIA,Max India Ltd.
2017-03-07,2017-03-31,ind_prs07032017,NIFTY_500,IN,MGL,Mahanagar Gas Ltd.
2017-03-07,2017-03-31,ind_prs07032017,NIFTY_SMALLCAP_250,OUT,SBBJ,State Bank of Bikaner & Jaipur Ltd.
2017-03-07,2017-03-31,ind_prs07032017,NIFTY_SMALLCAP_250,OUT,MYSOREBANK,State Bank of Mysore
2017-03-07,2017-03-31,ind_prs07032017,NIFTY_SMALLCAP_250,OUT,SBT,State Bank of Travancore
2017-03-07,2017-03-31,ind_prs07032017,NIFTY_SMALLCAP_250,IN,FRETAIL,Future Retail Ltd.
2017-03-07,2017-03-31,ind_prs07032017,NIFTY_SMALLCAP_250,IN,MAXINDIA,Max India Ltd.
2017-03-07,2017-03-31,ind_prs07032017,NIFTY_SMALLCAP_250,IN,MGL,Mahanagar Gas Ltd.
2010-07-07,2010-07-08,ind_prs07072010,NIFTY_500,OUT,HINVDIR,HSBC Invest Direct (India) Limited
2010-07-07,2010-07-08,ind_prs07072010,NIFTY_500,IN,TINPLATE,Tinplate Company of India Ltd.
2020-09-07,2020-09-14,ind_prs07092020,NIFTY_500,OUT,ASAHIINDIA,Asahi India Glass Ltd.
2020-09-07,2020-09-14,ind_prs07092020,NIFTY_500,IN,JTEKTINDIA,JTEKT India Ltd.
2020-09-07,2020-09-14,ind_prs07092020,NIFTY_SMALLCAP_250,OUT,ASAHIINDIA,Asahi India Glass Ltd.
2020-09-07,2020-09-14,ind_prs07092020,NIFTY_SMALLCAP_250,IN,JTEKTINDIA,JTEKT India Ltd.
2020-09-07,2020-09-14,ind_prs07092020,NIFTY_500,OUT,ARVINDFASN,Arvind Fashions Ltd.
2020-09-07,2020-09-14,ind_prs07092020,NIFTY_500,OUT,KPITTECH,KPIT Technologies Ltd.
2020-09-07,2020-09-14,ind_prs07092020,NIFTY_500,OUT,REPCOHOME,Repco Home Finance Ltd.
2020-09-07,2020-09-14,ind_prs07092020,NIFTY_500,OUT,SPANDANA,Spandana Sphoorty Financial Ltd.
2020-09-07,2020-09-14,ind_prs07092020,NIFTY_500,IN,NOCIL,NOCIL Ltd.
2020-09-07,2020-09-14,ind_prs07092020,NIFTY_500,IN,PSPPROJECT,PSP Projects Ltd.
2020-09-07,2020-09-14,ind_prs07092020,NIFTY_500,IN,SWARAJENG,Swaraj Engines Ltd.
2020-09-07,2020-09-14,ind_prs07092020,NIFTY_500,IN,TATACOFFEE,Tata Coffee Ltd.
2020-09-07,2020-09-14,ind_prs07092020,NIFTY_SMALLCAP_250,OUT,ARVINDFASN,Arvind Fashions Ltd.
2020-09-07,2020-09-14,ind_prs07092020,NIFTY_SMALLCAP_250,OUT,KPITTECH,KPIT Technologies Ltd.
2020-09-07,2020-09-14,ind_prs07092020,NIFTY_SMALLCAP_250,OUT,REPCOHOME,Repco Home Finance Ltd.
2020-09-07,2020-09-14,ind_prs07092020,NIFTY_SMALLCAP_250,OUT,SPANDANA,Spandana Sphoorty Financial Ltd.
2020-09-07,2020-09-14,ind_prs07092020,NIFTY_SMALLCAP_250,IN,NOCIL,NOCIL Ltd.
2020-09-07,2020-09-14,ind_prs07092020,NIFTY_SMALLCAP_250,IN,PSPPROJECT,PSP Projects Ltd.
2020-09-07,2020-09-14,ind_prs07092020,NIFTY_SMALLCAP_250,IN,SWARAJENG,Swaraj Engines Ltd.
2020-09-07,2020-09-14,ind_prs07092020,NIFTY_SMALLCAP_250,IN,TATACOFFEE,Tata Coffee Ltd.
2013-11-07,2013-11-15,ind_prs07112013,NIFTY_500,OUT,FKONCO,Fresenius Kabi Oncology Limited
2013-11-07,2013-11-15,ind_prs07112013,NIFTY_500,OUT,WELCORP,Welspun Corp Limited
2013-11-07,2013-11-15,ind_prs07112013,NIFTY_500,IN,FRL,Future Retail Limited
2013-11-07,2013-11-15,ind_prs07112013,NIFTY_500,IN,RAJTV,Raj Television Network Limited
2015-12-07,2015-12-14,ind_prs07122015,NIFTY_500,OUT,FRL,Future Retail Ltd.
2015-12-07,2015-12-14,ind_prs07122015,NIFTY_500,OUT,MANDHANA,Mandhana Industries Ltd.
2015-12-07,2015-12-14,ind_prs07122015,NIFTY_500,IN,ARVIND,Arvind Ltd.
2015-12-07,2015-12-14,ind_prs07122015,NIFTY_500,IN,GAYAPROJ,Gayatri Projects Ltd.
2018-01-08,2018-02-05,ind_prs08012018,NIFTY_500,OUT,CESC,CESC Ltd.
2018-01-08,2018-02-05,ind_prs08012018,NIFTY_500,OUT,FORTIS,Fortis Healthcare Ltd.
2018-01-08,2018-02-05,ind_prs08012018,NIFTY_500,OUT,POLARIS,Polaris Consulting & Services Ltd.
2018-01-08,2018-02-05,ind_prs08012018,NIFTY_500,OUT,STAR,Strides Shasun Ltd.
2018-01-08,2018-02-05,ind_prs08012018,NIFTY_500,IN,COCHINSHIP,Cochin Shipyard Ltd.
2018-01-08,2018-02-05,ind_prs08012018,NIFTY_500,IN,HATSUN,Hatsun Agro Product Ltd.
2018-01-08,2018-02-05,ind_prs08012018,NIFTY_500,IN,RELCAPITAL,Reliance Capital Ltd.
2018-01-08,2018-02-05,ind_prs08012018,NIFTY_500,IN,TIFIN,TI Financial Holdings Ltd.
2018-01-08,2018-02-05,ind_prs08012018,NIFTY_MIDCAP_150,OUT,CESC,CESC Ltd.
2018-01-08,2018-02-05,ind_prs08012018,NIFTY_MIDCAP_150,OUT,FORTIS,Fortis Healthcare Ltd.
2018-01-08,2018-02-05,ind_prs08012018,NIFTY_MIDCAP_150,OUT,STAR,Strides Shasun Ltd.
2018-01-08,2018-02-05,ind_prs08012018,NIFTY_MIDCAP_150,IN,HATSUN,Hatsun Agro Product Ltd.
2018-01-08,2018-02-05,ind_prs08012018,NIFTY_MIDCAP_150,IN,RELCAPITAL,Reliance Capital Ltd.
2018-01-08,2018-02-05,ind_prs08012018,NIFTY_MIDCAP_150,IN,TIFIN,TI Financial Holdings Ltd.
2018-01-08,2018-02-05,ind_prs08012018,NIFTY_SMALLCAP_250,OUT,POLARIS,Polaris Consulting & Services Ltd.
2018-01-08,2018-02-05,ind_prs08012018,NIFTY_SMALLCAP_250,IN,COCHINSHIP,Cochin Shipyard Ltd.
2019-04-08,2019-04-15,ind_prs08042019,NIFTY_500,OUT,EXCELCROP,Excel Crop Care Ltd.
2019-04-08,2019-04-15,ind_prs08042019,NIFTY_500,IN,SUNCLAYLTD,Sundaram Clayton Ltd.
2019-04-08,2019-04-15,ind_prs08042019,NIFTY_SMALLCAP_250,OUT,EXCELCROP,Excel Crop Care Ltd.
2019-04-08,2019-04-15,ind_prs08042019,NIFTY_SMALLCAP_250,IN,SUNCLAYLTD,Sundaram Clayton Ltd.
2026-05-08,2026-05-15,ind_prs08052026,NIFTY_MICROCAP_250,OUT,CIGNITITEC,Cigniti Technologies Ltd.
2026-05-08,2026-05-15,ind_prs08052026,NIFTY_MICROCAP_250,IN,SANOFICONR,Sanofi Consumer Healthcare India Ltd.
2026-05-08,2026-05-15,ind_prs08052026,NIFTY_TOTAL_MARKET,OUT,CIGNITITEC,Cigniti Technologies Ltd.
2026-05-08,2026-05-15,ind_prs08052026,NIFTY_TOTAL_MARKET,IN,SANOFICONR,Sanofi Consumer Healthcare India Ltd.
2020-01-09,2020-01-16,ind_prs09012020,NIFTY_500,OUT,SUVEN,Suven Life Sciences Ltd.
2020-01-09,2020-01-16,ind_prs09012020,NIFTY_500,IN,TATASTLBSL,Tata Steel BSL Ltd.
2020-01-09,2020-01-16,ind_prs09012020,NIFTY_SMALLCAP_250,OUT,SUVEN,Suven Life Sciences Ltd.
2020-01-09,2020-01-16,ind_prs09012020,NIFTY_SMALLCAP_250,IN,TATASTLBSL,Tata Steel BSL Ltd.
2023-02-09,2023-02-17,ind_prs09022023_1,NIFTY_500,OUT,INOXLEISUR,INOX Leisure Ltd.
2023-02-09,2023-02-17,ind_prs09022023_1,NIFTY_500,IN,PPLPHARMA,Piramal Pharma Ltd.
2023-02-09,2023-02-17,ind_prs09022023_1,NIFTY_SMALLCAP_250,OUT,INOXLEISUR,INOX Leisure Ltd.
2023-02-09,2023-02-17,ind_prs09022023_1,NIFTY_SMALLCAP_250,IN,PPLPHARMA,Piramal Pharma Ltd.
2023-02-09,2023-02-17,ind_prs09022023_1,NIFTY_MICROCAP_250,OUT,DFMFOODS,DFM Foods Ltd.
2023-02-09,2023-02-17,ind_prs09022023_1,NIFTY_MICROCAP_250,IN,ERIS,Eris Lifesciences Ltd.
2023-02-09,2023-02-17,ind_prs09022023_1,NIFTY_TOTAL_MARKET,OUT,DFMFOODS,DFM Foods Ltd.
2023-02-09,2023-02-17,ind_prs09022023_1,NIFTY_TOTAL_MARKET,OUT,INOXLEISUR,INOX Leisure Ltd.
2023-02-09,2023-02-17,ind_prs09022023_1,NIFTY_TOTAL_MARKET,IN,ERIS,Eris Lifesciences Ltd.
2023-02-09,2023-02-17,ind_prs09022023_1,NIFTY_TOTAL_MARKET,IN,PPLPHARMA,Piramal Pharma Ltd.
2024-01-10,2024-01-19,ind_prs10012024,NIFTY_MICROCAP_250,OUT,TINPLATE,Tinplate Company of India Ltd.
2024-01-10,2024-01-19,ind_prs10012024,NIFTY_MICROCAP_250,IN,TVSHLTD,TVS Holdings Ltd.
2024-01-10,2024-01-19,ind_prs10012024,NIFTY_TOTAL_MARKET,OUT,TINPLATE,Tinplate Company of India Ltd.
2024-01-10,2024-01-19,ind_prs10012024,NIFTY_TOTAL_MARKET,IN,TVSHLTD,TVS Holdings Ltd.
2011-02-10,2011-03-25,ind_prs10022011,NIFTY_50,OUT,SUZLON,Suzlon Energy Ltd.
2011-02-10,2011-03-25,ind_prs10022011,NIFTY_50,IN,GRASIM,Grasim Industries Ltd.
2011-02-10,2011-03-25,ind_prs10022011,NIFTY_NEXT_50,OUT,CORPBANK,Corporation Bank
2011-02-10,2011-03-25,ind_prs10022011,NIFTY_NEXT_50,OUT,GRASIM,Grasim Industries Ltd.
2011-02-10,2011-03-25,ind_prs10022011,NIFTY_NEXT_50,OUT,MRPL,Mangalore Refinery & Petrochemicals Ltd.
2011-02-10,2011-03-25,ind_prs10022011,NIFTY_NEXT_50,IN,INDUSINDBK,IndusInd Bank Ltd.
2011-02-10,2011-03-25,ind_prs10022011,NIFTY_NEXT_50,IN,TITAN,Titan Industries Ltd.
2011-02-10,2011-03-25,ind_prs10022011,NIFTY_NEXT_50,IN,ZEEL,Zee Entertainment Enterprises Ltd.
2011-02-10,2011-03-25,ind_prs10022011,NIFTY_500,OUT,AGCNET,AGC Networks Ltd.
2011-02-10,2011-03-25,ind_prs10022011,NIFTY_500,OUT,AJANTPHARM,Ajanta Pharmaceuticals Ltd.
2011-02-10,2011-03-25,ind_prs10022011,NIFTY_500,OUT,UNMAPPED:Asian Electronics Ltd.,Asian Electronics Ltd.
2011-02-10,2011-03-25,ind_prs10022011,NIFTY_500,OUT,UNMAPPED:BPL Ltd.,BPL Ltd.
2011-02-10,2011-03-25,ind_prs10022011,NIFTY_500,OUT,DWARKESH,Dwarikesh Sugar Industrial Ltd.
2011-02-10,2011-03-25,ind_prs10022011,NIFTY_500,OUT,GOKEX,Gokaldas Exports Ltd.
2011-02-10,2011-03-25,ind_prs10022011,NIFTY_500,OUT,HMT,HMT Ltd.
2011-02-10,2011-03-25,ind_prs10022011,NIFTY_500,OUT,UNMAPPED:House of Pearl Fashions Ltd.,House of Pearl Fashions Ltd.
2011-02-10,2011-03-25,ind_prs10022011,NIFTY_500,OUT,UNMAPPED:Kohinoor Foods Ltd.,Kohinoor Foods Ltd.
2011-02-10,2011-03-25,ind_prs10022011,NIFTY_500,OUT,MAHINDUGIN,Mahindra Ugine Steel Co. Ltd.
2011-02-10,2011-03-25,ind_prs10022011,NIFTY_500,OUT,MIRZAINT,Mirza International Ltd.
2011-02-10,2011-03-25,ind_prs10022011,NIFTY_500,OUT,MUNJALSHOW,Munjal Showa Ltd.
2011-02-10,2011-03-25,ind_prs10022011,NIFTY_500,OUT,UNMAPPED:Omax Autos Ltd.,Omax Autos Ltd.
2011-02-10,2011-03-25,ind_prs10022011,NIFTY_500,OUT,UNMAPPED:PVP Ventures Ltd.,PVP Ventures Ltd.
2011-02-10,2011-03-25,ind_prs10022011,NIFTY_500,OUT,RAMCOSYS,Ramco Systems Ltd.
2011-02-10,2011-03-25,ind_prs10022011,NIFTY_500,OUT,SAREGAMA,Saregama India Ltd
2011-02-10,2011-03-25,ind_prs10022011,NIFTY_500,OUT,UNMAPPED:Vishal Retail Ltd.,Vishal Retail Ltd.
2011-02-10,2011-03-25,ind_prs10022011,NIFTY_500,IN,ADSL,Allied Digital Services Ltd.
2011-02-10,2011-03-25,ind_prs10022011,NIFTY_500,IN,BAJAJELEC,Bajaj Electricals Ltd
2011-02-10,2011-03-25,ind_prs10022011,NIFTY_500,IN,BGRENERGY,BGR Energy Systems Ltd.
2011-02-10,2011-03-25,ind_prs10022011,NIFTY_500,IN,UNMAPPED:Core Projects & Technologies Ltd.,Core Projects & Technologies Ltd.
2011-02-10,2011-03-25,ind_prs10022011,NIFTY_500,IN,COX&KINGS,Cox & Kings Ltd.
2011-02-10,2011-03-25,ind_prs10022011,NIFTY_500,IN,DELTACORP,Delta Corp Ltd.
2011-02-10,2011-03-25,ind_prs10022011,NIFTY_500,IN,EMAMILTD,Emami Ltd.
2011-02-10,2011-03-25,ind_prs10022011,NIFTY_500,IN,JKTYRE,JK Tyre & Industries Ltd.
2011-02-10,2011-03-25,ind_prs10022011,NIFTY_500,IN,KEMROCK,Kemrock Industries and Exports Ltd.
2011-02-10,2011-03-25,ind_prs10022011,NIFTY_500,IN,OPTOCIRCUI,Opto Circuits (I) Ltd.
2011-02-10,2011-03-25,ind_prs10022011,NIFTY_500,IN,UNMAPPED:Orissa Mineral Development Co. Ltd.,Orissa Mineral Development Co. Ltd.
2011-02-10,2011-03-25,ind_prs10022011,NIFTY_500,IN,PANTALOONR,Pantaloon Retail (India) Ltd.
2011-02-10,2011-03-25,ind_prs10022011,NIFTY_500,IN,UNMAPPED:Pipavav Shipyard Ltd.,Pipavav Shipyard Ltd.
2011-02-10,2011-03-25,ind_prs10022011,NIFTY_500,IN,SADBHAV,Sadbhav Engineering Ltd.
2011-02-10,2011-03-25,ind_prs10022011,NIFTY_500,IN,WHIRLPOOL,Whirlpool of India Ltd.
2011-02-10,2011-03-25,ind_prs10022011,NIFTY_500,IN,ZEEL,Zee Entertainment Enterprises Ltd.
2011-02-10,2011-03-25,ind_prs10022011,NIFTY_500,IN,ZYDUSWELL,Zydus Wellness Ltd.
2020-06-10,2020-06-26,ind_prs10062020,NIFTY_NEXT_50,OUT,ASHOKLEY,Ashok Leyland Ltd.
2020-06-10,2020-06-26,ind_prs10062020,NIFTY_NEXT_50,OUT,IBULHSGFIN,Indiabulls Housing Finance Ltd.
2020-06-10,2020-06-26,ind_prs10062020,NIFTY_NEXT_50,OUT,L&TFH,L&T Finance Holdings Ltd.
2020-06-10,2020-06-26,ind_prs10062020,NIFTY_NEXT_50,OUT,NIACL,The New India Assurance Company Ltd.
2020-06-10,2020-06-26,ind_prs10062020,NIFTY_NEXT_50,OUT,IDEA,Vodafone Idea Ltd.
2020-06-10,2020-06-26,ind_prs10062020,NIFTY_NEXT_50,IN,ABBOTINDIA,Abbott India Ltd.
2020-06-10,2020-06-26,ind_prs10062020,NIFTY_NEXT_50,IN,IGL,Indraprastha Gas Ltd.
2020-06-10,2020-06-26,ind_prs10062020,NIFTY_NEXT_50,IN,NAUKRI,Info Edge (India) Ltd.
2020-06-10,2020-06-26,ind_prs10062020,NIFTY_NEXT_50,IN,MUTHOOTFIN,Muthoot Finance Ltd.
2020-06-10,2020-06-26,ind_prs10062020,NIFTY_NEXT_50,IN,TORNTPHARM,Torrent Pharmaceuticals Ltd.
2020-06-10,2020-06-26,ind_prs10062020,NIFTY_500,OUT,CHALET,Chalet Hotels Ltd.
2020-06-10,2020-06-26,ind_prs10062020,NIFTY_500,OUT,DHFL,Dewan Housing Finance Corporation Ltd.
2020-06-10,2020-06-26,ind_prs10062020,NIFTY_500,OUT,FMGOETZE,Federal-Mogul Goetze (India) Ltd.
2020-06-10,2020-06-26,ind_prs10062020,NIFTY_500,OUT,FLFL,Future Lifestyle Fashions Ltd.
2020-06-10,2020-06-26,ind_prs10062020,NIFTY_500,OUT,GAYAPROJ,Gayatri Projects Ltd.
2020-06-10,2020-06-26,ind_prs10062020,NIFTY_500,OUT,IBULISL,Indiabulls Integrated Services Ltd.
2020-06-10,2020-06-26,ind_prs10062020,NIFTY_500,OUT,ITDCEM,ITD Cementation India Ltd.
2020-06-10,2020-06-26,ind_prs10062020,NIFTY_500,OUT,JISLJALEQS,Jain Irrigation Systems Ltd.
2020-06-10,2020-06-26,ind_prs10062020,NIFTY_500,OUT,KENNAMET,Kennametal India Ltd.
2020-06-10,2020-06-26,ind_prs10062020,NIFTY_500,OUT,KIRLOSENG,Kirloskar Oil Eng Ltd.
2020-06-10,2020-06-26,ind_prs10062020,NIFTY_500,OUT,LAKSHVILAS,Lakshmi Vilas Bank Ltd.
2020-06-10,2020-06-26,ind_prs10062020,NIFTY_500,OUT,MAGMA,Magma Fincorp Ltd.
2020-06-10,2020-06-26,ind_prs10062020,NIFTY_500,OUT,NETWORK18,Network18 Media & Investments Ltd.
2020-06-10,2020-06-26,ind_prs10062020,NIFTY_500,OUT,PARAGMILK,Parag Milk Foods Ltd.
2020-06-10,2020-06-26,ind_prs10062020,NIFTY_500,OUT,PCJEWELLER,PC Jeweller Ltd.
2020-06-10,2020-06-26,ind_prs10062020,NIFTY_500,OUT,RELCAPITAL,Reliance Capital Ltd.
2020-06-10,2020-06-26,ind_prs10062020,NIFTY_500,OUT,RELINFRA,Reliance Infrastructure Ltd.
2020-06-10,2020-06-26,ind_prs10062020,NIFTY_500,OUT,RPOWER,Reliance Power Ltd.
2020-06-10,2020-06-26,ind_prs10062020,NIFTY_500,OUT,RESPONIND,Responsive Industries Ltd.
2020-06-10,2020-06-26,ind_prs10062020,NIFTY_500,OUT,SHK,S H Kelkar and Company Ltd.
2020-06-10,2020-06-26,ind_prs10062020,NIFTY_500,OUT,SHILPAMED,Shilpa Medicare Ltd.
2020-06-10,2020-06-26,ind_prs10062020,NIFTY_500,OUT,SUNCLAYLTD,Sundaram Clayton Ltd.
2020-06-10,2020-06-26,ind_prs10062020,NIFTY_500,OUT,TECHNOE,Techno Electric & Engineering Company Ltd.
2020-06-10,2020-06-26,ind_prs10062020,NIFTY_500,OUT,TRITURBINE,Triveni Turbine Ltd.
2020-06-10,2020-06-26,ind_prs10062020,NIFTY_500,OUT,WABAG,Va Tech Wabag Ltd.
2020-06-10,2020-06-26,ind_prs10062020,NIFTY_500,IN,ABB,ABB India Ltd.
2020-06-10,2020-06-26,ind_prs10062020,NIFTY_500,IN,ALKYLAMINE,Alkyl Amines Chemicals Ltd.
2020-06-10,2020-06-26,ind_prs10062020,NIFTY_500,IN,BHARATRAS,Bharat Rasayan Ltd.
2020-06-10,2020-06-26,ind_prs10062020,NIFTY_500,IN,CENTURYTEX,Century Textile & Industries Ltd.
2020-06-10,2020-06-26,ind_prs10062020,NIFTY_500,IN,CSBBANK,CSB Bank Ltd.
2020-06-10,2020-06-26,ind_prs10062020,NIFTY_500,IN,DHANUKA,Dhanuka Agritech Ltd.
2020-06-10,2020-06-26,ind_prs10062020,NIFTY_500,IN,ESABINDIA,ESAB India Ltd.
2020-06-10,2020-06-26,ind_prs10062020,NIFTY_500,IN,GRSE,Garden Reach Shipbuilders & Engineers Ltd.
2020-06-10,2020-06-26,ind_prs10062020,NIFTY_500,IN,GMMPFAUDLR,GMM Pfaudler Ltd.
2020-06-10,2020-06-26,ind_prs10062020,NIFTY_500,IN,FLUOROCHEM,Gujarat Fluorochemicals Ltd.
2020-06-10,2020-06-26,ind_prs10062020,NIFTY_500,IN,HATHWAY,Hathway Cable & Datacom Ltd.
2020-06-10,2020-06-26,ind_prs10062020,NIFTY_500,IN,IIFLWAM,IIFL Wealth Management Ltd.
2020-06-10,2020-06-26,ind_prs10062020,NIFTY_500,IN,IRCTC,Corporation Ltd.
2020-06-10,2020-06-26,ind_prs10062020,NIFTY_500,IN,INDOCO,Indoco Remedies Ltd.
2020-06-10,2020-06-26,ind_prs10062020,NIFTY_500,IN,INGERRAND,Ingersoll Rand (India) Ltd.
2020-06-10,2020-06-26,ind_prs10062020,NIFTY_500,IN,KSB,KSB Ltd.
2020-06-10,2020-06-26,ind_prs10062020,NIFTY_500,IN,LAOPALA,La Opala RG Ltd.
2020-06-10,2020-06-26,ind_prs10062020,NIFTY_500,IN,POLYMED,Poly Medicure Ltd.
2020-06-10,2020-06-26,ind_prs10062020,NIFTY_500,IN,SCHNEIDER,Schneider Electric Infrastructure Ltd.
2020-06-10,2020-06-26,ind_prs10062020,NIFTY_500,IN,SEQUENT,Sequent Scientific Ltd.
2020-06-10,2020-06-26,ind_prs10062020,NIFTY_500,IN,SCI,Shipping Corporation of India Ltd.
2020-06-10,2020-06-26,ind_prs10062020,NIFTY_500,IN,SUMICHEM,Sumitomo Chemical India Ltd.
2020-06-10,2020-06-26,ind_prs10062020,NIFTY_500,IN,TATACOMM,Tata Communications Ltd.
2020-06-10,2020-06-26,ind_prs10062020,NIFTY_500,IN,UJJIVANSFB,Ujjivan Small Finance Bank Ltd.
2020-06-10,2020-06-26,ind_prs10062020,NIFTY_500,IN,VESUVIUS,Vesuvius India Ltd.
2020-06-10,2020-06-26,ind_prs10062020,NIFTY_MIDCAP_150,OUT,ABBOTINDIA,Abbott India Ltd.
2020-06-10,2020-06-26,ind_prs10062020,NIFTY_MIDCAP_150,OUT,ENGINERSIN,Engineers India Ltd.
2020-06-10,2020-06-26,ind_prs10062020,NIFTY_MIDCAP_150,OUT,FCONSUMER,Future Consumer Ltd.
2020-06-10,2020-06-26,ind_prs10062020,NIFTY_MIDCAP_150,OUT,GRAPHITE,Graphite India Ltd.
2020-06-10,2020-06-26,ind_prs10062020,NIFTY_MIDCAP_150,OUT,HEG,H.E.G. Ltd.
2020-06-10,2020-06-26,ind_prs10062020,NIFTY_MIDCAP_150,OUT,INDIANB,Indian Bank
2020-06-10,2020-06-26,ind_prs10062020,NIFTY_MIDCAP_150,OUT,IGL,Indraprastha Gas Ltd.
2020-06-10,2020-06-26,ind_prs10062020,NIFTY_MIDCAP_150,OUT,NAUKRI,Info Edge (India) Ltd.
2020-06-10,2020-06-26,ind_prs10062020,NIFTY_MIDCAP_150,OUT,KRBL,KRBL Ltd.
2020-06-10,2020-06-26,ind_prs10062020,NIFTY_MIDCAP_150,OUT,MAHINDCIE,Mahindra CIE Automotive Ltd.
2020-06-10,2020-06-26,ind_prs10062020,NIFTY_MIDCAP_150,OUT,MUTHOOTFIN,Muthoot Finance Ltd.
2020-06-10,2020-06-26,ind_prs10062020,NIFTY_MIDCAP_150,OUT,NBCC,NBCC (India) Ltd.
2020-06-10,2020-06-26,ind_prs10062020,NIFTY_MIDCAP_150,OUT,STRTECH,Sterlite Technologies Ltd.
2020-06-10,2020-06-26,ind_prs10062020,NIFTY_MIDCAP_150,OUT,TORNTPHARM,Torrent Pharmaceuticals Ltd.
2020-06-10,2020-06-26,ind_prs10062020,NIFTY_MIDCAP_150,OUT,VARROC,Varroc Engineering Ltd.
2020-06-10,2020-06-26,ind_prs10062020,NIFTY_MIDCAP_150,IN,ABB,ABB India Ltd.
2020-06-10,2020-06-26,ind_prs10062020,NIFTY_MIDCAP_150,IN,AKZOINDIA,Akzo Nobel India Ltd.
2020-06-10,2020-06-26,ind_prs10062020,NIFTY_MIDCAP_150,IN,ASHOKLEY,Ashok Leyland Ltd.
2020-06-10,2020-06-26,ind_prs10062020,NIFTY_MIDCAP_150,IN,CREDITACC,CreditAccess Grameen Ltd.
2020-06-10,2020-06-26,ind_prs10062020,NIFTY_MIDCAP_150,IN,IIFLWAM,IIFL Wealth Management Ltd.
2020-06-10,2020-06-26,ind_prs10062020,NIFTY_MIDCAP_150,IN,IBULHSGFIN,Indiabulls Housing Finance Ltd.
2020-06-10,2020-06-26,ind_prs10062020,NIFTY_MIDCAP_150,IN,IRCTC,Corporation Ltd.
2020-06-10,2020-06-26,ind_prs10062020,NIFTY_MIDCAP_150,IN,JKCEMENT,J.K. Cement Ltd.
2020-06-10,2020-06-26,ind_prs10062020,NIFTY_MIDCAP_150,IN,L&TFH,L&T Finance Holdings Ltd.
2020-06-10,2020-06-26,ind_prs10062020,NIFTY_MIDCAP_150,IN,MINDAIND,Minda Industries Ltd.
2020-06-10,2020-06-26,ind_prs10062020,NIFTY_MIDCAP_150,IN,NIITTECH,NIIT Technologies Ltd.
2020-06-10,2020-06-26,ind_prs10062020,NIFTY_MIDCAP_150,IN,SUMICHEM,Sumitomo Chemical India Ltd.
2020-06-10,2020-06-26,ind_prs10062020,NIFTY_MIDCAP_150,IN,TATACOMM,Tata Communications Ltd.
2020-06-10,2020-06-26,ind_prs10062020,NIFTY_MIDCAP_150,IN,NIACL,The New India Assurance Company Ltd.
2020-06-10,2020-06-26,ind_prs10062020,NIFTY_MIDCAP_150,IN,IDEA,Vodafone Idea Ltd.
2020-06-10,2020-06-26,ind_prs10062020,NIFTY_SMALLCAP_250,OUT,AKZOINDIA,Akzo Nobel India Ltd.
2020-06-10,2020-06-26,ind_prs10062020,NIFTY_SMALLCAP_250,OUT,CHALET,Chalet Hotels Ltd.
2020-06-10,2020-06-26,ind_prs10062020,NIFTY_SMALLCAP_250,OUT,CREDITACC,CreditAccess Grameen Ltd.
2020-06-10,2020-06-26,ind_prs10062020,NIFTY_SMALLCAP_250,OUT,DHFL,Dewan Housing Finance Corporation Ltd.
2020-06-10,2020-06-26,ind_prs10062020,NIFTY_SMALLCAP_250,OUT,FMGOETZE,Federal-Mogul Goetze (India) Ltd.
2020-06-10,2020-06-26,ind_prs10062020,NIFTY_SMALLCAP_250,OUT,FLFL,Future Lifestyle Fashions Ltd.
2020-06-10,2020-06-26,ind_prs10062020,NIFTY_SMALLCAP_250,OUT,GAYAPROJ,Gayatri Projects Ltd.
2020-06-10,2020-06-26,ind_prs10062020,NIFTY_SMALLCAP_250,OUT,IBULISL,Indiabulls Integrated Services Ltd.
2020-06-10,2020-06-26,ind_prs10062020,NIFTY_SMALLCAP_250,OUT,ITDCEM,ITD Cementation India Ltd.
2020-06-10,2020-06-26,ind_prs10062020,NIFTY_SMALLCAP_250,OUT,JKCEMENT,J.K. Cement Ltd.
2020-06-10,2020-06-26,ind_prs10062020,NIFTY_SMALLCAP_250,OUT,JISLJALEQS,Jain Irrigation Systems Ltd.
2020-06-10,2020-06-26,ind_prs10062020,NIFTY_SMALLCAP_250,OUT,KENNAMET,Kennametal India Ltd.
2020-06-10,2020-06-26,ind_prs10062020,NIFTY_SMALLCAP_250,OUT,KIRLOSENG,Kirloskar Oil Eng Ltd.
2020-06-10,2020-06-26,ind_prs10062020,NIFTY_SMALLCAP_250,OUT,LAKSHVILAS,Lakshmi Vilas Bank Ltd.
2020-06-10,2020-06-26,ind_prs10062020,NIFTY_SMALLCAP_250,OUT,MAGMA,Magma Fincorp Ltd.
2020-06-10,2020-06-26,ind_prs10062020,NIFTY_SMALLCAP_250,OUT,MINDAIND,Minda Industries Ltd.
2020-06-10,2020-06-26,ind_prs10062020,NIFTY_SMALLCAP_250,OUT,NETWORK18,Network18 Media & Investments Ltd.
2020-06-10,2020-06-26,ind_prs10062020,NIFTY_SMALLCAP_250,OUT,NIITTECH,NIIT Technologies Ltd.
2020-06-10,2020-06-26,ind_prs10062020,NIFTY_SMALLCAP_250,OUT,PARAGMILK,Parag Milk Foods Ltd.
2020-06-10,2020-06-26,ind_prs10062020,NIFTY_SMALLCAP_250,OUT,PCJEWELLER,PC Jeweller Ltd.
2020-06-10,2020-06-26,ind_prs10062020,NIFTY_SMALLCAP_250,OUT,RELCAPITAL,Reliance Capital Ltd.
2020-06-10,2020-06-26,ind_prs10062020,NIFTY_SMALLCAP_250,OUT,RELINFRA,Reliance Infrastructure Ltd.
2020-06-10,2020-06-26,ind_prs10062020,NIFTY_SMALLCAP_250,OUT,RPOWER,Reliance Power Ltd.
2020-06-10,2020-06-26,ind_prs10062020,NIFTY_SMALLCAP_250,OUT,RESPONIND,Responsive Industries Ltd.
2020-06-10,2020-06-26,ind_prs10062020,NIFTY_SMALLCAP_250,OUT,SHK,S H Kelkar and Company Ltd.
2020-06-10,2020-06-26,ind_prs10062020,NIFTY_SMALLCAP_250,OUT,SHILPAMED,Shilpa Medicare Ltd.
2020-06-10,2020-06-26,ind_prs10062020,NIFTY_SMALLCAP_250,OUT,SUNCLAYLTD,Sundaram Clayton Ltd.
2020-06-10,2020-06-26,ind_prs10062020,NIFTY_SMALLCAP_250,OUT,TECHNOE,Techno Electric & Engineering Company Ltd.
2020-06-10,2020-06-26,ind_prs10062020,NIFTY_SMALLCAP_250,OUT,TRITURBINE,Triveni Turbine Ltd.
2020-06-10,2020-06-26,ind_prs10062020,NIFTY_SMALLCAP_250,OUT,WABAG,Va Tech Wabag Ltd.
2020-06-10,2020-06-26,ind_prs10062020,NIFTY_SMALLCAP_250,IN,ALKYLAMINE,Alkyl Amines Chemicals Ltd.
2020-06-10,2020-06-26,ind_prs10062020,NIFTY_SMALLCAP_250,IN,BHARATRAS,Bharat Rasayan Ltd.
2020-06-10,2020-06-26,ind_prs10062020,NIFTY_SMALLCAP_250,IN,CENTURYTEX,Century Textile & Industries Ltd.
2020-06-10,2020-06-26,ind_prs10062020,NIFTY_SMALLCAP_250,IN,CSBBANK,CSB Bank Ltd.
2020-06-10,2020-06-26,ind_prs10062020,NIFTY_SMALLCAP_250,IN,DHANUKA,Dhanuka Agritech Ltd.
2020-06-10,2020-06-26,ind_prs10062020,NIFTY_SMALLCAP_250,IN,ENGINERSIN,Engineers India Ltd.
2020-06-10,2020-06-26,ind_prs10062020,NIFTY_SMALLCAP_250,IN,ESABINDIA,ESAB India Ltd.
2020-06-10,2020-06-26,ind_prs10062020,NIFTY_SMALLCAP_250,IN,FCONSUMER,Future Consumer Ltd.
2020-06-10,2020-06-26,ind_prs10062020,NIFTY_SMALLCAP_250,IN,GRSE,Garden Reach Shipbuilders & Engineers Ltd.
2020-06-10,2020-06-26,ind_prs10062020,NIFTY_SMALLCAP_250,IN,GMMPFAUDLR,GMM Pfaudler Ltd.
2020-06-10,2020-06-26,ind_prs10062020,NIFTY_SMALLCAP_250,IN,GRAPHITE,Graphite India Ltd.
2020-06-10,2020-06-26,ind_prs10062020,NIFTY_SMALLCAP_250,IN,FLUOROCHEM,Gujarat Fluorochemicals Ltd.
2020-06-10,2020-06-26,ind_prs10062020,NIFTY_SMALLCAP_250,IN,HEG,H.E.G. Ltd.
2020-06-10,2020-06-26,ind_prs10062020,NIFTY_SMALLCAP_250,IN,HATHWAY,Hathway Cable & Datacom Ltd.
2020-06-10,2020-06-26,ind_prs10062020,NIFTY_SMALLCAP_250,IN,INDIANB,Indian Bank
2020-06-10,2020-06-26,ind_prs10062020,NIFTY_SMALLCAP_250,IN,INDOCO,Indoco Remedies Ltd.
2020-06-10,2020-06-26,ind_prs10062020,NIFTY_SMALLCAP_250,IN,INGERRAND,Ingersoll Rand (India) Ltd.
2020-06-10,2020-06-26,ind_prs10062020,NIFTY_SMALLCAP_250,IN,KRBL,KRBL Ltd.
2020-06-10,2020-06-26,ind_prs10062020,NIFTY_SMALLCAP_250,IN,KSB,KSB Ltd.
2020-06-10,2020-06-26,ind_prs10062020,NIFTY_SMALLCAP_250,IN,LAOPALA,La Opala RG Ltd.
2020-06-10,2020-06-26,ind_prs10062020,NIFTY_SMALLCAP_250,IN,MAHINDCIE,Mahindra CIE Automotive Ltd.
2020-06-10,2020-06-26,ind_prs10062020,NIFTY_SMALLCAP_250,IN,NBCC,NBCC (India) Ltd.
2020-06-10,2020-06-26,ind_prs10062020,NIFTY_SMALLCAP_250,IN,POLYMED,Poly Medicure Ltd.
2020-06-10,2020-06-26,ind_prs10062020,NIFTY_SMALLCAP_250,IN,SCHNEIDER,Schneider Electric Infrastructure Ltd.
2020-06-10,2020-06-26,ind_prs10062020,NIFTY_SMALLCAP_250,IN,SEQUENT,Sequent Scientific Ltd.
2020-06-10,2020-06-26,ind_prs10062020,NIFTY_SMALLCAP_250,IN,SCI,Shipping Corporation of India Ltd.
2020-06-10,2020-06-26,ind_prs10062020,NIFTY_SMALLCAP_250,IN,STRTECH,Sterlite Technologies Ltd.
2020-06-10,2020-06-26,ind_prs10062020,NIFTY_SMALLCAP_250,IN,UJJIVANSFB,Ujjivan Small Finance Bank Ltd.
2020-06-10,2020-06-26,ind_prs10062020,NIFTY_SMALLCAP_250,IN,VARROC,Varroc Engineering Ltd.
2020-06-10,2020-06-26,ind_prs10062020,NIFTY_SMALLCAP_250,IN,VESUVIUS,Vesuvius India Ltd.
2026-08-10,2026-09-30,ind_prs10082026,NIFTY_50,OUT,WIPRO,Wipro Ltd.
2026-08-10,2026-09-30,ind_prs10082026,NIFTY_50,IN,BSE,BSE Ltd.
2026-08-10,2026-09-30,ind_prs10082026,NIFTY_500,OUT,3MINDIA,3M India Ltd.
2026-08-10,2026-09-30,ind_prs10082026,NIFTY_500,OUT,ABFRL,Aditya Birla Fashion and Retail Ltd.
2026-08-10,2026-09-30,ind_prs10082026,NIFTY_500,OUT,ABLBL,Aditya Birla Lifestyle Brands Ltd.
2026-08-10,2026-09-30,ind_prs10082026,NIFTY_500,OUT,BAYERCROP,Bayer Cropscience Ltd.
2026-08-10,2026-09-30,ind_prs10082026,NIFTY_500,OUT,BIKAJI,Bikaji Foods International Ltd.
2026-08-10,2026-09-30,ind_prs10082026,NIFTY_500,OUT,BLUEDART,Blue Dart Express Ltd.
2026-08-10,2026-09-30,ind_prs10082026,NIFTY_500,OUT,BLUEJET,Blue Jet Healthcare Ltd.
2026-08-10,2026-09-30,ind_prs10082026,NIFTY_500,OUT,BBTC,Bombay Burmah Trading Corporation Ltd.
2026-08-10,2026-09-30,ind_prs10082026,NIFTY_500,OUT,MAPMYINDIA,C.E. Info Systems Ltd.
2026-08-10,2026-09-30,ind_prs10082026,NIFTY_500,OUT,CHALET,Chalet Hotels Ltd.
2026-08-10,2026-09-30,ind_prs10082026,NIFTY_500,OUT,DCMSHRIRAM,DCM Shriram Ltd.
2026-08-10,2026-09-30,ind_prs10082026,NIFTY_500,OUT,ERIS,Eris Lifesciences Ltd.
2026-08-10,2026-09-30,ind_prs10082026,NIFTY_500,OUT,GODIGIT,Go Digit General Insurance Ltd.
2026-08-10,2026-09-30,ind_prs10082026,NIFTY_500,OUT,INDGN,Indegene Ltd.
2026-08-10,2026-09-30,ind_prs10082026,NIFTY_500,OUT,JSWDULUX,JSW Dulux Ltd.
2026-08-10,2026-09-30,ind_prs10082026,NIFTY_500,OUT,JUBLPHARMA,Jubilant Pharmova Ltd.
2026-08-10,2026-09-30,ind_prs10082026,NIFTY_500,OUT,LATENTVIEW,Latent View Analytics Ltd.
2026-08-10,2026-09-30,ind_prs10082026,NIFTY_500,OUT,THELEELA,Leela Palaces Hotels & Resorts Ltd.
2026-08-10,2026-09-30,ind_prs10082026,NIFTY_500,OUT,NEWGEN,Newgen Software Technologies Ltd.
2026-08-10,2026-09-30,ind_prs10082026,NIFTY_500,OUT,NIVABUPA,Niva Bupa Health Insurance Company Ltd.
2026-08-10,2026-09-30,ind_prs10082026,NIFTY_500,OUT,PFIZER,Pfizer Ltd.
2026-08-10,2026-09-30,ind_prs10082026,NIFTY_500,OUT,SAPPHIRE,Sapphire Foods India Ltd.
2026-08-10,2026-09-30,ind_prs10082026,NIFTY_500,OUT,SAREGAMA,Saregama India Ltd
2026-08-10,2026-09-30,ind_prs10082026,NIFTY_500,OUT,SBFC,SBFC Finance Ltd.
2026-08-10,2026-09-30,ind_prs10082026,NIFTY_500,OUT,SONATSOFTW,Sonata Software Ltd.
2026-08-10,2026-09-30,ind_prs10082026,NIFTY_500,OUT,SPLPETRO,Supreme Petrochem Ltd.
2026-08-10,2026-09-30,ind_prs10082026,NIFTY_500,OUT,TRAVELFOOD,Travel Food Services Ltd.
2026-08-10,2026-09-30,ind_prs10082026,NIFTY_500,IN,AETHER,Aether Industries Ltd.
2026-08-10,2026-09-30,ind_prs10082026,NIFTY_500,IN,AVANTIFEED,Avanti Feeds Ltd.
2026-08-10,2026-09-30,ind_prs10082026,NIFTY_500,IN,AZAD,Azad Engineering Ltd.
2026-08-10,2026-09-30,ind_prs10082026,NIFTY_500,IN,BAGMANE,Bagmane Prime Office REIT
2026-08-10,2026-09-30,ind_prs10082026,NIFTY_500,IN,BHARATCOAL,Bharat Coking Coal Ltd.
2026-08-10,2026-09-30,ind_prs10082026,NIFTY_500,IN,BBOX,Black Box Ltd.
2026-08-10,2026-09-30,ind_prs10082026,NIFTY_500,IN,BIRET,Brookfield India Real Estate Trust
2026-08-10,2026-09-30,ind_prs10082026,NIFTY_500,IN,CMPDI,Central Mine Planning & Design Institute Ltd.
2026-08-10,2026-09-30,ind_prs10082026,NIFTY_500,IN,CLEANMAX,Clean Max Enviro Energy Solutions Ltd.
2026-08-10,2026-09-30,ind_prs10082026,NIFTY_500,IN,CUPID,Cupid Ltd.
2026-08-10,2026-09-30,ind_prs10082026,NIFTY_500,IN,EMBASSY,Embassy Office Parks REIT
2026-08-10,2026-09-30,ind_prs10082026,NIFTY_500,IN,FRACTAL,Fractal Analytics Ltd.
2026-08-10,2026-09-30,ind_prs10082026,NIFTY_500,IN,INOXINDIA,INOX India Ltd.
2026-08-10,2026-09-30,ind_prs10082026,NIFTY_500,IN,KIRLOSBROS,Kirloskar Brothers Ltd.
2026-08-10,2026-09-30,ind_prs10082026,NIFTY_500,IN,KSB,KSB Ltd.
2026-08-10,2026-09-30,ind_prs10082026,NIFTY_500,IN,MTARTECH,MTAR Technologies Ltd.
2026-08-10,2026-09-30,ind_prs10082026,NIFTY_500,IN,PRIVISCL,Privi Speciality Chemicals Ltd.
2026-08-10,2026-09-30,ind_prs10082026,NIFTY_500,IN,RUBICON,Rubicon Research Ltd.
2026-08-10,2026-09-30,ind_prs10082026,NIFTY_500,IN,SANSERA,Sansera Engineering Ltd.
2026-08-10,2026-09-30,ind_prs10082026,NIFTY_500,IN,SHRIPISTON,SPR Auto Technologies Ltd.
2026-08-10,2026-09-30,ind_prs10082026,NIFTY_500,IN,STLTECH,Sterlite Technologies Ltd.
2026-08-10,2026-09-30,ind_prs10082026,NIFTY_500,IN,TDPOWERSYS,TD Power Systems Ltd.
2026-08-10,2026-09-30,ind_prs10082026,NIFTY_500,IN,THANGAMAYL,Thangamayil Jewellery Ltd.
2026-08-10,2026-09-30,ind_prs10082026,NIFTY_500,IN,VAML,Vedanta Aluminium Metal Ltd.
2026-08-10,2026-09-30,ind_prs10082026,NIFTY_500,IN,VISL,Vedanta Iron and Steel Ltd.
2026-08-10,2026-09-30,ind_prs10082026,NIFTY_500,IN,VOGL,Vedanta Oil and Gas Ltd.
2026-08-10,2026-09-30,ind_prs10082026,NIFTY_500,IN,VEDPOWER,Vedanta Power Ltd.
2026-08-10,2026-09-30,ind_prs10082026,NIFTY_MIDCAP_150,OUT,3MINDIA,3M India Ltd.
2026-08-10,2026-09-30,ind_prs10082026,NIFTY_MIDCAP_150,OUT,ACC,ACC Ltd.
2026-08-10,2026-09-30,ind_prs10082026,NIFTY_MIDCAP_150,OUT,APOLLOTYRE,Apollo Tyres Ltd.
2026-08-10,2026-09-30,ind_prs10082026,NIFTY_MIDCAP_150,OUT,AWL,AWL Agri Business Ltd.
2026-08-10,2026-09-30,ind_prs10082026,NIFTY_MIDCAP_150,OUT,BSE,BSE Ltd.
2026-08-10,2026-09-30,ind_prs10082026,NIFTY_MIDCAP_150,OUT,POWERINDIA,Hitachi Energy India Ltd.
2026-08-10,2026-09-30,ind_prs10082026,NIFTY_MIDCAP_150,OUT,HONAUT,Honeywell Automation India Ltd.
2026-08-10,2026-09-30,ind_prs10082026,NIFTY_MIDCAP_150,OUT,KPITTECH,KPIT Technologies Ltd.
2026-08-10,2026-09-30,ind_prs10082026,NIFTY_MIDCAP_150,OUT,POLYCAB,Polycab India Ltd.
2026-08-10,2026-09-30,ind_prs10082026,NIFTY_MIDCAP_150,OUT,SJVN,SJVN Ltd.
2026-08-10,2026-09-30,ind_prs10082026,NIFTY_MIDCAP_150,OUT,TATAELXSI,Tata Elxsi Ltd.
2026-08-10,2026-09-30,ind_prs10082026,NIFTY_MIDCAP_150,OUT,NIACL,The New India Assurance Company Ltd.
2026-08-10,2026-09-30,ind_prs10082026,NIFTY_MIDCAP_150,OUT,IDEA,Vodafone Idea Ltd.
2026-08-10,2026-09-30,ind_prs10082026,NIFTY_MIDCAP_150,IN,ASTERDM,Aster DM Quality Care Ltd.
2026-08-10,2026-09-30,ind_prs10082026,NIFTY_MIDCAP_150,IN,EMBASSY,Embassy Office Parks REIT
2026-08-10,2026-09-30,ind_prs10082026,NIFTY_MIDCAP_150,IN,FACT,Fertilisers and Chemicals Travancore Ltd.
2026-08-10,2026-09-30,ind_prs10082026,NIFTY_MIDCAP_150,IN,HINDCOPPER,Hindustan Copper Ltd.
2026-08-10,2026-09-30,ind_prs10082026,NIFTY_MIDCAP_150,IN,INDHOTEL,Indian Hotels Co. Ltd.
2026-08-10,2026-09-30,ind_prs10082026,NIFTY_MIDCAP_150,IN,IOB,Indian Overseas Bank
2026-08-10,2026-09-30,ind_prs10082026,NIFTY_MIDCAP_150,IN,LODHA,Lodha Developers Ltd.
2026-08-10,2026-09-30,ind_prs10082026,NIFTY_MIDCAP_150,IN,MEESHO,Meesho Ltd.
2026-08-10,2026-09-30,ind_prs10082026,NIFTY_MIDCAP_150,IN,NH,Narayana Hrudayalaya Ltd.
2026-08-10,2026-09-30,ind_prs10082026,NIFTY_MIDCAP_150,IN,PIRAMALFIN,Piramal Finance Ltd.
2026-08-10,2026-09-30,ind_prs10082026,NIFTY_MIDCAP_150,IN,RECLTD,REC Ltd.
2026-08-10,2026-09-30,ind_prs10082026,NIFTY_MIDCAP_150,IN,SHREECEM,Shree Cement Ltd.
2026-08-10,2026-09-30,ind_prs10082026,NIFTY_MIDCAP_150,IN,UNITDSPR,United Spirits Ltd.
2026-08-10,2026-09-30,ind_prs10082026,NIFTY_SMALLCAP_250,OUT,ABFRL,Aditya Birla Fashion and Retail Ltd.
2026-08-10,2026-09-30,ind_prs10082026,NIFTY_SMALLCAP_250,OUT,ABLBL,Aditya Birla Lifestyle Brands Ltd.
2026-08-10,2026-09-30,ind_prs10082026,NIFTY_SMALLCAP_250,OUT,ASTERDM,Aster DM Quality Care Ltd.
2026-08-10,2026-09-30,ind_prs10082026,NIFTY_SMALLCAP_250,OUT,BAYERCROP,Bayer Cropscience Ltd.
2026-08-10,2026-09-30,ind_prs10082026,NIFTY_SMALLCAP_250,OUT,BIKAJI,Bikaji Foods International Ltd.
2026-08-10,2026-09-30,ind_prs10082026,NIFTY_SMALLCAP_250,OUT,BLUEDART,Blue Dart Express Ltd.
2026-08-10,2026-09-30,ind_prs10082026,NIFTY_SMALLCAP_250,OUT,BLUEJET,Blue Jet Healthcare Ltd.
2026-08-10,2026-09-30,ind_prs10082026,NIFTY_SMALLCAP_250,OUT,BBTC,Bombay Burmah Trading Corporation Ltd.
2026-08-10,2026-09-30,ind_prs10082026,NIFTY_SMALLCAP_250,OUT,MAPMYINDIA,C.E. Info Systems Ltd.
2026-08-10,2026-09-30,ind_prs10082026,NIFTY_SMALLCAP_250,OUT,CHALET,Chalet Hotels Ltd.
2026-08-10,2026-09-30,ind_prs10082026,NIFTY_SMALLCAP_250,OUT,DCMSHRIRAM,DCM Shriram Ltd.
2026-08-10,2026-09-30,ind_prs10082026,NIFTY_SMALLCAP_250,OUT,ERIS,Eris Lifesciences Ltd.
2026-08-10,2026-09-30,ind_prs10082026,NIFTY_SMALLCAP_250,OUT,FACT,Fertilisers and Chemicals Travancore Ltd.
2026-08-10,2026-09-30,ind_prs10082026,NIFTY_SMALLCAP_250,OUT,GODIGIT,Go Digit General Insurance Ltd.
2026-08-10,2026-09-30,ind_prs10082026,NIFTY_SMALLCAP_250,OUT,HINDCOPPER,Hindustan Copper Ltd.
2026-08-10,2026-09-30,ind_prs10082026,NIFTY_SMALLCAP_250,OUT,INDGN,Indegene Ltd.
2026-08-10,2026-09-30,ind_prs10082026,NIFTY_SMALLCAP_250,OUT,IOB,Indian Overseas Bank
2026-08-10,2026-09-30,ind_prs10082026,NIFTY_SMALLCAP_250,OUT,JSWDULUX,JSW Dulux Ltd.
2026-08-10,2026-09-30,ind_prs10082026,NIFTY_SMALLCAP_250,OUT,JUBLPHARMA,Jubilant Pharmova Ltd.
2026-08-10,2026-09-30,ind_prs10082026,NIFTY_SMALLCAP_250,OUT,LATENTVIEW,Latent View Analytics Ltd.
2026-08-10,2026-09-30,ind_prs10082026,NIFTY_SMALLCAP_250,OUT,THELEELA,Leela Palaces Hotels & Resorts Ltd.
2026-08-10,2026-09-30,ind_prs10082026,NIFTY_SMALLCAP_250,OUT,MEESHO,Meesho Ltd.
2026-08-10,2026-09-30,ind_prs10082026,NIFTY_SMALLCAP_250,OUT,NH,Narayana Hrudayalaya Ltd.
2026-08-10,2026-09-30,ind_prs10082026,NIFTY_SMALLCAP_250,OUT,NEWGEN,Newgen Software Technologies Ltd.
2026-08-10,2026-09-30,ind_prs10082026,NIFTY_SMALLCAP_250,OUT,NIVABUPA,Niva Bupa Health Insurance Company Ltd.
2026-08-10,2026-09-30,ind_prs10082026,NIFTY_SMALLCAP_250,OUT,PFIZER,Pfizer Ltd.
2026-08-10,2026-09-30,ind_prs10082026,NIFTY_SMALLCAP_250,OUT,PIRAMALFIN,Piramal Finance Ltd.
2026-08-10,2026-09-30,ind_prs10082026,NIFTY_SMALLCAP_250,OUT,SAPPHIRE,Sapphire Foods India Ltd.
2026-08-10,2026-09-30,ind_prs10082026,NIFTY_SMALLCAP_250,OUT,SAREGAMA,Saregama India Ltd
2026-08-10,2026-09-30,ind_prs10082026,NIFTY_SMALLCAP_250,OUT,SBFC,SBFC Finance Ltd.
2026-08-10,2026-09-30,ind_prs10082026,NIFTY_SMALLCAP_250,OUT,SONATSOFTW,Sonata Software Ltd.
2026-08-10,2026-09-30,ind_prs10082026,NIFTY_SMALLCAP_250,OUT,SPLPETRO,Supreme Petrochem Ltd.
2026-08-10,2026-09-30,ind_prs10082026,NIFTY_SMALLCAP_250,OUT,TRAVELFOOD,Travel Food Services Ltd.
2026-08-10,2026-09-30,ind_prs10082026,NIFTY_SMALLCAP_250,IN,ACC,ACC Ltd.
2026-08-10,2026-09-30,ind_prs10082026,NIFTY_SMALLCAP_250,IN,AETHER,Aether Industries Ltd.
2026-08-10,2026-09-30,ind_prs10082026,NIFTY_SMALLCAP_250,IN,APOLLOTYRE,Apollo Tyres Ltd.
2026-08-10,2026-09-30,ind_prs10082026,NIFTY_SMALLCAP_250,IN,AVANTIFEED,Avanti Feeds Ltd.
2026-08-10,2026-09-30,ind_prs10082026,NIFTY_SMALLCAP_250,IN,AWL,AWL Agri Business Ltd.
2026-08-10,2026-09-30,ind_prs10082026,NIFTY_SMALLCAP_250,IN,AZAD,Azad Engineering Ltd.
2026-08-10,2026-09-30,ind_prs10082026,NIFTY_SMALLCAP_250,IN,BAGMANE,Bagmane Prime Office REIT
2026-08-10,2026-09-30,ind_prs10082026,NIFTY_SMALLCAP_250,IN,BHARATCOAL,Bharat Coking Coal Ltd.
2026-08-10,2026-09-30,ind_prs10082026,NIFTY_SMALLCAP_250,IN,BBOX,Black Box Ltd.
2026-08-10,2026-09-30,ind_prs10082026,NIFTY_SMALLCAP_250,IN,BIRET,Brookfield India Real Estate Trust
2026-08-10,2026-09-30,ind_prs10082026,NIFTY_SMALLCAP_250,IN,CMPDI,Central Mine Planning & Design Institute Ltd.
2026-08-10,2026-09-30,ind_prs10082026,NIFTY_SMALLCAP_250,IN,CLEANMAX,Clean Max Enviro Energy Solutions Ltd.
2026-08-10,2026-09-30,ind_prs10082026,NIFTY_SMALLCAP_250,IN,CUPID,Cupid Ltd.
2026-08-10,2026-09-30,ind_prs10082026,NIFTY_SMALLCAP_250,IN,FRACTAL,Fractal Analytics Ltd.
2026-08-10,2026-09-30,ind_prs10082026,NIFTY_SMALLCAP_250,IN,HONAUT,Honeywell Automation India Ltd.
2026-08-10,2026-09-30,ind_prs10082026,NIFTY_SMALLCAP_250,IN,INOXINDIA,INOX India Ltd.
2026-08-10,2026-09-30,ind_prs10082026,NIFTY_SMALLCAP_250,IN,KIRLOSBROS,Kirloskar Brothers Ltd.
2026-08-10,2026-09-30,ind_prs10082026,NIFTY_SMALLCAP_250,IN,KPITTECH,KPIT Technologies Ltd.
2026-08-10,2026-09-30,ind_prs10082026,NIFTY_SMALLCAP_250,IN,KSB,KSB Ltd.
2026-08-10,2026-09-30,ind_prs10082026,NIFTY_SMALLCAP_250,IN,MTARTECH,MTAR Technologies Ltd.
2026-08-10,2026-09-30,ind_prs10082026,NIFTY_SMALLCAP_250,IN,PRIVISCL,Privi Speciality Chemicals Ltd.
2026-08-10,2026-09-30,ind_prs10082026,NIFTY_SMALLCAP_250,IN,RUBICON,Rubicon Research Ltd.
2026-08-10,2026-09-30,ind_prs10082026,NIFTY_SMALLCAP_250,IN,SANSERA,Sansera Engineering Ltd.
2026-08-10,2026-09-30,ind_prs10082026,NIFTY_SMALLCAP_250,IN,SJVN,SJVN Ltd.
2026-08-10,2026-09-30,ind_prs10082026,NIFTY_SMALLCAP_250,IN,SHRIPISTON,SPR Auto Technologies Ltd.
2026-08-10,2026-09-30,ind_prs10082026,NIFTY_SMALLCAP_250,IN,STLTECH,Sterlite Technologies Ltd.
2026-08-10,2026-09-30,ind_prs10082026,NIFTY_SMALLCAP_250,IN,TATAELXSI,Tata Elxsi Ltd.
2026-08-10,2026-09-30,ind_prs10082026,NIFTY_SMALLCAP_250,IN,TDPOWERSYS,TD Power Systems Ltd.
2026-08-10,2026-09-30,ind_prs10082026,NIFTY_SMALLCAP_250,IN,THANGAMAYL,Thangamayil Jewellery Ltd.
2026-08-10,2026-09-30,ind_prs10082026,NIFTY_SMALLCAP_250,IN,NIACL,The New India Assurance Company Ltd.
2026-08-10,2026-09-30,ind_prs10082026,NIFTY_SMALLCAP_250,IN,VISL,Vedanta Iron and Steel Ltd.
2026-08-10,2026-09-30,ind_prs10082026,NIFTY_SMALLCAP_250,IN,VOGL,Vedanta Oil and Gas Ltd.
2026-08-10,2026-09-30,ind_prs10082026,NIFTY_SMALLCAP_250,IN,VEDPOWER,Vedanta Power Ltd.
2026-08-10,2026-09-30,ind_prs10082026,NIFTY_NEXT_50,OUT,INDHOTEL,Indian Hotels Co. Ltd.
2026-08-10,2026-09-30,ind_prs10082026,NIFTY_NEXT_50,OUT,LODHA,Lodha Developers Ltd.
2026-08-10,2026-09-30,ind_prs10082026,NIFTY_NEXT_50,OUT,RECLTD,REC Ltd.
2026-08-10,2026-09-30,ind_prs10082026,NIFTY_NEXT_50,OUT,SHREECEM,Shree Cement Ltd.
2026-08-10,2026-09-30,ind_prs10082026,NIFTY_NEXT_50,OUT,UNITDSPR,United Spirits Ltd.
2026-08-10,2026-09-30,ind_prs10082026,NIFTY_NEXT_50,IN,POWERINDIA,Hitachi Energy India Ltd.
2026-08-10,2026-09-30,ind_prs10082026,NIFTY_NEXT_50,IN,POLYCAB,Polycab India Ltd.
2026-08-10,2026-09-30,ind_prs10082026,NIFTY_NEXT_50,IN,VAML,Vedanta Aluminium Metal Ltd.
2026-08-10,2026-09-30,ind_prs10082026,NIFTY_NEXT_50,IN,IDEA,Vodafone Idea Ltd.
2026-08-10,2026-09-30,ind_prs10082026,NIFTY_NEXT_50,IN,WIPRO,Wipro Ltd.
2026-08-10,2026-09-30,ind_prs10082026,NIFTY_MICROCAP_250,OUT,AARTIDRUGS,Aarti Drugs Ltd.
2026-08-10,2026-09-30,ind_prs10082026,NIFTY_MICROCAP_250,OUT,AETHER,Aether Industries Ltd.
2026-08-10,2026-09-30,ind_prs10082026,NIFTY_MICROCAP_250,OUT,AHLUCONT,Ahluwalia Contracts (India) Ltd.
2026-08-10,2026-09-30,ind_prs10082026,NIFTY_MICROCAP_250,OUT,APLLTD,Alembic Pharmaceuticals Ltd.
2026-08-10,2026-09-30,ind_prs10082026,NIFTY_MICROCAP_250,OUT,ALIVUS,Alivus Life Sciences Ltd.
2026-08-10,2026-09-30,ind_prs10082026,NIFTY_MICROCAP_250,OUT,ALOKINDS,Alok Industries Ltd.
2026-08-10,2026-09-30,ind_prs10082026,NIFTY_MICROCAP_250,OUT,ASKAUTOLTD,ASK Automotive Ltd.
2026-08-10,2026-09-30,ind_prs10082026,NIFTY_MICROCAP_250,OUT,AVANTIFEED,Avanti Feeds Ltd.
2026-08-10,2026-09-30,ind_prs10082026,NIFTY_MICROCAP_250,OUT,AWFIS,Awfis Space Solutions Ltd.
2026-08-10,2026-09-30,ind_prs10082026,NIFTY_MICROCAP_250,OUT,AZAD,Azad Engineering Ltd.
2026-08-10,2026-09-30,ind_prs10082026,NIFTY_MICROCAP_250,OUT,BAJAJELEC,Bajaj Electricals Ltd
2026-08-10,2026-09-30,ind_prs10082026,NIFTY_MICROCAP_250,OUT,BBOX,Black Box Ltd.
2026-08-10,2026-09-30,ind_prs10082026,NIFTY_MICROCAP_250,OUT,CENTURYPLY,Century Plyboards (India) Ltd.
2026-08-10,2026-09-30,ind_prs10082026,NIFTY_MICROCAP_250,OUT,CORONA,CORONA Remedies Ltd.
2026-08-10,2026-09-30,ind_prs10082026,NIFTY_MICROCAP_250,OUT,CRIZAC,Crizac Ltd.
2026-08-10,2026-09-30,ind_prs10082026,NIFTY_MICROCAP_250,OUT,CUPID,Cupid Ltd.
2026-08-10,2026-09-30,ind_prs10082026,NIFTY_MICROCAP_250,OUT,AGARWALEYE,Dr. Agarwal's Health Care Ltd.
2026-08-10,2026-09-30,ind_prs10082026,NIFTY_MICROCAP_250,OUT,ETHOSLTD,Ethos Ltd.
2026-08-10,2026-09-30,ind_prs10082026,NIFTY_MICROCAP_250,OUT,EUREKAFORB,Eureka Forbes Ltd.
2026-08-10,2026-09-30,ind_prs10082026,NIFTY_MICROCAP_250,OUT,GHCL,GHCL Ltd.
2026-08-10,2026-09-30,ind_prs10082026,NIFTY_MICROCAP_250,OUT,GMMPFAUDLR,GMM Pfaudler Ltd.
2026-08-10,2026-09-30,ind_prs10082026,NIFTY_MICROCAP_250,OUT,HEMIPROP,Hemisphere Properties India Ltd.
2026-08-10,2026-09-30,ind_prs10082026,NIFTY_MICROCAP_250,OUT,INDIASHLTR,India Shelter Finance Corporation Ltd.
2026-08-10,2026-09-30,ind_prs10082026,NIFTY_MICROCAP_250,OUT,INOXGREEN,Inox Green Energy Services Ltd.
2026-08-10,2026-09-30,ind_prs10082026,NIFTY_MICROCAP_250,OUT,INOXINDIA,INOX India Ltd.
2026-08-10,2026-09-30,ind_prs10082026,NIFTY_MICROCAP_250,OUT,JKLAKSHMI,JK Lakshmi Cement Ltd.
2026-08-10,2026-09-30,ind_prs10082026,NIFTY_MICROCAP_250,OUT,JLHL,Jupiter Life Line Hospitals Ltd.
2026-08-10,2026-09-30,ind_prs10082026,NIFTY_MICROCAP_250,OUT,KIRLOSBROS,Kirloskar Brothers Ltd.
2026-08-10,2026-09-30,ind_prs10082026,NIFTY_MICROCAP_250,OUT,KSB,KSB Ltd.
2026-08-10,2026-09-30,ind_prs10082026,NIFTY_MICROCAP_250,OUT,MAHSCOOTER,Maharashtra Scooters Ltd.
2026-08-10,2026-09-30,ind_prs10082026,NIFTY_MICROCAP_250,OUT,MAHSEAMLES,Maharashtra Seamless Ltd.
2026-08-10,2026-09-30,ind_prs10082026,NIFTY_MICROCAP_250,OUT,MTARTECH,MTAR Technologies Ltd.
2026-08-10,2026-09-30,ind_prs10082026,NIFTY_MICROCAP_250,OUT,NESCO,Nesco Ltd.
2026-08-10,2026-09-30,ind_prs10082026,NIFTY_MICROCAP_250,OUT,OPTIEMUS,Optiemus Infracom Ltd.
2026-08-10,2026-09-30,ind_prs10082026,NIFTY_MICROCAP_250,OUT,ORIENTCEM,Orient Cement Ltd.
2026-08-10,2026-09-30,ind_prs10082026,NIFTY_MICROCAP_250,OUT,ORKLAINDIA,Orkla India Ltd.
2026-08-10,2026-09-30,ind_prs10082026,NIFTY_MICROCAP_250,OUT,PRSMJOHNSN,Prism Johnson Ltd.
2026-08-10,2026-09-30,ind_prs10082026,NIFTY_MICROCAP_250,OUT,PRIVISCL,Privi Speciality Chemicals Ltd.
2026-08-10,2026-09-30,ind_prs10082026,NIFTY_MICROCAP_250,OUT,PRUDENT,Prudent Corporate Advisory Services Ltd.
2026-08-10,2026-09-30,ind_prs10082026,NIFTY_MICROCAP_250,OUT,RTNINDIA,RattanIndia Enterprises Ltd.
2026-08-10,2026-09-30,ind_prs10082026,NIFTY_MICROCAP_250,OUT,REDTAPE,Redtape Ltd.
2026-08-10,2026-09-30,ind_prs10082026,NIFTY_MICROCAP_250,OUT,RUBICON,Rubicon Research Ltd.
2026-08-10,2026-09-30,ind_prs10082026,NIFTY_MICROCAP_250,OUT,SAATVIKGL,Saatvik Green Energy Ltd.
2026-08-10,2026-09-30,ind_prs10082026,NIFTY_MICROCAP_250,OUT,SANOFICONR,Sanofi Consumer Healthcare India Ltd.
2026-08-10,2026-09-30,ind_prs10082026,NIFTY_MICROCAP_250,OUT,SANSERA,Sansera Engineering Ltd.
2026-08-10,2026-09-30,ind_prs10082026,NIFTY_MICROCAP_250,OUT,STYL,Seshaasai Technologies Ltd.
2026-08-10,2026-09-30,ind_prs10082026,NIFTY_MICROCAP_250,OUT,SKFINDUS,SKF India (Industrial) Ltd.
2026-08-10,2026-09-30,ind_prs10082026,NIFTY_MICROCAP_250,OUT,SKFINDIA,SKF India Ltd.
2026-08-10,2026-09-30,ind_prs10082026,NIFTY_MICROCAP_250,OUT,SMARTWORKS,Smartworks Coworking Spaces Ltd.
2026-08-10,2026-09-30,ind_prs10082026,NIFTY_MICROCAP_250,OUT,SHRIPISTON,SPR Auto Technologies Ltd.
2026-08-10,2026-09-30,ind_prs10082026,NIFTY_MICROCAP_250,OUT,STARCEMENT,Star Cement Ltd.
2026-08-10,2026-09-30,ind_prs10082026,NIFTY_MICROCAP_250,OUT,STLTECH,Sterlite Technologies Ltd.
2026-08-10,2026-09-30,ind_prs10082026,NIFTY_MICROCAP_250,OUT,STYRENIX,Styrenix Performance Materials Ltd.
2026-08-10,2026-09-30,ind_prs10082026,NIFTY_MICROCAP_250,OUT,TDPOWERSYS,TD Power Systems Ltd.
2026-08-10,2026-09-30,ind_prs10082026,NIFTY_MICROCAP_250,OUT,THANGAMAYL,Thangamayil Jewellery Ltd.
2026-08-10,2026-09-30,ind_prs10082026,NIFTY_MICROCAP_250,OUT,ANUP,The Anup Engineering Ltd.
2026-08-10,2026-09-30,ind_prs10082026,NIFTY_MICROCAP_250,OUT,TRIVENI,Triveni Engineering & Industries Ltd.
2026-08-10,2026-09-30,ind_prs10082026,NIFTY_MICROCAP_250,OUT,TSFINV,TSF Investments Ltd.
2026-08-10,2026-09-30,ind_prs10082026,NIFTY_MICROCAP_250,OUT,VARROC,Varroc Engineering Ltd.
2026-08-10,2026-09-30,ind_prs10082026,NIFTY_MICROCAP_250,IN,ABFRL,Aditya Birla Fashion and Retail Ltd.
2026-08-10,2026-09-30,ind_prs10082026,NIFTY_MICROCAP_250,IN,ABLBL,Aditya Birla Lifestyle Brands Ltd.
2026-08-10,2026-09-30,ind_prs10082026,NIFTY_MICROCAP_250,IN,AEROFLEX,Aeroflex Industries Ltd.
2026-08-10,2026-09-30,ind_prs10082026,NIFTY_MICROCAP_250,IN,AMAGI,Amagi Media Labs Ltd.
2026-08-10,2026-09-30,ind_prs10082026,NIFTY_MICROCAP_250,IN,BAJAJCON,Bajaj Consumer Care Ltd.
2026-08-10,2026-09-30,ind_prs10082026,NIFTY_MICROCAP_250,IN,BLUEJET,Blue Jet Healthcare Ltd.
2026-08-10,2026-09-30,ind_prs10082026,NIFTY_MICROCAP_250,IN,MAPMYINDIA,C.E. Info Systems Ltd.
2026-08-10,2026-09-30,ind_prs10082026,NIFTY_MICROCAP_250,IN,CEIGALL,Ceigall India Ltd.
2026-08-10,2026-09-30,ind_prs10082026,NIFTY_MICROCAP_250,IN,CENTUM,Centum Electronics Ltd.
2026-08-10,2026-09-30,ind_prs10082026,NIFTY_MICROCAP_250,IN,CHALET,Chalet Hotels Ltd.
2026-08-10,2026-09-30,ind_prs10082026,NIFTY_MICROCAP_250,IN,CMRGREEN,CMR Green Technologies Ltd.
2026-08-10,2026-09-30,ind_prs10082026,NIFTY_MICROCAP_250,IN,E2E,E2E Networks Ltd.
2026-08-10,2026-09-30,ind_prs10082026,NIFTY_MICROCAP_250,IN,ERIS,Eris Lifesciences Ltd.
2026-08-10,2026-09-30,ind_prs10082026,NIFTY_MICROCAP_250,IN,GENUSPOWER,Genus Power Infrastructures Ltd.
2026-08-10,2026-09-30,ind_prs10082026,NIFTY_MICROCAP_250,IN,EBGNG,GNG Electronics Ltd.
2026-08-10,2026-09-30,ind_prs10082026,NIFTY_MICROCAP_250,IN,GOLDIAM,Goldiam International Ltd.
2026-08-10,2026-09-30,ind_prs10082026,NIFTY_MICROCAP_250,IN,GUJALKALI,Gujarat Alkalies & Chemicals Ltd.
2026-08-10,2026-09-30,ind_prs10082026,NIFTY_MICROCAP_250,IN,HAPPYFORGE,Happy Forgings Ltd.
2026-08-10,2026-09-30,ind_prs10082026,NIFTY_MICROCAP_250,IN,INDGN,Indegene Ltd.
2026-08-10,2026-09-30,ind_prs10082026,NIFTY_MICROCAP_250,IN,JUBLPHARMA,Jubilant Pharmova Ltd.
2026-08-10,2026-09-30,ind_prs10082026,NIFTY_MICROCAP_250,IN,KMEW,Knowledge Marine & Engineering Works Ltd.
2026-08-10,2026-09-30,ind_prs10082026,NIFTY_MICROCAP_250,IN,KWIL,Kwality Wall's (India) Ltd.
2026-08-10,2026-09-30,ind_prs10082026,NIFTY_MICROCAP_250,IN,LATENTVIEW,Latent View Analytics Ltd.
2026-08-10,2026-09-30,ind_prs10082026,NIFTY_MICROCAP_250,IN,THELEELA,Leela Palaces Hotels & Resorts Ltd.
2026-08-10,2026-09-30,ind_prs10082026,NIFTY_MICROCAP_250,IN,LUMAXIND,Lumax Industries Ltd.
2026-08-10,2026-09-30,ind_prs10082026,NIFTY_MICROCAP_250,IN,MBAPL,Madhya Bharat Agro Products Ltd.
2026-08-10,2026-09-30,ind_prs10082026,NIFTY_MICROCAP_250,IN,NEPHROPLUS,Nephrocare Health Services Ltd.
2026-08-10,2026-09-30,ind_prs10082026,NIFTY_MICROCAP_250,IN,NEWGEN,Newgen Software Technologies Ltd.
2026-08-10,2026-09-30,ind_prs10082026,NIFTY_MICROCAP_250,IN,NIVABUPA,Niva Bupa Health Insurance Company Ltd.
2026-08-10,2026-09-30,ind_prs10082026,NIFTY_MICROCAP_250,IN,NORTHARC,Northern Arc Capital Ltd.
2026-08-10,2026-09-30,ind_prs10082026,NIFTY_MICROCAP_250,IN,OMNI,Omnitech Engineering Ltd.
2026-08-10,2026-09-30,ind_prs10082026,NIFTY_MICROCAP_250,IN,KISSHT,OnEMI Technology Solutions Ltd.
2026-08-10,2026-09-30,ind_prs10082026,NIFTY_MICROCAP_250,IN,PAISALO,Paisalo Digital Ltd.
2026-08-10,2026-09-30,ind_prs10082026,NIFTY_MICROCAP_250,IN,PDSL,PDS Ltd.
2026-08-10,2026-09-30,ind_prs10082026,NIFTY_MICROCAP_250,IN,POWERICA,Powerica Ltd.
2026-08-10,2026-09-30,ind_prs10082026,NIFTY_MICROCAP_250,IN,PRECWIRE,Precision Wires India Ltd.
2026-08-10,2026-09-30,ind_prs10082026,NIFTY_MICROCAP_250,IN,PGHL,Procter & Gamble Health Ltd.
2026-08-10,2026-09-30,ind_prs10082026,NIFTY_MICROCAP_250,IN,RESPONIND,Responsive Industries Ltd.
2026-08-10,2026-09-30,ind_prs10082026,NIFTY_MICROCAP_250,IN,SJS,S.J.S. Enterprises Ltd.
2026-08-10,2026-09-30,ind_prs10082026,NIFTY_MICROCAP_250,IN,SAPPHIRE,Sapphire Foods India Ltd.
2026-08-10,2026-09-30,ind_prs10082026,NIFTY_MICROCAP_250,IN,SAREGAMA,Saregama India Ltd
2026-08-10,2026-09-30,ind_prs10082026,NIFTY_MICROCAP_250,IN,SBFC,SBFC Finance Ltd.
2026-08-10,2026-09-30,ind_prs10082026,NIFTY_MICROCAP_250,IN,SEDEMAC,SEDEMAC Mechatronics Ltd.
2026-08-10,2026-09-30,ind_prs10082026,NIFTY_MICROCAP_250,IN,SENORES,Senores Pharmaceuticals Ltd.
2026-08-10,2026-09-30,ind_prs10082026,NIFTY_MICROCAP_250,IN,SGMART,SG Mart Ltd.
2026-08-10,2026-09-30,ind_prs10082026,NIFTY_MICROCAP_250,IN,SHADOWFAX,Shadowfax Technologies Ltd.
2026-08-10,2026-09-30,ind_prs10082026,NIFTY_MICROCAP_250,IN,SHILCTECH,Shilchar Technologies Ltd.
2026-08-10,2026-09-30,ind_prs10082026,NIFTY_MICROCAP_250,IN,SHREEJISPG,Shreeji Shipping Global Ltd.
2026-08-10,2026-09-30,ind_prs10082026,NIFTY_MICROCAP_250,IN,SIGMAADV,Sigma Advanced Systems Ltd.
2026-08-10,2026-09-30,ind_prs10082026,NIFTY_MICROCAP_250,IN,SONATSOFTW,Sonata Software Ltd.
2026-08-10,2026-09-30,ind_prs10082026,NIFTY_MICROCAP_250,IN,STYLAMIND,Stylam Industries Ltd.
2026-08-10,2026-09-30,ind_prs10082026,NIFTY_MICROCAP_250,IN,SUNDRMFAST,Sundram Fasteners Ltd.
2026-08-10,2026-09-30,ind_prs10082026,NIFTY_MICROCAP_250,IN,SUNFLAG,Sunflag Iron & Steel Company Ltd.
2026-08-10,2026-09-30,ind_prs10082026,NIFTY_MICROCAP_250,IN,SPLPETRO,Supreme Petrochem Ltd.
2026-08-10,2026-09-30,ind_prs10082026,NIFTY_MICROCAP_250,IN,SUVEN,Suven Life Sciences Ltd.
2026-08-10,2026-09-30,ind_prs10082026,NIFTY_MICROCAP_250,IN,TIMEX,Timex Group India Ltd.
2026-08-10,2026-09-30,ind_prs10082026,NIFTY_MICROCAP_250,IN,TTKPRESTIG,TTK Prestige Ltd.
2026-08-10,2026-09-30,ind_prs10082026,NIFTY_MICROCAP_250,IN,UNIMECH,Unimech Aerospace and Manufacturing Ltd.
2026-08-10,2026-09-30,ind_prs10082026,NIFTY_MICROCAP_250,IN,VESUVIUS,Vesuvius India Ltd.
2026-08-10,2026-09-30,ind_prs10082026,NIFTY_TOTAL_MARKET,OUT,3MINDIA,3M India Ltd.
2026-08-10,2026-09-30,ind_prs10082026,NIFTY_TOTAL_MARKET,OUT,AARTIDRUGS,Aarti Drugs Ltd.
2026-08-10,2026-09-30,ind_prs10082026,NIFTY_TOTAL_MARKET,OUT,AHLUCONT,Ahluwalia Contracts (India) Ltd.
2026-08-10,2026-09-30,ind_prs10082026,NIFTY_TOTAL_MARKET,OUT,APLLTD,Alembic Pharmaceuticals Ltd.
2026-08-10,2026-09-30,ind_prs10082026,NIFTY_TOTAL_MARKET,OUT,ALIVUS,Alivus Life Sciences Ltd.
2026-08-10,2026-09-30,ind_prs10082026,NIFTY_TOTAL_MARKET,OUT,ALOKINDS,Alok Industries Ltd.
2026-08-10,2026-09-30,ind_prs10082026,NIFTY_TOTAL_MARKET,OUT,ASKAUTOLTD,ASK Automotive Ltd.
2026-08-10,2026-09-30,ind_prs10082026,NIFTY_TOTAL_MARKET,OUT,AWFIS,Awfis Space Solutions Ltd.
2026-08-10,2026-09-30,ind_prs10082026,NIFTY_TOTAL_MARKET,OUT,BAJAJELEC,Bajaj Electricals Ltd
2026-08-10,2026-09-30,ind_prs10082026,NIFTY_TOTAL_MARKET,OUT,BAYERCROP,Bayer Cropscience Ltd.
2026-08-10,2026-09-30,ind_prs10082026,NIFTY_TOTAL_MARKET,OUT,BIKAJI,Bikaji Foods International Ltd.
2026-08-10,2026-09-30,ind_prs10082026,NIFTY_TOTAL_MARKET,OUT,BLUEDART,Blue Dart Express Ltd.
2026-08-10,2026-09-30,ind_prs10082026,NIFTY_TOTAL_MARKET,OUT,BBTC,Bombay Burmah Trading Corporation Ltd.
2026-08-10,2026-09-30,ind_prs10082026,NIFTY_TOTAL_MARKET,OUT,CENTURYPLY,Century Plyboards (India) Ltd.
2026-08-10,2026-09-30,ind_prs10082026,NIFTY_TOTAL_MARKET,OUT,CORONA,CORONA Remedies Ltd.
2026-08-10,2026-09-30,ind_prs10082026,NIFTY_TOTAL_MARKET,OUT,CRIZAC,Crizac Ltd.
2026-08-10,2026-09-30,ind_prs10082026,NIFTY_TOTAL_MARKET,OUT,DCMSHRIRAM,DCM Shriram Ltd.
2026-08-10,2026-09-30,ind_prs10082026,NIFTY_TOTAL_MARKET,OUT,AGARWALEYE,Dr. Agarwal's Health Care Ltd.
2026-08-10,2026-09-30,ind_prs10082026,NIFTY_TOTAL_MARKET,OUT,ETHOSLTD,Ethos Ltd.
2026-08-10,2026-09-30,ind_prs10082026,NIFTY_TOTAL_MARKET,OUT,EUREKAFORB,Eureka Forbes Ltd.
2026-08-10,2026-09-30,ind_prs10082026,NIFTY_TOTAL_MARKET,OUT,GHCL,GHCL Ltd.
2026-08-10,2026-09-30,ind_prs10082026,NIFTY_TOTAL_MARKET,OUT,GMMPFAUDLR,GMM Pfaudler Ltd.
2026-08-10,2026-09-30,ind_prs10082026,NIFTY_TOTAL_MARKET,OUT,GODIGIT,Go Digit General Insurance Ltd.
2026-08-10,2026-09-30,ind_prs10082026,NIFTY_TOTAL_MARKET,OUT,HEMIPROP,Hemisphere Properties India Ltd.
2026-08-10,2026-09-30,ind_prs10082026,NIFTY_TOTAL_MARKET,OUT,INDIASHLTR,India Shelter Finance Corporation Ltd.
2026-08-10,2026-09-30,ind_prs10082026,NIFTY_TOTAL_MARKET,OUT,INOXGREEN,Inox Green Energy Services Ltd.
2026-08-10,2026-09-30,ind_prs10082026,NIFTY_TOTAL_MARKET,OUT,JKLAKSHMI,JK Lakshmi Cement Ltd.
2026-08-10,2026-09-30,ind_prs10082026,NIFTY_TOTAL_MARKET,OUT,JSWDULUX,JSW Dulux Ltd.
2026-08-10,2026-09-30,ind_prs10082026,NIFTY_TOTAL_MARKET,OUT,JLHL,Jupiter Life Line Hospitals Ltd.
2026-08-10,2026-09-30,ind_prs10082026,NIFTY_TOTAL_MARKET,OUT,MAHSCOOTER,Maharashtra Scooters Ltd.
2026-08-10,2026-09-30,ind_prs10082026,NIFTY_TOTAL_MARKET,OUT,MAHSEAMLES,Maharashtra Seamless Ltd.
2026-08-10,2026-09-30,ind_prs10082026,NIFTY_TOTAL_MARKET,OUT,NESCO,Nesco Ltd.
2026-08-10,2026-09-30,ind_prs10082026,NIFTY_TOTAL_MARKET,OUT,OPTIEMUS,Optiemus Infracom Ltd.
2026-08-10,2026-09-30,ind_prs10082026,NIFTY_TOTAL_MARKET,OUT,ORIENTCEM,Orient Cement Ltd.
2026-08-10,2026-09-30,ind_prs10082026,NIFTY_TOTAL_MARKET,OUT,ORKLAINDIA,Orkla India Ltd.
2026-08-10,2026-09-30,ind_prs10082026,NIFTY_TOTAL_MARKET,OUT,PFIZER,Pfizer Ltd.
2026-08-10,2026-09-30,ind_prs10082026,NIFTY_TOTAL_MARKET,OUT,PRSMJOHNSN,Prism Johnson Ltd.
2026-08-10,2026-09-30,ind_prs10082026,NIFTY_TOTAL_MARKET,OUT,PRUDENT,Prudent Corporate Advisory Services Ltd.
2026-08-10,2026-09-30,ind_prs10082026,NIFTY_TOTAL_MARKET,OUT,RTNINDIA,RattanIndia Enterprises Ltd.
2026-08-10,2026-09-30,ind_prs10082026,NIFTY_TOTAL_MARKET,OUT,REDTAPE,Redtape Ltd.
2026-08-10,2026-09-30,ind_prs10082026,NIFTY_TOTAL_MARKET,OUT,SAATVIKGL,Saatvik Green Energy Ltd.
2026-08-10,2026-09-30,ind_prs10082026,NIFTY_TOTAL_MARKET,OUT,SANOFICONR,Sanofi Consumer Healthcare India Ltd.
2026-08-10,2026-09-30,ind_prs10082026,NIFTY_TOTAL_MARKET,OUT,STYL,Seshaasai Technologies Ltd.
2026-08-10,2026-09-30,ind_prs10082026,NIFTY_TOTAL_MARKET,OUT,SKFINDUS,SKF India (Industrial) Ltd.
2026-08-10,2026-09-30,ind_prs10082026,NIFTY_TOTAL_MARKET,OUT,SKFINDIA,SKF India Ltd.
2026-08-10,2026-09-30,ind_prs10082026,NIFTY_TOTAL_MARKET,OUT,SMARTWORKS,Smartworks Coworking Spaces Ltd.
2026-08-10,2026-09-30,ind_prs10082026,NIFTY_TOTAL_MARKET,OUT,STARCEMENT,Star Cement Ltd.
2026-08-10,2026-09-30,ind_prs10082026,NIFTY_TOTAL_MARKET,OUT,STYRENIX,Styrenix Performance Materials Ltd.
2026-08-10,2026-09-30,ind_prs10082026,NIFTY_TOTAL_MARKET,OUT,ANUP,The Anup Engineering Ltd.
2026-08-10,2026-09-30,ind_prs10082026,NIFTY_TOTAL_MARKET,OUT,TRAVELFOOD,Travel Food Services Ltd.
2026-08-10,2026-09-30,ind_prs10082026,NIFTY_TOTAL_MARKET,OUT,TRIVENI,Triveni Engineering & Industries Ltd.
2026-08-10,2026-09-30,ind_prs10082026,NIFTY_TOTAL_MARKET,OUT,TSFINV,TSF Investments Ltd.
2026-08-10,2026-09-30,ind_prs10082026,NIFTY_TOTAL_MARKET,OUT,VARROC,Varroc Engineering Ltd.
2026-08-10,2026-09-30,ind_prs10082026,NIFTY_TOTAL_MARKET,IN,AEROFLEX,Aeroflex Industries Ltd.
2026-08-10,2026-09-30,ind_prs10082026,NIFTY_TOTAL_MARKET,IN,AMAGI,Amagi Media Labs Ltd.
2026-08-10,2026-09-30,ind_prs10082026,NIFTY_TOTAL_MARKET,IN,BAGMANE,Bagmane Prime Office REIT
2026-08-10,2026-09-30,ind_prs10082026,NIFTY_TOTAL_MARKET,IN,BAJAJCON,Bajaj Consumer Care Ltd.
2026-08-10,2026-09-30,ind_prs10082026,NIFTY_TOTAL_MARKET,IN,BHARATCOAL,Bharat Coking Coal Ltd.
2026-08-10,2026-09-30,ind_prs10082026,NIFTY_TOTAL_MARKET,IN,BIRET,Brookfield India Real Estate Trust
2026-08-10,2026-09-30,ind_prs10082026,NIFTY_TOTAL_MARKET,IN,CEIGALL,Ceigall India Ltd.
2026-08-10,2026-09-30,ind_prs10082026,NIFTY_TOTAL_MARKET,IN,CMPDI,Central Mine Planning & Design Institute Ltd.
2026-08-10,2026-09-30,ind_prs10082026,NIFTY_TOTAL_MARKET,IN,CENTUM,Centum Electronics Ltd.
2026-08-10,2026-09-30,ind_prs10082026,NIFTY_TOTAL_MARKET,IN,CLEANMAX,Clean Max Enviro Energy Solutions Ltd.
2026-08-10,2026-09-30,ind_prs10082026,NIFTY_TOTAL_MARKET,IN,CMRGREEN,CMR Green Technologies Ltd.
2026-08-10,2026-09-30,ind_prs10082026,NIFTY_TOTAL_MARKET,IN,E2E,E2E Networks Ltd.
2026-08-10,2026-09-30,ind_prs10082026,NIFTY_TOTAL_MARKET,IN,EMBASSY,Embassy Office Parks REIT
2026-08-10,2026-09-30,ind_prs10082026,NIFTY_TOTAL_MARKET,IN,FRACTAL,Fractal Analytics Ltd.
2026-08-10,2026-09-30,ind_prs10082026,NIFTY_TOTAL_MARKET,IN,GENUSPOWER,Genus Power Infrastructures Ltd.
2026-08-10,2026-09-30,ind_prs10082026,NIFTY_TOTAL_MARKET,IN,EBGNG,GNG Electronics Ltd.
2026-08-10,2026-09-30,ind_prs10082026,NIFTY_TOTAL_MARKET,IN,GOLDIAM,Goldiam International Ltd.
2026-08-10,2026-09-30,ind_prs10082026,NIFTY_TOTAL_MARKET,IN,GUJALKALI,Gujarat Alkalies & Chemicals Ltd.
2026-08-10,2026-09-30,ind_prs10082026,NIFTY_TOTAL_MARKET,IN,HAPPYFORGE,Happy Forgings Ltd.
2026-08-10,2026-09-30,ind_prs10082026,NIFTY_TOTAL_MARKET,IN,KMEW,Knowledge Marine & Engineering Works Ltd.
2026-08-10,2026-09-30,ind_prs10082026,NIFTY_TOTAL_MARKET,IN,KWIL,Kwality Wall's (India) Ltd.
2026-08-10,2026-09-30,ind_prs10082026,NIFTY_TOTAL_MARKET,IN,LUMAXIND,Lumax Industries Ltd.
2026-08-10,2026-09-30,ind_prs10082026,NIFTY_TOTAL_MARKET,IN,MBAPL,Madhya Bharat Agro Products Ltd.
2026-08-10,2026-09-30,ind_prs10082026,NIFTY_TOTAL_MARKET,IN,NEPHROPLUS,Nephrocare Health Services Ltd.
2026-08-10,2026-09-30,ind_prs10082026,NIFTY_TOTAL_MARKET,IN,NORTHARC,Northern Arc Capital Ltd.
2026-08-10,2026-09-30,ind_prs10082026,NIFTY_TOTAL_MARKET,IN,OMNI,Omnitech Engineering Ltd.
2026-08-10,2026-09-30,ind_prs10082026,NIFTY_TOTAL_MARKET,IN,KISSHT,OnEMI Technology Solutions Ltd.
2026-08-10,2026-09-30,ind_prs10082026,NIFTY_TOTAL_MARKET,IN,PAISALO,Paisalo Digital Ltd.
2026-08-10,2026-09-30,ind_prs10082026,NIFTY_TOTAL_MARKET,IN,PDSL,PDS Ltd.
2026-08-10,2026-09-30,ind_prs10082026,NIFTY_TOTAL_MARKET,IN,POWERICA,Powerica Ltd.
2026-08-10,2026-09-30,ind_prs10082026,NIFTY_TOTAL_MARKET,IN,PRECWIRE,Precision Wires India Ltd.
2026-08-10,2026-09-30,ind_prs10082026,NIFTY_TOTAL_MARKET,IN,PGHL,Procter & Gamble Health Ltd.
2026-08-10,2026-09-30,ind_prs10082026,NIFTY_TOTAL_MARKET,IN,RESPONIND,Responsive Industries Ltd.
2026-08-10,2026-09-30,ind_prs10082026,NIFTY_TOTAL_MARKET,IN,SJS,S.J.S. Enterprises Ltd.
2026-08-10,2026-09-30,ind_prs10082026,NIFTY_TOTAL_MARKET,IN,SEDEMAC,SEDEMAC Mechatronics Ltd.
2026-08-10,2026-09-30,ind_prs10082026,NIFTY_TOTAL_MARKET,IN,SENORES,Senores Pharmaceuticals Ltd.
2026-08-10,2026-09-30,ind_prs10082026,NIFTY_TOTAL_MARKET,IN,SGMART,SG Mart Ltd.
2026-08-10,2026-09-30,ind_prs10082026,NIFTY_TOTAL_MARKET,IN,SHADOWFAX,Shadowfax Technologies Ltd.
2026-08-10,2026-09-30,ind_prs10082026,NIFTY_TOTAL_MARKET,IN,SHILCTECH,Shilchar Technologies Ltd.
2026-08-10,2026-09-30,ind_prs10082026,NIFTY_TOTAL_MARKET,IN,SHREEJISPG,Shreeji Shipping Global Ltd.
2026-08-10,2026-09-30,ind_prs10082026,NIFTY_TOTAL_MARKET,IN,SIGMAADV,Sigma Advanced Systems Ltd.
2026-08-10,2026-09-30,ind_prs10082026,NIFTY_TOTAL_MARKET,IN,STYLAMIND,Stylam Industries Ltd.
2026-08-10,2026-09-30,ind_prs10082026,NIFTY_TOTAL_MARKET,IN,SUNDRMFAST,Sundram Fasteners Ltd.
2026-08-10,2026-09-30,ind_prs10082026,NIFTY_TOTAL_MARKET,IN,SUNFLAG,Sunflag Iron & Steel Company Ltd.
2026-08-10,2026-09-30,ind_prs10082026,NIFTY_TOTAL_MARKET,IN,SUVEN,Suven Life Sciences Ltd.
2026-08-10,2026-09-30,ind_prs10082026,NIFTY_TOTAL_MARKET,IN,TIMEX,Timex Group India Ltd.
2026-08-10,2026-09-30,ind_prs10082026,NIFTY_TOTAL_MARKET,IN,TTKPRESTIG,TTK Prestige Ltd.
2026-08-10,2026-09-30,ind_prs10082026,NIFTY_TOTAL_MARKET,IN,UNIMECH,Unimech Aerospace and Manufacturing Ltd.
2026-08-10,2026-09-30,ind_prs10082026,NIFTY_TOTAL_MARKET,IN,VAML,Vedanta Aluminium Metal Ltd.
2026-08-10,2026-09-30,ind_prs10082026,NIFTY_TOTAL_MARKET,IN,VISL,Vedanta Iron and Steel Ltd.
2026-08-10,2026-09-30,ind_prs10082026,NIFTY_TOTAL_MARKET,IN,VOGL,Vedanta Oil and Gas Ltd.
2026-08-10,2026-09-30,ind_prs10082026,NIFTY_TOTAL_MARKET,IN,VEDPOWER,Vedanta Power Ltd.
2026-08-10,2026-09-30,ind_prs10082026,NIFTY_TOTAL_MARKET,IN,VESUVIUS,Vesuvius India Ltd.
2024-10-10,2024-10-16,ind_prs10102024,NIFTY_500,OUT,TV18BRDCST,TV18 Broadcast Ltd.
2024-10-10,2024-10-16,ind_prs10102024,NIFTY_500,IN,AKUMS,Akums Drugs and Pharmaceuticals Ltd.
2024-10-10,2024-10-16,ind_prs10102024,NIFTY_SMALLCAP_250,OUT,TV18BRDCST,TV18 Broadcast Ltd.
2024-10-10,2024-10-16,ind_prs10102024,NIFTY_SMALLCAP_250,IN,AKUMS,Akums Drugs and Pharmaceuticals Ltd.
2024-10-10,2024-10-16,ind_prs10102024,NIFTY_TOTAL_MARKET,OUT,TV18BRDCST,TV18 Broadcast Ltd.
2024-10-10,2024-10-16,ind_prs10102024,NIFTY_TOTAL_MARKET,IN,AKUMS,Akums Drugs and Pharmaceuticals Ltd.
2017-11-10,2017-11-20,ind_prs10112017,NIFTY_500,OUT,GAYAPROJ,Gayatri Projects Ltd.
2017-11-10,2017-11-20,ind_prs10112017,NIFTY_500,IN,STARCEMENT,Star Cement Ltd.
2017-11-10,2017-11-20,ind_prs10112017,NIFTY_SMALLCAP_250,OUT,GAYAPROJ,Gayatri Projects Ltd.
2017-11-10,2017-11-20,ind_prs10112017,NIFTY_SMALLCAP_250,IN,STARCEMENT,Star Cement Ltd.
2016-01-11,2016-01-18,ind_prs11012016,NIFTY_500,OUT,STRTECH,Sterlite Technologies Ltd.
2016-01-11,2016-01-18,ind_prs11012016,NIFTY_500,IN,SCHNEIDER,Schneider Electric Infrastructure Ltd.
2013-04-11,2013-04-17,ind_prs11042013,NIFTY_500,OUT,FRL,Future Retail Ltd.
2013-04-11,2013-04-17,ind_prs11042013,NIFTY_500,IN,GEODESIC,Geodesic Ltd.
2022-07-11,2022-08-08,ind_prs11072022,NIFTY_500,OUT,NMDC,NMDC Ltd.
2022-07-11,2022-08-08,ind_prs11072022,NIFTY_500,OUT,PEL,Piramal Enterprises Ltd.
2022-07-11,2022-08-08,ind_prs11072022,NIFTY_500,OUT,SHRIRAMCIT,Shriram City Union Finance Ltd.
2022-07-11,2022-08-08,ind_prs11072022,NIFTY_500,IN,CAMPUS,Campus Activewear Ltd.
2022-07-11,2022-08-08,ind_prs11072022,NIFTY_500,IN,DELHIVERY,Delhivery Ltd.
2022-07-11,2022-08-08,ind_prs11072022,NIFTY_500,IN,LICI,Life Insurance Corporation of India
2022-07-11,2022-08-08,ind_prs11072022,NIFTY_NEXT_50,OUT,NMDC,NMDC Ltd.
2022-07-11,2022-08-08,ind_prs11072022,NIFTY_NEXT_50,OUT,PEL,Piramal Enterprises Ltd.
2022-07-11,2022-08-08,ind_prs11072022,NIFTY_NEXT_50,IN,LICI,Life Insurance Corporation of India
2022-07-11,2022-08-08,ind_prs11072022,NIFTY_NEXT_50,IN,TATAPOWER,Tata Power Co. Ltd.
2022-07-11,2022-08-08,ind_prs11072022,NIFTY_MIDCAP_150,OUT,TATAPOWER,Tata Power Co. Ltd.*
2022-07-11,2022-08-08,ind_prs11072022,NIFTY_MIDCAP_150,IN,DELHIVERY,Delhivery Ltd.
2022-07-11,2022-08-08,ind_prs11072022,NIFTY_SMALLCAP_250,OUT,SHRIRAMCIT,Shriram City Union Finance Ltd.
2022-07-11,2022-08-08,ind_prs11072022,NIFTY_SMALLCAP_250,IN,CAMPUS,Campus Activewear Ltd.
2022-07-11,2022-08-08,ind_prs11072022,NIFTY_TOTAL_MARKET,OUT,NMDC,NMDC Ltd.
2022-07-11,2022-08-08,ind_prs11072022,NIFTY_TOTAL_MARKET,OUT,PEL,Piramal Enterprises Ltd.
2022-07-11,2022-08-08,ind_prs11072022,NIFTY_TOTAL_MARKET,OUT,SHRIRAMCIT,Shriram City Union Finance Ltd.
2022-07-11,2022-08-08,ind_prs11072022,NIFTY_TOTAL_MARKET,IN,CAMPUS,Campus Activewear Ltd.
2022-07-11,2022-08-08,ind_prs11072022,NIFTY_TOTAL_MARKET,IN,DELHIVERY,Delhivery Ltd.
2022-07-11,2022-08-08,ind_prs11072022,NIFTY_TOTAL_MARKET,IN,LICI,Life Insurance Corporation of India
2025-12-11,2025-12-31,ind_prs11122025,NIFTY_500,OUT,SKFINDIA,SKF India Ltd.
2025-12-11,2025-12-31,ind_prs11122025,NIFTY_500,IN,JSWCEMENT,JSW Cement Ltd.
2025-12-11,2025-12-31,ind_prs11122025,NIFTY_SMALLCAP_250,OUT,SKFINDIA,SKF India Ltd.
2025-12-11,2025-12-31,ind_prs11122025,NIFTY_SMALLCAP_250,IN,JSWCEMENT,JSW Cement Ltd.
2025-12-11,2025-12-31,ind_prs11122025,NIFTY_TOTAL_MARKET,OUT,SKFINDIA,SKF India Ltd.
2025-12-11,2025-12-31,ind_prs11122025,NIFTY_TOTAL_MARKET,IN,JSWCEMENT,JSW Cement Ltd.
2020-03-12,2020-03-27,ind_prs12032020,NIFTY_500,OUT,GAYAPROJ,Gayatri Projects Ltd.
2020-03-12,2020-03-27,ind_prs12032020,NIFTY_500,IN,SHILPAMED,Shilpa Medicare Ltd.*
2020-03-12,2020-03-27,ind_prs12032020,NIFTY_SMALLCAP_250,OUT,GAYAPROJ,Gayatri Projects Ltd.
2020-03-12,2020-03-27,ind_prs12032020,NIFTY_SMALLCAP_250,IN,SHILPAMED,Shilpa Medicare Ltd.*
2011-05-12,2011-05-18,ind_prs12052011,NIFTY_500,OUT,ESSARSHIP,Essar Shipping Ports & Logistics Limited
2011-05-12,2011-05-18,ind_prs12052011,NIFTY_500,IN,ARSSINFRA,ARSS Infrastructure Projects Limited
2015-08-12,2015-09-28,ind_prs12082015,NIFTY_50,OUT,NMDC,NMDC Ltd.
2015-08-12,2015-09-28,ind_prs12082015,NIFTY_50,IN,ADANIPORTS,Adani Ports and Special Economic Zone Ltd.
2015-08-12,2015-09-28,ind_prs12082015,NIFTY_NEXT_50,OUT,ADANIPORTS,Adani Ports and Special Economic Zone Ltd.
2015-08-12,2015-09-28,ind_prs12082015,NIFTY_NEXT_50,OUT,RPOWER,Reliance Power Ltd.
2015-08-12,2015-09-28,ind_prs12082015,NIFTY_NEXT_50,OUT,UNIONBANK,Union Bank of India
2015-08-12,2015-09-28,ind_prs12082015,NIFTY_NEXT_50,IN,MARICO,Marico Ltd.
2015-08-12,2015-09-28,ind_prs12082015,NIFTY_NEXT_50,IN,NMDC,NMDC Ltd.
2015-08-12,2015-09-28,ind_prs12082015,NIFTY_NEXT_50,IN,SUNDARMFIN,Sundaram Finance Ltd.
2015-08-12,2015-09-28,ind_prs12082015,NIFTY_500,OUT,ANSALAPI,Ansal Properties & Infrastructure Ltd.
2015-08-12,2015-09-28,ind_prs12082015,NIFTY_500,OUT,BGRENERGY,BGR Energy Systems Ltd
2015-08-12,2015-09-28,ind_prs12082015,NIFTY_500,OUT,GAMMONIND,Gammon India Ltd.
2015-08-12,2015-09-28,ind_prs12082015,NIFTY_500,OUT,GUJNRECOKE,Gujarat NRE Coke Ltd.
2015-08-12,2015-09-28,ind_prs12082015,NIFTY_500,OUT,HINDOILEXP,Hindustan Oil Exploration Co. Ltd.
2015-08-12,2015-09-28,ind_prs12082015,NIFTY_500,OUT,HOTELEELA,Hotel Leela Venture Ltd.
2015-08-12,2015-09-28,ind_prs12082015,NIFTY_500,OUT,IFBIND,IFB Industries Ltd.
2015-08-12,2015-09-28,ind_prs12082015,NIFTY_500,OUT,KESORAMIND,Kesoram Industries Ltd.
2015-08-12,2015-09-28,ind_prs12082015,NIFTY_500,OUT,MANGCHEFER,Mangalore Chemicals & Fertilizers Ltd.
2015-08-12,2015-09-28,ind_prs12082015,NIFTY_500,OUT,MONNETISPA,Monnet Ispat and Energy Ltd.
2015-08-12,2015-09-28,ind_prs12082015,NIFTY_500,OUT,ORCHIDCHEM,Orchid Chemicals & Pharmaceuticals Ltd.
2015-08-12,2015-09-28,ind_prs12082015,NIFTY_500,OUT,RAMCOIND,Ramco Industries Ltd.
2015-08-12,2015-09-28,ind_prs12082015,NIFTY_500,OUT,RASOYPR,Rasoya Proteins Ltd.
2015-08-12,2015-09-28,ind_prs12082015,NIFTY_500,OUT,RTNPOWER,RattanIndia Power Ltd.
2015-08-12,2015-09-28,ind_prs12082015,NIFTY_500,IN,ADANIPOWER,Adani Power Ltd.
2015-08-12,2015-09-28,ind_prs12082015,NIFTY_500,IN,BALKRISIND,Balkrishna Industries Ltd.
2015-08-12,2015-09-28,ind_prs12082015,NIFTY_500,IN,CAMLINFINE,Camlin Fine Sciences Ltd.
2015-08-12,2015-09-28,ind_prs12082015,NIFTY_500,IN,FLFL,Future Lifestyle Fashions Ltd.
2015-08-12,2015-09-28,ind_prs12082015,NIFTY_500,IN,IL&FSENGG,IL&FS Engineering and Construction Co. Ltd.
2015-08-12,2015-09-28,ind_prs12082015,NIFTY_500,IN,INOXWIND,Inox Wind Ltd.
2015-08-12,2015-09-28,ind_prs12082015,NIFTY_500,IN,KRBL,KRBL Ltd.
2015-08-12,2015-09-28,ind_prs12082015,NIFTY_500,IN,METALFORGE,Metalyst Forgings Ltd.
2015-08-12,2015-09-28,ind_prs12082015,NIFTY_500,IN,ORIENTCEM,Orient Cement Ltd.
2015-08-12,2015-09-28,ind_prs12082015,NIFTY_500,IN,RICOAUTO,Rico Auto Industries Ltd.
2015-08-12,2015-09-28,ind_prs12082015,NIFTY_500,IN,SITICABLE,Siti Cable Network Ltd.
2015-08-12,2015-09-28,ind_prs12082015,NIFTY_500,IN,SRIPIPES,Srikalahasthi Pipes Ltd.
2015-08-12,2015-09-28,ind_prs12082015,NIFTY_500,IN,SYMPHONY,Symphony Ltd.
2015-08-12,2015-09-28,ind_prs12082015,NIFTY_500,IN,VRLLOG,VRL Logistics Ltd.
2016-08-12,2016-09-30,ind_prs12082016,NIFTY_NEXT_50,OUT,RCOM,Reliance Communications Ltd.
2016-08-12,2016-09-30,ind_prs12082016,NIFTY_NEXT_50,OUT,RECLTD,Rural Electrification Corporation Ltd.
2016-08-12,2016-09-30,ind_prs12082016,NIFTY_NEXT_50,IN,INDIGO,InterGlobe Aviation Ltd.
2016-08-12,2016-09-30,ind_prs12082016,NIFTY_NEXT_50,IN,PEL,Piramal Enterprises Ltd.
2016-08-12,2016-09-30,ind_prs12082016,NIFTY_500,OUT,AARTIDRUGS,Aarti Drugs Ltd.
2016-08-12,2016-09-30,ind_prs12082016,NIFTY_500,OUT,ABGSHIP,ABG Shipyard Ltd.
2016-08-12,2016-09-30,ind_prs12082016,NIFTY_500,OUT,ASHIANA,Ashiana Housing Ltd.
2016-08-12,2016-09-30,ind_prs12082016,NIFTY_500,OUT,CASTEXTECH,Castex Technologies Ltd.
2016-08-12,2016-09-30,ind_prs12082016,NIFTY_500,OUT,CLNINDIA,Clariant Chemicals (India) Ltd.
2016-08-12,2016-09-30,ind_prs12082016,NIFTY_500,OUT,ELECTCAST,Electrosteel Castings Ltd.
2016-08-12,2016-09-30,ind_prs12082016,NIFTY_500,OUT,ELGIEQUIP,Elgi Equipments Ltd.
2016-08-12,2016-09-30,ind_prs12082016,NIFTY_500,OUT,ESSDEE,Ess Dee Aluminium Ltd.
2016-08-12,2016-09-30,ind_prs12082016,NIFTY_500,OUT,FINANTECH,Financial Technologies (India) Ltd.
2016-08-12,2016-09-30,ind_prs12082016,NIFTY_500,OUT,GLOBOFFS,Global Offshore Services Ltd.
2016-08-12,2016-09-30,ind_prs12082016,NIFTY_500,OUT,HMT,HMT Ltd.
2016-08-12,2016-09-30,ind_prs12082016,NIFTY_500,OUT,HOTELEELA,Hotel Leela Venture Ltd.
2016-08-12,2016-09-30,ind_prs12082016,NIFTY_500,OUT,IFBIND,IFB Industries Ltd.
2016-08-12,2016-09-30,ind_prs12082016,NIFTY_500,OUT,INEOSSTYRO,INEOS Styrolution India Ltd.
2016-08-12,2016-09-30,ind_prs12082016,NIFTY_500,OUT,KIRLOSENG,Kirloskar Oil Eng Ltd.
2016-08-12,2016-09-30,ind_prs12082016,NIFTY_500,OUT,KSK,KSK Energy Ventures Ltd
2016-08-12,2016-09-30,ind_prs12082016,NIFTY_500,OUT,MINDACORP,Minda Corporation Ltd.
2016-08-12,2016-09-30,ind_prs12082016,NIFTY_500,OUT,PARSVNATH,Parsvnath Developer Ltd.
2016-08-12,2016-09-30,ind_prs12082016,NIFTY_500,OUT,PURVA,Puravankara Projects Ltd.
2016-08-12,2016-09-30,ind_prs12082016,NIFTY_500,OUT,RATNAMANI,Ratnamani Metals & Tubes Ltd.
2016-08-12,2016-09-30,ind_prs12082016,NIFTY_500,OUT,SADBHIN,Sadbhav Infrastructure Project Ltd.
2016-08-12,2016-09-30,ind_prs12082016,NIFTY_500,OUT,TTML,Tata Teleservices (Maharashtra) Ltd.
2016-08-12,2016-09-30,ind_prs12082016,NIFTY_500,OUT,TREEHOUSE,Tree House Education & Accessories Ltd.
2016-08-12,2016-09-30,ind_prs12082016,NIFTY_500,OUT,TBZ,Tribhovandas Bhimji Zaveri Ltd.
2016-08-12,2016-09-30,ind_prs12082016,NIFTY_500,OUT,VAIBHAVGBL,Vaibhav Global Ltd.
2016-08-12,2016-09-30,ind_prs12082016,NIFTY_500,IN,ABIRLANUVO,Aditya Birla Nuvo Ltd.
2016-08-12,2016-09-30,ind_prs12082016,NIFTY_500,IN,ALKEM,Alkem Laboratories Ltd.
2016-08-12,2016-09-30,ind_prs12082016,NIFTY_500,IN,APLAPOLLO,APL Apollo Tubes Ltd.
2016-08-12,2016-09-30,ind_prs12082016,NIFTY_500,IN,CARBORUNIV,Carborundum Universal Ltd.
2016-08-12,2016-09-30,ind_prs12082016,NIFTY_500,IN,COFFEEDAY,Coffee Day Enterprises Ltd.
2016-08-12,2016-09-30,ind_prs12082016,NIFTY_500,IN,CROMPGREAV,Crompton Greaves Ltd.
2016-08-12,2016-09-30,ind_prs12082016,NIFTY_500,IN,LALPATHLAB,Dr. Lal Path Labs Ltd.
2016-08-12,2016-09-30,ind_prs12082016,NIFTY_500,IN,EQUITAS,Equitas Holdings Ltd.
2016-08-12,2016-09-30,ind_prs12082016,NIFTY_500,IN,IDFCBANK,IDFC Bank Ltd.
2016-08-12,2016-09-30,ind_prs12082016,NIFTY_500,IN,INFIBEAM,Infibeam Incorporation Ltd.
2016-08-12,2016-09-30,ind_prs12082016,NIFTY_500,IN,INDIGO,InterGlobe Aviation Ltd.
2016-08-12,2016-09-30,ind_prs12082016,NIFTY_500,IN,ITDCEM,ITD Cementation India Ltd.
2016-08-12,2016-09-30,ind_prs12082016,NIFTY_500,IN,KSBPUMPS,KSB Pumps Ltd.
2016-08-12,2016-09-30,ind_prs12082016,NIFTY_500,IN,LINDEINDIA,Linde India Ltd.
2016-08-12,2016-09-30,ind_prs12082016,NIFTY_500,IN,MFSL,Max Financial Services Ltd.
2016-08-12,2016-09-30,ind_prs12082016,NIFTY_500,IN,NH,Narayana Hrudayalaya Ltd.
2016-08-12,2016-09-30,ind_prs12082016,NIFTY_500,IN,NAVINFLUOR,Navin Fluorine International Ltd.
2016-08-12,2016-09-30,ind_prs12082016,NIFTY_500,IN,NILKAMAL,Nilkamal Ltd.
2016-08-12,2016-09-30,ind_prs12082016,NIFTY_500,IN,OCL,OCL India Ltd.
2016-08-12,2016-09-30,ind_prs12082016,NIFTY_500,IN,RELIGARE,Religare Enterprises Ltd.
2016-08-12,2016-09-30,ind_prs12082016,NIFTY_500,IN,SEQUENT,Sequent Scientific Ltd.
2016-08-12,2016-09-30,ind_prs12082016,NIFTY_500,IN,SFCL,Star Ferro & Cement Ltd.
2016-08-12,2016-09-30,ind_prs12082016,NIFTY_500,IN,MYSOREBANK,State Bank of Mysore
2016-08-12,2016-09-30,ind_prs12082016,NIFTY_500,IN,SBT,State Bank of Travancore
2016-08-12,2016-09-30,ind_prs12082016,NIFTY_500,IN,SUPRAJIT,Suprajit Engineering Ltd.
2016-08-12,2016-09-30,ind_prs12082016,NIFTY_MIDCAP_150,OUT,ALBK,Allahabad Bank
2016-08-12,2016-09-30,ind_prs12082016,NIFTY_MIDCAP_150,OUT,BASF,BASF India Ltd.
2016-08-12,2016-09-30,ind_prs12082016,NIFTY_MIDCAP_150,OUT,BEML,BEML Ltd.
2016-08-12,2016-09-30,ind_prs12082016,NIFTY_MIDCAP_150,OUT,MMTC,MMTC Ltd.
2016-08-12,2016-09-30,ind_prs12082016,NIFTY_MIDCAP_150,OUT,PEL,Piramal Enterprises Ltd.
2016-08-12,2016-09-30,ind_prs12082016,NIFTY_MIDCAP_150,OUT,PRISMCEM,Prism Cement Ltd.
2016-08-12,2016-09-30,ind_prs12082016,NIFTY_MIDCAP_150,OUT,REDINGTON,Redington (India) Ltd.
2016-08-12,2016-09-30,ind_prs12082016,NIFTY_MIDCAP_150,OUT,UCOBANK,UCO Bank
2016-08-12,2016-09-30,ind_prs12082016,NIFTY_MIDCAP_150,OUT,VIDEOIND,Videocon Industries Ltd.
2016-08-12,2016-09-30,ind_prs12082016,NIFTY_MIDCAP_150,IN,ABFRL,Aditya Birla Fashion and Retail Ltd.
2016-08-12,2016-09-30,ind_prs12082016,NIFTY_MIDCAP_150,IN,ABIRLANUVO,Aditya Birla Nuvo Ltd.
2016-08-12,2016-09-30,ind_prs12082016,NIFTY_MIDCAP_150,IN,ALKEM,Alkem Laboratories Ltd.
2016-08-12,2016-09-30,ind_prs12082016,NIFTY_MIDCAP_150,IN,LALPATHLAB,Dr. Lal Path Labs Ltd.
2016-08-12,2016-09-30,ind_prs12082016,NIFTY_MIDCAP_150,IN,IDFCBANK,IDFC Bank Ltd.
2016-08-12,2016-09-30,ind_prs12082016,NIFTY_MIDCAP_150,IN,MFSL,Max Financial Services Ltd.
2016-08-12,2016-09-30,ind_prs12082016,NIFTY_MIDCAP_150,IN,NH,Narayana Hrudayalaya Ltd.
2016-08-12,2016-09-30,ind_prs12082016,NIFTY_MIDCAP_150,IN,RCOM,Reliance Communications Ltd.
2016-08-12,2016-09-30,ind_prs12082016,NIFTY_MIDCAP_150,IN,RECLTD,Rural Electrification Corporation Ltd.
2016-08-12,2016-09-30,ind_prs12082016,NIFTY_SMALLCAP_250,OUT,AARTIDRUGS,Aarti Drugs Ltd.
2016-08-12,2016-09-30,ind_prs12082016,NIFTY_SMALLCAP_250,OUT,ABGSHIP,ABG Shipyard Ltd.
2016-08-12,2016-09-30,ind_prs12082016,NIFTY_SMALLCAP_250,OUT,ABFRL,Aditya Birla Fashion and Retail Ltd.
2016-08-12,2016-09-30,ind_prs12082016,NIFTY_SMALLCAP_250,OUT,ASHIANA,Ashiana Housing Ltd.
2016-08-12,2016-09-30,ind_prs12082016,NIFTY_SMALLCAP_250,OUT,CASTEXTECH,Castex Technologies Ltd.
2016-08-12,2016-09-30,ind_prs12082016,NIFTY_SMALLCAP_250,OUT,CLNINDIA,Clariant Chemicals (India) Ltd.
2016-08-12,2016-09-30,ind_prs12082016,NIFTY_SMALLCAP_250,OUT,ELECTCAST,Electrosteel Castings Ltd.
2016-08-12,2016-09-30,ind_prs12082016,NIFTY_SMALLCAP_250,OUT,ELGIEQUIP,Elgi Equipments Ltd.
2016-08-12,2016-09-30,ind_prs12082016,NIFTY_SMALLCAP_250,OUT,ESSDEE,Ess Dee Aluminium Ltd.
2016-08-12,2016-09-30,ind_prs12082016,NIFTY_SMALLCAP_250,OUT,FINANTECH,Financial Technologies (India) Ltd.
2016-08-12,2016-09-30,ind_prs12082016,NIFTY_SMALLCAP_250,OUT,GLOBOFFS,Global Offshore Services Ltd.
2016-08-12,2016-09-30,ind_prs12082016,NIFTY_SMALLCAP_250,OUT,HMT,HMT Ltd.
2016-08-12,2016-09-30,ind_prs12082016,NIFTY_SMALLCAP_250,OUT,HOTELEELA,Hotel Leela Venture Ltd.
2016-08-12,2016-09-30,ind_prs12082016,NIFTY_SMALLCAP_250,OUT,IFBIND,IFB Industries Ltd.
2016-08-12,2016-09-30,ind_prs12082016,NIFTY_SMALLCAP_250,OUT,INEOSSTYRO,INEOS Styrolution India Ltd.
2016-08-12,2016-09-30,ind_prs12082016,NIFTY_SMALLCAP_250,OUT,KIRLOSENG,Kirloskar Oil Eng Ltd.
2016-08-12,2016-09-30,ind_prs12082016,NIFTY_SMALLCAP_250,OUT,KSK,KSK Energy Ventures Ltd
2016-08-12,2016-09-30,ind_prs12082016,NIFTY_SMALLCAP_250,OUT,MINDACORP,Minda Corporation Ltd.
2016-08-12,2016-09-30,ind_prs12082016,NIFTY_SMALLCAP_250,OUT,PARSVNATH,Parsvnath Developer Ltd.
2016-08-12,2016-09-30,ind_prs12082016,NIFTY_SMALLCAP_250,OUT,PURVA,Puravankara Projects Ltd.
2016-08-12,2016-09-30,ind_prs12082016,NIFTY_SMALLCAP_250,OUT,RATNAMANI,Ratnamani Metals & Tubes Ltd.
2016-08-12,2016-09-30,ind_prs12082016,NIFTY_SMALLCAP_250,OUT,SADBHIN,Sadbhav Infrastructure Project Ltd.
2016-08-12,2016-09-30,ind_prs12082016,NIFTY_SMALLCAP_250,OUT,TTML,Tata Teleservices (Maharashtra) Ltd.
2016-08-12,2016-09-30,ind_prs12082016,NIFTY_SMALLCAP_250,OUT,TREEHOUSE,Tree House Education & Accessories Ltd.
2016-08-12,2016-09-30,ind_prs12082016,NIFTY_SMALLCAP_250,OUT,TBZ,Tribhovandas Bhimji Zaveri Ltd.
2016-08-12,2016-09-30,ind_prs12082016,NIFTY_SMALLCAP_250,OUT,VAIBHAVGBL,Vaibhav Global Ltd.
2016-08-12,2016-09-30,ind_prs12082016,NIFTY_SMALLCAP_250,IN,ALBK,Allahabad Bank
2016-08-12,2016-09-30,ind_prs12082016,NIFTY_SMALLCAP_250,IN,APLAPOLLO,APL Apollo Tubes Ltd.
2016-08-12,2016-09-30,ind_prs12082016,NIFTY_SMALLCAP_250,IN,BASF,BASF India Ltd.
2016-08-12,2016-09-30,ind_prs12082016,NIFTY_SMALLCAP_250,IN,BEML,BEML Ltd.
2016-08-12,2016-09-30,ind_prs12082016,NIFTY_SMALLCAP_250,IN,CARBORUNIV,Carborundum Universal Ltd.
2016-08-12,2016-09-30,ind_prs12082016,NIFTY_SMALLCAP_250,IN,COFFEEDAY,Coffee Day Enterprises Ltd.
2016-08-12,2016-09-30,ind_prs12082016,NIFTY_SMALLCAP_250,IN,CROMPGREAV,Crompton Greaves Ltd.
2016-08-12,2016-09-30,ind_prs12082016,NIFTY_SMALLCAP_250,IN,EQUITAS,Equitas Holdings Ltd.
2016-08-12,2016-09-30,ind_prs12082016,NIFTY_SMALLCAP_250,IN,INFIBEAM,Infibeam Incorporation Ltd.
2016-08-12,2016-09-30,ind_prs12082016,NIFTY_SMALLCAP_250,IN,ITDCEM,ITD Cementation India Ltd.
2016-08-12,2016-09-30,ind_prs12082016,NIFTY_SMALLCAP_250,IN,KSBPUMPS,KSB Pumps Ltd.
2016-08-12,2016-09-30,ind_prs12082016,NIFTY_SMALLCAP_250,IN,LINDEINDIA,Linde India Ltd.
2016-08-12,2016-09-30,ind_prs12082016,NIFTY_SMALLCAP_250,IN,MMTC,MMTC Ltd.
2016-08-12,2016-09-30,ind_prs12082016,NIFTY_SMALLCAP_250,IN,NAVINFLUOR,Navin Fluorine International Ltd.
2016-08-12,2016-09-30,ind_prs12082016,NIFTY_SMALLCAP_250,IN,NILKAMAL,Nilkamal Ltd.
2016-08-12,2016-09-30,ind_prs12082016,NIFTY_SMALLCAP_250,IN,OCL,OCL India Ltd.
2016-08-12,2016-09-30,ind_prs12082016,NIFTY_SMALLCAP_250,IN,PRISMCEM,Prism Cement Ltd.
2016-08-12,2016-09-30,ind_prs12082016,NIFTY_SMALLCAP_250,IN,REDINGTON,Redington (India) Ltd.
2016-08-12,2016-09-30,ind_prs12082016,NIFTY_SMALLCAP_250,IN,RELIGARE,Religare Enterprises Ltd.
2016-08-12,2016-09-30,ind_prs12082016,NIFTY_SMALLCAP_250,IN,SEQUENT,Sequent Scientific Ltd.
2016-08-12,2016-09-30,ind_prs12082016,NIFTY_SMALLCAP_250,IN,SFCL,Star Ferro & Cement Ltd.
2016-08-12,2016-09-30,ind_prs12082016,NIFTY_SMALLCAP_250,IN,MYSOREBANK,State Bank of Mysore
2016-08-12,2016-09-30,ind_prs12082016,NIFTY_SMALLCAP_250,IN,SBT,State Bank of Travancore
2016-08-12,2016-09-30,ind_prs12082016,NIFTY_SMALLCAP_250,IN,SUPRAJIT,Suprajit Engineering Ltd.
2016-08-12,2016-09-30,ind_prs12082016,NIFTY_SMALLCAP_250,IN,UCOBANK,UCO Bank
2016-08-12,2016-09-30,ind_prs12082016,NIFTY_SMALLCAP_250,IN,VIDEOIND,Videocon Industries Ltd.
2011-12-12,2011-12-14,ind_prs12122011,NIFTY_500,OUT,AREVAT&D,Areva T&D India Limited
2011-12-12,2011-12-14,ind_prs12122011,NIFTY_500,IN,MVL,MVL Limited
2013-02-13,2013-04-01,ind_prs13022013,NIFTY_50,OUT,SIEMENS,Siemens Ltd.
2013-02-13,2013-04-01,ind_prs13022013,NIFTY_50,OUT,WIPRO,Wipro Ltd.
2013-02-13,2013-04-01,ind_prs13022013,NIFTY_50,IN,INDUSINDBK,IndusInd Bank Ltd.
2013-02-13,2013-04-01,ind_prs13022013,NIFTY_50,IN,NMDC,NMDC Ltd.
2013-02-13,2013-04-01,ind_prs13022013,NIFTY_NEXT_50,OUT,BIOCON,Biocon Ltd.
2013-02-13,2013-04-01,ind_prs13022013,NIFTY_NEXT_50,OUT,GMRINFRA,GMR Infrastructure Ltd.
2013-02-13,2013-04-01,ind_prs13022013,NIFTY_NEXT_50,OUT,INDUSINDBK,IndusInd Bank Ltd.
2013-02-13,2013-04-01,ind_prs13022013,NIFTY_NEXT_50,OUT,TORNTPOWER,Torrent Power Ltd.
2013-02-13,2013-04-01,ind_prs13022013,NIFTY_NEXT_50,IN,BAJAJFINSV,Bajaj Finserv Ltd.
2013-02-13,2013-04-01,ind_prs13022013,NIFTY_NEXT_50,IN,SIEMENS,Siemens Ltd.
2013-02-13,2013-04-01,ind_prs13022013,NIFTY_NEXT_50,IN,TATAGLOBAL,Tata Global Beverages Ltd.
2013-02-13,2013-04-01,ind_prs13022013,NIFTY_NEXT_50,IN,UBL,United Breweries Ltd.
2013-02-13,2013-04-01,ind_prs13022013,NIFTY_500,OUT,BANCOINDIA,Banco Products (I) Ltd.
2013-02-13,2013-04-01,ind_prs13022013,NIFTY_500,OUT,BEPL,Bhansali Engineering Polymers Ltd.
2013-02-13,2013-04-01,ind_prs13022013,NIFTY_500,OUT,GTL,GTL Ltd.
2013-02-13,2013-04-01,ind_prs13022013,NIFTY_500,OUT,INDORAMA,Indo Rama Synthetics (India) Ltd.
2013-02-13,2013-04-01,ind_prs13022013,NIFTY_500,OUT,INDSWFTLAB,Ind-Swift Laboratories Ltd.
2013-02-13,2013-04-01,ind_prs13022013,NIFTY_500,OUT,JAIBALAJI,Jai Balaji Industries Ltd.
2013-02-13,2013-04-01,ind_prs13022013,NIFTY_500,OUT,KWALITY,Kwality Dairy (India) Ltd.
2013-02-13,2013-04-01,ind_prs13022013,NIFTY_500,OUT,MVL,MVL Ltd.
2013-02-13,2013-04-01,ind_prs13022013,NIFTY_500,OUT,NILKAMAL,Nilkamal Ltd.
2013-02-13,2013-04-01,ind_prs13022013,NIFTY_500,OUT,ORIENTHOT,Oriental Hotels Ltd.
2013-02-13,2013-04-01,ind_prs13022013,NIFTY_500,OUT,SHLAKSHMI,Shri Lakshmi Cotsyn Ltd.
2013-02-13,2013-04-01,ind_prs13022013,NIFTY_500,OUT,SONASTEER,Sona Koyo Steering Systems Ltd.
2013-02-13,2013-04-01,ind_prs13022013,NIFTY_500,OUT,STERLINBIO,Sterling Biotech Ltd
2013-02-13,2013-04-01,ind_prs13022013,NIFTY_500,OUT,UNITY,Unity Infraprojects Ltd.
2013-02-13,2013-04-01,ind_prs13022013,NIFTY_500,OUT,WIPRO,Wipro Ltd.
2013-02-13,2013-04-01,ind_prs13022013,NIFTY_500,IN,AANJANEYA,Aanjaneya Lifecare Ltd.
2013-02-13,2013-04-01,ind_prs13022013,NIFTY_500,IN,DEN,Den Networks Ltd.
2013-02-13,2013-04-01,ind_prs13022013,NIFTY_500,IN,GABRIEL,Gabriel India Ltd.
2013-02-13,2013-04-01,ind_prs13022013,NIFTY_500,IN,GRUH,Gruh Finance Ltd.
2013-02-13,2013-04-01,ind_prs13022013,NIFTY_500,IN,GTLINFRA,GTL Infrastructure Ltd.
2013-02-13,2013-04-01,ind_prs13022013,NIFTY_500,IN,HERITGFOOD,Heritage Foods (India) Ltd.
2013-02-13,2013-04-01,ind_prs13022013,NIFTY_500,IN,HINDCOPPER,Hindustan Copper Ltd.
2013-02-13,2013-04-01,ind_prs13022013,NIFTY_500,IN,IL&FSTRANS,IL&FS Transportation Networks Ltd.
2013-02-13,2013-04-01,ind_prs13022013,NIFTY_500,IN,IMFA,Indian Metals & Ferro Alloys Ltd.
2013-02-13,2013-04-01,ind_prs13022013,NIFTY_500,IN,NIITTECH,NIIT Technologies Ltd.
2013-02-13,2013-04-01,ind_prs13022013,NIFTY_500,IN,ONELIFECAP,Onelife Capital Advisors Ltd.
2013-02-13,2013-04-01,ind_prs13022013,NIFTY_500,IN,SWANENERGY,Swan Energy Ltd.
2013-02-13,2013-04-01,ind_prs13022013,NIFTY_500,IN,TBZ,Tribhovandas Bhimji Zaveri Ltd.
2013-02-13,2013-04-01,ind_prs13022013,NIFTY_500,IN,WELSPUNIND,Welspun India Ltd.
2013-02-13,2013-04-01,ind_prs13022013,NIFTY_500,IN,WOCKPHARMA,Wockhardt Ltd.
2019-06-13,2019-06-28,ind_prs13062019,NIFTY_500,OUT,GUJFLUORO,Gujarat Fluorochemicals Ltd.
2019-06-13,2019-06-28,ind_prs13062019,NIFTY_500,OUT,MONSANTO,Monsanto India Ltd.
2019-06-13,2019-06-28,ind_prs13062019,NIFTY_500,IN,CHALET,Chalet Hotels Ltd.
2019-06-13,2019-06-28,ind_prs13062019,NIFTY_500,IN,DALBHARAT,Dalmia Bharat Ltd.
2019-06-13,2019-06-28,ind_prs13062019,NIFTY_MIDCAP_150,OUT,GUJFLUORO,Gujarat Fluorochemicals Ltd.
2019-06-13,2019-06-28,ind_prs13062019,NIFTY_MIDCAP_150,IN,DALBHARAT,Dalmia Bharat Ltd.
2019-06-13,2019-06-28,ind_prs13062019,NIFTY_SMALLCAP_250,OUT,MONSANTO,Monsanto India Ltd.
2019-06-13,2019-06-28,ind_prs13062019,NIFTY_SMALLCAP_250,IN,CHALET,Chalet Hotels Ltd.
2026-07-13,2026-07-17,ind_prs13072026_1,NIFTY_500,OUT,JBCHEPHARM,J.B. Chemicals & Pharmaceuticals Ltd.
2026-07-13,2026-07-17,ind_prs13072026_1,NIFTY_500,IN,PFOCUS,Prime Focus Ltd.
2026-07-13,2026-07-17,ind_prs13072026_1,NIFTY_SMALLCAP_250,OUT,JBCHEPHARM,J.B. Chemicals & Pharmaceuticals Ltd.
2026-07-13,2026-07-17,ind_prs13072026_1,NIFTY_SMALLCAP_250,IN,PFOCUS,Prime Focus Ltd.
2026-07-13,2026-07-17,ind_prs13072026_1,NIFTY_MICROCAP_250,OUT,PFOCUS,Prime Focus Ltd.
2026-07-13,2026-07-17,ind_prs13072026_1,NIFTY_MICROCAP_250,IN,GRINDWELL,Grindwell Norton Ltd.
2026-07-13,2026-07-17,ind_prs13072026_1,NIFTY_TOTAL_MARKET,OUT,JBCHEPHARM,J.B. Chemicals & Pharmaceuticals Ltd.
2026-07-13,2026-07-17,ind_prs13072026_1,NIFTY_TOTAL_MARKET,IN,GRINDWELL,Grindwell Norton Ltd.
2013-11-13,2013-11-18,ind_prs13112013,NIFTY_500,OUT,FKONCO,Fresenius Kabi Oncology Limited
2013-11-13,2013-11-18,ind_prs13112013,NIFTY_500,OUT,WELCORP,Welspun Corp Limited
2013-11-13,2013-11-18,ind_prs13112013,NIFTY_500,IN,FRL,Future Retail Limited
2013-11-13,2013-11-18,ind_prs13112013,NIFTY_500,IN,RAJTV,Raj Television Network Limited
2012-03-14,2012-04-27,ind_prs14032012,NIFTY_50,OUT,RCOM,Reliance Communications Ltd.
2012-03-14,2012-04-27,ind_prs14032012,NIFTY_50,OUT,RPOWER,Reliance Power Ltd.
2012-03-14,2012-04-27,ind_prs14032012,NIFTY_50,IN,ASIANPAINT,Asian Paints Ltd.
2012-03-14,2012-04-27,ind_prs14032012,NIFTY_50,IN,BANKBARODA,Bank of Baroda
2012-03-14,2012-04-27,ind_prs14032012,NIFTY_NEXT_50,OUT,ASIANPAINT,Asian Paints Ltd.
2012-03-14,2012-04-27,ind_prs14032012,NIFTY_NEXT_50,OUT,BANKBARODA,Bank of Baroda
2012-03-14,2012-04-27,ind_prs14032012,NIFTY_NEXT_50,OUT,HDIL,Housing Development and Infrastructure Ltd.
2012-03-14,2012-04-27,ind_prs14032012,NIFTY_NEXT_50,OUT,IFCI,IFCI Ltd.
2012-03-14,2012-04-27,ind_prs14032012,NIFTY_NEXT_50,OUT,IOB,Indian Overseas Bank
2012-03-14,2012-04-27,ind_prs14032012,NIFTY_NEXT_50,IN,DIVISLAB,Divi's Laboratories Ltd.
2012-03-14,2012-04-27,ind_prs14032012,NIFTY_NEXT_50,IN,GSKCONS,GlaxoSmithkline Consumer Healthcare Ltd.
2012-03-14,2012-04-27,ind_prs14032012,NIFTY_NEXT_50,IN,PETRONET,Petronet LNG Ltd.
2012-03-14,2012-04-27,ind_prs14032012,NIFTY_NEXT_50,IN,RCOM,Reliance Communications Ltd.
2012-03-14,2012-04-27,ind_prs14032012,NIFTY_NEXT_50,IN,RPOWER,Reliance Power Ltd.
2012-03-14,2012-04-27,ind_prs14032012,NIFTY_500,OUT,ADSL,Allied Digital Services Ltd.
2012-03-14,2012-04-27,ind_prs14032012,NIFTY_500,OUT,BALAJITELE,Balaji Telefilms Ltd.
2012-03-14,2012-04-27,ind_prs14032012,NIFTY_500,OUT,DHAMPURSUG,Dhampur Sugar Mills Ltd.
2012-03-14,2012-04-27,ind_prs14032012,NIFTY_500,OUT,INOXLEISUR,Inox Leisure Ltd.
2012-03-14,2012-04-27,ind_prs14032012,NIFTY_500,OUT,LAKSHMIEFL,Lakshmi Energy & Foods Ltd.
2012-03-14,2012-04-27,ind_prs14032012,NIFTY_500,OUT,NFL,National Fertilizers Ltd.
2012-03-14,2012-04-27,ind_prs14032012,NIFTY_500,OUT,NDTV,New Delhi Television Ltd.
2012-03-14,2012-04-27,ind_prs14032012,NIFTY_500,OUT,NELCO,NELCO Ltd.
2012-03-14,2012-04-27,ind_prs14032012,NIFTY_500,OUT,PANACEABIO,Panacea Biotec Ltd.
2012-03-14,2012-04-27,ind_prs14032012,NIFTY_500,OUT,PAPERPROD,Paper Products Ltd.
2012-03-14,2012-04-27,ind_prs14032012,NIFTY_500,OUT,STCINDIA,State Trading Corporation of India Ltd.
2012-03-14,2012-04-27,ind_prs14032012,NIFTY_500,OUT,SURYAROSNI,Surya Roshni Ltd.
2012-03-14,2012-04-27,ind_prs14032012,NIFTY_500,OUT,TATAMETALI,Tata Metaliks Ltd.
2012-03-14,2012-04-27,ind_prs14032012,NIFTY_500,OUT,WOCKPHARMA,Wockhardt Ltd.
2012-03-14,2012-04-27,ind_prs14032012,NIFTY_500,IN,ALSTOMT&D,Alstom T&D India Ltd.
2012-03-14,2012-04-27,ind_prs14032012,NIFTY_500,IN,ARSHIYA,Arshiya International Ltd.
2012-03-14,2012-04-27,ind_prs14032012,NIFTY_500,IN,EROSMEDIA,Eros International Media Ltd.
2012-03-14,2012-04-27,ind_prs14032012,NIFTY_500,IN,ICRA,ICRA Ltd.
2012-03-14,2012-04-27,ind_prs14032012,NIFTY_500,IN,ICSA,ICSA (India) Ltd.
2012-03-14,2012-04-27,ind_prs14032012,NIFTY_500,IN,KWALITY,Kwality Dairy (India) Ltd.
2012-03-14,2012-04-27,ind_prs14032012,NIFTY_500,IN,LOVABLE,Lovable Lingerie Ltd.
2012-03-14,2012-04-27,ind_prs14032012,NIFTY_500,IN,MUTHOOTFIN,Muthoot Finance Ltd.
2012-03-14,2012-04-27,ind_prs14032012,NIFTY_500,IN,PRAKASH,Prakash Industries Ltd.
2012-03-14,2012-04-27,ind_prs14032012,NIFTY_500,IN,RAMKY,Ramky Infrastructure Ltd.
2012-03-14,2012-04-27,ind_prs14032012,NIFTY_500,IN,TDPOWERSYS,TD Power Systems Ltd.
2012-03-14,2012-04-27,ind_prs14032012,NIFTY_500,IN,TECHNO,Techno Electric & Engineering Co. Ltd.
2012-03-14,2012-04-27,ind_prs14032012,NIFTY_500,IN,TREEHOUSE,Tree House Education & Accessories Ltd.
2012-03-14,2012-04-27,ind_prs14032012,NIFTY_500,IN,WABCOINDIA,WABCO India Ltd.
2013-06-14,2013-06-21,ind_prs14062013,NIFTY_500,OUT,KSOILS,K S Oils Limited
2013-06-14,2013-06-21,ind_prs14062013,NIFTY_500,IN,3IINFOTECH,3i Infotech Limited
2018-12-14,2018-12-28,ind_prs14122018,NIFTY_500,OUT,BHARATFIN,Bharat Financial Inclusion Ltd.
2018-12-14,2018-12-28,ind_prs14122018,NIFTY_500,OUT,CAPF,Capital First Ltd.
2018-12-14,2018-12-28,ind_prs14122018,NIFTY_500,OUT,CENTURYTEX,Century Textile & Industries Ltd.
2018-12-14,2018-12-28,ind_prs14122018,NIFTY_500,OUT,HSIL,HSIL Ltd.
2018-12-14,2018-12-28,ind_prs14122018,NIFTY_500,OUT,IIFL,IIFL Holdings Ltd.
2018-12-14,2018-12-28,ind_prs14122018,NIFTY_500,IN,ADANIGREEN,Adani Green Energy Ltd.
2018-12-14,2018-12-28,ind_prs14122018,NIFTY_500,IN,FORTIS,Fortis Healthcare Ltd.
2018-12-14,2018-12-28,ind_prs14122018,NIFTY_500,IN,RITES,RITES Ltd.
2018-12-14,2018-12-28,ind_prs14122018,NIFTY_500,IN,SFL,Sheela Foam Ltd.
2018-12-14,2018-12-28,ind_prs14122018,NIFTY_500,IN,VARROC,Varroc Engineering Ltd.
2018-12-14,2018-12-28,ind_prs14122018,NIFTY_MIDCAP_150,OUT,BHARATFIN,Bharat Financial Inclusion Ltd.
2018-12-14,2018-12-28,ind_prs14122018,NIFTY_MIDCAP_150,OUT,CENTURYTEX,Century Textile & Industries Ltd.
2018-12-14,2018-12-28,ind_prs14122018,NIFTY_MIDCAP_150,OUT,IIFL,IIFL Holdings Ltd.
2018-12-14,2018-12-28,ind_prs14122018,NIFTY_MIDCAP_150,IN,AARTIIND,Aarti Industries Ltd.
2018-12-14,2018-12-28,ind_prs14122018,NIFTY_MIDCAP_150,IN,BBTC,Bombay Burmah Trading Corporation Ltd.
2018-12-14,2018-12-28,ind_prs14122018,NIFTY_MIDCAP_150,IN,VARROC,Varroc Engineering Ltd.
2018-12-14,2018-12-28,ind_prs14122018,NIFTY_SMALLCAP_250,OUT,AARTIIND,Aarti Industries Ltd.
2018-12-14,2018-12-28,ind_prs14122018,NIFTY_SMALLCAP_250,OUT,BBTC,Bombay Burmah Trading Corporation Ltd.
2018-12-14,2018-12-28,ind_prs14122018,NIFTY_SMALLCAP_250,OUT,CAPF,Capital First Ltd.
2018-12-14,2018-12-28,ind_prs14122018,NIFTY_SMALLCAP_250,OUT,HSIL,HSIL Ltd.
2018-12-14,2018-12-28,ind_prs14122018,NIFTY_SMALLCAP_250,IN,ADANIGREEN,Adani Green Energy Ltd.
2018-12-14,2018-12-28,ind_prs14122018,NIFTY_SMALLCAP_250,IN,FORTIS,Fortis Healthcare Ltd.
2018-12-14,2018-12-28,ind_prs14122018,NIFTY_SMALLCAP_250,IN,RITES,RITES Ltd.
2018-12-14,2018-12-28,ind_prs14122018,NIFTY_SMALLCAP_250,IN,SFL,Sheela Foam Ltd.
2013-03-15,2013-03-19,ind_prs15032013,NIFTY_500,OUT,INDIABULLS,Indiabulls Financial Services Limited
2013-03-15,2013-03-19,ind_prs15032013,NIFTY_500,IN,PVR,PVR Limited
2017-06-15,2017-06-23,ind_prs15062017,NIFTY_500,OUT,IIFL,IIFL Holdings Ltd.
2017-06-15,2017-06-23,ind_prs15062017,NIFTY_500,IN,SFL,Sheela Foam Ltd.
2017-06-15,2017-06-23,ind_prs15062017,NIFTY_MIDCAP_150,OUT,IIFL,IIFL Holdings Ltd.
2017-06-15,2017-06-23,ind_prs15062017,NIFTY_MIDCAP_150,IN,KRBL,KRBL Ltd.
2017-06-15,2017-06-23,ind_prs15062017,NIFTY_SMALLCAP_250,OUT,KRBL,KRBL Ltd.
2017-06-15,2017-06-23,ind_prs15062017,NIFTY_SMALLCAP_250,IN,SFL,Sheela Foam Ltd.
2021-06-15,2021-06-30,ind_prs15062021,NIFTY_500,OUT,MOTHERSUMI,Motherson Sumi Systems Ltd.
2021-06-15,2021-06-30,ind_prs15062021,NIFTY_500,IN,GLAND,Gland Pharma Ltd.
2021-06-15,2021-06-30,ind_prs15062021,NIFTY_NEXT_50,OUT,MOTHERSUMI,Motherson Sumi Systems Ltd.
2021-06-15,2021-06-30,ind_prs15062021,NIFTY_NEXT_50,IN,GLAND,Gland Pharma Ltd.
2021-09-15,2021-09-30,ind_prs15092021,NIFTY_500,OUT,AKZOINDIA,Akzo Nobel India Ltd.
2021-09-15,2021-09-30,ind_prs15092021,NIFTY_500,OUT,BALMLAWRIE,Balmer Lawrie & Co. Ltd.
2021-09-15,2021-09-30,ind_prs15092021,NIFTY_500,OUT,BLISSGVS,Bliss GVS Pharma Ltd.
2021-09-15,2021-09-30,ind_prs15092021,NIFTY_500,OUT,DISHTV,Dish TV India Ltd.
2021-09-15,2021-09-30,ind_prs15092021,NIFTY_500,OUT,DCAL,Dishman Carbogen Amcis Ltd.
2021-09-15,2021-09-30,ind_prs15092021,NIFTY_500,OUT,FCONSUMER,Future Consumer Ltd.
2021-09-15,2021-09-30,ind_prs15092021,NIFTY_500,OUT,GRSE,Garden Reach Shipbuilders & Engineers Ltd.
2021-09-15,2021-09-30,ind_prs15092021,NIFTY_500,OUT,GEPIL,GE Power India Ltd.
2021-09-15,2021-09-30,ind_prs15092021,NIFTY_500,OUT,GULFOILLUB,Gulf Oil Lubricants India Ltd.
2021-09-15,2021-09-30,ind_prs15092021,NIFTY_500,OUT,HSCL,Himadri Speciality Chemical Ltd.
2021-09-15,2021-09-30,ind_prs15092021,NIFTY_500,OUT,HUHTAMAKI,Huhtamaki India Ltd.
2021-09-15,2021-09-30,ind_prs15092021,NIFTY_500,OUT,JTEKTINDIA,JTEKT India Ltd.
2021-09-15,2021-09-30,ind_prs15092021,NIFTY_500,OUT,MAHSCOOTER,Maharashtra Scooters Ltd.
2021-09-15,2021-09-30,ind_prs15092021,NIFTY_500,OUT,MAHSEAMLES,Maharashtra Seamless Ltd.
2021-09-15,2021-09-30,ind_prs15092021,NIFTY_500,OUT,MASFIN,MAS Financial Services Ltd.
2021-09-15,2021-09-30,ind_prs15092021,NIFTY_500,OUT,RAYMOND,Raymond Ltd.
2021-09-15,2021-09-30,ind_prs15092021,NIFTY_500,OUT,RESPONIND,Responsive Industries Ltd.
2021-09-15,2021-09-30,ind_prs15092021,NIFTY_500,OUT,SHOPERSTOP,Shoppers Stop Ltd.
2021-09-15,2021-09-30,ind_prs15092021,NIFTY_500,OUT,SUNCLAYLTD,Sundaram Clayton Ltd.
2021-09-15,2021-09-30,ind_prs15092021,NIFTY_500,OUT,SWANENERGY,Swan Energy Ltd.
2021-09-15,2021-09-30,ind_prs15092021,NIFTY_500,OUT,TATAINVEST,Tata Investment Corporation Ltd.
2021-09-15,2021-09-30,ind_prs15092021,NIFTY_500,OUT,VSTIND,VST Industries Ltd.
2021-09-15,2021-09-30,ind_prs15092021,NIFTY_500,IN,ANURAS,Anupam Rasayan India Ltd.
2021-09-15,2021-09-30,ind_prs15092021,NIFTY_500,IN,CGPOWER,CG Power and Industrial Solutions Ltd.
2021-09-15,2021-09-30,ind_prs15092021,NIFTY_500,IN,EQUITASBNK,Equitas Small Finance Bank Ltd.
2021-09-15,2021-09-30,ind_prs15092021,NIFTY_500,IN,FACT,Fertilisers and Chemicals Travancore Ltd.
2021-09-15,2021-09-30,ind_prs15092021,NIFTY_500,IN,HATHWAY,Hathway Cable & Datacom Ltd.
2021-09-15,2021-09-30,ind_prs15092021,NIFTY_500,IN,HIKAL,Hikal Ltd.
2021-09-15,2021-09-30,ind_prs15092021,NIFTY_500,IN,HGS,Hinduja Global Solutions Ltd.
2021-09-15,2021-09-30,ind_prs15092021,NIFTY_500,IN,HOMEFIRST,Home First Finance Company India Ltd.
2021-09-15,2021-09-30,ind_prs15092021,NIFTY_500,IN,IRFC,Indian Railway Finance Corporation Ltd.
2021-09-15,2021-09-30,ind_prs15092021,NIFTY_500,IN,INDIGOPNTS,Indigo Paints Ltd.
2021-09-15,2021-09-30,ind_prs15092021,NIFTY_500,IN,JUBLINGREA,Jubilant Ingrevia Ltd.
2021-09-15,2021-09-30,ind_prs15092021,NIFTY_500,IN,JUBLPHARMA,Jubilant Pharmova Ltd.
2021-09-15,2021-09-30,ind_prs15092021,NIFTY_500,IN,KALYANKJIL,Kalyan Jewellers India Ltd.
2021-09-15,2021-09-30,ind_prs15092021,NIFTY_500,IN,LXCHEM,Laxmi Organic Industries Ltd.
2021-09-15,2021-09-30,ind_prs15092021,NIFTY_500,IN,LODHA,Macrotech Developers Ltd.
2021-09-15,2021-09-30,ind_prs15092021,NIFTY_500,IN,MASTEK,Mastek Ltd.
2021-09-15,2021-09-30,ind_prs15092021,NIFTY_500,IN,NAZARA,Nazara Technologies Ltd.
2021-09-15,2021-09-30,ind_prs15092021,NIFTY_500,IN,POONAWALLA,Poonawalla Fincorp Ltd.
2021-09-15,2021-09-30,ind_prs15092021,NIFTY_500,IN,PRAJIND,Praj Industries Ltd.
2021-09-15,2021-09-30,ind_prs15092021,NIFTY_500,IN,RAILTEL,Railtel Corporation Of India Ltd.
2021-09-15,2021-09-30,ind_prs15092021,NIFTY_500,IN,TATASTLLP,Tata Steel Long Products Ltd.
2021-09-15,2021-09-30,ind_prs15092021,NIFTY_500,IN,TTML,Tata Teleservices (Maharashtra) Ltd.
2021-09-15,2021-09-30,ind_prs15092021,NIFTY_MIDCAP_150,OUT,AKZOINDIA,Akzo Nobel India Ltd.
2021-09-15,2021-09-30,ind_prs15092021,NIFTY_MIDCAP_150,OUT,ASTRAZEN,AstraZenca Pharma India Ltd.
2021-09-15,2021-09-30,ind_prs15092021,NIFTY_MIDCAP_150,OUT,BANKBARODA,Bank of Baroda
2021-09-15,2021-09-30,ind_prs15092021,NIFTY_MIDCAP_150,OUT,BBTC,Bombay Burmah Trading Corporation Ltd.
2021-09-15,2021-09-30,ind_prs15092021,NIFTY_MIDCAP_150,OUT,CESC,CESC Ltd.
2021-09-15,2021-09-30,ind_prs15092021,NIFTY_MIDCAP_150,OUT,CHOLAFIN,Cholamandalam Investment and Finance Co. Ltd.
2021-09-15,2021-09-30,ind_prs15092021,NIFTY_MIDCAP_150,OUT,CREDITACC,CreditAccess Grameen Ltd.
2021-09-15,2021-09-30,ind_prs15092021,NIFTY_MIDCAP_150,OUT,GODREJAGRO,Godrej Agrovet Ltd.
2021-09-15,2021-09-30,ind_prs15092021,NIFTY_MIDCAP_150,OUT,IDBI,IDBI Bank Ltd.
2021-09-15,2021-09-30,ind_prs15092021,NIFTY_MIDCAP_150,OUT,IIFLWAM,IIFL Wealth Management Ltd.
2021-09-15,2021-09-30,ind_prs15092021,NIFTY_MIDCAP_150,OUT,IBULHSGFIN,Indiabulls Housing Finance Ltd.
2021-09-15,2021-09-30,ind_prs15092021,NIFTY_MIDCAP_150,OUT,JINDALSTEL,Jindal Steel & Power Ltd.
2021-09-15,2021-09-30,ind_prs15092021,NIFTY_MIDCAP_150,OUT,JMFINANCIL,JM Financial Ltd.
2021-09-15,2021-09-30,ind_prs15092021,NIFTY_MIDCAP_150,OUT,PIIND,PI Industries Ltd.
2021-09-15,2021-09-30,ind_prs15092021,NIFTY_MIDCAP_150,OUT,PGHL,Procter & Gamble Health Ltd.
2021-09-15,2021-09-30,ind_prs15092021,NIFTY_MIDCAP_150,OUT,SJVN,SJVN Ltd.
2021-09-15,2021-09-30,ind_prs15092021,NIFTY_MIDCAP_150,OUT,SAIL,Steel Authority of India Ltd.
2021-09-15,2021-09-30,ind_prs15092021,NIFTY_MIDCAP_150,OUT,VGUARD,V-Guard Industries Ltd.
2021-09-15,2021-09-30,ind_prs15092021,NIFTY_MIDCAP_150,IN,ABBOTINDIA,Abbott India Ltd.
2021-09-15,2021-09-30,ind_prs15092021,NIFTY_MIDCAP_150,IN,AFFLE,Affle (India) Ltd.
2021-09-15,2021-09-30,ind_prs15092021,NIFTY_MIDCAP_150,IN,ALKEM,Alkem Laboratories Ltd.
2021-09-15,2021-09-30,ind_prs15092021,NIFTY_MIDCAP_150,IN,ALKYLAMINE,Alkyl Amines Chemicals Ltd.
2021-09-15,2021-09-30,ind_prs15092021,NIFTY_MIDCAP_150,IN,APLAPOLLO,APL Apollo Tubes Ltd.
2021-09-15,2021-09-30,ind_prs15092021,NIFTY_MIDCAP_150,IN,BLUEDART,Blue Dart Express Ltd.
2021-09-15,2021-09-30,ind_prs15092021,NIFTY_MIDCAP_150,IN,HINDCOPPER,Hindustan Copper Ltd.
2021-09-15,2021-09-30,ind_prs15092021,NIFTY_MIDCAP_150,IN,INDIANB,Indian Bank
2021-09-15,2021-09-30,ind_prs15092021,NIFTY_MIDCAP_150,IN,IRFC,Indian Railway Finance Corporation Ltd.
2021-09-15,2021-09-30,ind_prs15092021,NIFTY_MIDCAP_150,IN,KAJARIACER,Kajaria Ceramics Ltd.
2021-09-15,2021-09-30,ind_prs15092021,NIFTY_MIDCAP_150,IN,LINDEINDIA,Linde India Ltd.
2021-09-15,2021-09-30,ind_prs15092021,NIFTY_MIDCAP_150,IN,LODHA,Macrotech Developers Ltd.
2021-09-15,2021-09-30,ind_prs15092021,NIFTY_MIDCAP_150,IN,MRF,MRF Ltd.
2021-09-15,2021-09-30,ind_prs15092021,NIFTY_MIDCAP_150,IN,NATIONALUM,National Aluminium Co. Ltd.
2021-09-15,2021-09-30,ind_prs15092021,NIFTY_MIDCAP_150,IN,PETRONET,Petronet LNG Ltd.
2021-09-15,2021-09-30,ind_prs15092021,NIFTY_MIDCAP_150,IN,UBL,United Breweries Ltd.
2021-09-15,2021-09-30,ind_prs15092021,NIFTY_MIDCAP_150,IN,VAIBHAVGBL,Vaibhav Global Ltd.
2021-09-15,2021-09-30,ind_prs15092021,NIFTY_MIDCAP_150,IN,WABCOINDIA,WABCO India Ltd.
2021-09-15,2021-09-30,ind_prs15092021,NIFTY_SMALLCAP_250,OUT,AFFLE,Affle (India) Ltd.
2021-09-15,2021-09-30,ind_prs15092021,NIFTY_SMALLCAP_250,OUT,ALKYLAMINE,Alkyl Amines Chemicals Ltd.
2021-09-15,2021-09-30,ind_prs15092021,NIFTY_SMALLCAP_250,OUT,APLAPOLLO,APL Apollo Tubes Ltd.
2021-09-15,2021-09-30,ind_prs15092021,NIFTY_SMALLCAP_250,OUT,BALMLAWRIE,Balmer Lawrie & Co. Ltd.
2021-09-15,2021-09-30,ind_prs15092021,NIFTY_SMALLCAP_250,OUT,BLISSGVS,Bliss GVS Pharma Ltd.
2021-09-15,2021-09-30,ind_prs15092021,NIFTY_SMALLCAP_250,OUT,BLUEDART,Blue Dart Express Ltd.
2021-09-15,2021-09-30,ind_prs15092021,NIFTY_SMALLCAP_250,OUT,DISHTV,Dish TV India Ltd.
2021-09-15,2021-09-30,ind_prs15092021,NIFTY_SMALLCAP_250,OUT,DCAL,Dishman Carbogen Amcis Ltd.
2021-09-15,2021-09-30,ind_prs15092021,NIFTY_SMALLCAP_250,OUT,FCONSUMER,Future Consumer Ltd.
2021-09-15,2021-09-30,ind_prs15092021,NIFTY_SMALLCAP_250,OUT,GRSE,Garden Reach Shipbuilders & Engineers Ltd.
2021-09-15,2021-09-30,ind_prs15092021,NIFTY_SMALLCAP_250,OUT,GEPIL,GE Power India Ltd.
2021-09-15,2021-09-30,ind_prs15092021,NIFTY_SMALLCAP_250,OUT,GULFOILLUB,Gulf Oil Lubricants India Ltd.
2021-09-15,2021-09-30,ind_prs15092021,NIFTY_SMALLCAP_250,OUT,HSCL,Himadri Speciality Chemical Ltd.
2021-09-15,2021-09-30,ind_prs15092021,NIFTY_SMALLCAP_250,OUT,HINDCOPPER,Hindustan Copper Ltd.
2021-09-15,2021-09-30,ind_prs15092021,NIFTY_SMALLCAP_250,OUT,HUHTAMAKI,Huhtamaki India Ltd.
2021-09-15,2021-09-30,ind_prs15092021,NIFTY_SMALLCAP_250,OUT,INDIANB,Indian Bank
2021-09-15,2021-09-30,ind_prs15092021,NIFTY_SMALLCAP_250,OUT,JTEKTINDIA,JTEKT India Ltd.
2021-09-15,2021-09-30,ind_prs15092021,NIFTY_SMALLCAP_250,OUT,KAJARIACER,Kajaria Ceramics Ltd.
2021-09-15,2021-09-30,ind_prs15092021,NIFTY_SMALLCAP_250,OUT,LINDEINDIA,Linde India Ltd.
2021-09-15,2021-09-30,ind_prs15092021,NIFTY_SMALLCAP_250,OUT,MAHSCOOTER,Maharashtra Scooters Ltd.
2021-09-15,2021-09-30,ind_prs15092021,NIFTY_SMALLCAP_250,OUT,MAHSEAMLES,Maharashtra Seamless Ltd.
2021-09-15,2021-09-30,ind_prs15092021,NIFTY_SMALLCAP_250,OUT,MASFIN,MAS Financial Services Ltd.
2021-09-15,2021-09-30,ind_prs15092021,NIFTY_SMALLCAP_250,OUT,NATIONALUM,National Aluminium Co. Ltd.
2021-09-15,2021-09-30,ind_prs15092021,NIFTY_SMALLCAP_250,OUT,RAYMOND,Raymond Ltd.
2021-09-15,2021-09-30,ind_prs15092021,NIFTY_SMALLCAP_250,OUT,RESPONIND,Responsive Industries Ltd.
2021-09-15,2021-09-30,ind_prs15092021,NIFTY_SMALLCAP_250,OUT,SHOPERSTOP,Shoppers Stop Ltd.
2021-09-15,2021-09-30,ind_prs15092021,NIFTY_SMALLCAP_250,OUT,SUNCLAYLTD,Sundaram Clayton Ltd.
2021-09-15,2021-09-30,ind_prs15092021,NIFTY_SMALLCAP_250,OUT,SWANENERGY,Swan Energy Ltd.
2021-09-15,2021-09-30,ind_prs15092021,NIFTY_SMALLCAP_250,OUT,TATAINVEST,Tata Investment Corporation Ltd.
2021-09-15,2021-09-30,ind_prs15092021,NIFTY_SMALLCAP_250,OUT,VAIBHAVGBL,Vaibhav Global Ltd.
2021-09-15,2021-09-30,ind_prs15092021,NIFTY_SMALLCAP_250,OUT,VSTIND,VST Industries Ltd.
2021-09-15,2021-09-30,ind_prs15092021,NIFTY_SMALLCAP_250,OUT,WABCOINDIA,WABCO India Ltd.
2021-09-15,2021-09-30,ind_prs15092021,NIFTY_SMALLCAP_250,IN,ANURAS,Anupam Rasayan India Ltd.
2021-09-15,2021-09-30,ind_prs15092021,NIFTY_SMALLCAP_250,IN,ASTRAZEN,AstraZenca Pharma India Ltd.
2021-09-15,2021-09-30,ind_prs15092021,NIFTY_SMALLCAP_250,IN,BBTC,Bombay Burmah Trading Corporation Ltd.
2021-09-15,2021-09-30,ind_prs15092021,NIFTY_SMALLCAP_250,IN,CESC,CESC Ltd.
2021-09-15,2021-09-30,ind_prs15092021,NIFTY_SMALLCAP_250,IN,CGPOWER,CG Power and Industrial Solutions Ltd.
2021-09-15,2021-09-30,ind_prs15092021,NIFTY_SMALLCAP_250,IN,CREDITACC,CreditAccess Grameen Ltd.
2021-09-15,2021-09-30,ind_prs15092021,NIFTY_SMALLCAP_250,IN,EQUITASBNK,Equitas Small Finance Bank Ltd.
2021-09-15,2021-09-30,ind_prs15092021,NIFTY_SMALLCAP_250,IN,FACT,Fertilisers and Chemicals Travancore Ltd.
2021-09-15,2021-09-30,ind_prs15092021,NIFTY_SMALLCAP_250,IN,GODREJAGRO,Godrej Agrovet Ltd.
2021-09-15,2021-09-30,ind_prs15092021,NIFTY_SMALLCAP_250,IN,HATHWAY,Hathway Cable & Datacom Ltd.
2021-09-15,2021-09-30,ind_prs15092021,NIFTY_SMALLCAP_250,IN,HIKAL,Hikal Ltd.
2021-09-15,2021-09-30,ind_prs15092021,NIFTY_SMALLCAP_250,IN,HGS,Hinduja Global Solutions Ltd.
2021-09-15,2021-09-30,ind_prs15092021,NIFTY_SMALLCAP_250,IN,HOMEFIRST,Home First Finance Company India Ltd.
2021-09-15,2021-09-30,ind_prs15092021,NIFTY_SMALLCAP_250,IN,IDBI,IDBI Bank Ltd.
2021-09-15,2021-09-30,ind_prs15092021,NIFTY_SMALLCAP_250,IN,IIFLWAM,IIFL Wealth Management Ltd.
2021-09-15,2021-09-30,ind_prs15092021,NIFTY_SMALLCAP_250,IN,IBULHSGFIN,Indiabulls Housing Finance Ltd.
2021-09-15,2021-09-30,ind_prs15092021,NIFTY_SMALLCAP_250,IN,INDIGOPNTS,Indigo Paints Ltd.
2021-09-15,2021-09-30,ind_prs15092021,NIFTY_SMALLCAP_250,IN,JMFINANCIL,JM Financial Ltd.
2021-09-15,2021-09-30,ind_prs15092021,NIFTY_SMALLCAP_250,IN,JUBLINGREA,Jubilant Ingrevia Ltd.
2021-09-15,2021-09-30,ind_prs15092021,NIFTY_SMALLCAP_250,IN,JUBLPHARMA,Jubilant Pharmova Ltd.
2021-09-15,2021-09-30,ind_prs15092021,NIFTY_SMALLCAP_250,IN,KALYANKJIL,Kalyan Jewellers India Ltd.
2021-09-15,2021-09-30,ind_prs15092021,NIFTY_SMALLCAP_250,IN,LXCHEM,Laxmi Organic Industries Ltd.
2021-09-15,2021-09-30,ind_prs15092021,NIFTY_SMALLCAP_250,IN,MASTEK,Mastek Ltd.
2021-09-15,2021-09-30,ind_prs15092021,NIFTY_SMALLCAP_250,IN,NAZARA,Nazara Technologies Ltd.
2021-09-15,2021-09-30,ind_prs15092021,NIFTY_SMALLCAP_250,IN,POONAWALLA,Poonawalla Fincorp Ltd.
2021-09-15,2021-09-30,ind_prs15092021,NIFTY_SMALLCAP_250,IN,PRAJIND,Praj Industries Ltd.
2021-09-15,2021-09-30,ind_prs15092021,NIFTY_SMALLCAP_250,IN,PGHL,Procter & Gamble Health Ltd.
2021-09-15,2021-09-30,ind_prs15092021,NIFTY_SMALLCAP_250,IN,RAILTEL,Railtel Corporation Of India Ltd.
2021-09-15,2021-09-30,ind_prs15092021,NIFTY_SMALLCAP_250,IN,SJVN,SJVN Ltd.
2021-09-15,2021-09-30,ind_prs15092021,NIFTY_SMALLCAP_250,IN,TATASTLLP,Tata Steel Long Products Ltd.
2021-09-15,2021-09-30,ind_prs15092021,NIFTY_SMALLCAP_250,IN,TTML,Tata Teleservices (Maharashtra) Ltd.
2021-09-15,2021-09-30,ind_prs15092021,NIFTY_SMALLCAP_250,IN,VGUARD,V-Guard Industries Ltd.
2021-09-15,2021-09-30,ind_prs15092021,NIFTY_MICROCAP_250,OUT,AGCNET,AGC Networks Ltd.
2021-09-15,2021-09-30,ind_prs15092021,NIFTY_MICROCAP_250,OUT,AHLUCONT,Ahluwalia Contracts (India) Ltd.
2021-09-15,2021-09-30,ind_prs15092021,NIFTY_MICROCAP_250,OUT,ANDHRAPAP,Andhra Paper Ltd.
2021-09-15,2021-09-30,ind_prs15092021,NIFTY_MICROCAP_250,OUT,APEX,Apex Frozen Foods Ltd.
2021-09-15,2021-09-30,ind_prs15092021,NIFTY_MICROCAP_250,OUT,ASIANTILES,Asian Granito India Ltd.
2021-09-15,2021-09-30,ind_prs15092021,NIFTY_MICROCAP_250,OUT,CGPOWER,CG Power and Industrial Solutions Ltd.
2021-09-15,2021-09-30,ind_prs15092021,NIFTY_MICROCAP_250,OUT,EQUITASBNK,Equitas Small Finance Bank Ltd.
2021-09-15,2021-09-30,ind_prs15092021,NIFTY_MICROCAP_250,OUT,FACT,Fertilisers and Chemicals Travancore Ltd.
2021-09-15,2021-09-30,ind_prs15092021,NIFTY_MICROCAP_250,OUT,FIEMIND,Fiem Industries Ltd
2021-09-15,2021-09-30,ind_prs15092021,NIFTY_MICROCAP_250,OUT,FEL,Future Enterprises Ltd.
2021-09-15,2021-09-30,ind_prs15092021,NIFTY_MICROCAP_250,OUT,FLFL,Future Lifestyle Fashions Ltd.
2021-09-15,2021-09-30,ind_prs15092021,NIFTY_MICROCAP_250,OUT,GOCLCORP,GOCL Corporation Ltd.
2021-09-15,2021-09-30,ind_prs15092021,NIFTY_MICROCAP_250,OUT,GREENLAM,Greenlam Industries Ltd.
2021-09-15,2021-09-30,ind_prs15092021,NIFTY_MICROCAP_250,OUT,GTLINFRA,GTL Infrastructure Ltd.
2021-09-15,2021-09-30,ind_prs15092021,NIFTY_MICROCAP_250,OUT,HIKAL,Hikal Ltd.
2021-09-15,2021-09-30,ind_prs15092021,NIFTY_MICROCAP_250,OUT,HGS,Hinduja Global Solutions Ltd.
2021-09-15,2021-09-30,ind_prs15092021,NIFTY_MICROCAP_250,OUT,HONDAPOWER,Honda India Power Products Ltd.
2021-09-15,2021-09-30,ind_prs15092021,NIFTY_MICROCAP_250,OUT,INDNIPPON,India Nippon Electricals Ltd.
2021-09-15,2021-09-30,ind_prs15092021,NIFTY_MICROCAP_250,OUT,JSWHL,JSW Holdings Ltd.
2021-09-15,2021-09-30,ind_prs15092021,NIFTY_MICROCAP_250,OUT,KENNAMET,Kennametal India Ltd.
2021-09-15,2021-09-30,ind_prs15092021,NIFTY_MICROCAP_250,OUT,KINGFA,Kingfa Science & Technology (India) Ltd.
2021-09-15,2021-09-30,ind_prs15092021,NIFTY_MICROCAP_250,OUT,KITEX,Kitex Garments Ltd.
2021-09-15,2021-09-30,ind_prs15092021,NIFTY_MICROCAP_250,OUT,LUMAXIND,Lumax Industries Ltd.
2021-09-15,2021-09-30,ind_prs15092021,NIFTY_MICROCAP_250,OUT,MMFL,M M Forgings Ltd.
2021-09-15,2021-09-30,ind_prs15092021,NIFTY_MICROCAP_250,OUT,MAJESCO,Majesco Ltd.
2021-09-15,2021-09-30,ind_prs15092021,NIFTY_MICROCAP_250,OUT,MASTEK,Mastek Ltd.
2021-09-15,2021-09-30,ind_prs15092021,NIFTY_MICROCAP_250,OUT,MIRZAINT,Mirza International Ltd.
2021-09-15,2021-09-30,ind_prs15092021,NIFTY_MICROCAP_250,OUT,MUTHOOTCAP,Muthoot Capital Services Ltd.
2021-09-15,2021-09-30,ind_prs15092021,NIFTY_MICROCAP_250,OUT,OMAXE,Omaxe Ltd.
2021-09-15,2021-09-30,ind_prs15092021,NIFTY_MICROCAP_250,OUT,POONAWALLA,Poonawalla Fincorp Ltd.
2021-09-15,2021-09-30,ind_prs15092021,NIFTY_MICROCAP_250,OUT,PRAJIND,Praj Industries Ltd.
2021-09-15,2021-09-30,ind_prs15092021,NIFTY_MICROCAP_250,OUT,SAFARI,Safari Industries (India) Ltd.
2021-09-15,2021-09-30,ind_prs15092021,NIFTY_MICROCAP_250,OUT,SIRCA,Sirca Paints India Ltd.
2021-09-15,2021-09-30,ind_prs15092021,NIFTY_MICROCAP_250,OUT,SMLISUZU,SML Isuzu Ltd.
2021-09-15,2021-09-30,ind_prs15092021,NIFTY_MICROCAP_250,OUT,SPENCERS,Spencers Retail Ltd.
2021-09-15,2021-09-30,ind_prs15092021,NIFTY_MICROCAP_250,OUT,SRIPIPES,Srikalahasthi Pipes Ltd.*
2021-09-15,2021-09-30,ind_prs15092021,NIFTY_MICROCAP_250,OUT,SUNDARMHLD,Sundaram Finance Holdings Ltd.
2021-09-15,2021-09-30,ind_prs15092021,NIFTY_MICROCAP_250,OUT,TAJGVK,Taj GVK Hotels & Resorts Ltd.
2021-09-15,2021-09-30,ind_prs15092021,NIFTY_MICROCAP_250,OUT,TATASTLLP,Tata Steel Long Products Ltd.
2021-09-15,2021-09-30,ind_prs15092021,NIFTY_MICROCAP_250,OUT,TTML,Tata Teleservices (Maharashtra) Ltd.
2021-09-15,2021-09-30,ind_prs15092021,NIFTY_MICROCAP_250,OUT,TEXRAIL,Texmaco Rail & Eng. Ltd.
2021-09-15,2021-09-30,ind_prs15092021,NIFTY_MICROCAP_250,IN,ALLCARGO,Allcargo Logistics Ltd.
2021-09-15,2021-09-30,ind_prs15092021,NIFTY_MICROCAP_250,IN,ANANTRAJ,Anant Raj Ltd.
2021-09-15,2021-09-30,ind_prs15092021,NIFTY_MICROCAP_250,IN,BALMLAWRIE,Balmer Lawrie & Co. Ltd.
2021-09-15,2021-09-30,ind_prs15092021,NIFTY_MICROCAP_250,IN,BARBEQUE,Barbeque Nation Hospitality Ltd.
2021-09-15,2021-09-30,ind_prs15092021,NIFTY_MICROCAP_250,IN,BLISSGVS,Bliss GVS Pharma Ltd.
2021-09-15,2021-09-30,ind_prs15092021,NIFTY_MICROCAP_250,IN,CRAFTSMAN,Craftsman Automation Ltd.
2021-09-15,2021-09-30,ind_prs15092021,NIFTY_MICROCAP_250,IN,DEN,Den Networks Ltd.
2021-09-15,2021-09-30,ind_prs15092021,NIFTY_MICROCAP_250,IN,DISHTV,Dish TV India Ltd.
2021-09-15,2021-09-30,ind_prs15092021,NIFTY_MICROCAP_250,IN,DCAL,Dishman Carbogen Amcis Ltd.
2021-09-15,2021-09-30,ind_prs15092021,NIFTY_MICROCAP_250,IN,EASEMYTRIP,Easy Trip Planners Ltd.
2021-09-15,2021-09-30,ind_prs15092021,NIFTY_MICROCAP_250,IN,FMGOETZE,Federal-Mogul Goetze (India) Ltd.
2021-09-15,2021-09-30,ind_prs15092021,NIFTY_MICROCAP_250,IN,FCONSUMER,Future Consumer Ltd.
2021-09-15,2021-09-30,ind_prs15092021,NIFTY_MICROCAP_250,IN,GRSE,Garden Reach Shipbuilders & Engineers Ltd.
2021-09-15,2021-09-30,ind_prs15092021,NIFTY_MICROCAP_250,IN,GEPIL,GE Power India Ltd.
2021-09-15,2021-09-30,ind_prs15092021,NIFTY_MICROCAP_250,IN,GTPL,GTPL Hathway Ltd.
2021-09-15,2021-09-30,ind_prs15092021,NIFTY_MICROCAP_250,IN,GULFOILLUB,Gulf Oil Lubricants India Ltd.
2021-09-15,2021-09-30,ind_prs15092021,NIFTY_MICROCAP_250,IN,HERANBA,Heranba Industries Ltd.
2021-09-15,2021-09-30,ind_prs15092021,NIFTY_MICROCAP_250,IN,HSCL,Himadri Speciality Chemical Ltd.
2021-09-15,2021-09-30,ind_prs15092021,NIFTY_MICROCAP_250,IN,HLEGLAS,HLE Glascoat Ltd.
2021-09-15,2021-09-30,ind_prs15092021,NIFTY_MICROCAP_250,IN,HSIL,HSIL Ltd.
2021-09-15,2021-09-30,ind_prs15092021,NIFTY_MICROCAP_250,IN,HUHTAMAKI,Huhtamaki India Ltd.
2021-09-15,2021-09-30,ind_prs15092021,NIFTY_MICROCAP_250,IN,JTEKTINDIA,JTEKT India Ltd.
2021-09-15,2021-09-30,ind_prs15092021,NIFTY_MICROCAP_250,IN,MAHSCOOTER,Maharashtra Scooters Ltd.
2021-09-15,2021-09-30,ind_prs15092021,NIFTY_MICROCAP_250,IN,MAHSEAMLES,Maharashtra Seamless Ltd.
2021-09-15,2021-09-30,ind_prs15092021,NIFTY_MICROCAP_250,IN,MASFIN,MAS Financial Services Ltd.
2021-09-15,2021-09-30,ind_prs15092021,NIFTY_MICROCAP_250,IN,BECTORFOOD,Mrs. Bectors Food Specialities Ltd.
2021-09-15,2021-09-30,ind_prs15092021,NIFTY_MICROCAP_250,IN,MTARTECH,MTAR Technologies Ltd.
2021-09-15,2021-09-30,ind_prs15092021,NIFTY_MICROCAP_250,IN,PUNJABCHEM,Punjab Chemicals & Crop Protection Ltd.
2021-09-15,2021-09-30,ind_prs15092021,NIFTY_MICROCAP_250,IN,RAYMOND,Raymond Ltd.
2021-09-15,2021-09-30,ind_prs15092021,NIFTY_MICROCAP_250,IN,SAREGAMA,Saregama India Ltd
2021-09-15,2021-09-30,ind_prs15092021,NIFTY_MICROCAP_250,IN,SHARDAMOTR,Sharda Motor Industries Ltd.
2021-09-15,2021-09-30,ind_prs15092021,NIFTY_MICROCAP_250,IN,SHOPERSTOP,Shoppers Stop Ltd.
2021-09-15,2021-09-30,ind_prs15092021,NIFTY_MICROCAP_250,IN,SMSPHARMA,SMS Pharmaceuticals Ltd.
2021-09-15,2021-09-30,ind_prs15092021,NIFTY_MICROCAP_250,IN,STOVEKRAFT,Stove Kraft Ltd.
2021-09-15,2021-09-30,ind_prs15092021,NIFTY_MICROCAP_250,IN,SUBEXLTD,Subex Ltd.
2021-09-15,2021-09-30,ind_prs15092021,NIFTY_MICROCAP_250,IN,SUNCLAYLTD,Sundaram Clayton Ltd.
2021-09-15,2021-09-30,ind_prs15092021,NIFTY_MICROCAP_250,IN,SURYODAY,Suryoday Small Finance Bank Ltd.
2021-09-15,2021-09-30,ind_prs15092021,NIFTY_MICROCAP_250,IN,SWANENERGY,Swan Energy Ltd.
2021-09-15,2021-09-30,ind_prs15092021,NIFTY_MICROCAP_250,IN,TATAINVEST,Tata Investment Corporation Ltd.
2021-09-15,2021-09-30,ind_prs15092021,NIFTY_MICROCAP_250,IN,TVTODAY,TV Today Network Ltd.
2021-09-15,2021-09-30,ind_prs15092021,NIFTY_MICROCAP_250,IN,VSTIND,VST Industries Ltd.
2025-09-15,2025-09-23,ind_prs15092025_1,NIFTY_500,OUT,PEL,Piramal Enterprises Ltd.
2025-09-15,2025-09-23,ind_prs15092025_1,NIFTY_500,IN,RELINFRA,Reliance Infrastructure Ltd.
2025-09-15,2025-09-23,ind_prs15092025_1,NIFTY_SMALLCAP_250,OUT,PEL,Piramal Enterprises Ltd.
2025-09-15,2025-09-23,ind_prs15092025_1,NIFTY_SMALLCAP_250,IN,RELINFRA,Reliance Infrastructure Ltd.
2025-09-15,2025-09-23,ind_prs15092025_1,NIFTY_MICROCAP_250,OUT,RELINFRA,Reliance Infrastructure Ltd.*
2025-09-15,2025-09-23,ind_prs15092025_1,NIFTY_MICROCAP_250,IN,KITEX,Kitex Garments Ltd.
2025-09-15,2025-09-23,ind_prs15092025_1,NIFTY_TOTAL_MARKET,OUT,PEL,Piramal Enterprises Ltd.
2025-09-15,2025-09-23,ind_prs15092025_1,NIFTY_TOTAL_MARKET,IN,KITEX,Kitex Garments Ltd.
2017-01-16,2017-01-23,ind_prs16012017,NIFTY_500,OUT,DISHMAN,Dishman Pharmaceuticals & Chemicals Ltd.
2017-01-16,2017-01-23,ind_prs16012017,NIFTY_500,OUT,MFSL,Max Financial Services Ltd.
2017-01-16,2017-01-23,ind_prs16012017,NIFTY_500,OUT,OCL,OCL India Ltd.
2017-01-16,2017-01-23,ind_prs16012017,NIFTY_500,OUT,SFCL,Star Ferro & Cement Ltd.
2017-01-16,2017-01-23,ind_prs16012017,NIFTY_500,IN,ADVENZYMES,Advanced Enzyme Tech Ltd.
2017-01-16,2017-01-23,ind_prs16012017,NIFTY_500,IN,ASAHIINDIA,Asahi India Glass Ltd.
2017-01-16,2017-01-23,ind_prs16012017,NIFTY_500,IN,RBLBANK,RBL Bank Ltd.
2017-01-16,2017-01-23,ind_prs16012017,NIFTY_500,IN,UJJIVAN,Ujjivan Financial Services Ltd.
2017-01-16,2017-01-23,ind_prs16012017,NIFTY_MIDCAP_150,OUT,MFSL,Max Financial Services Ltd.
2017-01-16,2017-01-23,ind_prs16012017,NIFTY_MIDCAP_150,IN,RBLBANK,RBL Bank Ltd.
2017-01-16,2017-01-23,ind_prs16012017,NIFTY_SMALLCAP_250,OUT,DISHMAN,Dishman Pharmaceuticals & Chemicals Ltd.
2017-01-16,2017-01-23,ind_prs16012017,NIFTY_SMALLCAP_250,OUT,OCL,OCL India Ltd.
2017-01-16,2017-01-23,ind_prs16012017,NIFTY_SMALLCAP_250,OUT,SFCL,Star Ferro & Cement Ltd.
2017-01-16,2017-01-23,ind_prs16012017,NIFTY_SMALLCAP_250,IN,ADVENZYMES,Advanced Enzyme Tech Ltd.
2017-01-16,2017-01-23,ind_prs16012017,NIFTY_SMALLCAP_250,IN,ASAHIINDIA,Asahi India Glass Ltd.
2017-01-16,2017-01-23,ind_prs16012017,NIFTY_SMALLCAP_250,IN,UJJIVAN,Ujjivan Financial Services Ltd.
2017-02-16,2017-03-31,ind_prs16022017,NIFTY_50,OUT,BHEL,Bharat Heavy Electricals Ltd.
2017-02-16,2017-03-31,ind_prs16022017,NIFTY_50,OUT,IDEA,Idea Cellular Ltd.
2017-02-16,2017-03-31,ind_prs16022017,NIFTY_50,IN,IBULHSGFIN,Indiabulls Housing Finance Ltd.
2017-02-16,2017-03-31,ind_prs16022017,NIFTY_50,IN,IOC,Indian Oil Corporation Ltd.
2017-02-16,2017-03-31,ind_prs16022017,NIFTY_500,OUT,ALOKTEXT,Alok Industries Ltd.
2017-02-16,2017-03-31,ind_prs16022017,NIFTY_500,OUT,BRFL,Bombay Rayon Fashions Ltd.
2017-02-16,2017-03-31,ind_prs16022017,NIFTY_500,OUT,BRIGADE,Brigade Enterprises Ltd.
2017-02-16,2017-03-31,ind_prs16022017,NIFTY_500,OUT,DYNAMATECH,Dynamatic Technologies Ltd.
2017-02-16,2017-03-31,ind_prs16022017,NIFTY_500,OUT,FLFL,Future Lifestyle Fashions Ltd.
2017-02-16,2017-03-31,ind_prs16022017,NIFTY_500,OUT,INGERRAND,Ingersoll Rand (India) Ltd.
2017-02-16,2017-03-31,ind_prs16022017,NIFTY_500,OUT,IPAPPM,International Paper APPM Ltd.
2017-02-16,2017-03-31,ind_prs16022017,NIFTY_500,OUT,JPPOWER,Jaiprakash Power Ventures Ltd.
2017-02-16,2017-03-31,ind_prs16022017,NIFTY_500,OUT,JPINFRATEC,Jaypee Infratech Ltd.
2017-02-16,2017-03-31,ind_prs16022017,NIFTY_500,OUT,JSWHL,JSW Holdings Ltd.
2017-02-16,2017-03-31,ind_prs16022017,NIFTY_500,OUT,KSBPUMPS,KSB Pumps Ltd.
2017-02-16,2017-03-31,ind_prs16022017,NIFTY_500,OUT,LAOPALA,La Opala RG Ltd.
2017-02-16,2017-03-31,ind_prs16022017,NIFTY_500,OUT,LITL,Lanco Infratech Ltd.
2017-02-16,2017-03-31,ind_prs16022017,NIFTY_500,OUT,LINDEINDIA,Linde India Ltd.
2017-02-16,2017-03-31,ind_prs16022017,NIFTY_500,OUT,MAHLIFE,Mahindra Lifespace Developers Ltd.
2017-02-16,2017-03-31,ind_prs16022017,NIFTY_500,OUT,MAYURUNIQ,Mayur Uniquoters Ltd.
2017-02-16,2017-03-31,ind_prs16022017,NIFTY_500,OUT,SEQUENT,Sequent Scientific Ltd.
2017-02-16,2017-03-31,ind_prs16022017,NIFTY_500,OUT,SHOPERSTOP,Shoppers Stop Ltd.
2017-02-16,2017-03-31,ind_prs16022017,NIFTY_500,OUT,SIMPLEXINF,Simplex Infrastructures Ltd.
2017-02-16,2017-03-31,ind_prs16022017,NIFTY_500,OUT,SINTEX,Sintex Industries Ltd.
2017-02-16,2017-03-31,ind_prs16022017,NIFTY_500,OUT,SITINET,Siti Networks Ltd.
2017-02-16,2017-03-31,ind_prs16022017,NIFTY_500,OUT,SBBJ,State Bank of Bikaner & Jaipur Ltd.
2017-02-16,2017-03-31,ind_prs16022017,NIFTY_500,OUT,MYSOREBANK,State Bank of Mysore
2017-02-16,2017-03-31,ind_prs16022017,NIFTY_500,OUT,SBT,State Bank of Travancore
2017-02-16,2017-03-31,ind_prs16022017,NIFTY_500,OUT,SUPRAJIT,Suprajit Engineering Ltd.
2017-02-16,2017-03-31,ind_prs16022017,NIFTY_500,IN,DBL,Dilip Buildcon Ltd.
2017-02-16,2017-03-31,ind_prs16022017,NIFTY_500,IN,ENDURANCE,Endurance Technologies Ltd.
2017-02-16,2017-03-31,ind_prs16022017,NIFTY_500,IN,FMGOETZE,Federal-Mogul Goetze (India) Ltd.
2017-02-16,2017-03-31,ind_prs16022017,NIFTY_500,IN,FRETAIL,Future Retail Ltd.
2017-02-16,2017-03-31,ind_prs16022017,NIFTY_500,IN,GHCL,GHCL Ltd.
2017-02-16,2017-03-31,ind_prs16022017,NIFTY_500,IN,GNFC,Gujarat Narmada Valley Fertilizers and Chemicals Ltd.
2017-02-16,2017-03-31,ind_prs16022017,NIFTY_500,IN,GUJALKALI,Gujarat Alkalies & Chemicals Ltd.
2017-02-16,2017-03-31,ind_prs16022017,NIFTY_500,IN,ICICIPRULI,ICICI Prudential Life Insurance Company Ltd.
2017-02-16,2017-03-31,ind_prs16022017,NIFTY_500,IN,KNRCON,KNR Constructions Ltd.
2017-02-16,2017-03-31,ind_prs16022017,NIFTY_500,IN,LTI,Larsen & Toubro Infotech Ltd.
2017-02-16,2017-03-31,ind_prs16022017,NIFTY_500,IN,LTTS,L&T Technology Services Ltd.
2017-02-16,2017-03-31,ind_prs16022017,NIFTY_500,IN,MAXINDIA,Max India Ltd.
2017-02-16,2017-03-31,ind_prs16022017,NIFTY_500,IN,MGL,Mahanagar Gas Ltd.
2017-02-16,2017-03-31,ind_prs16022017,NIFTY_500,IN,MINDACORP,Minda Corporation Ltd.
2017-02-16,2017-03-31,ind_prs16022017,NIFTY_500,IN,MINDAIND,Minda Industries Ltd.
2017-02-16,2017-03-31,ind_prs16022017,NIFTY_500,IN,NAVNETEDUL,Navneet Education Ltd.
2017-02-16,2017-03-31,ind_prs16022017,NIFTY_500,IN,NBVENTURES,Nava Bharat Ventures Ltd.
2017-02-16,2017-03-31,ind_prs16022017,NIFTY_500,IN,PARAGMILK,Parag Milk Foods Ltd.
2017-02-16,2017-03-31,ind_prs16022017,NIFTY_500,IN,QUESS,Quess Corp Ltd.
2017-02-16,2017-03-31,ind_prs16022017,NIFTY_500,IN,RATNAMANI,Ratnamani Metals & Tubes Ltd.
2017-02-16,2017-03-31,ind_prs16022017,NIFTY_500,IN,SHILPI,Shilpi Cable Tech Ltd.
2017-02-16,2017-03-31,ind_prs16022017,NIFTY_500,IN,STRTECH,Sterlite Technologies Ltd.
2017-02-16,2017-03-31,ind_prs16022017,NIFTY_500,IN,SUDARSCHEM,Sudarshan Chemical Industries Ltd.
2017-02-16,2017-03-31,ind_prs16022017,NIFTY_500,IN,TATAINVEST,Tata Investment Corporation Ltd.
2017-02-16,2017-03-31,ind_prs16022017,NIFTY_500,IN,THYROCARE,Thyrocare Technologies Ltd.
2017-02-16,2017-03-31,ind_prs16022017,NIFTY_MIDCAP_150,OUT,INOXWIND,Inox Wind Ltd.
2017-02-16,2017-03-31,ind_prs16022017,NIFTY_MIDCAP_150,OUT,JETAIRWAYS,Jet Airways (India) Ltd.
2017-02-16,2017-03-31,ind_prs16022017,NIFTY_MIDCAP_150,OUT,JUSTDIAL,Justdial Ltd.
2017-02-16,2017-03-31,ind_prs16022017,NIFTY_MIDCAP_150,OUT,NETWORK18,Network18 Media & Investments Ltd.
2017-02-16,2017-03-31,ind_prs16022017,NIFTY_MIDCAP_150,OUT,PERSISTENT,Persistent Systems Ltd.
2017-02-16,2017-03-31,ind_prs16022017,NIFTY_MIDCAP_150,OUT,PETRONET,Petronet LNG Ltd.
2017-02-16,2017-03-31,ind_prs16022017,NIFTY_MIDCAP_150,OUT,RECLTD,Rural Electrification Corporation Ltd.
2017-02-16,2017-03-31,ind_prs16022017,NIFTY_MIDCAP_150,OUT,SADBHAV,Sadbhav Engineering Ltd.
2017-02-16,2017-03-31,ind_prs16022017,NIFTY_MIDCAP_150,OUT,TATAELXSI,Tata Elxsi Ltd.
2017-02-16,2017-03-31,ind_prs16022017,NIFTY_MIDCAP_150,IN,APOLLOHOSP,Apollo Hospitals Enterprises Ltd.
2017-02-16,2017-03-31,ind_prs16022017,NIFTY_MIDCAP_150,IN,BHARATFORG,Bharat Forge Ltd.
2017-02-16,2017-03-31,ind_prs16022017,NIFTY_MIDCAP_150,IN,CASTROLIND,Castrol India Ltd.
2017-02-16,2017-03-31,ind_prs16022017,NIFTY_MIDCAP_150,IN,ENDURANCE,Endurance Technologies Ltd.
2017-02-16,2017-03-31,ind_prs16022017,NIFTY_MIDCAP_150,IN,LTI,Larsen & Toubro Infotech Ltd.
2017-02-16,2017-03-31,ind_prs16022017,NIFTY_MIDCAP_150,IN,LTTS,L&T Technology Services Ltd.
2017-02-16,2017-03-31,ind_prs16022017,NIFTY_MIDCAP_150,IN,MANAPPURAM,Manappuram Finance Ltd.
2017-02-16,2017-03-31,ind_prs16022017,NIFTY_MIDCAP_150,IN,MOTILALOFS,Motilal Oswal Financial Services Ltd.
2017-02-16,2017-03-31,ind_prs16022017,NIFTY_MIDCAP_150,IN,QUESS,Quess Corp Ltd.
2017-02-16,2017-03-31,ind_prs16022017,NIFTY_SMALLCAP_250,OUT,ALOKTEXT,Alok Industries Ltd.
2017-02-16,2017-03-31,ind_prs16022017,NIFTY_SMALLCAP_250,OUT,BRFL,Bombay Rayon Fashions Ltd.
2017-02-16,2017-03-31,ind_prs16022017,NIFTY_SMALLCAP_250,OUT,BRIGADE,Brigade Enterprises Ltd.
2017-02-16,2017-03-31,ind_prs16022017,NIFTY_SMALLCAP_250,OUT,DYNAMATECH,Dynamatic Technologies Ltd.
2017-02-16,2017-03-31,ind_prs16022017,NIFTY_SMALLCAP_250,OUT,FLFL,Future Lifestyle Fashions Ltd.
2017-02-16,2017-03-31,ind_prs16022017,NIFTY_SMALLCAP_250,OUT,INGERRAND,Ingersoll Rand (India) Ltd.
2017-02-16,2017-03-31,ind_prs16022017,NIFTY_SMALLCAP_250,OUT,IPAPPM,International Paper APPM Ltd.
2017-02-16,2017-03-31,ind_prs16022017,NIFTY_SMALLCAP_250,OUT,JPPOWER,Jaiprakash Power Ventures Ltd.
2017-02-16,2017-03-31,ind_prs16022017,NIFTY_SMALLCAP_250,OUT,JPINFRATEC,Jaypee Infratech Ltd.
2017-02-16,2017-03-31,ind_prs16022017,NIFTY_SMALLCAP_250,OUT,JSWHL,JSW Holdings Ltd.
2017-02-16,2017-03-31,ind_prs16022017,NIFTY_SMALLCAP_250,OUT,KSBPUMPS,KSB Pumps Ltd.
2017-02-16,2017-03-31,ind_prs16022017,NIFTY_SMALLCAP_250,OUT,LAOPALA,La Opala RG Ltd.
2017-02-16,2017-03-31,ind_prs16022017,NIFTY_SMALLCAP_250,OUT,LITL,Lanco Infratech Ltd.
2017-02-16,2017-03-31,ind_prs16022017,NIFTY_SMALLCAP_250,OUT,LINDEINDIA,Linde India Ltd.
2017-02-16,2017-03-31,ind_prs16022017,NIFTY_SMALLCAP_250,OUT,MAHLIFE,Mahindra Lifespace Developers Ltd.
2017-02-16,2017-03-31,ind_prs16022017,NIFTY_SMALLCAP_250,OUT,MANAPPURAM,Manappuram Finance Ltd.
2017-02-16,2017-03-31,ind_prs16022017,NIFTY_SMALLCAP_250,OUT,MAYURUNIQ,Mayur Uniquoters Ltd.
2017-02-16,2017-03-31,ind_prs16022017,NIFTY_SMALLCAP_250,OUT,MOTILALOFS,Motilal Oswal Financial Services Ltd.
2017-02-16,2017-03-31,ind_prs16022017,NIFTY_SMALLCAP_250,OUT,SEQUENT,Sequent Scientific Ltd.
2017-02-16,2017-03-31,ind_prs16022017,NIFTY_SMALLCAP_250,OUT,SHOPERSTOP,Shoppers Stop Ltd.
2017-02-16,2017-03-31,ind_prs16022017,NIFTY_SMALLCAP_250,OUT,SIMPLEXINF,Simplex Infrastructures Ltd.
2017-02-16,2017-03-31,ind_prs16022017,NIFTY_SMALLCAP_250,OUT,SINTEX,Sintex Industries Ltd.
2017-02-16,2017-03-31,ind_prs16022017,NIFTY_SMALLCAP_250,OUT,SITINET,Siti Networks Ltd.
2017-02-16,2017-03-31,ind_prs16022017,NIFTY_SMALLCAP_250,OUT,SBBJ,State Bank of Bikaner & Jaipur Ltd.
2017-02-16,2017-03-31,ind_prs16022017,NIFTY_SMALLCAP_250,OUT,MYSOREBANK,State Bank of Mysore
2017-02-16,2017-03-31,ind_prs16022017,NIFTY_SMALLCAP_250,OUT,SBT,State Bank of Travancore
2017-02-16,2017-03-31,ind_prs16022017,NIFTY_SMALLCAP_250,OUT,SUPRAJIT,Suprajit Engineering Ltd.
2017-02-16,2017-03-31,ind_prs16022017,NIFTY_SMALLCAP_250,IN,DBL,Dilip Buildcon Ltd.
2017-02-16,2017-03-31,ind_prs16022017,NIFTY_SMALLCAP_250,IN,FMGOETZE,Federal-Mogul Goetze (India) Ltd.
2017-02-16,2017-03-31,ind_prs16022017,NIFTY_SMALLCAP_250,IN,FRETAIL,Future Retail Ltd.
2017-02-16,2017-03-31,ind_prs16022017,NIFTY_SMALLCAP_250,IN,GHCL,GHCL Ltd.
2017-02-16,2017-03-31,ind_prs16022017,NIFTY_SMALLCAP_250,IN,GNFC,Gujarat Narmada Valley Fertilizers and Chemicals Ltd.
2017-02-16,2017-03-31,ind_prs16022017,NIFTY_SMALLCAP_250,IN,GUJALKALI,Gujarat Alkalies & Chemicals Ltd.
2017-02-16,2017-03-31,ind_prs16022017,NIFTY_SMALLCAP_250,IN,INOXWIND,Inox Wind Ltd.
2017-02-16,2017-03-31,ind_prs16022017,NIFTY_SMALLCAP_250,IN,JETAIRWAYS,Jet Airways (India) Ltd.
2017-02-16,2017-03-31,ind_prs16022017,NIFTY_SMALLCAP_250,IN,JUSTDIAL,Justdial Ltd.
2017-02-16,2017-03-31,ind_prs16022017,NIFTY_SMALLCAP_250,IN,KNRCON,KNR Constructions Ltd.
2017-02-16,2017-03-31,ind_prs16022017,NIFTY_SMALLCAP_250,IN,MAXINDIA,Max India Ltd.
2017-02-16,2017-03-31,ind_prs16022017,NIFTY_SMALLCAP_250,IN,MGL,Mahanagar Gas Ltd.
2017-02-16,2017-03-31,ind_prs16022017,NIFTY_SMALLCAP_250,IN,MINDACORP,Minda Corporation Ltd.
2017-02-16,2017-03-31,ind_prs16022017,NIFTY_SMALLCAP_250,IN,MINDAIND,Minda Industries Ltd.
2017-02-16,2017-03-31,ind_prs16022017,NIFTY_SMALLCAP_250,IN,NAVNETEDUL,Navneet Education Ltd.
2017-02-16,2017-03-31,ind_prs16022017,NIFTY_SMALLCAP_250,IN,NBVENTURES,Nava Bharat Ventures Ltd.
2017-02-16,2017-03-31,ind_prs16022017,NIFTY_SMALLCAP_250,IN,NETWORK18,Network18 Media & Investments Ltd.
2017-02-16,2017-03-31,ind_prs16022017,NIFTY_SMALLCAP_250,IN,PARAGMILK,Parag Milk Foods Ltd.
2017-02-16,2017-03-31,ind_prs16022017,NIFTY_SMALLCAP_250,IN,PERSISTENT,Persistent Systems Ltd.
2017-02-16,2017-03-31,ind_prs16022017,NIFTY_SMALLCAP_250,IN,RATNAMANI,Ratnamani Metals & Tubes Ltd.
2017-02-16,2017-03-31,ind_prs16022017,NIFTY_SMALLCAP_250,IN,SADBHAV,Sadbhav Engineering Ltd.
2017-02-16,2017-03-31,ind_prs16022017,NIFTY_SMALLCAP_250,IN,SHILPI,Shilpi Cable Tech Ltd.
2017-02-16,2017-03-31,ind_prs16022017,NIFTY_SMALLCAP_250,IN,STRTECH,Sterlite Technologies Ltd.
2017-02-16,2017-03-31,ind_prs16022017,NIFTY_SMALLCAP_250,IN,SUDARSCHEM,Sudarshan Chemical Industries Ltd.
2017-02-16,2017-03-31,ind_prs16022017,NIFTY_SMALLCAP_250,IN,TATAELXSI,Tata Elxsi Ltd.
2017-02-16,2017-03-31,ind_prs16022017,NIFTY_SMALLCAP_250,IN,TATAINVEST,Tata Investment Corporation Ltd.
2017-02-16,2017-03-31,ind_prs16022017,NIFTY_SMALLCAP_250,IN,THYROCARE,Thyrocare Technologies Ltd.
2017-02-16,2017-03-31,ind_prs16022017,NIFTY_NEXT_50,OUT,APOLLOHOSP,Apollo Hospitals Enterprises Ltd.
2017-02-16,2017-03-31,ind_prs16022017,NIFTY_NEXT_50,OUT,BHARATFORG,Bharat Forge Ltd.
2017-02-16,2017-03-31,ind_prs16022017,NIFTY_NEXT_50,OUT,CASTROLIND,Castrol India Ltd.
2017-02-16,2017-03-31,ind_prs16022017,NIFTY_NEXT_50,OUT,IBULHSGFIN,Indiabulls Housing Finance Ltd.
2017-02-16,2017-03-31,ind_prs16022017,NIFTY_NEXT_50,OUT,IOC,Indian Oil Corporation Ltd.
2017-02-16,2017-03-31,ind_prs16022017,NIFTY_NEXT_50,IN,BHEL,Bharat Heavy Electricals Ltd.
2017-02-16,2017-03-31,ind_prs16022017,NIFTY_NEXT_50,IN,ICICIPRULI,ICICI Prudential Life Insurance Company Ltd.
2017-02-16,2017-03-31,ind_prs16022017,NIFTY_NEXT_50,IN,IDEA,Idea Cellular Ltd.
2017-02-16,2017-03-31,ind_prs16022017,NIFTY_NEXT_50,IN,PETRONET,Petronet LNG Ltd.
2017-02-16,2017-03-31,ind_prs16022017,NIFTY_NEXT_50,IN,RECLTD,Rural Electrification Corporation Ltd.
2020-03-16,2020-03-19,ind_prs16032020,NIFTY_50,OUT,YESBANK,Yes Bank Ltd.
2020-03-16,2020-03-19,ind_prs16032020,NIFTY_50,IN,SHREECEM,Shree Cement Ltd.
2020-03-16,2020-03-19,ind_prs16032020,NIFTY_NEXT_50,OUT,SHREECEM,Shree Cement Ltd.
2020-03-16,2020-03-19,ind_prs16032020,NIFTY_NEXT_50,IN,ADANITRANS,Adani Transmission Ltd.
2020-03-16,2020-03-19,ind_prs16032020,NIFTY_500,OUT,YESBANK,Yes Bank Ltd.
2020-03-16,2020-03-19,ind_prs16032020,NIFTY_500,IN,SWSOLAR,Sterling And Wilson Solar Ltd.
2020-03-16,2020-03-19,ind_prs16032020,NIFTY_MIDCAP_150,OUT,ADANITRANS,Adani Transmission Ltd.
2020-03-16,2020-03-19,ind_prs16032020,NIFTY_MIDCAP_150,IN,ADANIGREEN,Adani Green Energy Ltd.
2020-03-16,2020-03-19,ind_prs16032020,NIFTY_SMALLCAP_250,OUT,ADANIGREEN,Adani Green Energy Ltd.
2020-03-16,2020-03-19,ind_prs16032020,NIFTY_SMALLCAP_250,IN,SWSOLAR,Sterling And Wilson Solar Ltd.
2012-05-16,2012-05-21,ind_prs16052012,NIFTY_500,IN,SEINV,S.E. Investments Ltd.
2011-06-16,2011-06-21,ind_prs16062011,NIFTY_500,OUT,TV-18,Television Eighteen India Limited
2011-06-16,2011-06-21,ind_prs16062011,NIFTY_500,IN,IBREALEST,Indiabulls Real Estate Limited
2012-08-16,2012-09-28,ind_prs16082012,NIFTY_50,OUT,SAIL,Steel Authority of India Ltd.
2012-08-16,2012-09-28,ind_prs16082012,NIFTY_50,OUT,STER,Sterlite Industries (India) Ltd.
2012-08-16,2012-09-28,ind_prs16082012,NIFTY_50,IN,LUPIN,Lupin Ltd.
2012-08-16,2012-09-28,ind_prs16082012,NIFTY_50,IN,ULTRACEMCO,UltraTech Cement Ltd.
2012-08-16,2012-09-28,ind_prs16082012,NIFTY_NEXT_50,OUT,ANDHRABANK,Andhra Bank
2012-08-16,2012-09-28,ind_prs16082012,NIFTY_NEXT_50,OUT,BEL,Bharat Electronics Ltd.
2012-08-16,2012-09-28,ind_prs16082012,NIFTY_NEXT_50,OUT,LUPIN,Lupin Ltd.
2012-08-16,2012-09-28,ind_prs16082012,NIFTY_NEXT_50,OUT,ULTRACEMCO,UltraTech Cement Ltd.
2012-08-16,2012-09-28,ind_prs16082012,NIFTY_NEXT_50,IN,APOLLOHOSP,Apollo Hospitals Enterprises Ltd.
2012-08-16,2012-09-28,ind_prs16082012,NIFTY_NEXT_50,IN,BAJAJHLDNG,Bajaj Holdings & Investment Ltd.
2012-08-16,2012-09-28,ind_prs16082012,NIFTY_NEXT_50,IN,GODREJCP,Godrej Consumer Products Ltd.
2012-08-16,2012-09-28,ind_prs16082012,NIFTY_NEXT_50,IN,SAIL,Steel Authority of India Ltd.
2012-08-16,2012-09-28,ind_prs16082012,NIFTY_500,OUT,3IINFOTECH,3i Infotech Ltd.
2012-08-16,2012-09-28,ind_prs16082012,NIFTY_500,OUT,ARSSINFRA,ARSS Infrastructure Projects Ltd.
2012-08-16,2012-09-28,ind_prs16082012,NIFTY_500,OUT,EKC,Everest Kanto Cylinder Ltd.
2012-08-16,2012-09-28,ind_prs16082012,NIFTY_500,OUT,FIRSTLEASE,First Leasing Co. of India Ltd.
2012-08-16,2012-09-28,ind_prs16082012,NIFTY_500,OUT,GARDENSILK,Garden Silk Mills Ltd.
2012-08-16,2012-09-28,ind_prs16082012,NIFTY_500,OUT,GTLINFRA,GTL Infrastructure Ltd.
2012-08-16,2012-09-28,ind_prs16082012,NIFTY_500,OUT,GAEL,Gujarat Ambuja Exports Ltd.
2012-08-16,2012-09-28,ind_prs16082012,NIFTY_500,OUT,ICSA,ICSA (India) Ltd.
2012-08-16,2012-09-28,ind_prs16082012,NIFTY_500,OUT,JAYSREETEA,Jay Shree Tea & Industries Ltd.
2012-08-16,2012-09-28,ind_prs16082012,NIFTY_500,OUT,MIRCELECTR,Mirc Electronics Ltd.
2012-08-16,2012-09-28,ind_prs16082012,NIFTY_500,OUT,MOSERBAER,Moser Baer India Ltd.
2012-08-16,2012-09-28,ind_prs16082012,NIFTY_500,OUT,RELMEDIA,Reliance MediaWorks Ltd.
2012-08-16,2012-09-28,ind_prs16082012,NIFTY_500,OUT,STER,Sterlite Industries (India) Ltd.
2012-08-16,2012-09-28,ind_prs16082012,NIFTY_500,OUT,TAJGVK,Taj GVK Hotels & Resorts Ltd.
2012-08-16,2012-09-28,ind_prs16082012,NIFTY_500,OUT,TVTODAY,TV Today Network Ltd.
2012-08-16,2012-09-28,ind_prs16082012,NIFTY_500,IN,AUTOIND,Autoline Industries Ltd.
2012-08-16,2012-09-28,ind_prs16082012,NIFTY_500,IN,BALKRISIND,Balkrishna Industries Ltd.
2012-08-16,2012-09-28,ind_prs16082012,NIFTY_500,IN,BBTC,Bombay Burmah Trading Corporation Ltd.
2012-08-16,2012-09-28,ind_prs16082012,NIFTY_500,IN,FLEXITUFF,Flexituff International Ltd.
2012-08-16,2012-09-28,ind_prs16082012,NIFTY_500,IN,GATI,Gati Ltd.
2012-08-16,2012-09-28,ind_prs16082012,NIFTY_500,IN,INNOIND,Innoventive Industries Ltd.
2012-08-16,2012-09-28,ind_prs16082012,NIFTY_500,IN,JBFIND,JBF Industries Ltd.
2012-08-16,2012-09-28,ind_prs16082012,NIFTY_500,IN,MANDHANA,Mandhana Industries Ltd.
2012-08-16,2012-09-28,ind_prs16082012,NIFTY_500,IN,MANGCHEFER,Mangalore Chemicals & Fertilizers Ltd.
2012-08-16,2012-09-28,ind_prs16082012,NIFTY_500,IN,PFOCUS,Prime Focus Ltd.
2012-08-16,2012-09-28,ind_prs16082012,NIFTY_500,IN,SHLAKSHMI,Shri Lakshmi Cotsyn Ltd.
2012-08-16,2012-09-28,ind_prs16082012,NIFTY_500,IN,SHRIRAMCIT,Shriram City Union Finance Ltd.
2012-08-16,2012-09-28,ind_prs16082012,NIFTY_500,IN,SUPREMEINF,Supreme Infrastructure India Ltd.
2012-08-16,2012-09-28,ind_prs16082012,NIFTY_500,IN,TTKPRESTIG,TTK Prestige Ltd.
2012-08-16,2012-09-28,ind_prs16082012,NIFTY_500,IN,VAKRANSOFT,Vakrangee Software Ltd.
2010-09-16,2010-09-17,ind_prs16092010,NIFTY_500,OUT,PANTALOONR,Pantaloon Retail (India) Ltd.
2010-09-16,2010-09-17,ind_prs16092010,NIFTY_500,IN,JPINFRATEC,Jaypee Infratech Ltd.
2010-09-16,2010-09-17,ind_prs16092010,NIFTY_500,OUT,PANTALOONR,Pantaloon Retail (India) Ltd.
2010-09-16,2010-09-17,ind_prs16092010,NIFTY_500,IN,SUNTV,Sun TV Network Ltd.
2010-09-16,2010-09-17,ind_prs16092010,NIFTY_500,OUT,PANTALOONR,Pantaloon Retail (India) Ltd.
2010-09-16,2010-09-17,ind_prs16092010,NIFTY_500,IN,UBL,United Breweries Ltd.
2022-09-16,2022-09-30,ind_prs16092022,NIFTY_500,OUT,EQUITAS,Equitas Holdings Ltd.
2022-09-16,2022-09-30,ind_prs16092022,NIFTY_500,IN,SHOPERSTOP,Shoppers Stop Ltd.
2022-09-16,2022-09-30,ind_prs16092022,NIFTY_SMALLCAP_250,OUT,EQUITAS,Equitas Holdings Ltd.
2022-09-16,2022-09-30,ind_prs16092022,NIFTY_SMALLCAP_250,IN,SHOPERSTOP,Shoppers Stop Ltd.
2022-09-16,2022-09-30,ind_prs16092022,NIFTY_MICROCAP_250,OUT,SHOPERSTOP,Shoppers Stop Ltd.
2022-09-16,2022-09-30,ind_prs16092022,NIFTY_MICROCAP_250,IN,SAFARI,Safari Industries (India) Ltd.
2022-09-16,2022-09-30,ind_prs16092022,NIFTY_TOTAL_MARKET,OUT,EQUITAS,Equitas Holdings Ltd.
2022-09-16,2022-09-30,ind_prs16092022,NIFTY_TOTAL_MARKET,IN,SAFARI,Safari Industries (India) Ltd.
2017-10-16,2017-10-30,ind_prs16102017,NIFTY_500,OUT,FRETAIL,Future Retail Ltd.
2017-10-16,2017-10-30,ind_prs16102017,NIFTY_500,IN,HUDCO,Housing & Urban Development Corporation Ltd.
2017-10-16,2017-10-30,ind_prs16102017,NIFTY_MIDCAP_150,OUT,FRETAIL,Future Retail Ltd.
2017-10-16,2017-10-30,ind_prs16102017,NIFTY_MIDCAP_150,IN,HUDCO,Housing & Urban Development Corporation Ltd.
2019-12-16,2019-12-27,ind_prs16122019,NIFTY_500,OUT,ALBK,Allahabad Bank
2019-12-16,2019-12-27,ind_prs16122019,NIFTY_500,OUT,ANDHRABANK,Andhra Bank
2019-12-16,2019-12-27,ind_prs16122019,NIFTY_500,OUT,CORPBANK,Corporation Bank
2019-12-16,2019-12-27,ind_prs16122019,NIFTY_500,OUT,MAXINDIA,Max India Ltd.
2019-12-16,2019-12-27,ind_prs16122019,NIFTY_500,OUT,ORIENTBANK,Oriental Bank of Commerce
2019-12-16,2019-12-27,ind_prs16122019,NIFTY_500,OUT,SYNDIBANK,Syndicate Bank
2019-12-16,2019-12-27,ind_prs16122019,NIFTY_500,OUT,TATACHEM,Tata Chemicals Ltd.
2019-12-16,2019-12-27,ind_prs16122019,NIFTY_500,IN,AARTIIND,Aarti Industries Ltd.
2019-12-16,2019-12-27,ind_prs16122019,NIFTY_500,IN,ASAHIINDIA,Asahi India Glass Ltd.
2019-12-16,2019-12-27,ind_prs16122019,NIFTY_500,IN,INDIAMART,Indiamart Intermesh Ltd.
2019-12-16,2019-12-27,ind_prs16122019,NIFTY_500,IN,SPANDANA,Spandana Sphoorty Financial Ltd.
2019-12-16,2019-12-27,ind_prs16122019,NIFTY_500,IN,SPICEJET,Spicejet Ltd.
2019-12-16,2019-12-27,ind_prs16122019,NIFTY_500,IN,TRITURBINE,Triveni Turbine Ltd.
2019-12-16,2019-12-27,ind_prs16122019,NIFTY_500,IN,WESTLIFE,Westlife Development Ltd.
2019-12-16,2019-12-27,ind_prs16122019,NIFTY_MIDCAP_150,OUT,ALBK,Allahabad Bank
2019-12-16,2019-12-27,ind_prs16122019,NIFTY_MIDCAP_150,OUT,CORPBANK,Corporation Bank
2019-12-16,2019-12-27,ind_prs16122019,NIFTY_MIDCAP_150,OUT,ORIENTBANK,Oriental Bank of Commerce
2019-12-16,2019-12-27,ind_prs16122019,NIFTY_MIDCAP_150,OUT,TATACHEM,Tata Chemicals Ltd.
2019-12-16,2019-12-27,ind_prs16122019,NIFTY_MIDCAP_150,IN,AARTIIND,Aarti Industries Ltd.
2019-12-16,2019-12-27,ind_prs16122019,NIFTY_MIDCAP_150,IN,LALPATHLAB,Dr. Lal Path Labs Ltd.
2019-12-16,2019-12-27,ind_prs16122019,NIFTY_MIDCAP_150,IN,POLYCAB,Polycab India Ltd.
2019-12-16,2019-12-27,ind_prs16122019,NIFTY_MIDCAP_150,IN,SCHAEFFLER,Schaeffler India Ltd.
2019-12-16,2019-12-27,ind_prs16122019,NIFTY_SMALLCAP_250,OUT,ANDHRABANK,Andhra Bank
2019-12-16,2019-12-27,ind_prs16122019,NIFTY_SMALLCAP_250,OUT,LALPATHLAB,Dr. Lal Path Labs Ltd.
2019-12-16,2019-12-27,ind_prs16122019,NIFTY_SMALLCAP_250,OUT,MAXINDIA,Max India Ltd.
2019-12-16,2019-12-27,ind_prs16122019,NIFTY_SMALLCAP_250,OUT,POLYCAB,Polycab India Ltd.
2019-12-16,2019-12-27,ind_prs16122019,NIFTY_SMALLCAP_250,OUT,SCHAEFFLER,Schaeffler India Ltd.
2019-12-16,2019-12-27,ind_prs16122019,NIFTY_SMALLCAP_250,OUT,SYNDIBANK,Syndicate Bank
2019-12-16,2019-12-27,ind_prs16122019,NIFTY_SMALLCAP_250,IN,ASAHIINDIA,Asahi India Glass Ltd.
2019-12-16,2019-12-27,ind_prs16122019,NIFTY_SMALLCAP_250,IN,INDIAMART,Indiamart Intermesh Ltd.
2019-12-16,2019-12-27,ind_prs16122019,NIFTY_SMALLCAP_250,IN,SPANDANA,Spandana Sphoorty Financial Ltd.
2019-12-16,2019-12-27,ind_prs16122019,NIFTY_SMALLCAP_250,IN,SPICEJET,Spicejet Ltd.
2019-12-16,2019-12-27,ind_prs16122019,NIFTY_SMALLCAP_250,IN,TRITURBINE,Triveni Turbine Ltd.
2019-12-16,2019-12-27,ind_prs16122019,NIFTY_SMALLCAP_250,IN,WESTLIFE,Westlife Development Ltd.
2023-02-17,2023-03-31,ind_prs17022023_1,NIFTY_NEXT_50,OUT,BANDHANBNK,Bandhan Bank Ltd.
2023-02-17,2023-03-31,ind_prs17022023_1,NIFTY_NEXT_50,OUT,BIOCON,Biocon Ltd.
2023-02-17,2023-03-31,ind_prs17022023_1,NIFTY_NEXT_50,OUT,GLAND,Gland Pharma Ltd.
2023-02-17,2023-03-31,ind_prs17022023_1,NIFTY_NEXT_50,OUT,MPHASIS,MphasiS Ltd.
2023-02-17,2023-03-31,ind_prs17022023_1,NIFTY_NEXT_50,OUT,PAYTM,One 97 Communications Ltd.
2023-02-17,2023-03-31,ind_prs17022023_1,NIFTY_NEXT_50,IN,ABB,ABB India Ltd.
2023-02-17,2023-03-31,ind_prs17022023_1,NIFTY_NEXT_50,IN,AWL,Adani Wilmar Ltd.
2023-02-17,2023-03-31,ind_prs17022023_1,NIFTY_NEXT_50,IN,CANBK,Canara Bank
2023-02-17,2023-03-31,ind_prs17022023_1,NIFTY_NEXT_50,IN,PAGEIND,Page Industries Ltd.
2023-02-17,2023-03-31,ind_prs17022023_1,NIFTY_NEXT_50,IN,VBL,Varun Beverages Ltd.
2023-02-17,2023-03-31,ind_prs17022023_1,NIFTY_500,OUT,ABSLAMC,Aditya Birla Sun Life AMC Ltd.
2023-02-17,2023-03-31,ind_prs17022023_1,NIFTY_500,OUT,ALOKINDS,Alok Industries Ltd.
2023-02-17,2023-03-31,ind_prs17022023_1,NIFTY_500,OUT,ASTRAZEN,AstraZenca Pharma India Ltd.
2023-02-17,2023-03-31,ind_prs17022023_1,NIFTY_500,OUT,BHARATRAS,Bharat Rasayan Ltd.
2023-02-17,2023-03-31,ind_prs17022023_1,NIFTY_500,OUT,CAPLIPOINT,Caplin Point Laboratories Ltd.
2023-02-17,2023-03-31,ind_prs17022023_1,NIFTY_500,OUT,DHANI,Dhani Services Ltd.
2023-02-17,2023-03-31,ind_prs17022023_1,NIFTY_500,OUT,DBL,Dilip Buildcon Ltd.
2023-02-17,2023-03-31,ind_prs17022023_1,NIFTY_500,OUT,HATSUN,Hatsun Agro Product Ltd.
2023-02-17,2023-03-31,ind_prs17022023_1,NIFTY_500,OUT,INDOCO,Indoco Remedies Ltd.
2023-02-17,2023-03-31,ind_prs17022023_1,NIFTY_500,OUT,MOIL,MOIL Ltd.
2023-02-17,2023-03-31,ind_prs17022023_1,NIFTY_500,OUT,PRIVISCL,Privi Speciality Chemicals Ltd.
2023-02-17,2023-03-31,ind_prs17022023_1,NIFTY_500,OUT,PGHL,Procter & Gamble Health Ltd.
2023-02-17,2023-03-31,ind_prs17022023_1,NIFTY_500,OUT,SFL,Sheela Foam Ltd.
2023-02-17,2023-03-31,ind_prs17022023_1,NIFTY_500,OUT,SHILPAMED,Shilpa Medicare Ltd.
2023-02-17,2023-03-31,ind_prs17022023_1,NIFTY_500,OUT,SIS,SIS Ltd.
2023-02-17,2023-03-31,ind_prs17022023_1,NIFTY_500,OUT,SUDARSCHEM,Sudarshan Chemical Industries Ltd.
2023-02-17,2023-03-31,ind_prs17022023_1,NIFTY_500,OUT,SYMPHONY,Symphony Ltd.
2023-02-17,2023-03-31,ind_prs17022023_1,NIFTY_500,OUT,TATACOFFEE,Tata Coffee Ltd.*
2023-02-17,2023-03-31,ind_prs17022023_1,NIFTY_500,OUT,THYROCARE,Thyrocare Technologies Ltd.
2023-02-17,2023-03-31,ind_prs17022023_1,NIFTY_500,OUT,WOCKPHARMA,Wockhardt Ltd.
2023-02-17,2023-03-31,ind_prs17022023_1,NIFTY_500,IN,AARTIIND,Aarti Industries Ltd.
2023-02-17,2023-03-31,ind_prs17022023_1,NIFTY_500,IN,ADANIPOWER,Adani Power Ltd.
2023-02-17,2023-03-31,ind_prs17022023_1,NIFTY_500,IN,APARINDS,Apar Industries Ltd.
2023-02-17,2023-03-31,ind_prs17022023_1,NIFTY_500,IN,ACI,Archean Chemical Industries Ltd.
2023-02-17,2023-03-31,ind_prs17022023_1,NIFTY_500,IN,BIKAJI,Bikaji Foods International Ltd.
2023-02-17,2023-03-31,ind_prs17022023_1,NIFTY_500,IN,BLS,BLS International Services Ltd.
2023-02-17,2023-03-31,ind_prs17022023_1,NIFTY_500,IN,CRAFTSMAN,Craftsman Automation Ltd.
2023-02-17,2023-03-31,ind_prs17022023_1,NIFTY_500,IN,DATAPATTNS,Data Patterns (India) Ltd.
2023-02-17,2023-03-31,ind_prs17022023_1,NIFTY_500,IN,FIVESTAR,Five-Star Business Finance Ltd.
2023-02-17,2023-03-31,ind_prs17022023_1,NIFTY_500,IN,MEDANTA,Global Health Ltd.
2023-02-17,2023-03-31,ind_prs17022023_1,NIFTY_500,IN,INGERRAND,Ingersoll Rand (India) Ltd.
2023-02-17,2023-03-31,ind_prs17022023_1,NIFTY_500,IN,JINDWORLD,Jindal Worldwide Ltd.
2023-02-17,2023-03-31,ind_prs17022023_1,NIFTY_500,IN,KENNAMET,Kennametal India Ltd.
2023-02-17,2023-03-31,ind_prs17022023_1,NIFTY_500,IN,RUSTOMJEE,Keystone Realtors Ltd.
2023-02-17,2023-03-31,ind_prs17022023_1,NIFTY_500,IN,KFINTECH,KFin Technologies Ltd.
2023-02-17,2023-03-31,ind_prs17022023_1,NIFTY_500,IN,KSB,KSB Ltd.
2023-02-17,2023-03-31,ind_prs17022023_1,NIFTY_500,IN,MFL,Meghmani Finechem Ltd.
2023-02-17,2023-03-31,ind_prs17022023_1,NIFTY_500,IN,NMDC,NMDC Ltd.
2023-02-17,2023-03-31,ind_prs17022023_1,NIFTY_500,IN,PEL,Piramal Enterprises Ltd.
2023-02-17,2023-03-31,ind_prs17022023_1,NIFTY_500,IN,TMB,Tamilnad Mercantile Bank Ltd.
2023-02-17,2023-03-31,ind_prs17022023_1,NIFTY_MIDCAP_150,OUT,ABB,ABB India Ltd.
2023-02-17,2023-03-31,ind_prs17022023_1,NIFTY_MIDCAP_150,OUT,AWL,Adani Wilmar Ltd.
2023-02-17,2023-03-31,ind_prs17022023_1,NIFTY_MIDCAP_150,OUT,APLLTD,Alembic Pharmaceuticals Ltd.
2023-02-17,2023-03-31,ind_prs17022023_1,NIFTY_MIDCAP_150,OUT,CANBK,Canara Bank
2023-02-17,2023-03-31,ind_prs17022023_1,NIFTY_MIDCAP_150,OUT,GSPL,Gujarat State Petronet Ltd.
2023-02-17,2023-03-31,ind_prs17022023_1,NIFTY_MIDCAP_150,OUT,HATSUN,Hatsun Agro Product Ltd.
2023-02-17,2023-03-31,ind_prs17022023_1,NIFTY_MIDCAP_150,OUT,INDIAMART,Indiamart Intermesh Ltd.
2023-02-17,2023-03-31,ind_prs17022023_1,NIFTY_MIDCAP_150,OUT,IEX,Indian Energy Exchange Ltd.
2023-02-17,2023-03-31,ind_prs17022023_1,NIFTY_MIDCAP_150,OUT,NATCOPHARM,NATCO Pharma Ltd.
2023-02-17,2023-03-31,ind_prs17022023_1,NIFTY_MIDCAP_150,OUT,NATIONALUM,National Aluminium Co. Ltd.
2023-02-17,2023-03-31,ind_prs17022023_1,NIFTY_MIDCAP_150,OUT,PAGEIND,Page Industries Ltd.
2023-02-17,2023-03-31,ind_prs17022023_1,NIFTY_MIDCAP_150,OUT,SANOFI,Sanofi India Ltd.
2023-02-17,2023-03-31,ind_prs17022023_1,NIFTY_MIDCAP_150,OUT,VBL,Varun Beverages Ltd.
2023-02-17,2023-03-31,ind_prs17022023_1,NIFTY_MIDCAP_150,IN,AARTIIND,Aarti Industries Ltd.
2023-02-17,2023-03-31,ind_prs17022023_1,NIFTY_MIDCAP_150,IN,ADANIPOWER,Adani Power Ltd.
2023-02-17,2023-03-31,ind_prs17022023_1,NIFTY_MIDCAP_150,IN,APOLLOTYRE,Apollo Tyres Ltd.
2023-02-17,2023-03-31,ind_prs17022023_1,NIFTY_MIDCAP_150,IN,BANDHANBNK,Bandhan Bank Ltd.
2023-02-17,2023-03-31,ind_prs17022023_1,NIFTY_MIDCAP_150,IN,BIOCON,Biocon Ltd.
2023-02-17,2023-03-31,ind_prs17022023_1,NIFTY_MIDCAP_150,IN,FINEORG,Fine Organic Industries Ltd.
2023-02-17,2023-03-31,ind_prs17022023_1,NIFTY_MIDCAP_150,IN,GLAND,Gland Pharma Ltd.
2023-02-17,2023-03-31,ind_prs17022023_1,NIFTY_MIDCAP_150,IN,METROBRAND,Metro Brands Ltd.
2023-02-17,2023-03-31,ind_prs17022023_1,NIFTY_MIDCAP_150,IN,MPHASIS,MphasiS Ltd.
2023-02-17,2023-03-31,ind_prs17022023_1,NIFTY_MIDCAP_150,IN,NMDC,NMDC Ltd.
2023-02-17,2023-03-31,ind_prs17022023_1,NIFTY_MIDCAP_150,IN,PAYTM,One 97 Communications Ltd.
2023-02-17,2023-03-31,ind_prs17022023_1,NIFTY_MIDCAP_150,IN,PEL,Piramal Enterprises Ltd.
2023-02-17,2023-03-31,ind_prs17022023_1,NIFTY_MIDCAP_150,IN,TIMKEN,Timken India Ltd.
2023-02-17,2023-03-31,ind_prs17022023_1,NIFTY_SMALLCAP_250,OUT,ABSLAMC,Aditya Birla Sun Life AMC Ltd.
2023-02-17,2023-03-31,ind_prs17022023_1,NIFTY_SMALLCAP_250,OUT,ALOKINDS,Alok Industries Ltd.
2023-02-17,2023-03-31,ind_prs17022023_1,NIFTY_SMALLCAP_250,OUT,APOLLOTYRE,Apollo Tyres Ltd.
2023-02-17,2023-03-31,ind_prs17022023_1,NIFTY_SMALLCAP_250,OUT,ASTRAZEN,AstraZenca Pharma India Ltd.
2023-02-17,2023-03-31,ind_prs17022023_1,NIFTY_SMALLCAP_250,OUT,BHARATRAS,Bharat Rasayan Ltd.
2023-02-17,2023-03-31,ind_prs17022023_1,NIFTY_SMALLCAP_250,OUT,CAPLIPOINT,Caplin Point Laboratories Ltd.
2023-02-17,2023-03-31,ind_prs17022023_1,NIFTY_SMALLCAP_250,OUT,DHANI,Dhani Services Ltd.
2023-02-17,2023-03-31,ind_prs17022023_1,NIFTY_SMALLCAP_250,OUT,DBL,Dilip Buildcon Ltd.
2023-02-17,2023-03-31,ind_prs17022023_1,NIFTY_SMALLCAP_250,OUT,FINEORG,Fine Organic Industries Ltd.
2023-02-17,2023-03-31,ind_prs17022023_1,NIFTY_SMALLCAP_250,OUT,INDOCO,Indoco Remedies Ltd.
2023-02-17,2023-03-31,ind_prs17022023_1,NIFTY_SMALLCAP_250,OUT,METROBRAND,Metro Brands Ltd.
2023-02-17,2023-03-31,ind_prs17022023_1,NIFTY_SMALLCAP_250,OUT,MOIL,MOIL Ltd.
2023-02-17,2023-03-31,ind_prs17022023_1,NIFTY_SMALLCAP_250,OUT,PRIVISCL,Privi Speciality Chemicals Ltd.
2023-02-17,2023-03-31,ind_prs17022023_1,NIFTY_SMALLCAP_250,OUT,PGHL,Procter & Gamble Health Ltd.
2023-02-17,2023-03-31,ind_prs17022023_1,NIFTY_SMALLCAP_250,OUT,SFL,Sheela Foam Ltd.
2023-02-17,2023-03-31,ind_prs17022023_1,NIFTY_SMALLCAP_250,OUT,SHILPAMED,Shilpa Medicare Ltd.
2023-02-17,2023-03-31,ind_prs17022023_1,NIFTY_SMALLCAP_250,OUT,SIS,SIS Ltd.
2023-02-17,2023-03-31,ind_prs17022023_1,NIFTY_SMALLCAP_250,OUT,SUDARSCHEM,Sudarshan Chemical Industries Ltd.
2023-02-17,2023-03-31,ind_prs17022023_1,NIFTY_SMALLCAP_250,OUT,SYMPHONY,Symphony Ltd.
2023-02-17,2023-03-31,ind_prs17022023_1,NIFTY_SMALLCAP_250,OUT,TATACOFFEE,Tata Coffee Ltd.*
2023-02-17,2023-03-31,ind_prs17022023_1,NIFTY_SMALLCAP_250,OUT,THYROCARE,Thyrocare Technologies Ltd.
2023-02-17,2023-03-31,ind_prs17022023_1,NIFTY_SMALLCAP_250,OUT,TIMKEN,Timken India Ltd.
2023-02-17,2023-03-31,ind_prs17022023_1,NIFTY_SMALLCAP_250,OUT,WOCKPHARMA,Wockhardt Ltd.
2023-02-17,2023-03-31,ind_prs17022023_1,NIFTY_SMALLCAP_250,IN,APLLTD,Alembic Pharmaceuticals Ltd.
2023-02-17,2023-03-31,ind_prs17022023_1,NIFTY_SMALLCAP_250,IN,APARINDS,Apar Industries Ltd.
2023-02-17,2023-03-31,ind_prs17022023_1,NIFTY_SMALLCAP_250,IN,ACI,Archean Chemical Industries Ltd.
2023-02-17,2023-03-31,ind_prs17022023_1,NIFTY_SMALLCAP_250,IN,BIKAJI,Bikaji Foods International Ltd.
2023-02-17,2023-03-31,ind_prs17022023_1,NIFTY_SMALLCAP_250,IN,BLS,BLS International Services Ltd.
2023-02-17,2023-03-31,ind_prs17022023_1,NIFTY_SMALLCAP_250,IN,CRAFTSMAN,Craftsman Automation Ltd.
2023-02-17,2023-03-31,ind_prs17022023_1,NIFTY_SMALLCAP_250,IN,DATAPATTNS,Data Patterns (India) Ltd.
2023-02-17,2023-03-31,ind_prs17022023_1,NIFTY_SMALLCAP_250,IN,FIVESTAR,Five-Star Business Finance Ltd.
2023-02-17,2023-03-31,ind_prs17022023_1,NIFTY_SMALLCAP_250,IN,MEDANTA,Global Health Ltd.
2023-02-17,2023-03-31,ind_prs17022023_1,NIFTY_SMALLCAP_250,IN,GSPL,Gujarat State Petronet Ltd.
2023-02-17,2023-03-31,ind_prs17022023_1,NIFTY_SMALLCAP_250,IN,INDIAMART,Indiamart Intermesh Ltd.
2023-02-17,2023-03-31,ind_prs17022023_1,NIFTY_SMALLCAP_250,IN,IEX,Indian Energy Exchange Ltd.
2023-02-17,2023-03-31,ind_prs17022023_1,NIFTY_SMALLCAP_250,IN,INGERRAND,Ingersoll Rand (India) Ltd.
2023-02-17,2023-03-31,ind_prs17022023_1,NIFTY_SMALLCAP_250,IN,JINDWORLD,Jindal Worldwide Ltd.
2023-02-17,2023-03-31,ind_prs17022023_1,NIFTY_SMALLCAP_250,IN,KENNAMET,Kennametal India Ltd.
2023-02-17,2023-03-31,ind_prs17022023_1,NIFTY_SMALLCAP_250,IN,RUSTOMJEE,Keystone Realtors Ltd.
2023-02-17,2023-03-31,ind_prs17022023_1,NIFTY_SMALLCAP_250,IN,KFINTECH,KFin Technologies Ltd.
2023-02-17,2023-03-31,ind_prs17022023_1,NIFTY_SMALLCAP_250,IN,KSB,KSB Ltd.
2023-02-17,2023-03-31,ind_prs17022023_1,NIFTY_SMALLCAP_250,IN,MFL,Meghmani Finechem Ltd.
2023-02-17,2023-03-31,ind_prs17022023_1,NIFTY_SMALLCAP_250,IN,NATCOPHARM,NATCO Pharma Ltd.
2023-02-17,2023-03-31,ind_prs17022023_1,NIFTY_SMALLCAP_250,IN,NATIONALUM,National Aluminium Co. Ltd.
2023-02-17,2023-03-31,ind_prs17022023_1,NIFTY_SMALLCAP_250,IN,SANOFI,Sanofi India Ltd.
2023-02-17,2023-03-31,ind_prs17022023_1,NIFTY_SMALLCAP_250,IN,TMB,Tamilnad Mercantile Bank Ltd.
2023-02-17,2023-03-31,ind_prs17022023_1,NIFTY_MICROCAP_250,OUT,AHLUCONT,Ahluwalia Contracts (India) Ltd.
2023-02-17,2023-03-31,ind_prs17022023_1,NIFTY_MICROCAP_250,OUT,ALEMBICLTD,Alembic Ltd.
2023-02-17,2023-03-31,ind_prs17022023_1,NIFTY_MICROCAP_250,OUT,AMRUTANJAN,Amrutanjan Health Care Ltd.
2023-02-17,2023-03-31,ind_prs17022023_1,NIFTY_MICROCAP_250,OUT,APARINDS,Apar Industries Ltd.
2023-02-17,2023-03-31,ind_prs17022023_1,NIFTY_MICROCAP_250,OUT,BLS,BLS International Services Ltd.
2023-02-17,2023-03-31,ind_prs17022023_1,NIFTY_MICROCAP_250,OUT,BOROLTD,Borosil Ltd.*
2023-02-17,2023-03-31,ind_prs17022023_1,NIFTY_MICROCAP_250,OUT,CHOICEIN,Choice International Ltd.
2023-02-17,2023-03-31,ind_prs17022023_1,NIFTY_MICROCAP_250,OUT,CRAFTSMAN,Craftsman Automation Ltd.
2023-02-17,2023-03-31,ind_prs17022023_1,NIFTY_MICROCAP_250,OUT,DATAPATTNS,Data Patterns (India) Ltd.
2023-02-17,2023-03-31,ind_prs17022023_1,NIFTY_MICROCAP_250,OUT,DHANUKA,Dhanuka Agritech Ltd.
2023-02-17,2023-03-31,ind_prs17022023_1,NIFTY_MICROCAP_250,OUT,DOLATALGO,Dolat Algotech Ltd.
2023-02-17,2023-03-31,ind_prs17022023_1,NIFTY_MICROCAP_250,OUT,EKC,Everest Kanto Cylinder Ltd.
2023-02-17,2023-03-31,ind_prs17022023_1,NIFTY_MICROCAP_250,OUT,GANESHHOUC,Ganesh Housing Corporation Ltd.
2023-02-17,2023-03-31,ind_prs17022023_1,NIFTY_MICROCAP_250,OUT,GRWRHITECH,Garware Hi-Tech Films Ltd.
2023-02-17,2023-03-31,ind_prs17022023_1,NIFTY_MICROCAP_250,OUT,GEOJITFSL,Geojit Financial Services Ltd.
2023-02-17,2023-03-31,ind_prs17022023_1,NIFTY_MICROCAP_250,OUT,GULFOILLUB,Gulf Oil Lubricants India Ltd.
2023-02-17,2023-03-31,ind_prs17022023_1,NIFTY_MICROCAP_250,OUT,HIMATSEIDE,Himatsingka Seide Ltd.
2023-02-17,2023-03-31,ind_prs17022023_1,NIFTY_MICROCAP_250,OUT,IGPL,I G Petrochemicals Ltd.
2023-02-17,2023-03-31,ind_prs17022023_1,NIFTY_MICROCAP_250,OUT,IIFLSEC,IIFL Securities Ltd.
2023-02-17,2023-03-31,ind_prs17022023_1,NIFTY_MICROCAP_250,OUT,INDORAMA,Indo Rama Synthetics Ltd.
2023-02-17,2023-03-31,ind_prs17022023_1,NIFTY_MICROCAP_250,OUT,INDOSTAR,IndoStar Capital Finance Ltd.
2023-02-17,2023-03-31,ind_prs17022023_1,NIFTY_MICROCAP_250,OUT,INGERRAND,Ingersoll Rand (India) Ltd.
2023-02-17,2023-03-31,ind_prs17022023_1,NIFTY_MICROCAP_250,OUT,JINDWORLD,Jindal Worldwide Ltd.
2023-02-17,2023-03-31,ind_prs17022023_1,NIFTY_MICROCAP_250,OUT,JCHAC,Johnson Controls - Hitachi Air Conditioning India Ltd.
2023-02-17,2023-03-31,ind_prs17022023_1,NIFTY_MICROCAP_250,OUT,JSWISPL,JSW Ispat Special Products Ltd.
2023-02-17,2023-03-31,ind_prs17022023_1,NIFTY_MICROCAP_250,OUT,KENNAMET,Kennametal India Ltd.
2023-02-17,2023-03-31,ind_prs17022023_1,NIFTY_MICROCAP_250,OUT,KSB,KSB Ltd.
2023-02-17,2023-03-31,ind_prs17022023_1,NIFTY_MICROCAP_250,OUT,MATRIMONY,Matrimony.Com Ltd.
2023-02-17,2023-03-31,ind_prs17022023_1,NIFTY_MICROCAP_250,OUT,MFL,Meghmani Finechem Ltd.
2023-02-17,2023-03-31,ind_prs17022023_1,NIFTY_MICROCAP_250,OUT,OMAXE,Omaxe Ltd.
2023-02-17,2023-03-31,ind_prs17022023_1,NIFTY_MICROCAP_250,OUT,ORISSAMINE,Orissa Min Dev Co Ltd.
2023-02-17,2023-03-31,ind_prs17022023_1,NIFTY_MICROCAP_250,OUT,RESPONIND,Responsive Industries Ltd.
2023-02-17,2023-03-31,ind_prs17022023_1,NIFTY_MICROCAP_250,OUT,RPSGVENT,RPSG Ventures Ltd.
2023-02-17,2023-03-31,ind_prs17022023_1,NIFTY_MICROCAP_250,OUT,SHK,S H Kelkar and Company Ltd.
2023-02-17,2023-03-31,ind_prs17022023_1,NIFTY_MICROCAP_250,OUT,SEAMECLTD,SEAMEC Ltd.
2023-02-17,2023-03-31,ind_prs17022023_1,NIFTY_MICROCAP_250,OUT,STEELXIND,Steel Exchange India Ltd.
2023-02-17,2023-03-31,ind_prs17022023_1,NIFTY_MICROCAP_250,OUT,SURYODAY,Suryoday Small Finance Bank Ltd.
2023-02-17,2023-03-31,ind_prs17022023_1,NIFTY_MICROCAP_250,OUT,TMB,Tamilnad Mercantile Bank Ltd.
2023-02-17,2023-03-31,ind_prs17022023_1,NIFTY_MICROCAP_250,OUT,TASTYBITE,Tasty Bite Eatables Ltd.
2023-02-17,2023-03-31,ind_prs17022023_1,NIFTY_MICROCAP_250,OUT,TIIL,Technocraft Industries (India) Ltd.
2023-02-17,2023-03-31,ind_prs17022023_1,NIFTY_MICROCAP_250,OUT,VIDHIING,Vidhi Specialty Food Ingredients Ltd.
2023-02-17,2023-03-31,ind_prs17022023_1,NIFTY_MICROCAP_250,IN,ALOKINDS,Alok Industries Ltd.
2023-02-17,2023-03-31,ind_prs17022023_1,NIFTY_MICROCAP_250,IN,ASTRAZEN,AstraZenca Pharma India Ltd.
2023-02-17,2023-03-31,ind_prs17022023_1,NIFTY_MICROCAP_250,IN,CAPLIPOINT,Caplin Point Laboratories Ltd.
2023-02-17,2023-03-31,ind_prs17022023_1,NIFTY_MICROCAP_250,IN,DCXINDIA,DCX Systems Ltd.
2023-02-17,2023-03-31,ind_prs17022023_1,NIFTY_MICROCAP_250,IN,DHANI,Dhani Services Ltd.
2023-02-17,2023-03-31,ind_prs17022023_1,NIFTY_MICROCAP_250,IN,DBL,Dilip Buildcon Ltd.
2023-02-17,2023-03-31,ind_prs17022023_1,NIFTY_MICROCAP_250,IN,EMIL,Electronics Mart India Ltd.
2023-02-17,2023-03-31,ind_prs17022023_1,NIFTY_MICROCAP_250,IN,FIEMIND,Fiem Industries Ltd
2023-02-17,2023-03-31,ind_prs17022023_1,NIFTY_MICROCAP_250,IN,FUSION,Fusion Micro Finance Ltd.
2023-02-17,2023-03-31,ind_prs17022023_1,NIFTY_MICROCAP_250,IN,GRMOVER,GRM Overseas Ltd.
2023-02-17,2023-03-31,ind_prs17022023_1,NIFTY_MICROCAP_250,IN,HARSHA,Harsha Engineers International Ltd.
2023-02-17,2023-03-31,ind_prs17022023_1,NIFTY_MICROCAP_250,IN,INDOCO,Indoco Remedies Ltd.
2023-02-17,2023-03-31,ind_prs17022023_1,NIFTY_MICROCAP_250,IN,JTEKTINDIA,JTEKT India Ltd.
2023-02-17,2023-03-31,ind_prs17022023_1,NIFTY_MICROCAP_250,IN,JWL,Jupiter Wagons Ltd.
2023-02-17,2023-03-31,ind_prs17022023_1,NIFTY_MICROCAP_250,IN,KAYNES,Kaynes Technology India Ltd.
2023-02-17,2023-03-31,ind_prs17022023_1,NIFTY_MICROCAP_250,IN,KKCL,Kewal Kiran Clothing Ltd.
2023-02-17,2023-03-31,ind_prs17022023_1,NIFTY_MICROCAP_250,IN,KIRLOSBROS,Kirloskar Brothers Ltd.
2023-02-17,2023-03-31,ind_prs17022023_1,NIFTY_MICROCAP_250,IN,LANDMARK,Landmark Cars Ltd.
2023-02-17,2023-03-31,ind_prs17022023_1,NIFTY_MICROCAP_250,IN,MOIL,MOIL Ltd.
2023-02-17,2023-03-31,ind_prs17022023_1,NIFTY_MICROCAP_250,IN,NDTV,NDTV Ltd.
2023-02-17,2023-03-31,ind_prs17022023_1,NIFTY_MICROCAP_250,IN,PCJEWELLER,PC Jeweller Ltd.
2023-02-17,2023-03-31,ind_prs17022023_1,NIFTY_MICROCAP_250,IN,PGEL,PG Electroplast Ltd.
2023-02-17,2023-03-31,ind_prs17022023_1,NIFTY_MICROCAP_250,IN,POWERMECH,Power Mech Projects Ltd.
2023-02-17,2023-03-31,ind_prs17022023_1,NIFTY_MICROCAP_250,IN,PRICOLLTD,Pricol Ltd.
2023-02-17,2023-03-31,ind_prs17022023_1,NIFTY_MICROCAP_250,IN,PRIVISCL,Privi Speciality Chemicals Ltd.
2023-02-17,2023-03-31,ind_prs17022023_1,NIFTY_MICROCAP_250,IN,PGHL,Procter & Gamble Health Ltd.
2023-02-17,2023-03-31,ind_prs17022023_1,NIFTY_MICROCAP_250,IN,PTC,PTC India Ltd.
2023-02-17,2023-03-31,ind_prs17022023_1,NIFTY_MICROCAP_250,IN,PURVA,Puravankara Ltd.
2023-02-17,2023-03-31,ind_prs17022023_1,NIFTY_MICROCAP_250,IN,SOTL,Savita Oil Technologies Ltd.
2023-02-17,2023-03-31,ind_prs17022023_1,NIFTY_MICROCAP_250,IN,SHANTIGEAR,Shanthi Gears Ltd.
2023-02-17,2023-03-31,ind_prs17022023_1,NIFTY_MICROCAP_250,IN,SHILPAMED,Shilpa Medicare Ltd.
2023-02-17,2023-03-31,ind_prs17022023_1,NIFTY_MICROCAP_250,IN,SIS,SIS Ltd.
2023-02-17,2023-03-31,ind_prs17022023_1,NIFTY_MICROCAP_250,IN,SUDARSCHEM,Sudarshan Chemical Industries Ltd.
2023-02-17,2023-03-31,ind_prs17022023_1,NIFTY_MICROCAP_250,IN,SULA,Sula Vineyards Ltd.
2023-02-17,2023-03-31,ind_prs17022023_1,NIFTY_MICROCAP_250,IN,SYMPHONY,Symphony Ltd.
2023-02-17,2023-03-31,ind_prs17022023_1,NIFTY_MICROCAP_250,IN,THYROCARE,Thyrocare Technologies Ltd.
2023-02-17,2023-03-31,ind_prs17022023_1,NIFTY_MICROCAP_250,IN,TIPSINDLTD,Tips Industries Ltd.
2023-02-17,2023-03-31,ind_prs17022023_1,NIFTY_MICROCAP_250,IN,UJJIVAN,Ujjivan Financial Services Ltd.
2023-02-17,2023-03-31,ind_prs17022023_1,NIFTY_MICROCAP_250,IN,UNICHEMLAB,Unichem Laboratories Ltd.
2023-02-17,2023-03-31,ind_prs17022023_1,NIFTY_MICROCAP_250,IN,UNIPARTS,Uniparts India Ltd.
2023-02-17,2023-03-31,ind_prs17022023_1,NIFTY_MICROCAP_250,IN,WOCKPHARMA,Wockhardt Ltd.
2023-02-17,2023-03-31,ind_prs17022023_1,NIFTY_TOTAL_MARKET,OUT,ABSLAMC,Aditya Birla Sun Life AMC Ltd.
2023-02-17,2023-03-31,ind_prs17022023_1,NIFTY_TOTAL_MARKET,OUT,AHLUCONT,Ahluwalia Contracts (India) Ltd.
2023-02-17,2023-03-31,ind_prs17022023_1,NIFTY_TOTAL_MARKET,OUT,ALEMBICLTD,Alembic Ltd.
2023-02-17,2023-03-31,ind_prs17022023_1,NIFTY_TOTAL_MARKET,OUT,AMRUTANJAN,Amrutanjan Health Care Ltd.
2023-02-17,2023-03-31,ind_prs17022023_1,NIFTY_TOTAL_MARKET,OUT,BHARATRAS,Bharat Rasayan Ltd.
2023-02-17,2023-03-31,ind_prs17022023_1,NIFTY_TOTAL_MARKET,OUT,BOROLTD,Borosil Ltd.*
2023-02-17,2023-03-31,ind_prs17022023_1,NIFTY_TOTAL_MARKET,OUT,CHOICEIN,Choice International Ltd.
2023-02-17,2023-03-31,ind_prs17022023_1,NIFTY_TOTAL_MARKET,OUT,DHANUKA,Dhanuka Agritech Ltd.
2023-02-17,2023-03-31,ind_prs17022023_1,NIFTY_TOTAL_MARKET,OUT,DOLATALGO,Dolat Algotech Ltd.
2023-02-17,2023-03-31,ind_prs17022023_1,NIFTY_TOTAL_MARKET,OUT,EKC,Everest Kanto Cylinder Ltd.
2023-02-17,2023-03-31,ind_prs17022023_1,NIFTY_TOTAL_MARKET,OUT,GANESHHOUC,Ganesh Housing Corporation Ltd.
2023-02-17,2023-03-31,ind_prs17022023_1,NIFTY_TOTAL_MARKET,OUT,GRWRHITECH,Garware Hi-Tech Films Ltd.
2023-02-17,2023-03-31,ind_prs17022023_1,NIFTY_TOTAL_MARKET,OUT,GEOJITFSL,Geojit Financial Services Ltd.
2023-02-17,2023-03-31,ind_prs17022023_1,NIFTY_TOTAL_MARKET,OUT,GULFOILLUB,Gulf Oil Lubricants India Ltd.
2023-02-17,2023-03-31,ind_prs17022023_1,NIFTY_TOTAL_MARKET,OUT,HATSUN,Hatsun Agro Product Ltd.
2023-02-17,2023-03-31,ind_prs17022023_1,NIFTY_TOTAL_MARKET,OUT,HIMATSEIDE,Himatsingka Seide Ltd.
2023-02-17,2023-03-31,ind_prs17022023_1,NIFTY_TOTAL_MARKET,OUT,IGPL,I G Petrochemicals Ltd.
2023-02-17,2023-03-31,ind_prs17022023_1,NIFTY_TOTAL_MARKET,OUT,IIFLSEC,IIFL Securities Ltd.
2023-02-17,2023-03-31,ind_prs17022023_1,NIFTY_TOTAL_MARKET,OUT,INDORAMA,Indo Rama Synthetics Ltd.
2023-02-17,2023-03-31,ind_prs17022023_1,NIFTY_TOTAL_MARKET,OUT,INDOSTAR,IndoStar Capital Finance Ltd.
2023-02-17,2023-03-31,ind_prs17022023_1,NIFTY_TOTAL_MARKET,OUT,JCHAC,Johnson Controls - Hitachi Air Conditioning India Ltd.
2023-02-17,2023-03-31,ind_prs17022023_1,NIFTY_TOTAL_MARKET,OUT,JSWISPL,JSW Ispat Special Products Ltd.
2023-02-17,2023-03-31,ind_prs17022023_1,NIFTY_TOTAL_MARKET,OUT,MATRIMONY,Matrimony.Com Ltd.
2023-02-17,2023-03-31,ind_prs17022023_1,NIFTY_TOTAL_MARKET,OUT,OMAXE,Omaxe Ltd.
2023-02-17,2023-03-31,ind_prs17022023_1,NIFTY_TOTAL_MARKET,OUT,ORISSAMINE,Orissa Min Dev Co Ltd.
2023-02-17,2023-03-31,ind_prs17022023_1,NIFTY_TOTAL_MARKET,OUT,RESPONIND,Responsive Industries Ltd.
2023-02-17,2023-03-31,ind_prs17022023_1,NIFTY_TOTAL_MARKET,OUT,RPSGVENT,RPSG Ventures Ltd.
2023-02-17,2023-03-31,ind_prs17022023_1,NIFTY_TOTAL_MARKET,OUT,SHK,S H Kelkar and Company Ltd.
2023-02-17,2023-03-31,ind_prs17022023_1,NIFTY_TOTAL_MARKET,OUT,SEAMECLTD,SEAMEC Ltd.
2023-02-17,2023-03-31,ind_prs17022023_1,NIFTY_TOTAL_MARKET,OUT,SFL,Sheela Foam Ltd.
2023-02-17,2023-03-31,ind_prs17022023_1,NIFTY_TOTAL_MARKET,OUT,STEELXIND,Steel Exchange India Ltd.
2023-02-17,2023-03-31,ind_prs17022023_1,NIFTY_TOTAL_MARKET,OUT,SURYODAY,Suryoday Small Finance Bank Ltd.
2023-02-17,2023-03-31,ind_prs17022023_1,NIFTY_TOTAL_MARKET,OUT,TASTYBITE,Tasty Bite Eatables Ltd.
2023-02-17,2023-03-31,ind_prs17022023_1,NIFTY_TOTAL_MARKET,OUT,TATACOFFEE,Tata Coffee Ltd.*
2023-02-17,2023-03-31,ind_prs17022023_1,NIFTY_TOTAL_MARKET,OUT,TIIL,Technocraft Industries (India) Ltd.
2023-02-17,2023-03-31,ind_prs17022023_1,NIFTY_TOTAL_MARKET,OUT,VIDHIING,Vidhi Specialty Food Ingredients Ltd.
2023-02-17,2023-03-31,ind_prs17022023_1,NIFTY_TOTAL_MARKET,IN,AARTIIND,Aarti Industries Ltd.
2023-02-17,2023-03-31,ind_prs17022023_1,NIFTY_TOTAL_MARKET,IN,ADANIPOWER,Adani Power Ltd.
2023-02-17,2023-03-31,ind_prs17022023_1,NIFTY_TOTAL_MARKET,IN,ACI,Archean Chemical Industries Ltd.
2023-02-17,2023-03-31,ind_prs17022023_1,NIFTY_TOTAL_MARKET,IN,BIKAJI,Bikaji Foods International Ltd.
2023-02-17,2023-03-31,ind_prs17022023_1,NIFTY_TOTAL_MARKET,IN,DCXINDIA,DCX Systems Ltd.
2023-02-17,2023-03-31,ind_prs17022023_1,NIFTY_TOTAL_MARKET,IN,EMIL,Electronics Mart India Ltd.
2023-02-17,2023-03-31,ind_prs17022023_1,NIFTY_TOTAL_MARKET,IN,FIEMIND,Fiem Industries Ltd
2023-02-17,2023-03-31,ind_prs17022023_1,NIFTY_TOTAL_MARKET,IN,FIVESTAR,Five-Star Business Finance Ltd.
2023-02-17,2023-03-31,ind_prs17022023_1,NIFTY_TOTAL_MARKET,IN,FUSION,Fusion Micro Finance Ltd.
2023-02-17,2023-03-31,ind_prs17022023_1,NIFTY_TOTAL_MARKET,IN,MEDANTA,Global Health Ltd.
2023-02-17,2023-03-31,ind_prs17022023_1,NIFTY_TOTAL_MARKET,IN,GRMOVER,GRM Overseas Ltd.
2023-02-17,2023-03-31,ind_prs17022023_1,NIFTY_TOTAL_MARKET,IN,HARSHA,Harsha Engineers International Ltd.
2023-02-17,2023-03-31,ind_prs17022023_1,NIFTY_TOTAL_MARKET,IN,JTEKTINDIA,JTEKT India Ltd.
2023-02-17,2023-03-31,ind_prs17022023_1,NIFTY_TOTAL_MARKET,IN,JWL,Jupiter Wagons Ltd.
2023-02-17,2023-03-31,ind_prs17022023_1,NIFTY_TOTAL_MARKET,IN,KAYNES,Kaynes Technology India Ltd.
2023-02-17,2023-03-31,ind_prs17022023_1,NIFTY_TOTAL_MARKET,IN,KKCL,Kewal Kiran Clothing Ltd.
2023-02-17,2023-03-31,ind_prs17022023_1,NIFTY_TOTAL_MARKET,IN,RUSTOMJEE,Keystone Realtors Ltd.
2023-02-17,2023-03-31,ind_prs17022023_1,NIFTY_TOTAL_MARKET,IN,KFINTECH,KFin Technologies Ltd.
2023-02-17,2023-03-31,ind_prs17022023_1,NIFTY_TOTAL_MARKET,IN,KIRLOSBROS,Kirloskar Brothers Ltd.
2023-02-17,2023-03-31,ind_prs17022023_1,NIFTY_TOTAL_MARKET,IN,LANDMARK,Landmark Cars Ltd.
2023-02-17,2023-03-31,ind_prs17022023_1,NIFTY_TOTAL_MARKET,IN,NDTV,NDTV Ltd.
2023-02-17,2023-03-31,ind_prs17022023_1,NIFTY_TOTAL_MARKET,IN,NMDC,NMDC Ltd.
2023-02-17,2023-03-31,ind_prs17022023_1,NIFTY_TOTAL_MARKET,IN,PCJEWELLER,PC Jeweller Ltd.
2023-02-17,2023-03-31,ind_prs17022023_1,NIFTY_TOTAL_MARKET,IN,PGEL,PG Electroplast Ltd.
2023-02-17,2023-03-31,ind_prs17022023_1,NIFTY_TOTAL_MARKET,IN,PEL,Piramal Enterprises Ltd.
2023-02-17,2023-03-31,ind_prs17022023_1,NIFTY_TOTAL_MARKET,IN,POWERMECH,Power Mech Projects Ltd.
2023-02-17,2023-03-31,ind_prs17022023_1,NIFTY_TOTAL_MARKET,IN,PRICOLLTD,Pricol Ltd.
2023-02-17,2023-03-31,ind_prs17022023_1,NIFTY_TOTAL_MARKET,IN,PTC,PTC India Ltd.
2023-02-17,2023-03-31,ind_prs17022023_1,NIFTY_TOTAL_MARKET,IN,PURVA,Puravankara Ltd.
2023-02-17,2023-03-31,ind_prs17022023_1,NIFTY_TOTAL_MARKET,IN,SOTL,Savita Oil Technologies Ltd.
2023-02-17,2023-03-31,ind_prs17022023_1,NIFTY_TOTAL_MARKET,IN,SHANTIGEAR,Shanthi Gears Ltd.
2023-02-17,2023-03-31,ind_prs17022023_1,NIFTY_TOTAL_MARKET,IN,SULA,Sula Vineyards Ltd.
2023-02-17,2023-03-31,ind_prs17022023_1,NIFTY_TOTAL_MARKET,IN,TIPSINDLTD,Tips Industries Ltd.
2023-02-17,2023-03-31,ind_prs17022023_1,NIFTY_TOTAL_MARKET,IN,UJJIVAN,Ujjivan Financial Services Ltd.
2023-02-17,2023-03-31,ind_prs17022023_1,NIFTY_TOTAL_MARKET,IN,UNICHEMLAB,Unichem Laboratories Ltd.
2023-02-17,2023-03-31,ind_prs17022023_1,NIFTY_TOTAL_MARKET,IN,UNIPARTS,Uniparts India Ltd.
2011-03-17,2011-03-24,ind_prs17032011,NIFTY_500,OUT,NIRMA,Nirma Ltd.
2011-03-17,2011-03-24,ind_prs17032011,NIFTY_500,IN,ORBITCORP,Orbit Corporation Ltd.
2025-03-17,2025-03-21,ind_prs17032025,NIFTY_500,OUT,ISEC,ICICI Securities Ltd.
2025-03-17,2025-03-21,ind_prs17032025,NIFTY_500,IN,RAYMONDLSL,Raymond Lifestyle Ltd.
2025-03-17,2025-03-21,ind_prs17032025,NIFTY_SMALLCAP_250,OUT,ISEC,ICICI Securities Ltd.
2025-03-17,2025-03-21,ind_prs17032025,NIFTY_SMALLCAP_250,IN,RAYMONDLSL,Raymond Lifestyle Ltd.
2025-03-17,2025-03-21,ind_prs17032025,NIFTY_TOTAL_MARKET,OUT,ISEC,ICICI Securities Ltd.
2025-03-17,2025-03-21,ind_prs17032025,NIFTY_TOTAL_MARKET,IN,RAYMONDLSL,Raymond Lifestyle Ltd.
2023-08-17,2023-09-29,ind_prs17082023,NIFTY_NEXT_50,OUT,ACC,ACC Ltd.
2023-08-17,2023-09-29,ind_prs17082023,NIFTY_NEXT_50,OUT,NYKAA,FSN E-Commerce Ventures Ltd.
2023-08-17,2023-09-29,ind_prs17082023,NIFTY_NEXT_50,OUT,HDFCAMC,HDFC Asset Management Company Ltd.
2023-08-17,2023-09-29,ind_prs17082023,NIFTY_NEXT_50,OUT,INDUSTOWER,Indus Towers Ltd.
2023-08-17,2023-09-29,ind_prs17082023,NIFTY_NEXT_50,OUT,PAGEIND,Page Industries Ltd.
2023-08-17,2023-09-29,ind_prs17082023,NIFTY_NEXT_50,IN,PNB,Punjab National Bank
2023-08-17,2023-09-29,ind_prs17082023,NIFTY_NEXT_50,IN,SHRIRAMFIN,Shriram Finance Ltd.
2023-08-17,2023-09-29,ind_prs17082023,NIFTY_NEXT_50,IN,TRENT,Trent Ltd.
2023-08-17,2023-09-29,ind_prs17082023,NIFTY_NEXT_50,IN,TVSMOTOR,TVS Motor Company Ltd.
2023-08-17,2023-09-29,ind_prs17082023,NIFTY_NEXT_50,IN,ZYDUSLIFE,Zydus Lifesciences Ltd.
2023-08-17,2023-09-29,ind_prs17082023,NIFTY_500,OUT,BASF,BASF India Ltd.
2023-08-17,2023-09-29,ind_prs17082023,NIFTY_500,OUT,GARFIBRES,Garware Technical Fibres Ltd.
2023-08-17,2023-09-29,ind_prs17082023,NIFTY_500,OUT,GODREJAGRO,Godrej Agrovet Ltd.
2023-08-17,2023-09-29,ind_prs17082023,NIFTY_500,OUT,GREENPANEL,Greenpanel Industries Ltd.
2023-08-17,2023-09-29,ind_prs17082023,NIFTY_500,OUT,HIKAL,Hikal Ltd.
2023-08-17,2023-09-29,ind_prs17082023,NIFTY_500,OUT,HGS,Hinduja Global Solutions Ltd.
2023-08-17,2023-09-29,ind_prs17082023,NIFTY_500,OUT,IFBIND,IFB Industries Ltd.
2023-08-17,2023-09-29,ind_prs17082023,NIFTY_500,OUT,IBREALEST,Indiabulls Real Estate Ltd.
2023-08-17,2023-09-29,ind_prs17082023,NIFTY_500,OUT,JINDWORLD,Jindal Worldwide Ltd.
2023-08-17,2023-09-29,ind_prs17082023,NIFTY_500,OUT,KENNAMET,Kennametal India Ltd.
2023-08-17,2023-09-29,ind_prs17082023,NIFTY_500,OUT,RUSTOMJEE,Keystone Realtors Ltd.
2023-08-17,2023-09-29,ind_prs17082023,NIFTY_500,OUT,MAHLOG,Mahindra Logistics Ltd.
2023-08-17,2023-09-29,ind_prs17082023,NIFTY_500,OUT,NOCIL,NOCIL Ltd.
2023-08-17,2023-09-29,ind_prs17082023,NIFTY_500,OUT,TMB,Tamilnad Mercantile Bank Ltd.
2023-08-17,2023-09-29,ind_prs17082023,NIFTY_500,OUT,TCIEXP,TCI Express Ltd.
2023-08-17,2023-09-29,ind_prs17082023,NIFTY_500,OUT,TCNSBRANDS,TCNS Clothing Co. Ltd.
2023-08-17,2023-09-29,ind_prs17082023,NIFTY_500,OUT,TCI,Transport Corporation of India Ltd.
2023-08-17,2023-09-29,ind_prs17082023,NIFTY_500,OUT,UFLEX,UFLEX Ltd.
2023-08-17,2023-09-29,ind_prs17082023,NIFTY_500,IN,ALLCARGO,Allcargo Logistics Ltd.
2023-08-17,2023-09-29,ind_prs17082023,NIFTY_500,IN,ALOKINDS,Alok Industries Ltd.
2023-08-17,2023-09-29,ind_prs17082023,NIFTY_500,IN,GILLETTE,Gillette India Ltd.
2023-08-17,2023-09-29,ind_prs17082023,NIFTY_500,IN,GLS,Glenmark Life Sciences Ltd.
2023-08-17,2023-09-29,ind_prs17082023,NIFTY_500,IN,GPIL,Godawari Power & Ispat Ltd.
2023-08-17,2023-09-29,ind_prs17082023,NIFTY_500,IN,IRCON,IRCON International Ltd.
2023-08-17,2023-09-29,ind_prs17082023,NIFTY_500,IN,JINDALSAW,Jindal Saw Ltd.
2023-08-17,2023-09-29,ind_prs17082023,NIFTY_500,IN,KAYNES,Kaynes Technology India Ltd.
2023-08-17,2023-09-29,ind_prs17082023,NIFTY_500,IN,KIRLFER,Kirloskar Ferrous Industries Ltd.
2023-08-17,2023-09-29,ind_prs17082023,NIFTY_500,IN,MINDACORP,Minda Corporation Ltd.
2023-08-17,2023-09-29,ind_prs17082023,NIFTY_500,IN,PGHL,Procter & Gamble Health Ltd.
2023-08-17,2023-09-29,ind_prs17082023,NIFTY_500,IN,SAFARI,Safari Industries (India) Ltd.
2023-08-17,2023-09-29,ind_prs17082023,NIFTY_500,IN,SAREGAMA,Saregama India Ltd
2023-08-17,2023-09-29,ind_prs17082023,NIFTY_500,IN,SFL,Sheela Foam Ltd.
2023-08-17,2023-09-29,ind_prs17082023,NIFTY_500,IN,SYMPHONY,Symphony Ltd.
2023-08-17,2023-09-29,ind_prs17082023,NIFTY_500,IN,SYRMA,Syrma SGS Technology Ltd.
2023-08-17,2023-09-29,ind_prs17082023,NIFTY_500,IN,UJJIVANSFB,Ujjivan Small Finance Bank Ltd.
2023-08-17,2023-09-29,ind_prs17082023,NIFTY_500,IN,USHAMART,Usha Martin Ltd.
2023-08-17,2023-09-29,ind_prs17082023,NIFTY_MIDCAP_150,OUT,AAVAS,Aavas Financiers Ltd.
2023-08-17,2023-09-29,ind_prs17082023,NIFTY_MIDCAP_150,OUT,AFFLE,Affle (India) Ltd.
2023-08-17,2023-09-29,ind_prs17082023,NIFTY_MIDCAP_150,OUT,ALKYLAMINE,Alkyl Amines Chemicals Ltd.
2023-08-17,2023-09-29,ind_prs17082023,NIFTY_MIDCAP_150,OUT,CLEAN,Clean Science and Technology Ltd.
2023-08-17,2023-09-29,ind_prs17082023,NIFTY_MIDCAP_150,OUT,FINEORG,Fine Organic Industries Ltd.
2023-08-17,2023-09-29,ind_prs17082023,NIFTY_MIDCAP_150,OUT,HAPPSTMNDS,Happiest Minds Technologies Ltd.
2023-08-17,2023-09-29,ind_prs17082023,NIFTY_MIDCAP_150,OUT,NAM-INDIA,Nippon Life India Asset Management Ltd.
2023-08-17,2023-09-29,ind_prs17082023,NIFTY_MIDCAP_150,OUT,PNB,Punjab National Bank
2023-08-17,2023-09-29,ind_prs17082023,NIFTY_MIDCAP_150,OUT,SHRIRAMFIN,Shriram Finance Ltd.
2023-08-17,2023-09-29,ind_prs17082023,NIFTY_MIDCAP_150,OUT,TTML,Tata Teleservices (Maharashtra) Ltd.
2023-08-17,2023-09-29,ind_prs17082023,NIFTY_MIDCAP_150,OUT,TRENT,Trent Ltd.
2023-08-17,2023-09-29,ind_prs17082023,NIFTY_MIDCAP_150,OUT,TVSMOTOR,TVS Motor Company Ltd.
2023-08-17,2023-09-29,ind_prs17082023,NIFTY_MIDCAP_150,OUT,ZYDUSLIFE,Zydus Lifesciences Ltd.
2023-08-17,2023-09-29,ind_prs17082023,NIFTY_MIDCAP_150,IN,ACC,ACC Ltd.
2023-08-17,2023-09-29,ind_prs17082023,NIFTY_MIDCAP_150,IN,MAHABANK,Bank of Maharashtra
2023-08-17,2023-09-29,ind_prs17082023,NIFTY_MIDCAP_150,IN,BDL,Bharat Dynamics Ltd.
2023-08-17,2023-09-29,ind_prs17082023,NIFTY_MIDCAP_150,IN,CARBORUNIV,Carborundum Universal Ltd.
2023-08-17,2023-09-29,ind_prs17082023,NIFTY_MIDCAP_150,IN,FACT,Fertilisers and Chemicals Travancore Ltd.
2023-08-17,2023-09-29,ind_prs17082023,NIFTY_MIDCAP_150,IN,NYKAA,FSN E-Commerce Ventures Ltd.
2023-08-17,2023-09-29,ind_prs17082023,NIFTY_MIDCAP_150,IN,HDFCAMC,HDFC Asset Management Company Ltd.
2023-08-17,2023-09-29,ind_prs17082023,NIFTY_MIDCAP_150,IN,INDUSTOWER,Indus Towers Ltd.
2023-08-17,2023-09-29,ind_prs17082023,NIFTY_MIDCAP_150,IN,JSL,Jindal Stainless Ltd.
2023-08-17,2023-09-29,ind_prs17082023,NIFTY_MIDCAP_150,IN,KPITTECH,KPIT Technologies Ltd.
2023-08-17,2023-09-29,ind_prs17082023,NIFTY_MIDCAP_150,IN,MAZDOCK,Mazagoan Dock Shipbuilders Ltd.
2023-08-17,2023-09-29,ind_prs17082023,NIFTY_MIDCAP_150,IN,PAGEIND,Page Industries Ltd.
2023-08-17,2023-09-29,ind_prs17082023,NIFTY_MIDCAP_150,IN,RVNL,Rail Vikas Nigam Ltd.
2023-08-17,2023-09-29,ind_prs17082023,NIFTY_SMALLCAP_250,OUT,MAHABANK,Bank of Maharashtra
2023-08-17,2023-09-29,ind_prs17082023,NIFTY_SMALLCAP_250,OUT,BASF,BASF India Ltd.
2023-08-17,2023-09-29,ind_prs17082023,NIFTY_SMALLCAP_250,OUT,BDL,Bharat Dynamics Ltd.
2023-08-17,2023-09-29,ind_prs17082023,NIFTY_SMALLCAP_250,OUT,CARBORUNIV,Carborundum Universal Ltd.
2023-08-17,2023-09-29,ind_prs17082023,NIFTY_SMALLCAP_250,OUT,FACT,Fertilisers and Chemicals Travancore Ltd.
2023-08-17,2023-09-29,ind_prs17082023,NIFTY_SMALLCAP_250,OUT,GARFIBRES,Garware Technical Fibres Ltd.
2023-08-17,2023-09-29,ind_prs17082023,NIFTY_SMALLCAP_250,OUT,GODREJAGRO,Godrej Agrovet Ltd.
2023-08-17,2023-09-29,ind_prs17082023,NIFTY_SMALLCAP_250,OUT,GREENPANEL,Greenpanel Industries Ltd.
2023-08-17,2023-09-29,ind_prs17082023,NIFTY_SMALLCAP_250,OUT,HIKAL,Hikal Ltd.
2023-08-17,2023-09-29,ind_prs17082023,NIFTY_SMALLCAP_250,OUT,HGS,Hinduja Global Solutions Ltd.
2023-08-17,2023-09-29,ind_prs17082023,NIFTY_SMALLCAP_250,OUT,IFBIND,IFB Industries Ltd.
2023-08-17,2023-09-29,ind_prs17082023,NIFTY_SMALLCAP_250,OUT,IBREALEST,Indiabulls Real Estate Ltd.
2023-08-17,2023-09-29,ind_prs17082023,NIFTY_SMALLCAP_250,OUT,JSL,Jindal Stainless Ltd.
2023-08-17,2023-09-29,ind_prs17082023,NIFTY_SMALLCAP_250,OUT,JINDWORLD,Jindal Worldwide Ltd.
2023-08-17,2023-09-29,ind_prs17082023,NIFTY_SMALLCAP_250,OUT,KENNAMET,Kennametal India Ltd.
2023-08-17,2023-09-29,ind_prs17082023,NIFTY_SMALLCAP_250,OUT,RUSTOMJEE,Keystone Realtors Ltd.
2023-08-17,2023-09-29,ind_prs17082023,NIFTY_SMALLCAP_250,OUT,KPITTECH,KPIT Technologies Ltd.
2023-08-17,2023-09-29,ind_prs17082023,NIFTY_SMALLCAP_250,OUT,MAHLOG,Mahindra Logistics Ltd.
2023-08-17,2023-09-29,ind_prs17082023,NIFTY_SMALLCAP_250,OUT,MAZDOCK,Mazagoan Dock Shipbuilders Ltd.
2023-08-17,2023-09-29,ind_prs17082023,NIFTY_SMALLCAP_250,OUT,NOCIL,NOCIL Ltd.
2023-08-17,2023-09-29,ind_prs17082023,NIFTY_SMALLCAP_250,OUT,RVNL,Rail Vikas Nigam Ltd.
2023-08-17,2023-09-29,ind_prs17082023,NIFTY_SMALLCAP_250,OUT,TMB,Tamilnad Mercantile Bank Ltd.
2023-08-17,2023-09-29,ind_prs17082023,NIFTY_SMALLCAP_250,OUT,TCIEXP,TCI Express Ltd.
2023-08-17,2023-09-29,ind_prs17082023,NIFTY_SMALLCAP_250,OUT,TCNSBRANDS,TCNS Clothing Co. Ltd.
2023-08-17,2023-09-29,ind_prs17082023,NIFTY_SMALLCAP_250,OUT,TCI,Transport Corporation of India Ltd.
2023-08-17,2023-09-29,ind_prs17082023,NIFTY_SMALLCAP_250,OUT,UFLEX,UFLEX Ltd.
2023-08-17,2023-09-29,ind_prs17082023,NIFTY_SMALLCAP_250,IN,AAVAS,Aavas Financiers Ltd.
2023-08-17,2023-09-29,ind_prs17082023,NIFTY_SMALLCAP_250,IN,AFFLE,Affle (India) Ltd.
2023-08-17,2023-09-29,ind_prs17082023,NIFTY_SMALLCAP_250,IN,ALKYLAMINE,Alkyl Amines Chemicals Ltd.
2023-08-17,2023-09-29,ind_prs17082023,NIFTY_SMALLCAP_250,IN,ALLCARGO,Allcargo Logistics Ltd.
2023-08-17,2023-09-29,ind_prs17082023,NIFTY_SMALLCAP_250,IN,ALOKINDS,Alok Industries Ltd.
2023-08-17,2023-09-29,ind_prs17082023,NIFTY_SMALLCAP_250,IN,CLEAN,Clean Science and Technology Ltd.
2023-08-17,2023-09-29,ind_prs17082023,NIFTY_SMALLCAP_250,IN,FINEORG,Fine Organic Industries Ltd.
2023-08-17,2023-09-29,ind_prs17082023,NIFTY_SMALLCAP_250,IN,GILLETTE,Gillette India Ltd.
2023-08-17,2023-09-29,ind_prs17082023,NIFTY_SMALLCAP_250,IN,GLS,Glenmark Life Sciences Ltd.
2023-08-17,2023-09-29,ind_prs17082023,NIFTY_SMALLCAP_250,IN,GPIL,Godawari Power & Ispat Ltd.
2023-08-17,2023-09-29,ind_prs17082023,NIFTY_SMALLCAP_250,IN,HAPPSTMNDS,Happiest Minds Technologies Ltd.
2023-08-17,2023-09-29,ind_prs17082023,NIFTY_SMALLCAP_250,IN,IRCON,IRCON International Ltd.
2023-08-17,2023-09-29,ind_prs17082023,NIFTY_SMALLCAP_250,IN,JINDALSAW,Jindal Saw Ltd.
2023-08-17,2023-09-29,ind_prs17082023,NIFTY_SMALLCAP_250,IN,KAYNES,Kaynes Technology India Ltd.
2023-08-17,2023-09-29,ind_prs17082023,NIFTY_SMALLCAP_250,IN,KIRLFER,Kirloskar Ferrous Industries Ltd.
2023-08-17,2023-09-29,ind_prs17082023,NIFTY_SMALLCAP_250,IN,MINDACORP,Minda Corporation Ltd.
2023-08-17,2023-09-29,ind_prs17082023,NIFTY_SMALLCAP_250,IN,NAM-INDIA,Nippon Life India Asset Management Ltd.
2023-08-17,2023-09-29,ind_prs17082023,NIFTY_SMALLCAP_250,IN,PGHL,Procter & Gamble Health Ltd.
2023-08-17,2023-09-29,ind_prs17082023,NIFTY_SMALLCAP_250,IN,SAFARI,Safari Industries (India) Ltd.
2023-08-17,2023-09-29,ind_prs17082023,NIFTY_SMALLCAP_250,IN,SAREGAMA,Saregama India Ltd
2023-08-17,2023-09-29,ind_prs17082023,NIFTY_SMALLCAP_250,IN,SFL,Sheela Foam Ltd.
2023-08-17,2023-09-29,ind_prs17082023,NIFTY_SMALLCAP_250,IN,SYMPHONY,Symphony Ltd.
2023-08-17,2023-09-29,ind_prs17082023,NIFTY_SMALLCAP_250,IN,SYRMA,Syrma SGS Technology Ltd.
2023-08-17,2023-09-29,ind_prs17082023,NIFTY_SMALLCAP_250,IN,TTML,Tata Teleservices (Maharashtra) Ltd.
2023-08-17,2023-09-29,ind_prs17082023,NIFTY_SMALLCAP_250,IN,UJJIVANSFB,Ujjivan Small Finance Bank Ltd.
2023-08-17,2023-09-29,ind_prs17082023,NIFTY_SMALLCAP_250,IN,USHAMART,Usha Martin Ltd.
2023-08-17,2023-09-29,ind_prs17082023,NIFTY_MICROCAP_250,OUT,AKZOINDIA,Akzo Nobel India Ltd.
2023-08-17,2023-09-29,ind_prs17082023,NIFTY_MICROCAP_250,OUT,ALOKINDS,Alok Industries Ltd.
2023-08-17,2023-09-29,ind_prs17082023,NIFTY_MICROCAP_250,OUT,ANDHRSUGAR,Andhra Sugars Ltd.
2023-08-17,2023-09-29,ind_prs17082023,NIFTY_MICROCAP_250,OUT,BFUTILITIE,BF Utilities Ltd.
2023-08-17,2023-09-29,ind_prs17082023,NIFTY_MICROCAP_250,OUT,BUTTERFLY,Butterfly Gandhimathi Appliances Ltd.
2023-08-17,2023-09-29,ind_prs17082023,NIFTY_MICROCAP_250,OUT,FAIRCHEMOR,Fairchem Organics Ltd.
2023-08-17,2023-09-29,ind_prs17082023,NIFTY_MICROCAP_250,OUT,FILATEX,Filatex India Ltd.
2023-08-17,2023-09-29,ind_prs17082023,NIFTY_MICROCAP_250,OUT,GLS,Glenmark Life Sciences Ltd.
2023-08-17,2023-09-29,ind_prs17082023,NIFTY_MICROCAP_250,OUT,GPIL,Godawari Power & Ispat Ltd.
2023-08-17,2023-09-29,ind_prs17082023,NIFTY_MICROCAP_250,OUT,GRMOVER,GRM Overseas Ltd.
2023-08-17,2023-09-29,ind_prs17082023,NIFTY_MICROCAP_250,OUT,GTLINFRA,GTL Infrastructure Ltd.
2023-08-17,2023-09-29,ind_prs17082023,NIFTY_MICROCAP_250,OUT,HERANBA,Heranba Industries Ltd.
2023-08-17,2023-09-29,ind_prs17082023,NIFTY_MICROCAP_250,OUT,ICRA,ICRA Ltd.
2023-08-17,2023-09-29,ind_prs17082023,NIFTY_MICROCAP_250,OUT,IPL,India Pesticides Ltd.
2023-08-17,2023-09-29,ind_prs17082023,NIFTY_MICROCAP_250,OUT,IRCON,IRCON International Ltd.
2023-08-17,2023-09-29,ind_prs17082023,NIFTY_MICROCAP_250,OUT,JINDALSAW,Jindal Saw Ltd.
2023-08-17,2023-09-29,ind_prs17082023,NIFTY_MICROCAP_250,OUT,KAYNES,Kaynes Technology India Ltd.
2023-08-17,2023-09-29,ind_prs17082023,NIFTY_MICROCAP_250,OUT,KCP,KCP Ltd.
2023-08-17,2023-09-29,ind_prs17082023,NIFTY_MICROCAP_250,OUT,KIRLFER,Kirloskar Ferrous Industries Ltd.
2023-08-17,2023-09-29,ind_prs17082023,NIFTY_MICROCAP_250,OUT,MMFL,M M Forgings Ltd.
2023-08-17,2023-09-29,ind_prs17082023,NIFTY_MICROCAP_250,OUT,MAHSCOOTER,Maharashtra Scooters Ltd.
2023-08-17,2023-09-29,ind_prs17082023,NIFTY_MICROCAP_250,OUT,MANALIPETC,Manali Petrochemicals Ltd.
2023-08-17,2023-09-29,ind_prs17082023,NIFTY_MICROCAP_250,OUT,MINDACORP,Minda Corporation Ltd.
2023-08-17,2023-09-29,ind_prs17082023,NIFTY_MICROCAP_250,OUT,MOREPENLAB,Morepen Laboratories Ltd.
2023-08-17,2023-09-29,ind_prs17082023,NIFTY_MICROCAP_250,OUT,NDTV,NDTV Ltd.
2023-08-17,2023-09-29,ind_prs17082023,NIFTY_MICROCAP_250,OUT,PANAMAPET,Panama Petrochem Ltd.
2023-08-17,2023-09-29,ind_prs17082023,NIFTY_MICROCAP_250,OUT,PCJEWELLER,PC Jeweller Ltd.
2023-08-17,2023-09-29,ind_prs17082023,NIFTY_MICROCAP_250,OUT,POKARNA,Pokarna Ltd.
2023-08-17,2023-09-29,ind_prs17082023,NIFTY_MICROCAP_250,OUT,PGHL,Procter & Gamble Health Ltd.
2023-08-17,2023-09-29,ind_prs17082023,NIFTY_MICROCAP_250,OUT,PURVA,Puravankara Ltd.
2023-08-17,2023-09-29,ind_prs17082023,NIFTY_MICROCAP_250,OUT,SAFARI,Safari Industries (India) Ltd.
2023-08-17,2023-09-29,ind_prs17082023,NIFTY_MICROCAP_250,OUT,SAGCEM,Sagar Cements Ltd.
2023-08-17,2023-09-29,ind_prs17082023,NIFTY_MICROCAP_250,OUT,SOTL,Savita Oil Technologies Ltd.
2023-08-17,2023-09-29,ind_prs17082023,NIFTY_MICROCAP_250,OUT,SOLARA,Solara Active Pharma Sciences Ltd.
2023-08-17,2023-09-29,ind_prs17082023,NIFTY_MICROCAP_250,OUT,STOVEKRAFT,Stove Kraft Ltd.
2023-08-17,2023-09-29,ind_prs17082023,NIFTY_MICROCAP_250,OUT,SYMPHONY,Symphony Ltd.
2023-08-17,2023-09-29,ind_prs17082023,NIFTY_MICROCAP_250,OUT,SYRMA,Syrma SGS Technology Ltd.
2023-08-17,2023-09-29,ind_prs17082023,NIFTY_MICROCAP_250,OUT,TATASTLLP,Tata Steel Long Products Ltd.
2023-08-17,2023-09-29,ind_prs17082023,NIFTY_MICROCAP_250,OUT,TVTODAY,TV Today Network Ltd.
2023-08-17,2023-09-29,ind_prs17082023,NIFTY_MICROCAP_250,OUT,UJJIVANSFB,Ujjivan Small Finance Bank Ltd.
2023-08-17,2023-09-29,ind_prs17082023,NIFTY_MICROCAP_250,OUT,USHAMART,Usha Martin Ltd.
2023-08-17,2023-09-29,ind_prs17082023,NIFTY_MICROCAP_250,OUT,VALIANTORG,Valiant Organics Ltd.
2023-08-17,2023-09-29,ind_prs17082023,NIFTY_MICROCAP_250,OUT,VSTIND,VST Industries Ltd.
2023-08-17,2023-09-29,ind_prs17082023,NIFTY_MICROCAP_250,IN,AVALON,Avalon Technologies Ltd.
2023-08-17,2023-09-29,ind_prs17082023,NIFTY_MICROCAP_250,IN,DBCORP,D.B.Corp Ltd.
2023-08-17,2023-09-29,ind_prs17082023,NIFTY_MICROCAP_250,IN,DIVGIITTS,Divgi Torqtransfer Systems Ltd.
2023-08-17,2023-09-29,ind_prs17082023,NIFTY_MICROCAP_250,IN,DODLA,Dodla Dairy Ltd.
2023-08-17,2023-09-29,ind_prs17082023,NIFTY_MICROCAP_250,IN,DREAMFOLKS,Dreamfolks Services Ltd.
2023-08-17,2023-09-29,ind_prs17082023,NIFTY_MICROCAP_250,IN,EDELWEISS,Edelweiss Financial Services Ltd.
2023-08-17,2023-09-29,ind_prs17082023,NIFTY_MICROCAP_250,IN,GANESHHOUC,Ganesh Housing Corporation Ltd.
2023-08-17,2023-09-29,ind_prs17082023,NIFTY_MICROCAP_250,IN,GARFIBRES,Garware Technical Fibres Ltd.
2023-08-17,2023-09-29,ind_prs17082023,NIFTY_MICROCAP_250,IN,GET&D,GE T&D India Ltd.
2023-08-17,2023-09-29,ind_prs17082023,NIFTY_MICROCAP_250,IN,GHCL,GHCL Ltd.
2023-08-17,2023-09-29,ind_prs17082023,NIFTY_MICROCAP_250,IN,GODREJAGRO,Godrej Agrovet Ltd.
2023-08-17,2023-09-29,ind_prs17082023,NIFTY_MICROCAP_250,IN,GRAUWEIL,Grauer & Weil (India) Ltd.
2023-08-17,2023-09-29,ind_prs17082023,NIFTY_MICROCAP_250,IN,GREENLAM,Greenlam Industries Ltd.
2023-08-17,2023-09-29,ind_prs17082023,NIFTY_MICROCAP_250,IN,GREENPANEL,Greenpanel Industries Ltd.
2023-08-17,2023-09-29,ind_prs17082023,NIFTY_MICROCAP_250,IN,HIKAL,Hikal Ltd.
2023-08-17,2023-09-29,ind_prs17082023,NIFTY_MICROCAP_250,IN,HGS,Hinduja Global Solutions Ltd.
2023-08-17,2023-09-29,ind_prs17082023,NIFTY_MICROCAP_250,IN,HNDFDS,Hindustan Foods Ltd.
2023-08-17,2023-09-29,ind_prs17082023,NIFTY_MICROCAP_250,IN,IFBIND,IFB Industries Ltd.
2023-08-17,2023-09-29,ind_prs17082023,NIFTY_MICROCAP_250,IN,IKIO,IKIO Lighting Ltd.
2023-08-17,2023-09-29,ind_prs17082023,NIFTY_MICROCAP_250,IN,IBREALEST,Indiabulls Real Estate Ltd.
2023-08-17,2023-09-29,ind_prs17082023,NIFTY_MICROCAP_250,IN,ITDCEM,ITD Cementation India Ltd.
2023-08-17,2023-09-29,ind_prs17082023,NIFTY_MICROCAP_250,IN,JTLIND,JTL Industries Ltd.
2023-08-17,2023-09-29,ind_prs17082023,NIFTY_MICROCAP_250,IN,KIRLPNU,Kirloskar Pneumatic Company Ltd.
2023-08-17,2023-09-29,ind_prs17082023,NIFTY_MICROCAP_250,IN,LSIL,Lloyds Steels Industries Ltd.
2023-08-17,2023-09-29,ind_prs17082023,NIFTY_MICROCAP_250,IN,MAHLOG,Mahindra Logistics Ltd.
2023-08-17,2023-09-29,ind_prs17082023,NIFTY_MICROCAP_250,IN,NOCIL,NOCIL Ltd.
2023-08-17,2023-09-29,ind_prs17082023,NIFTY_MICROCAP_250,IN,PTCIL,PTC Industries Ltd.
2023-08-17,2023-09-29,ind_prs17082023,NIFTY_MICROCAP_250,IN,RAMKY,Ramky Infra Ltd.
2023-08-17,2023-09-29,ind_prs17082023,NIFTY_MICROCAP_250,IN,RESPONIND,Responsive Industries Ltd.
2023-08-17,2023-09-29,ind_prs17082023,NIFTY_MICROCAP_250,IN,SAKSOFT,Saksoft Ltd.
2023-08-17,2023-09-29,ind_prs17082023,NIFTY_MICROCAP_250,IN,SCI,Shipping Corporation of India Ltd.
2023-08-17,2023-09-29,ind_prs17082023,NIFTY_MICROCAP_250,IN,STYLAMIND,Stylam Industries Ltd.
2023-08-17,2023-09-29,ind_prs17082023,NIFTY_MICROCAP_250,IN,SUNFLAG,Sunflag Iron & Steel Company Ltd.
2023-08-17,2023-09-29,ind_prs17082023,NIFTY_MICROCAP_250,IN,TMB,Tamilnad Mercantile Bank Ltd.
2023-08-17,2023-09-29,ind_prs17082023,NIFTY_MICROCAP_250,IN,TCIEXP,TCI Express Ltd.
2023-08-17,2023-09-29,ind_prs17082023,NIFTY_MICROCAP_250,IN,TCNSBRANDS,TCNS Clothing Co. Ltd.
2023-08-17,2023-09-29,ind_prs17082023,NIFTY_MICROCAP_250,IN,TDPOWERSYS,TD Power Systems Ltd.
2023-08-17,2023-09-29,ind_prs17082023,NIFTY_MICROCAP_250,IN,TIIL,Technocraft Industries (India) Ltd.
2023-08-17,2023-09-29,ind_prs17082023,NIFTY_MICROCAP_250,IN,TI,Tilaknagar Industries Ltd.
2023-08-17,2023-09-29,ind_prs17082023,NIFTY_MICROCAP_250,IN,TCI,Transport Corporation of India Ltd.
2023-08-17,2023-09-29,ind_prs17082023,NIFTY_MICROCAP_250,IN,UFLEX,UFLEX Ltd.
2023-08-17,2023-09-29,ind_prs17082023,NIFTY_MICROCAP_250,IN,WONDERLA,Wonderla Holidays Ltd.
2023-08-17,2023-09-29,ind_prs17082023,NIFTY_MICROCAP_250,IN,ZENTEC,Zen Technologies Ltd.
2023-08-17,2023-09-29,ind_prs17082023,NIFTY_TOTAL_MARKET,OUT,AKZOINDIA,Akzo Nobel India Ltd.
2023-08-17,2023-09-29,ind_prs17082023,NIFTY_TOTAL_MARKET,OUT,ANDHRSUGAR,Andhra Sugars Ltd.
2023-08-17,2023-09-29,ind_prs17082023,NIFTY_TOTAL_MARKET,OUT,BASF,BASF India Ltd.
2023-08-17,2023-09-29,ind_prs17082023,NIFTY_TOTAL_MARKET,OUT,BFUTILITIE,BF Utilities Ltd.
2023-08-17,2023-09-29,ind_prs17082023,NIFTY_TOTAL_MARKET,OUT,BUTTERFLY,Butterfly Gandhimathi Appliances Ltd.
2023-08-17,2023-09-29,ind_prs17082023,NIFTY_TOTAL_MARKET,OUT,FAIRCHEMOR,Fairchem Organics Ltd.
2023-08-17,2023-09-29,ind_prs17082023,NIFTY_TOTAL_MARKET,OUT,FILATEX,Filatex India Ltd.
2023-08-17,2023-09-29,ind_prs17082023,NIFTY_TOTAL_MARKET,OUT,GRMOVER,GRM Overseas Ltd.
2023-08-17,2023-09-29,ind_prs17082023,NIFTY_TOTAL_MARKET,OUT,GTLINFRA,GTL Infrastructure Ltd.
2023-08-17,2023-09-29,ind_prs17082023,NIFTY_TOTAL_MARKET,OUT,HERANBA,Heranba Industries Ltd.
2023-08-17,2023-09-29,ind_prs17082023,NIFTY_TOTAL_MARKET,OUT,ICRA,ICRA Ltd.
2023-08-17,2023-09-29,ind_prs17082023,NIFTY_TOTAL_MARKET,OUT,IPL,India Pesticides Ltd.
2023-08-17,2023-09-29,ind_prs17082023,NIFTY_TOTAL_MARKET,OUT,JINDWORLD,Jindal Worldwide Ltd.
2023-08-17,2023-09-29,ind_prs17082023,NIFTY_TOTAL_MARKET,OUT,KCP,KCP Ltd.
2023-08-17,2023-09-29,ind_prs17082023,NIFTY_TOTAL_MARKET,OUT,KENNAMET,Kennametal India Ltd.
2023-08-17,2023-09-29,ind_prs17082023,NIFTY_TOTAL_MARKET,OUT,RUSTOMJEE,Keystone Realtors Ltd.
2023-08-17,2023-09-29,ind_prs17082023,NIFTY_TOTAL_MARKET,OUT,MMFL,M M Forgings Ltd.
2023-08-17,2023-09-29,ind_prs17082023,NIFTY_TOTAL_MARKET,OUT,MAHSCOOTER,Maharashtra Scooters Ltd.
2023-08-17,2023-09-29,ind_prs17082023,NIFTY_TOTAL_MARKET,OUT,MANALIPETC,Manali Petrochemicals Ltd.
2023-08-17,2023-09-29,ind_prs17082023,NIFTY_TOTAL_MARKET,OUT,MOREPENLAB,Morepen Laboratories Ltd.
2023-08-17,2023-09-29,ind_prs17082023,NIFTY_TOTAL_MARKET,OUT,NDTV,NDTV Ltd.
2023-08-17,2023-09-29,ind_prs17082023,NIFTY_TOTAL_MARKET,OUT,PANAMAPET,Panama Petrochem Ltd.
2023-08-17,2023-09-29,ind_prs17082023,NIFTY_TOTAL_MARKET,OUT,PCJEWELLER,PC Jeweller Ltd.
2023-08-17,2023-09-29,ind_prs17082023,NIFTY_TOTAL_MARKET,OUT,POKARNA,Pokarna Ltd.
2023-08-17,2023-09-29,ind_prs17082023,NIFTY_TOTAL_MARKET,OUT,PURVA,Puravankara Ltd.
2023-08-17,2023-09-29,ind_prs17082023,NIFTY_TOTAL_MARKET,OUT,SAGCEM,Sagar Cements Ltd.
2023-08-17,2023-09-29,ind_prs17082023,NIFTY_TOTAL_MARKET,OUT,SOTL,Savita Oil Technologies Ltd.
2023-08-17,2023-09-29,ind_prs17082023,NIFTY_TOTAL_MARKET,OUT,SOLARA,Solara Active Pharma Sciences Ltd.
2023-08-17,2023-09-29,ind_prs17082023,NIFTY_TOTAL_MARKET,OUT,STOVEKRAFT,Stove Kraft Ltd.
2023-08-17,2023-09-29,ind_prs17082023,NIFTY_TOTAL_MARKET,OUT,TATASTLLP,Tata Steel Long Products Ltd.
2023-08-17,2023-09-29,ind_prs17082023,NIFTY_TOTAL_MARKET,OUT,TVTODAY,TV Today Network Ltd.
2023-08-17,2023-09-29,ind_prs17082023,NIFTY_TOTAL_MARKET,OUT,VALIANTORG,Valiant Organics Ltd.
2023-08-17,2023-09-29,ind_prs17082023,NIFTY_TOTAL_MARKET,OUT,VSTIND,VST Industries Ltd.
2023-08-17,2023-09-29,ind_prs17082023,NIFTY_TOTAL_MARKET,IN,ALLCARGO,Allcargo Logistics Ltd.
2023-08-17,2023-09-29,ind_prs17082023,NIFTY_TOTAL_MARKET,IN,AVALON,Avalon Technologies Ltd.
2023-08-17,2023-09-29,ind_prs17082023,NIFTY_TOTAL_MARKET,IN,DBCORP,D.B.Corp Ltd.
2023-08-17,2023-09-29,ind_prs17082023,NIFTY_TOTAL_MARKET,IN,DIVGIITTS,Divgi Torqtransfer Systems Ltd.
2023-08-17,2023-09-29,ind_prs17082023,NIFTY_TOTAL_MARKET,IN,DODLA,Dodla Dairy Ltd.
2023-08-17,2023-09-29,ind_prs17082023,NIFTY_TOTAL_MARKET,IN,DREAMFOLKS,Dreamfolks Services Ltd.
2023-08-17,2023-09-29,ind_prs17082023,NIFTY_TOTAL_MARKET,IN,EDELWEISS,Edelweiss Financial Services Ltd.
2023-08-17,2023-09-29,ind_prs17082023,NIFTY_TOTAL_MARKET,IN,GANESHHOUC,Ganesh Housing Corporation Ltd.
2023-08-17,2023-09-29,ind_prs17082023,NIFTY_TOTAL_MARKET,IN,GET&D,GE T&D India Ltd.
2023-08-17,2023-09-29,ind_prs17082023,NIFTY_TOTAL_MARKET,IN,GHCL,GHCL Ltd.
2023-08-17,2023-09-29,ind_prs17082023,NIFTY_TOTAL_MARKET,IN,GILLETTE,Gillette India Ltd.
2023-08-17,2023-09-29,ind_prs17082023,NIFTY_TOTAL_MARKET,IN,GRAUWEIL,Grauer & Weil (India) Ltd.
2023-08-17,2023-09-29,ind_prs17082023,NIFTY_TOTAL_MARKET,IN,GREENLAM,Greenlam Industries Ltd.
2023-08-17,2023-09-29,ind_prs17082023,NIFTY_TOTAL_MARKET,IN,HNDFDS,Hindustan Foods Ltd.
2023-08-17,2023-09-29,ind_prs17082023,NIFTY_TOTAL_MARKET,IN,IKIO,IKIO Lighting Ltd.
2023-08-17,2023-09-29,ind_prs17082023,NIFTY_TOTAL_MARKET,IN,ITDCEM,ITD Cementation India Ltd.
2023-08-17,2023-09-29,ind_prs17082023,NIFTY_TOTAL_MARKET,IN,JTLIND,JTL Industries Ltd.
2023-08-17,2023-09-29,ind_prs17082023,NIFTY_TOTAL_MARKET,IN,KIRLPNU,Kirloskar Pneumatic Company Ltd.
2023-08-17,2023-09-29,ind_prs17082023,NIFTY_TOTAL_MARKET,IN,LSIL,Lloyds Steels Industries Ltd.
2023-08-17,2023-09-29,ind_prs17082023,NIFTY_TOTAL_MARKET,IN,PTCIL,PTC Industries Ltd.
2023-08-17,2023-09-29,ind_prs17082023,NIFTY_TOTAL_MARKET,IN,RAMKY,Ramky Infra Ltd.
2023-08-17,2023-09-29,ind_prs17082023,NIFTY_TOTAL_MARKET,IN,RESPONIND,Responsive Industries Ltd.
2023-08-17,2023-09-29,ind_prs17082023,NIFTY_TOTAL_MARKET,IN,SAKSOFT,Saksoft Ltd.
2023-08-17,2023-09-29,ind_prs17082023,NIFTY_TOTAL_MARKET,IN,SAREGAMA,Saregama India Ltd
2023-08-17,2023-09-29,ind_prs17082023,NIFTY_TOTAL_MARKET,IN,SFL,Sheela Foam Ltd.
2023-08-17,2023-09-29,ind_prs17082023,NIFTY_TOTAL_MARKET,IN,SCI,Shipping Corporation of India Ltd.
2023-08-17,2023-09-29,ind_prs17082023,NIFTY_TOTAL_MARKET,IN,STYLAMIND,Stylam Industries Ltd.
2023-08-17,2023-09-29,ind_prs17082023,NIFTY_TOTAL_MARKET,IN,SUNFLAG,Sunflag Iron & Steel Company Ltd.
2023-08-17,2023-09-29,ind_prs17082023,NIFTY_TOTAL_MARKET,IN,TDPOWERSYS,TD Power Systems Ltd.
2023-08-17,2023-09-29,ind_prs17082023,NIFTY_TOTAL_MARKET,IN,TIIL,Technocraft Industries (India) Ltd.
2023-08-17,2023-09-29,ind_prs17082023,NIFTY_TOTAL_MARKET,IN,TI,Tilaknagar Industries Ltd.
2023-08-17,2023-09-29,ind_prs17082023,NIFTY_TOTAL_MARKET,IN,WONDERLA,Wonderla Holidays Ltd.
2023-08-17,2023-09-29,ind_prs17082023,NIFTY_TOTAL_MARKET,IN,ZENTEC,Zen Technologies Ltd.
2019-09-17,2019-09-27,ind_prs17092019,NIFTY_500,OUT,THOMASCOOK,Thomas Cook (India) Ltd.
2019-09-17,2019-09-27,ind_prs17092019,NIFTY_500,IN,IIFL,IIFL Finance Ltd.
2019-09-17,2019-09-27,ind_prs17092019,NIFTY_MIDCAP_150,OUT,THOMASCOOK,Thomas Cook (India) Ltd.
2019-09-17,2019-09-27,ind_prs17092019,NIFTY_MIDCAP_150,IN,TTKPRESTIG,TTK Prestige Ltd.
2019-09-17,2019-09-27,ind_prs17092019,NIFTY_SMALLCAP_250,OUT,TTKPRESTIG,TTK Prestige Ltd.
2019-09-17,2019-09-27,ind_prs17092019,NIFTY_SMALLCAP_250,IN,IIFL,IIFL Finance Ltd.
2019-09-17,2019-09-24,ind_prs17092019_1,NIFTY_500,OUT,JETAIRWAYS,Jet Airways (India) Ltd.
2019-09-17,2019-09-24,ind_prs17092019_1,NIFTY_500,IN,VAIBHAVGBL,Vaibhav Global Ltd.
2019-09-17,2019-09-24,ind_prs17092019_1,NIFTY_SMALLCAP_250,OUT,JETAIRWAYS,Jet Airways (India) Ltd.
2019-09-17,2019-09-24,ind_prs17092019_1,NIFTY_SMALLCAP_250,IN,VAIBHAVGBL,Vaibhav Global Ltd.
2016-10-17,2016-11-15,ind_prs17102016,NIFTY_NEXT_50,OUT,CAIRN,Cairn India Ltd.
2016-10-17,2016-11-15,ind_prs17102016,NIFTY_NEXT_50,IN,HAVELLS,Havells India Ltd.
2016-10-17,2016-11-15,ind_prs17102016,NIFTY_500,OUT,CAIRN,Cairn India Ltd.
2016-10-17,2016-11-15,ind_prs17102016,NIFTY_500,IN,CROMPTON,Crompton Greaves Consumer Electricals Ltd.
2016-10-17,2016-11-15,ind_prs17102016,NIFTY_MIDCAP_150,OUT,HAVELLS,Havells India Ltd.
2016-10-17,2016-11-15,ind_prs17102016,NIFTY_MIDCAP_150,IN,CROMPTON,Crompton Greaves Consumer Electricals Ltd.
2023-10-17,2023-10-26,ind_prs17102023,NIFTY_500,OUT,KIRLFER,Kirloskar Ferrous Industries Ltd.
2023-10-17,2023-10-26,ind_prs17102023,NIFTY_500,IN,CONCORDBIO,Concord Biotech Ltd.
2023-10-17,2023-10-26,ind_prs17102023,NIFTY_SMALLCAP_250,OUT,KIRLFER,Kirloskar Ferrous Industries Ltd.
2023-10-17,2023-10-26,ind_prs17102023,NIFTY_SMALLCAP_250,IN,CONCORDBIO,Concord Biotech Ltd.
2023-10-17,2023-10-26,ind_prs17102023,NIFTY_MICROCAP_250,OUT,FORCEMOT,Force Motors Ltd.
2023-10-17,2023-10-26,ind_prs17102023,NIFTY_MICROCAP_250,OUT,GOODYEAR,Goodyear India Ltd.
2023-10-17,2023-10-26,ind_prs17102023,NIFTY_MICROCAP_250,OUT,GRAUWEIL,Grauer & Weil (India) Ltd.
2023-10-17,2023-10-26,ind_prs17102023,NIFTY_MICROCAP_250,IN,JINDWORLD,Jindal Worldwide Ltd.
2023-10-17,2023-10-26,ind_prs17102023,NIFTY_MICROCAP_250,IN,SBFC,SBFC Finance Ltd.
2023-10-17,2023-10-26,ind_prs17102023,NIFTY_MICROCAP_250,IN,TVSSCS,TVS Supply Chain Solutions Ltd.
2023-10-17,2023-10-26,ind_prs17102023,NIFTY_TOTAL_MARKET,OUT,FORCEMOT,Force Motors Ltd.
2023-10-17,2023-10-26,ind_prs17102023,NIFTY_TOTAL_MARKET,OUT,GOODYEAR,Goodyear India Ltd.
2023-10-17,2023-10-26,ind_prs17102023,NIFTY_TOTAL_MARKET,OUT,GRAUWEIL,Grauer & Weil (India) Ltd.
2023-10-17,2023-10-26,ind_prs17102023,NIFTY_TOTAL_MARKET,OUT,KIRLFER,Kirloskar Ferrous Industries Ltd.
2023-10-17,2023-10-26,ind_prs17102023,NIFTY_TOTAL_MARKET,IN,CONCORDBIO,Concord Biotech Ltd.
2023-10-17,2023-10-26,ind_prs17102023,NIFTY_TOTAL_MARKET,IN,JINDWORLD,Jindal Worldwide Ltd.
2023-10-17,2023-10-26,ind_prs17102023,NIFTY_TOTAL_MARKET,IN,SBFC,SBFC Finance Ltd.
2023-10-17,2023-10-26,ind_prs17102023,NIFTY_TOTAL_MARKET,IN,TVSSCS,TVS Supply Chain Solutions Ltd.
2011-11-17,2011-11-22,ind_prs17112011,NIFTY_500,OUT,JINDALSAW,Jindal Saw Limited
2011-11-17,2011-11-22,ind_prs17112011,NIFTY_500,IN,FUTUREVENT,Future Ventures India Limited
2011-01-18,2011-01-20,ind_prs18012011,NIFTY_500,OUT,MID-DAY,Mid-Day Multimedia Ltd.
2011-01-18,2011-01-20,ind_prs18012011,NIFTY_500,OUT,HINDMOTOR,Hindustan Motors Ltd.
2011-01-18,2011-01-20,ind_prs18012011,NIFTY_500,IN,SHREEASHTA,Shree Ashtavinayak Cine Vision Ltd.
2011-01-18,2011-01-20,ind_prs18012011,NIFTY_500,IN,HATHWAY,Hathway Cable & Datacom Ltd.
2013-01-18,2013-01-23,ind_prs18012013,NIFTY_500,OUT,DCHL,Deccan Chronicle Holdings Limited
2013-01-18,2013-01-23,ind_prs18012013,NIFTY_500,IN,MOIL,MOIL Ltd.
2020-02-18,2020-03-27,ind_prs18022020,NIFTY_50,OUT,YESBANK,Yes Bank Ltd.
2020-02-18,2020-03-27,ind_prs18022020,NIFTY_50,IN,SHREECEM,Shree Cement Ltd.
2020-02-18,2020-03-27,ind_prs18022020,NIFTY_NEXT_50,OUT,ASHOKLEY,Ashok Leyland Ltd.
2020-02-18,2020-03-27,ind_prs18022020,NIFTY_NEXT_50,OUT,IBULHSGFIN,Indiabulls Housing Finance Ltd.
2020-02-18,2020-03-27,ind_prs18022020,NIFTY_NEXT_50,OUT,L&TFH,L&T Finance Holdings Ltd.
2020-02-18,2020-03-27,ind_prs18022020,NIFTY_NEXT_50,OUT,SHREECEM,Shree Cement Ltd.
2020-02-18,2020-03-27,ind_prs18022020,NIFTY_NEXT_50,OUT,IDEA,Vodafone Idea Ltd.
2020-02-18,2020-03-27,ind_prs18022020,NIFTY_NEXT_50,IN,ADANITRANS,Adani Transmission Ltd.
2020-02-18,2020-03-27,ind_prs18022020,NIFTY_NEXT_50,IN,IDBI,IDBI Bank Ltd.
2020-02-18,2020-03-27,ind_prs18022020,NIFTY_NEXT_50,IN,NAUKRI,Info Edge (India) Ltd.
2020-02-18,2020-03-27,ind_prs18022020,NIFTY_NEXT_50,IN,LTI,Larsen & Toubro Infotech Ltd.
2020-02-18,2020-03-27,ind_prs18022020,NIFTY_NEXT_50,IN,TORNTPHARM,Torrent Pharmaceuticals Ltd.
2020-02-18,2020-03-27,ind_prs18022020,NIFTY_500,OUT,BLISSGVS,Bliss GVS Pharma Ltd.
2020-02-18,2020-03-27,ind_prs18022020,NIFTY_500,OUT,DHFL,Dewan Housing Finance Corporation Ltd.
2020-02-18,2020-03-27,ind_prs18022020,NIFTY_500,OUT,IFCI,IFCI Ltd.
2020-02-18,2020-03-27,ind_prs18022020,NIFTY_500,OUT,IBULISL,Indiabulls Integrated Services Ltd.
2020-02-18,2020-03-27,ind_prs18022020,NIFTY_500,OUT,ITDCEM,ITD Cementation India Ltd.
2020-02-18,2020-03-27,ind_prs18022020,NIFTY_500,OUT,JISLJALEQS,Jain Irrigation Systems Ltd.
2020-02-18,2020-03-27,ind_prs18022020,NIFTY_500,OUT,KENNAMET,Kennametal India Ltd.
2020-02-18,2020-03-27,ind_prs18022020,NIFTY_500,OUT,KIRLOSENG,Kirloskar Oil Eng Ltd.
2020-02-18,2020-03-27,ind_prs18022020,NIFTY_500,OUT,LAKSHVILAS,Lakshmi Vilas Bank Ltd.
2020-02-18,2020-03-27,ind_prs18022020,NIFTY_500,OUT,MAGMA,Magma Fincorp Ltd.
2020-02-18,2020-03-27,ind_prs18022020,NIFTY_500,OUT,NFL,National Fertilizers Ltd.
2020-02-18,2020-03-27,ind_prs18022020,NIFTY_500,OUT,PARAGMILK,Parag Milk Foods Ltd.
2020-02-18,2020-03-27,ind_prs18022020,NIFTY_500,OUT,PCJEWELLER,PC Jeweller Ltd.
2020-02-18,2020-03-27,ind_prs18022020,NIFTY_500,OUT,RELCAPITAL,Reliance Capital Ltd.
2020-02-18,2020-03-27,ind_prs18022020,NIFTY_500,OUT,RELINFRA,Reliance Infrastructure Ltd.
2020-02-18,2020-03-27,ind_prs18022020,NIFTY_500,OUT,RPOWER,Reliance Power Ltd.
2020-02-18,2020-03-27,ind_prs18022020,NIFTY_500,OUT,SHILPAMED,Shilpa Medicare Ltd.
2020-02-18,2020-03-27,ind_prs18022020,NIFTY_500,OUT,SUNCLAYLTD,Sundaram Clayton Ltd.
2020-02-18,2020-03-27,ind_prs18022020,NIFTY_500,OUT,TASTYBITE,Tasty Bite Eatables Ltd.
2020-02-18,2020-03-27,ind_prs18022020,NIFTY_500,OUT,WABAG,Va Tech Wabag Ltd.
2020-02-18,2020-03-27,ind_prs18022020,NIFTY_500,IN,BHARATRAS,Bharat Rasayan Ltd.
2020-02-18,2020-03-27,ind_prs18022020,NIFTY_500,IN,CENTURYTEX,Century Textile & Industries Ltd.
2020-02-18,2020-03-27,ind_prs18022020,NIFTY_500,IN,FSC,Future Supply Chain Solutions Ltd.
2020-02-18,2020-03-27,ind_prs18022020,NIFTY_500,IN,GRSE,Garden Reach Shipbuilders & Engineers Ltd.
2020-02-18,2020-03-27,ind_prs18022020,NIFTY_500,IN,GMMPFAUDLR,GMM Pfaudler Ltd.
2020-02-18,2020-03-27,ind_prs18022020,NIFTY_500,IN,FLUOROCHEM,Gujarat Fluorochemicals Ltd.
2020-02-18,2020-03-27,ind_prs18022020,NIFTY_500,IN,HATHWAY,Hathway Cable & Datacom Ltd.
2020-02-18,2020-03-27,ind_prs18022020,NIFTY_500,IN,IIFLWAM,IIFL Wealth Management Ltd.
2020-02-18,2020-03-27,ind_prs18022020,NIFTY_500,IN,IRCTC,Indian Railway Catering And Tourism Corp. Ltd.
2020-02-18,2020-03-27,ind_prs18022020,NIFTY_500,IN,INGERRAND,Ingersoll Rand (India) Ltd.
2020-02-18,2020-03-27,ind_prs18022020,NIFTY_500,IN,JTEKTINDIA,JTEKT India Ltd.
2020-02-18,2020-03-27,ind_prs18022020,NIFTY_500,IN,MAHLIFE,Mahindra Lifespace Developers Ltd.
2020-02-18,2020-03-27,ind_prs18022020,NIFTY_500,IN,NAVNETEDUL,Navneet Education Ltd.
2020-02-18,2020-03-27,ind_prs18022020,NIFTY_500,IN,SHARDACROP,Sharda Cropchem Ltd.
2020-02-18,2020-03-27,ind_prs18022020,NIFTY_500,IN,SCI,Shipping Corporation of India Ltd.
2020-02-18,2020-03-27,ind_prs18022020,NIFTY_500,IN,SWSOLAR,Sterling And Wilson Solar Ltd.
2020-02-18,2020-03-27,ind_prs18022020,NIFTY_500,IN,TATACOMM,Tata Communications Ltd.
2020-02-18,2020-03-27,ind_prs18022020,NIFTY_500,IN,TATASTLLP,Tata Steel Long Products Ltd.
2020-02-18,2020-03-27,ind_prs18022020,NIFTY_500,IN,TCI,Transport Corporation of India Ltd.
2020-02-18,2020-03-27,ind_prs18022020,NIFTY_500,IN,VESUVIUS,Vesuvius India Ltd.
2020-02-18,2020-03-27,ind_prs18022020,NIFTY_MIDCAP_150,OUT,ADANITRANS,Adani Transmission Ltd.
2020-02-18,2020-03-27,ind_prs18022020,NIFTY_MIDCAP_150,OUT,BLUEDART,Blue Dart Express Ltd.
2020-02-18,2020-03-27,ind_prs18022020,NIFTY_MIDCAP_150,OUT,ERIS,Eris Lifesciences Ltd.
2020-02-18,2020-03-27,ind_prs18022020,NIFTY_MIDCAP_150,OUT,FCONSUMER,Future Consumer Ltd.
2020-02-18,2020-03-27,ind_prs18022020,NIFTY_MIDCAP_150,OUT,GRAPHITE,Graphite India Ltd.
2020-02-18,2020-03-27,ind_prs18022020,NIFTY_MIDCAP_150,OUT,HEG,H.E.G. Ltd.
2020-02-18,2020-03-27,ind_prs18022020,NIFTY_MIDCAP_150,OUT,IDBI,IDBI Bank Ltd.
2020-02-18,2020-03-27,ind_prs18022020,NIFTY_MIDCAP_150,OUT,NAUKRI,Info Edge (India) Ltd.
2020-02-18,2020-03-27,ind_prs18022020,NIFTY_MIDCAP_150,OUT,KRBL,KRBL Ltd.
2020-02-18,2020-03-27,ind_prs18022020,NIFTY_MIDCAP_150,OUT,LTI,Larsen & Toubro Infotech Ltd.
2020-02-18,2020-03-27,ind_prs18022020,NIFTY_MIDCAP_150,OUT,MAHINDCIE,Mahindra CIE Automotive Ltd.
2020-02-18,2020-03-27,ind_prs18022020,NIFTY_MIDCAP_150,OUT,NBCC,NBCC (India) Ltd.
2020-02-18,2020-03-27,ind_prs18022020,NIFTY_MIDCAP_150,OUT,STRTECH,Sterlite Technologies Ltd.
2020-02-18,2020-03-27,ind_prs18022020,NIFTY_MIDCAP_150,OUT,TORNTPHARM,Torrent Pharmaceuticals Ltd.
2020-02-18,2020-03-27,ind_prs18022020,NIFTY_MIDCAP_150,OUT,VARROC,Varroc Engineering Ltd.
2020-02-18,2020-03-27,ind_prs18022020,NIFTY_MIDCAP_150,IN,ADANIGREEN,Adani Green Energy Ltd.
2020-02-18,2020-03-27,ind_prs18022020,NIFTY_MIDCAP_150,IN,AKZOINDIA,Akzo Nobel India Ltd.
2020-02-18,2020-03-27,ind_prs18022020,NIFTY_MIDCAP_150,IN,ASHOKLEY,Ashok Leyland Ltd.
2020-02-18,2020-03-27,ind_prs18022020,NIFTY_MIDCAP_150,IN,CREDITACC,CreditAccess Grameen Ltd.
2020-02-18,2020-03-27,ind_prs18022020,NIFTY_MIDCAP_150,IN,IIFLWAM,IIFL Wealth Management Ltd.
2020-02-18,2020-03-27,ind_prs18022020,NIFTY_MIDCAP_150,IN,IBULHSGFIN,Indiabulls Housing Finance Ltd.
2020-02-18,2020-03-27,ind_prs18022020,NIFTY_MIDCAP_150,IN,IRCTC,Indian Railway Catering And Tourism Corp. Ltd.
2020-02-18,2020-03-27,ind_prs18022020,NIFTY_MIDCAP_150,IN,JKCEMENT,J.K. Cement Ltd.
2020-02-18,2020-03-27,ind_prs18022020,NIFTY_MIDCAP_150,IN,L&TFH,L&T Finance Holdings Ltd.
2020-02-18,2020-03-27,ind_prs18022020,NIFTY_MIDCAP_150,IN,MINDAIND,Minda Industries Ltd.
2020-02-18,2020-03-27,ind_prs18022020,NIFTY_MIDCAP_150,IN,NIITTECH,NIIT Technologies Ltd.
2020-02-18,2020-03-27,ind_prs18022020,NIFTY_MIDCAP_150,IN,TATACOMM,Tata Communications Ltd.
2020-02-18,2020-03-27,ind_prs18022020,NIFTY_MIDCAP_150,IN,IDEA,Vodafone Idea Ltd.
2020-02-18,2020-03-27,ind_prs18022020,NIFTY_MIDCAP_150,IN,YESBANK,Yes Bank Ltd.
2020-02-18,2020-03-27,ind_prs18022020,NIFTY_MIDCAP_150,IN,ZYDUSWELL,Zydus Wellness Ltd.
2020-02-18,2020-03-27,ind_prs18022020,NIFTY_SMALLCAP_250,OUT,ADANIGREEN,Adani Green Energy Ltd.
2020-02-18,2020-03-27,ind_prs18022020,NIFTY_SMALLCAP_250,OUT,AKZOINDIA,Akzo Nobel India Ltd.
2020-02-18,2020-03-27,ind_prs18022020,NIFTY_SMALLCAP_250,OUT,BLISSGVS,Bliss GVS Pharma Ltd.
2020-02-18,2020-03-27,ind_prs18022020,NIFTY_SMALLCAP_250,OUT,CREDITACC,CreditAccess Grameen Ltd.
2020-02-18,2020-03-27,ind_prs18022020,NIFTY_SMALLCAP_250,OUT,DHFL,Dewan Housing Finance Corporation Ltd.
2020-02-18,2020-03-27,ind_prs18022020,NIFTY_SMALLCAP_250,OUT,IFCI,IFCI Ltd.
2020-02-18,2020-03-27,ind_prs18022020,NIFTY_SMALLCAP_250,OUT,IBULISL,Indiabulls Integrated Services Ltd.
2020-02-18,2020-03-27,ind_prs18022020,NIFTY_SMALLCAP_250,OUT,ITDCEM,ITD Cementation India Ltd.
2020-02-18,2020-03-27,ind_prs18022020,NIFTY_SMALLCAP_250,OUT,JKCEMENT,J.K. Cement Ltd.
2020-02-18,2020-03-27,ind_prs18022020,NIFTY_SMALLCAP_250,OUT,JISLJALEQS,Jain Irrigation Systems Ltd.
2020-02-18,2020-03-27,ind_prs18022020,NIFTY_SMALLCAP_250,OUT,KENNAMET,Kennametal India Ltd.
2020-02-18,2020-03-27,ind_prs18022020,NIFTY_SMALLCAP_250,OUT,KIRLOSENG,Kirloskar Oil Eng Ltd.
2020-02-18,2020-03-27,ind_prs18022020,NIFTY_SMALLCAP_250,OUT,LAKSHVILAS,Lakshmi Vilas Bank Ltd.
2020-02-18,2020-03-27,ind_prs18022020,NIFTY_SMALLCAP_250,OUT,MAGMA,Magma Fincorp Ltd.
2020-02-18,2020-03-27,ind_prs18022020,NIFTY_SMALLCAP_250,OUT,MINDAIND,Minda Industries Ltd.
2020-02-18,2020-03-27,ind_prs18022020,NIFTY_SMALLCAP_250,OUT,NFL,National Fertilizers Ltd.
2020-02-18,2020-03-27,ind_prs18022020,NIFTY_SMALLCAP_250,OUT,NIITTECH,NIIT Technologies Ltd.
2020-02-18,2020-03-27,ind_prs18022020,NIFTY_SMALLCAP_250,OUT,PARAGMILK,Parag Milk Foods Ltd.
2020-02-18,2020-03-27,ind_prs18022020,NIFTY_SMALLCAP_250,OUT,PCJEWELLER,PC Jeweller Ltd.
2020-02-18,2020-03-27,ind_prs18022020,NIFTY_SMALLCAP_250,OUT,RELCAPITAL,Reliance Capital Ltd.
2020-02-18,2020-03-27,ind_prs18022020,NIFTY_SMALLCAP_250,OUT,RELINFRA,Reliance Infrastructure Ltd.
2020-02-18,2020-03-27,ind_prs18022020,NIFTY_SMALLCAP_250,OUT,RPOWER,Reliance Power Ltd.
2020-02-18,2020-03-27,ind_prs18022020,NIFTY_SMALLCAP_250,OUT,SHILPAMED,Shilpa Medicare Ltd.
2020-02-18,2020-03-27,ind_prs18022020,NIFTY_SMALLCAP_250,OUT,SUNCLAYLTD,Sundaram Clayton Ltd.
2020-02-18,2020-03-27,ind_prs18022020,NIFTY_SMALLCAP_250,OUT,TASTYBITE,Tasty Bite Eatables Ltd.
2020-02-18,2020-03-27,ind_prs18022020,NIFTY_SMALLCAP_250,OUT,WABAG,Va Tech Wabag Ltd.
2020-02-18,2020-03-27,ind_prs18022020,NIFTY_SMALLCAP_250,OUT,ZYDUSWELL,Zydus Wellness Ltd.
2020-02-18,2020-03-27,ind_prs18022020,NIFTY_SMALLCAP_250,IN,BHARATRAS,Bharat Rasayan Ltd.
2020-02-18,2020-03-27,ind_prs18022020,NIFTY_SMALLCAP_250,IN,BLUEDART,Blue Dart Express Ltd.
2020-02-18,2020-03-27,ind_prs18022020,NIFTY_SMALLCAP_250,IN,CENTURYTEX,Century Textile & Industries Ltd.
2020-02-18,2020-03-27,ind_prs18022020,NIFTY_SMALLCAP_250,IN,ERIS,Eris Lifesciences Ltd.
2020-02-18,2020-03-27,ind_prs18022020,NIFTY_SMALLCAP_250,IN,FCONSUMER,Future Consumer Ltd.
2020-02-18,2020-03-27,ind_prs18022020,NIFTY_SMALLCAP_250,IN,FSC,Future Supply Chain Solutions Ltd.
2020-02-18,2020-03-27,ind_prs18022020,NIFTY_SMALLCAP_250,IN,GRSE,Garden Reach Shipbuilders & Engineers Ltd.
2020-02-18,2020-03-27,ind_prs18022020,NIFTY_SMALLCAP_250,IN,GMMPFAUDLR,GMM Pfaudler Ltd.
2020-02-18,2020-03-27,ind_prs18022020,NIFTY_SMALLCAP_250,IN,GRAPHITE,Graphite India Ltd.
2020-02-18,2020-03-27,ind_prs18022020,NIFTY_SMALLCAP_250,IN,FLUOROCHEM,Gujarat Fluorochemicals Ltd.
2020-02-18,2020-03-27,ind_prs18022020,NIFTY_SMALLCAP_250,IN,HEG,H.E.G. Ltd.
2020-02-18,2020-03-27,ind_prs18022020,NIFTY_SMALLCAP_250,IN,HATHWAY,Hathway Cable & Datacom Ltd.
2020-02-18,2020-03-27,ind_prs18022020,NIFTY_SMALLCAP_250,IN,INGERRAND,Ingersoll Rand (India) Ltd.
2020-02-18,2020-03-27,ind_prs18022020,NIFTY_SMALLCAP_250,IN,JTEKTINDIA,JTEKT India Ltd.
2020-02-18,2020-03-27,ind_prs18022020,NIFTY_SMALLCAP_250,IN,KRBL,KRBL Ltd.
2020-02-18,2020-03-27,ind_prs18022020,NIFTY_SMALLCAP_250,IN,MAHINDCIE,Mahindra CIE Automotive Ltd.
2020-02-18,2020-03-27,ind_prs18022020,NIFTY_SMALLCAP_250,IN,MAHLIFE,Mahindra Lifespace Developers Ltd.
2020-02-18,2020-03-27,ind_prs18022020,NIFTY_SMALLCAP_250,IN,NAVNETEDUL,Navneet Education Ltd.
2020-02-18,2020-03-27,ind_prs18022020,NIFTY_SMALLCAP_250,IN,NBCC,NBCC (India) Ltd.
2020-02-18,2020-03-27,ind_prs18022020,NIFTY_SMALLCAP_250,IN,SHARDACROP,Sharda Cropchem Ltd.
2020-02-18,2020-03-27,ind_prs18022020,NIFTY_SMALLCAP_250,IN,SCI,Shipping Corporation of India Ltd.
2020-02-18,2020-03-27,ind_prs18022020,NIFTY_SMALLCAP_250,IN,SWSOLAR,Sterling And Wilson Solar Ltd.
2020-02-18,2020-03-27,ind_prs18022020,NIFTY_SMALLCAP_250,IN,STRTECH,Sterlite Technologies Ltd.
2020-02-18,2020-03-27,ind_prs18022020,NIFTY_SMALLCAP_250,IN,TATASTLLP,Tata Steel Long Products Ltd.
2020-02-18,2020-03-27,ind_prs18022020,NIFTY_SMALLCAP_250,IN,TCI,Transport Corporation of India Ltd.
2020-02-18,2020-03-27,ind_prs18022020,NIFTY_SMALLCAP_250,IN,VARROC,Varroc Engineering Ltd.
2020-02-18,2020-03-27,ind_prs18022020,NIFTY_SMALLCAP_250,IN,VESUVIUS,Vesuvius India Ltd.
2015-03-18,,ind_prs18032015_2,NIFTY_500,OUT,BALKRISIND,Balkrishna Industries Ltd.
2015-03-18,,ind_prs18032015_2,NIFTY_500,IN,ITDCEM,ITD Cementation India Ltd.
2015-03-18,,ind_prs18032015_2,NIFTY_500,OUT,CMC,CMC Ltd.
2015-03-18,,ind_prs18032015_2,NIFTY_500,OUT,MASTEK,Mastek Ltd.
2015-03-18,,ind_prs18032015_2,NIFTY_500,OUT,SHASUNPHAR,Shasun Pharmaceuticals Ltd.
2015-03-18,,ind_prs18032015_2,NIFTY_500,IN,MAYURUNIQ,Mayur Uniquoters Ltd.
2015-03-18,,ind_prs18032015_2,NIFTY_500,IN,MUNJALSHOW,Munjal Showa Ltd.
2015-03-18,,ind_prs18032015_2,NIFTY_500,IN,SUVEN,Suven Life Sciences Ltd.
2010-08-18,2010-10-01,ind_prs18082010,NIFTY_50,OUT,ABB,ABB Ltd.
2010-08-18,2010-10-01,ind_prs18082010,NIFTY_50,OUT,IDEA,Idea Cellular Ltd.
2010-08-18,2010-10-01,ind_prs18082010,NIFTY_50,OUT,UNITECH,Unitech Ltd.
2010-08-18,2010-10-01,ind_prs18082010,NIFTY_50,IN,BAJAJ-AUTO,Bajaj Auto Ltd.
2010-08-18,2010-10-01,ind_prs18082010,NIFTY_50,IN,DRREDDY,Dr. Reddy's Laboratories Ltd.
2010-08-18,2010-10-01,ind_prs18082010,NIFTY_50,IN,SESAGOA,Sesa Goa Ltd.
2010-08-18,2010-10-01,ind_prs18082010,NIFTY_NEXT_50,OUT,BAJAJ-AUTO,Bajaj Auto Ltd.
2010-08-18,2010-10-01,ind_prs18082010,NIFTY_NEXT_50,OUT,DRREDDY,Dr. Reddy's Laboratories Ltd.
2010-08-18,2010-10-01,ind_prs18082010,NIFTY_NEXT_50,OUT,SESAGOA,Sesa Goa Ltd.
2010-08-18,2010-10-01,ind_prs18082010,NIFTY_NEXT_50,OUT,TTML,Tata Teleservices (Maharashtra) Ltd.
2010-08-18,2010-10-01,ind_prs18082010,NIFTY_NEXT_50,IN,GRASIM,Grasim Industries Ltd.
2010-08-18,2010-10-01,ind_prs18082010,NIFTY_NEXT_50,IN,RECLTD,Rural Electrification Corporation Ltd.
2010-08-18,2010-10-01,ind_prs18082010,NIFTY_NEXT_50,IN,SRTRANSFIN,Shriram Transport Finance Co. Ltd.
2010-08-18,2010-10-01,ind_prs18082010,NIFTY_NEXT_50,IN,YESBANK,Yes Bank Ltd.
2015-09-18,2015-10-19,ind_prs18092015,NIFTY_NEXT_50,OUT,ABIRLANUVO,Aditya Birla Nuvo Ltd.
2015-09-18,2015-10-19,ind_prs18092015,NIFTY_NEXT_50,IN,IOC,Indian Oil Corporation Ltd.
2015-09-18,2015-10-19,ind_prs18092015,NIFTY_500,OUT,ABIRLANUVO,Aditya Birla Nuvo Ltd.
2015-09-18,2015-10-19,ind_prs18092015,NIFTY_500,IN,PNCINFRA,PNC Infratech Ltd.
2014-11-18,2014-11-28,ind_prs18112014,NIFTY_NEXT_50,OUT,RANBAXY,Ranbaxy Laboratories Ltd.
2014-11-18,2014-11-28,ind_prs18112014,NIFTY_NEXT_50,IN,RELINFRA,Reliance Infrastructure Ltd.
2014-11-18,2014-11-28,ind_prs18112014,NIFTY_500,OUT,RANBAXY,Ranbaxy Laboratories Ltd.
2014-11-18,2014-11-28,ind_prs18112014,NIFTY_500,IN,TI,Tilaknagar Industries Ltd.
2020-11-18,2020-11-25,ind_prs18112020,NIFTY_500,OUT,INFIBEAM,Infibeam Avenues Ltd.
2020-11-18,2020-11-25,ind_prs18112020,NIFTY_500,IN,MAHINDCIE,Mahindra CIE Automotive Ltd.
2020-11-18,2020-11-25,ind_prs18112020,NIFTY_SMALLCAP_250,OUT,INFIBEAM,Infibeam Avenues Ltd.
2020-11-18,2020-11-25,ind_prs18112020,NIFTY_SMALLCAP_250,IN,MAHINDCIE,Mahindra CIE Automotive Ltd.
2019-12-18,2019-12-26,ind_prs18122019,NIFTY_500,OUT,CGPOWER,CG Power and Industrial Solutions Ltd.
2019-12-18,2019-12-26,ind_prs18122019,NIFTY_500,OUT,COFFEEDAY,Coffee Day Enterprises Ltd.
2019-12-18,2019-12-26,ind_prs18122019,NIFTY_500,OUT,COX&KINGS,Cox & Kings Ltd.
2019-12-18,2019-12-26,ind_prs18122019,NIFTY_500,IN,AFFLE,Affle (India) Ltd.
2019-12-18,2019-12-26,ind_prs18122019,NIFTY_500,IN,MIDHANI,Mishra Dhatu Nigam Ltd.
2019-12-18,2019-12-26,ind_prs18122019,NIFTY_500,IN,RESPONIND,Responsive Industries Ltd.
2019-12-18,2019-12-26,ind_prs18122019,NIFTY_SMALLCAP_250,OUT,CGPOWER,CG Power and Industrial Solutions Ltd.
2019-12-18,2019-12-26,ind_prs18122019,NIFTY_SMALLCAP_250,OUT,COFFEEDAY,Coffee Day Enterprises Ltd.
2019-12-18,2019-12-26,ind_prs18122019,NIFTY_SMALLCAP_250,OUT,COX&KINGS,Cox & Kings Ltd.
2019-12-18,2019-12-26,ind_prs18122019,NIFTY_SMALLCAP_250,IN,AFFLE,Affle (India) Ltd.
2019-12-18,2019-12-26,ind_prs18122019,NIFTY_SMALLCAP_250,IN,MIDHANI,Mishra Dhatu Nigam Ltd.
2019-12-18,2019-12-26,ind_prs18122019,NIFTY_SMALLCAP_250,IN,RESPONIND,Responsive Industries Ltd.
2010-02-19,2010-02-24,ind_prs19022010,NIFTY_500,OUT,UNMAPPED:Asian Hotels Ltd.,Asian Hotels Ltd.
2010-02-19,2010-02-24,ind_prs19022010,NIFTY_500,IN,PENINLAND,Peninsula Land Ltd.
2020-03-19,2020-03-27,ind_prs19032020,NIFTY_500,IN,ALKYLAMINE,Alkyl Amines Chemicals Ltd.
2020-03-19,2020-03-27,ind_prs19032020,NIFTY_MIDCAP_150,OUT,YESBANK,Yes Bank Ltd.*
2020-03-19,2020-03-27,ind_prs19032020,NIFTY_MIDCAP_150,IN,PVR,PVR Ltd.*
2020-03-19,2020-03-27,ind_prs19032020,NIFTY_SMALLCAP_250,OUT,PVR,PVR Ltd.
2020-03-19,2020-03-27,ind_prs19032020,NIFTY_SMALLCAP_250,IN,ALKYLAMINE,Alkyl Amines Chemicals Ltd.
2011-04-19,2011-04-21,ind_prs19042011,NIFTY_NEXT_50,OUT,IBREALEST,Indiabulls Real Estate Limited
2011-04-19,2011-04-21,ind_prs19042011,NIFTY_NEXT_50,IN,COALINDIA,Coal India Limited
2011-04-19,2011-04-21,ind_prs19042011,NIFTY_500,OUT,IBREALEST,Indiabulls Real Estate Limited
2011-04-19,2011-04-21,ind_prs19042011,NIFTY_500,IN,OBEROIRLTY,Oberoi Realty Limited
2023-04-19,2023-04-28,ind_prs19042023_1,NIFTY_500,OUT,BAJAJELEC,Bajaj Electricals Ltd.
2023-04-19,2023-04-28,ind_prs19042023_1,NIFTY_500,OUT,EDELWEISS,Edelweiss Financial Services Ltd.
2023-04-19,2023-04-28,ind_prs19042023_1,NIFTY_500,IN,ERIS,Eris Lifesciences Ltd.
2023-04-19,2023-04-28,ind_prs19042023_1,NIFTY_500,IN,NSLNISP,NMDC Steel Ltd.
2023-04-19,2023-04-28,ind_prs19042023_1,NIFTY_SMALLCAP_250,OUT,BAJAJELEC,Bajaj Electricals Ltd.
2023-04-19,2023-04-28,ind_prs19042023_1,NIFTY_SMALLCAP_250,OUT,EDELWEISS,Edelweiss Financial Services Ltd.
2023-04-19,2023-04-28,ind_prs19042023_1,NIFTY_SMALLCAP_250,IN,ERIS,Eris Lifesciences Ltd.
2023-04-19,2023-04-28,ind_prs19042023_1,NIFTY_SMALLCAP_250,IN,NSLNISP,NMDC Steel Ltd.
2023-04-19,2023-04-28,ind_prs19042023_1,NIFTY_MICROCAP_250,OUT,BESTAGRO,Best Agrolife Ltd.
2023-04-19,2023-04-28,ind_prs19042023_1,NIFTY_MICROCAP_250,OUT,ERIS,Eris Lifesciences Ltd.*
2023-04-19,2023-04-28,ind_prs19042023_1,NIFTY_MICROCAP_250,OUT,HNDFDS,Hindustan Foods Ltd.
2023-04-19,2023-04-28,ind_prs19042023_1,NIFTY_MICROCAP_250,OUT,SPICEJET,Spicejet Ltd.
2023-04-19,2023-04-28,ind_prs19042023_1,NIFTY_MICROCAP_250,OUT,VAKRANGEE,Vakrangee Ltd.
2023-04-19,2023-04-28,ind_prs19042023_1,NIFTY_MICROCAP_250,IN,AARTIPHARM,Aarti Pharmalabs Ltd.
2023-04-19,2023-04-28,ind_prs19042023_1,NIFTY_MICROCAP_250,IN,AHLUCONT,Ahluwalia Contracts (India) Ltd.
2023-04-19,2023-04-28,ind_prs19042023_1,NIFTY_MICROCAP_250,IN,CHOICEIN,Choice International Ltd.
2023-04-19,2023-04-28,ind_prs19042023_1,NIFTY_MICROCAP_250,IN,JCHAC,Johnson Controls - Hitachi Air Conditioning India Ltd.
2023-04-19,2023-04-28,ind_prs19042023_1,NIFTY_MICROCAP_250,IN,TWL,Titagarh Wagons Ltd.
2023-04-19,2023-04-28,ind_prs19042023_1,NIFTY_TOTAL_MARKET,OUT,BAJAJELEC,Bajaj Electricals Ltd.
2023-04-19,2023-04-28,ind_prs19042023_1,NIFTY_TOTAL_MARKET,OUT,BESTAGRO,Best Agrolife Ltd.
2023-04-19,2023-04-28,ind_prs19042023_1,NIFTY_TOTAL_MARKET,OUT,EDELWEISS,Edelweiss Financial Services Ltd.
2023-04-19,2023-04-28,ind_prs19042023_1,NIFTY_TOTAL_MARKET,OUT,HNDFDS,Hindustan Foods Ltd.
2023-04-19,2023-04-28,ind_prs19042023_1,NIFTY_TOTAL_MARKET,OUT,SPICEJET,Spicejet Ltd.
2023-04-19,2023-04-28,ind_prs19042023_1,NIFTY_TOTAL_MARKET,OUT,VAKRANGEE,Vakrangee Ltd.
2023-04-19,2023-04-28,ind_prs19042023_1,NIFTY_TOTAL_MARKET,IN,AARTIPHARM,Aarti Pharmalabs Ltd.
2023-04-19,2023-04-28,ind_prs19042023_1,NIFTY_TOTAL_MARKET,IN,AHLUCONT,Ahluwalia Contracts (India) Ltd.
2023-04-19,2023-04-28,ind_prs19042023_1,NIFTY_TOTAL_MARKET,IN,CHOICEIN,Choice International Ltd.
2023-04-19,2023-04-28,ind_prs19042023_1,NIFTY_TOTAL_MARKET,IN,JCHAC,Johnson Controls - Hitachi Air Conditioning India Ltd.
2023-04-19,2023-04-28,ind_prs19042023_1,NIFTY_TOTAL_MARKET,IN,NSLNISP,NMDC Steel Ltd.
2023-04-19,2023-04-28,ind_prs19042023_1,NIFTY_TOTAL_MARKET,IN,TWL,Titagarh Wagons Ltd.
2011-08-19,2011-08-29,ind_prs19082011,NIFTY_500,OUT,NAGARFERT,Nagarjuna Fertilizers & Chemicals Ltd.
2011-08-19,2011-08-29,ind_prs19082011,NIFTY_500,IN,DISHTV,Dish TV India Ltd.
2019-12-19,2019-12-27,ind_prs19122019,NIFTY_500,OUT,DEN,Den Networks Ltd.
2019-12-19,2019-12-27,ind_prs19122019,NIFTY_500,OUT,HATHWAY,Hathway Cable & Datacom Ltd.
2019-12-19,2019-12-27,ind_prs19122019,NIFTY_500,IN,KENNAMET,Kennametal  India Ltd.
2019-12-19,2019-12-27,ind_prs19122019,NIFTY_500,IN,TASTYBITE,Tasty Bite Eatables Ltd.
2019-12-19,2019-12-27,ind_prs19122019,NIFTY_SMALLCAP_250,OUT,DEN,Den Networks Ltd.
2019-12-19,2019-12-27,ind_prs19122019,NIFTY_SMALLCAP_250,OUT,HATHWAY,Hathway Cable & Datacom Ltd.
2019-12-19,2019-12-27,ind_prs19122019,NIFTY_SMALLCAP_250,IN,KENNAMET,Kennametal India Ltd.
2019-12-19,2019-12-27,ind_prs19122019,NIFTY_SMALLCAP_250,IN,TASTYBITE,Tasty Bite Eatables Ltd.
2015-02-20,2015-03-27,ind_prs20022015,NIFTY_50,OUT,DLF,DLF Ltd.
2015-02-20,2015-03-27,ind_prs20022015,NIFTY_50,OUT,JINDALSTEL,Jindal Steel & Power Ltd.
2015-02-20,2015-03-27,ind_prs20022015,NIFTY_50,IN,IDEA,Idea Cellular Ltd.
2015-02-20,2015-03-27,ind_prs20022015,NIFTY_50,IN,YESBANK,Yes Bank Ltd.
2015-02-20,2015-03-27,ind_prs20022015,NIFTY_NEXT_50,OUT,IDEA,Idea Cellular Ltd.
2015-02-20,2015-03-27,ind_prs20022015,NIFTY_NEXT_50,OUT,YESBANK,Yes Bank Ltd.
2015-02-20,2015-03-27,ind_prs20022015,NIFTY_NEXT_50,IN,IBULHSGFIN,Indiabulls Housing Finance Ltd.
2015-02-20,2015-03-27,ind_prs20022015,NIFTY_NEXT_50,IN,MCDOWELL-N,United Spirits Ltd.
2015-02-20,2015-03-27,ind_prs20022015,NIFTY_500,OUT,DCW,DCW Ltd.
2015-02-20,2015-03-27,ind_prs20022015,NIFTY_500,OUT,EDUCOMP,Educomp Solutions Ltd.
2015-02-20,2015-03-27,ind_prs20022015,NIFTY_500,OUT,ELDERPHARM,Elder Pharmaceuticals Ltd.
2015-02-20,2015-03-27,ind_prs20022015,NIFTY_500,OUT,HUBTOWN,Hubtown Ltd.
2015-02-20,2015-03-27,ind_prs20022015,NIFTY_500,OUT,IL&FSENGG,IL&FS Engineering and Construction Co. Ltd.
2015-02-20,2015-03-27,ind_prs20022015,NIFTY_500,OUT,IMFA,Indian Metals & Ferro Alloys Ltd.
2015-02-20,2015-03-27,ind_prs20022015,NIFTY_500,OUT,LOVABLE,Lovable Lingerie Ltd.
2015-02-20,2015-03-27,ind_prs20022015,NIFTY_500,OUT,PFOCUS,Prime Focus Ltd
2015-02-20,2015-03-27,ind_prs20022015,NIFTY_500,OUT,RAJTV,Raj Television Network Ltd.
2015-02-20,2015-03-27,ind_prs20022015,NIFTY_500,OUT,REIAGROLTD,Rei Agro Ltd.
2015-02-20,2015-03-27,ind_prs20022015,NIFTY_500,OUT,TI,Tilaknagar Industries Ltd.
2015-02-20,2015-03-27,ind_prs20022015,NIFTY_500,OUT,VENKEYS,Venky's (India) Ltd.
2015-02-20,2015-03-27,ind_prs20022015,NIFTY_500,IN,FCEL,Future Consumer Enterprise Ltd.
2015-02-20,2015-03-27,ind_prs20022015,NIFTY_500,IN,GULFOILLUB,Gulf Oil Lubricants India Ltd.
2015-02-20,2015-03-27,ind_prs20022015,NIFTY_500,IN,IFBIND,IFB Industries Ltd.
2015-02-20,2015-03-27,ind_prs20022015,NIFTY_500,IN,JKCEMENT,J.K. Cement Ltd.
2015-02-20,2015-03-27,ind_prs20022015,NIFTY_500,IN,KPRMILL,K.P.R. Mill Ltd.
2015-02-20,2015-03-27,ind_prs20022015,NIFTY_500,IN,KNRCON,KNR Constructions Ltd.
2015-02-20,2015-03-27,ind_prs20022015,NIFTY_500,IN,LGBBROSLTD,LG Balakrishnan & Bros Ltd.
2015-02-20,2015-03-27,ind_prs20022015,NIFTY_500,IN,MARKSANS,Marksans Pharma Ltd.
2015-02-20,2015-03-27,ind_prs20022015,NIFTY_500,IN,NDTV,NDTV Ltd.
2015-02-20,2015-03-27,ind_prs20022015,NIFTY_500,IN,PENIND,Pennar Industries Ltd.
2015-02-20,2015-03-27,ind_prs20022015,NIFTY_500,IN,MCDOWELL-N,United Spirits Ltd.
2015-02-20,2015-03-27,ind_prs20022015,NIFTY_500,IN,VINATIORGA,Vinati Organics Ltd.
2018-06-20,2018-06-29,ind_prs20062018,NIFTY_500,OUT,HTMEDIA,HT Media Ltd.
2018-06-20,2018-06-29,ind_prs20062018,NIFTY_500,IN,ASTERDM,Aster DM Healthcare Ltd.
2018-06-20,2018-06-29,ind_prs20062018,NIFTY_SMALLCAP_250,OUT,HTMEDIA,HT Media Ltd.
2018-06-20,2018-06-29,ind_prs20062018,NIFTY_SMALLCAP_250,IN,ASTERDM,Aster DM Healthcare Ltd.
2014-08-20,2014-09-19,ind_prs20082014,NIFTY_50,OUT,MCDOWELL-N,United Spirits Ltd.
2014-08-20,2014-09-19,ind_prs20082014,NIFTY_50,IN,ZEEL,Zee Entertainment Enterprises Ltd.
2014-08-20,2014-09-19,ind_prs20082014,NIFTY_NEXT_50,OUT,MPHASIS,MphasiS Ltd.
2014-08-20,2014-09-19,ind_prs20082014,NIFTY_NEXT_50,OUT,ZEEL,Zee Entertainment Enterprises Ltd.
2014-08-20,2014-09-19,ind_prs20082014,NIFTY_NEXT_50,IN,AUROPHARMA,Aurobindo Pharma Ltd.
2014-08-20,2014-09-19,ind_prs20082014,NIFTY_NEXT_50,IN,MOTHERSUMI,Motherson Sumi Systems Ltd.
2014-08-20,2014-09-19,ind_prs20082014,NIFTY_500,OUT,ADANIPOWER,Adani Power Ltd.
2014-08-20,2014-09-19,ind_prs20082014,NIFTY_500,OUT,APTECHT,Aptech Ltd.
2014-08-20,2014-09-19,ind_prs20082014,NIFTY_500,OUT,COREEDUTEC,CORE Education & Technologies Ltd.
2014-08-20,2014-09-19,ind_prs20082014,NIFTY_500,OUT,ERAINFRA,Era Infra Engineering Ltd.
2014-08-20,2014-09-19,ind_prs20082014,NIFTY_500,OUT,GTOFFSHORE,GOL Offshore Ltd.
2014-08-20,2014-09-19,ind_prs20082014,NIFTY_500,OUT,INDIAGLYCO,India Glycols Ltd.
2014-08-20,2014-09-19,ind_prs20082014,NIFTY_500,OUT,INDRAMEDCO,Indraprastha Medical Corporation Ltd.
2014-08-20,2014-09-19,ind_prs20082014,NIFTY_500,OUT,INFINITE,Infinite Computer Solutions (India) Ltd
2014-08-20,2014-09-19,ind_prs20082014,NIFTY_500,OUT,MANINFRA,Man Infraconstruction Ltd.
2014-08-20,2014-09-19,ind_prs20082014,NIFTY_500,OUT,ORBITCORP,Orbit Corporation Ltd.
2014-08-20,2014-09-19,ind_prs20082014,NIFTY_500,OUT,POLARIS,Polaris Financial Technology Ltd.
2014-08-20,2014-09-19,ind_prs20082014,NIFTY_500,OUT,SKUMARSYNF,S. Kumars Nationwide Ltd.
2014-08-20,2014-09-19,ind_prs20082014,NIFTY_500,OUT,TINPLATE,Tinplate Company of India Ltd.
2014-08-20,2014-09-19,ind_prs20082014,NIFTY_500,OUT,MCDOWELL-N,United Spirits Ltd.
2014-08-20,2014-09-19,ind_prs20082014,NIFTY_500,OUT,WSTCSTPAPR,West Coast Paper Mills Ltd.
2014-08-20,2014-09-19,ind_prs20082014,NIFTY_500,IN,AJANTPHARM,Ajanta Pharmaceuticals Ltd.
2014-08-20,2014-09-19,ind_prs20082014,NIFTY_500,IN,APLLTD,Alembic Pharmaceuticals Ltd.
2014-08-20,2014-09-19,ind_prs20082014,NIFTY_500,IN,APARINDS,Apar Industries Ltd.
2014-08-20,2014-09-19,ind_prs20082014,NIFTY_500,IN,ASHOKA,Ashoka Buildcon Ltd.
2014-08-20,2014-09-19,ind_prs20082014,NIFTY_500,IN,ASTRAL,Astral Poly Technik Ltd.
2014-08-20,2014-09-19,ind_prs20082014,NIFTY_500,IN,CENTURYPLY,Century Plyboards (India) Ltd.
2014-08-20,2014-09-19,ind_prs20082014,NIFTY_500,IN,KITEX,Kitex Garments Ltd.
2014-08-20,2014-09-19,ind_prs20082014,NIFTY_500,IN,NITINFIRE,Nitin Fire Protection Industries Ltd.
2014-08-20,2014-09-19,ind_prs20082014,NIFTY_500,IN,NOCIL,NOCIL Ltd.
2014-08-20,2014-09-19,ind_prs20082014,NIFTY_500,IN,RATNAMANI,Ratnamani Metals & Tubes Ltd.
2014-08-20,2014-09-19,ind_prs20082014,NIFTY_500,IN,REPCOHOME,Repco Home Finance Ltd.
2014-08-20,2014-09-19,ind_prs20082014,NIFTY_500,IN,TVTODAY,TV Today Network Ltd.
2014-08-20,2014-09-19,ind_prs20082014,NIFTY_500,IN,WABAG,Va Tech Wabag Ltd.
2014-08-20,2014-09-19,ind_prs20082014,NIFTY_500,IN,WELCORP,Welspun Corp Ltd.
2014-08-20,2014-09-19,ind_prs20082014,NIFTY_500,IN,WHEELS,Wheels India Ltd.
2020-08-20,2020-09-25,ind_prs20082020,NIFTY_50,OUT,INFRATEL,Bharti Infratel Ltd.
2020-08-20,2020-09-25,ind_prs20082020,NIFTY_50,OUT,ZEEL,Zee Entertainment Enterprises Ltd.
2020-08-20,2020-09-25,ind_prs20082020,NIFTY_50,IN,DIVISLAB,Divi's Laboratories Ltd.
2020-08-20,2020-09-25,ind_prs20082020,NIFTY_50,IN,SBILIFE,SBI Life Insurance Company Ltd.
2020-08-20,2020-09-25,ind_prs20082020,NIFTY_NEXT_50,OUT,DIVISLAB,Divi's Laboratories Ltd.
2020-08-20,2020-09-25,ind_prs20082020,NIFTY_NEXT_50,OUT,NHPC,NHPC Ltd.
2020-08-20,2020-09-25,ind_prs20082020,NIFTY_NEXT_50,OUT,PAGEIND,Page Industries Ltd.
2020-08-20,2020-09-25,ind_prs20082020,NIFTY_NEXT_50,OUT,SBILIFE,SBI Life Insurance Company Ltd.
2020-08-20,2020-09-25,ind_prs20082020,NIFTY_NEXT_50,OUT,SRTRANSFIN,Shriram Transport Finance Co. Ltd.
2020-08-20,2020-09-25,ind_prs20082020,NIFTY_NEXT_50,IN,ADANIGREEN,Adani Green Energy Ltd.
2020-08-20,2020-09-25,ind_prs20082020,NIFTY_NEXT_50,IN,ALKEM,Alkem Laboratories Ltd.
2020-08-20,2020-09-25,ind_prs20082020,NIFTY_NEXT_50,IN,INFRATEL,Bharti Infratel Ltd.
2020-08-20,2020-09-25,ind_prs20082020,NIFTY_NEXT_50,IN,LTI,Larsen & Toubro Infotech Ltd.
2020-08-20,2020-09-25,ind_prs20082020,NIFTY_NEXT_50,IN,TATACONSUM,Tata Consumer Products Ltd.
2020-08-20,2020-09-25,ind_prs20082020,NIFTY_500,OUT,ADANIPOWER,Adani Power Ltd.*
2020-08-20,2020-09-25,ind_prs20082020,NIFTY_500,OUT,GET&D,GE T&D India Ltd.
2020-08-20,2020-09-25,ind_prs20082020,NIFTY_500,OUT,HEXAWARE,Hexaware Technologies Ltd.*
2020-08-20,2020-09-25,ind_prs20082020,NIFTY_500,OUT,HIMATSEIDE,Himatsingka Seide Ltd.
2020-08-20,2020-09-25,ind_prs20082020,NIFTY_500,OUT,IFCI,IFCI Ltd.
2020-08-20,2020-09-25,ind_prs20082020,NIFTY_500,OUT,ITDC,India Tourism Development Corporation Ltd.
2020-08-20,2020-09-25,ind_prs20082020,NIFTY_500,OUT,INDOSTAR,IndoStar Capital Finance Ltd.
2020-08-20,2020-09-25,ind_prs20082020,NIFTY_500,OUT,INTELLECT,Intellect Design Arena Ltd.
2020-08-20,2020-09-25,ind_prs20082020,NIFTY_500,OUT,JUBILANT,Jubilant Life Sciences Ltd.#
2020-08-20,2020-09-25,ind_prs20082020,NIFTY_500,OUT,KPRMILL,K.P.R. Mill Ltd.
2020-08-20,2020-09-25,ind_prs20082020,NIFTY_500,OUT,MAHINDCIE,Mahindra CIE Automotive Ltd.
2020-08-20,2020-09-25,ind_prs20082020,NIFTY_500,OUT,NBVENTURES,Nava Bharat Ventures Ltd.
2020-08-20,2020-09-25,ind_prs20082020,NIFTY_500,OUT,SADBHAV,Sadbhav Engineering Ltd.
2020-08-20,2020-09-25,ind_prs20082020,NIFTY_500,OUT,RENUKA,Shree Renuka Sugars Ltd.
2020-08-20,2020-09-25,ind_prs20082020,NIFTY_500,OUT,TAKE,Take Solutions Ltd.
2020-08-20,2020-09-25,ind_prs20082020,NIFTY_500,OUT,TIMETECHNO,Time Technoplast Ltd.
2020-08-20,2020-09-25,ind_prs20082020,NIFTY_500,OUT,VESUVIUS,Vesuvius India Ltd.
2020-08-20,2020-09-25,ind_prs20082020,NIFTY_500,IN,AARTIDRUGS,Aarti Drugs Ltd.
2020-08-20,2020-09-25,ind_prs20082020,NIFTY_500,IN,POWERINDIA,ABB Power Products and Systems India Ltd.
2020-08-20,2020-09-25,ind_prs20082020,NIFTY_500,IN,ADANIENT,Adani Enterprises Ltd.
2020-08-20,2020-09-25,ind_prs20082020,NIFTY_500,IN,ALEMBICLTD,Alembic Ltd.
2020-08-20,2020-09-25,ind_prs20082020,NIFTY_500,IN,ALOKINDS,Alok Industries Ltd.
2020-08-20,2020-09-25,ind_prs20082020,NIFTY_500,IN,CHALET,Chalet Hotels Ltd.
2020-08-20,2020-09-25,ind_prs20082020,NIFTY_500,IN,GAEL,Gujarat Ambuja Exports Ltd.
2020-08-20,2020-09-25,ind_prs20082020,NIFTY_500,IN,PAPERPROD,Huhtamaki PPL Ltd.
2020-08-20,2020-09-25,ind_prs20082020,NIFTY_500,IN,IOLCP,IOL Chem and Pharma Ltd.
2020-08-20,2020-09-25,ind_prs20082020,NIFTY_500,IN,NAVNETEDUL,Navneet Education Ltd.
2020-08-20,2020-09-25,ind_prs20082020,NIFTY_500,IN,POLYPLEX,Polyplex Corporation Ltd.
2020-08-20,2020-09-25,ind_prs20082020,NIFTY_500,IN,SHILPAMED,Shilpa Medicare Ltd.
2020-08-20,2020-09-25,ind_prs20082020,NIFTY_500,IN,SOLARA,Solara Active Pharma Sciences Ltd.
2020-08-20,2020-09-25,ind_prs20082020,NIFTY_500,IN,SUPPETRO,Supreme Petrochem Ltd.
2020-08-20,2020-09-25,ind_prs20082020,NIFTY_500,IN,SUVENPHAR,Suven Pharmaceuticals Ltd.
2020-08-20,2020-09-25,ind_prs20082020,NIFTY_500,IN,TATACHEM,Tata Chemicals Ltd.
2020-08-20,2020-09-25,ind_prs20082020,NIFTY_500,IN,YESBANK,Yes Bank Ltd.
2020-08-20,2020-09-25,ind_prs20082020,NIFTY_MIDCAP_150,OUT,ADANIGREEN,Adani Green Energy Ltd.
2020-08-20,2020-09-25,ind_prs20082020,NIFTY_MIDCAP_150,OUT,ADANIPOWER,Adani Power Ltd.*
2020-08-20,2020-09-25,ind_prs20082020,NIFTY_MIDCAP_150,OUT,ALKEM,Alkem Laboratories Ltd.
2020-08-20,2020-09-25,ind_prs20082020,NIFTY_MIDCAP_150,OUT,BLUEDART,Blue Dart Express Ltd.
2020-08-20,2020-09-25,ind_prs20082020,NIFTY_MIDCAP_150,OUT,CENTRALBK,Central Bank of India
2020-08-20,2020-09-25,ind_prs20082020,NIFTY_MIDCAP_150,OUT,EIHOTEL,EIH Ltd.
2020-08-20,2020-09-25,ind_prs20082020,NIFTY_MIDCAP_150,OUT,HEXAWARE,Hexaware Technologies Ltd.*
2020-08-20,2020-09-25,ind_prs20082020,NIFTY_MIDCAP_150,OUT,IDBI,IDBI Bank Ltd.
2020-08-20,2020-09-25,ind_prs20082020,NIFTY_MIDCAP_150,OUT,IOB,Indian Overseas Bank
2020-08-20,2020-09-25,ind_prs20082020,NIFTY_MIDCAP_150,OUT,JUBILANT,Jubilant Life Sciences Ltd.#
2020-08-20,2020-09-25,ind_prs20082020,NIFTY_MIDCAP_150,OUT,LTI,Larsen & Toubro Infotech Ltd.
2020-08-20,2020-09-25,ind_prs20082020,NIFTY_MIDCAP_150,OUT,PNBHOUSING,PNB Housing Finance Ltd.
2020-08-20,2020-09-25,ind_prs20082020,NIFTY_MIDCAP_150,OUT,QUESS,Quess Corp Ltd.
2020-08-20,2020-09-25,ind_prs20082020,NIFTY_MIDCAP_150,OUT,TATACONSUM,Tata Consumer Products Ltd.
2020-08-20,2020-09-25,ind_prs20082020,NIFTY_MIDCAP_150,OUT,UCOBANK,UCO Bank
2020-08-20,2020-09-25,ind_prs20082020,NIFTY_MIDCAP_150,IN,ADANIENT,Adani Enterprises Ltd.
2020-08-20,2020-09-25,ind_prs20082020,NIFTY_MIDCAP_150,IN,ASTRAZEN,AstraZenca Pharma India Ltd.
2020-08-20,2020-09-25,ind_prs20082020,NIFTY_MIDCAP_150,IN,ITI,ITI Ltd.
2020-08-20,2020-09-25,ind_prs20082020,NIFTY_MIDCAP_150,IN,JMFINANCIL,JM Financial Ltd.
2020-08-20,2020-09-25,ind_prs20082020,NIFTY_MIDCAP_150,IN,METROPOLIS,Metropolis Healthcare Ltd.
2020-08-20,2020-09-25,ind_prs20082020,NIFTY_MIDCAP_150,IN,NAVINFLUOR,Navin Fluorine International Ltd.
2020-08-20,2020-09-25,ind_prs20082020,NIFTY_MIDCAP_150,IN,NHPC,NHPC Ltd.
2020-08-20,2020-09-25,ind_prs20082020,NIFTY_MIDCAP_150,IN,PAGEIND,Page Industries Ltd.
2020-08-20,2020-09-25,ind_prs20082020,NIFTY_MIDCAP_150,IN,SFL,Sheela Foam Ltd.
2020-08-20,2020-09-25,ind_prs20082020,NIFTY_MIDCAP_150,IN,SRTRANSFIN,Shriram Transport Finance Co. Ltd.
2020-08-20,2020-09-25,ind_prs20082020,NIFTY_MIDCAP_150,IN,TATACHEM,Tata Chemicals Ltd.
2020-08-20,2020-09-25,ind_prs20082020,NIFTY_MIDCAP_150,IN,TIINDIA,Tube Investments of India Ltd.
2020-08-20,2020-09-25,ind_prs20082020,NIFTY_MIDCAP_150,IN,YESBANK,Yes Bank Ltd.
2020-08-20,2020-09-25,ind_prs20082020,NIFTY_MIDCAP_150,IN,ZEEL,Zee Entertainment Enterprises Ltd.
2020-08-20,2020-09-25,ind_prs20082020,NIFTY_MIDCAP_150,IN,ZYDUSWELL,Zydus Wellness Ltd.
2020-08-20,2020-09-25,ind_prs20082020,NIFTY_SMALLCAP_250,OUT,ASTRAZEN,AstraZenca Pharma India Ltd.
2020-08-20,2020-09-25,ind_prs20082020,NIFTY_SMALLCAP_250,OUT,GET&D,GE T&D India Ltd.
2020-08-20,2020-09-25,ind_prs20082020,NIFTY_SMALLCAP_250,OUT,HIMATSEIDE,Himatsingka Seide Ltd.
2020-08-20,2020-09-25,ind_prs20082020,NIFTY_SMALLCAP_250,OUT,IFCI,IFCI Ltd.
2020-08-20,2020-09-25,ind_prs20082020,NIFTY_SMALLCAP_250,OUT,ITDC,India Tourism Development Corporation Ltd.
2020-08-20,2020-09-25,ind_prs20082020,NIFTY_SMALLCAP_250,OUT,INDOSTAR,IndoStar Capital Finance Ltd.
2020-08-20,2020-09-25,ind_prs20082020,NIFTY_SMALLCAP_250,OUT,INTELLECT,Intellect Design Arena Ltd.
2020-08-20,2020-09-25,ind_prs20082020,NIFTY_SMALLCAP_250,OUT,ITI,ITI Ltd.
2020-08-20,2020-09-25,ind_prs20082020,NIFTY_SMALLCAP_250,OUT,JMFINANCIL,JM Financial Ltd.
2020-08-20,2020-09-25,ind_prs20082020,NIFTY_SMALLCAP_250,OUT,KPRMILL,K.P.R. Mill Ltd.
2020-08-20,2020-09-25,ind_prs20082020,NIFTY_SMALLCAP_250,OUT,MAHINDCIE,Mahindra CIE Automotive Ltd.
2020-08-20,2020-09-25,ind_prs20082020,NIFTY_SMALLCAP_250,OUT,METROPOLIS,Metropolis Healthcare Ltd.
2020-08-20,2020-09-25,ind_prs20082020,NIFTY_SMALLCAP_250,OUT,NBVENTURES,Nava Bharat Ventures Ltd.
2020-08-20,2020-09-25,ind_prs20082020,NIFTY_SMALLCAP_250,OUT,NAVINFLUOR,Navin Fluorine International Ltd.
2020-08-20,2020-09-25,ind_prs20082020,NIFTY_SMALLCAP_250,OUT,SADBHAV,Sadbhav Engineering Ltd.
2020-08-20,2020-09-25,ind_prs20082020,NIFTY_SMALLCAP_250,OUT,SFL,Sheela Foam Ltd.
2020-08-20,2020-09-25,ind_prs20082020,NIFTY_SMALLCAP_250,OUT,RENUKA,Shree Renuka Sugars Ltd.
2020-08-20,2020-09-25,ind_prs20082020,NIFTY_SMALLCAP_250,OUT,TAKE,Take Solutions Ltd.
2020-08-20,2020-09-25,ind_prs20082020,NIFTY_SMALLCAP_250,OUT,TIMETECHNO,Time Technoplast Ltd.
2020-08-20,2020-09-25,ind_prs20082020,NIFTY_SMALLCAP_250,OUT,TIINDIA,Tube Investments of India Ltd.
2020-08-20,2020-09-25,ind_prs20082020,NIFTY_SMALLCAP_250,OUT,VESUVIUS,Vesuvius India Ltd.
2020-08-20,2020-09-25,ind_prs20082020,NIFTY_SMALLCAP_250,OUT,ZYDUSWELL,Zydus Wellness Ltd.
2020-08-20,2020-09-25,ind_prs20082020,NIFTY_SMALLCAP_250,IN,AARTIDRUGS,Aarti Drugs Ltd.
2020-08-20,2020-09-25,ind_prs20082020,NIFTY_SMALLCAP_250,IN,POWERINDIA,ABB Power Products and Systems India Ltd.
2020-08-20,2020-09-25,ind_prs20082020,NIFTY_SMALLCAP_250,IN,ALEMBICLTD,Alembic Ltd.
2020-08-20,2020-09-25,ind_prs20082020,NIFTY_SMALLCAP_250,IN,ALOKINDS,Alok Industries Ltd.
2020-08-20,2020-09-25,ind_prs20082020,NIFTY_SMALLCAP_250,IN,BLUEDART,Blue Dart Express Ltd.
2020-08-20,2020-09-25,ind_prs20082020,NIFTY_SMALLCAP_250,IN,CENTRALBK,Central Bank of India
2020-08-20,2020-09-25,ind_prs20082020,NIFTY_SMALLCAP_250,IN,CHALET,Chalet Hotels Ltd.
2020-08-20,2020-09-25,ind_prs20082020,NIFTY_SMALLCAP_250,IN,EIHOTEL,EIH Ltd.
2020-08-20,2020-09-25,ind_prs20082020,NIFTY_SMALLCAP_250,IN,GAEL,Gujarat Ambuja Exports Ltd.
2020-08-20,2020-09-25,ind_prs20082020,NIFTY_SMALLCAP_250,IN,PAPERPROD,Huhtamaki PPL Ltd.
2020-08-20,2020-09-25,ind_prs20082020,NIFTY_SMALLCAP_250,IN,IDBI,IDBI Bank Ltd.
2020-08-20,2020-09-25,ind_prs20082020,NIFTY_SMALLCAP_250,IN,IOB,Indian Overseas Bank
2020-08-20,2020-09-25,ind_prs20082020,NIFTY_SMALLCAP_250,IN,IOLCP,IOL Chem and Pharma Ltd.
2020-08-20,2020-09-25,ind_prs20082020,NIFTY_SMALLCAP_250,IN,NAVNETEDUL,Navneet Education Ltd.
2020-08-20,2020-09-25,ind_prs20082020,NIFTY_SMALLCAP_250,IN,PNBHOUSING,PNB Housing Finance Ltd.
2020-08-20,2020-09-25,ind_prs20082020,NIFTY_SMALLCAP_250,IN,POLYPLEX,Polyplex Corporation Ltd.
2020-08-20,2020-09-25,ind_prs20082020,NIFTY_SMALLCAP_250,IN,QUESS,Quess Corp Ltd.
2020-08-20,2020-09-25,ind_prs20082020,NIFTY_SMALLCAP_250,IN,SHILPAMED,Shilpa Medicare Ltd.
2020-08-20,2020-09-25,ind_prs20082020,NIFTY_SMALLCAP_250,IN,SOLARA,Solara Active Pharma Sciences Ltd.
2020-08-20,2020-09-25,ind_prs20082020,NIFTY_SMALLCAP_250,IN,SUPPETRO,Supreme Petrochem Ltd.
2020-08-20,2020-09-25,ind_prs20082020,NIFTY_SMALLCAP_250,IN,SUVENPHAR,Suven Pharmaceuticals Ltd.
2020-08-20,2020-09-25,ind_prs20082020,NIFTY_SMALLCAP_250,IN,UCOBANK,UCO Bank
2022-10-20,2022-10-25,ind_prs20102022,NIFTY_MICROCAP_250,OUT,FRETAIL,Future Retail Ltd.
2022-10-20,2022-10-25,ind_prs20102022,NIFTY_MICROCAP_250,OUT,PTC,PTC India Ltd.
2022-10-20,2022-10-25,ind_prs20102022,NIFTY_MICROCAP_250,IN,SYRMA,Syrma SGS Technology Ltd.
2022-10-20,2022-10-25,ind_prs20102022,NIFTY_MICROCAP_250,IN,VESUVIUS,Vesuvius India Ltd.
2022-10-20,2022-10-25,ind_prs20102022,NIFTY_TOTAL_MARKET,OUT,FRETAIL,Future Retail Ltd.
2022-10-20,2022-10-25,ind_prs20102022,NIFTY_TOTAL_MARKET,OUT,PTC,PTC India Ltd.
2022-10-20,2022-10-25,ind_prs20102022,NIFTY_TOTAL_MARKET,IN,SYRMA,Syrma SGS Technology Ltd.
2022-10-20,2022-10-25,ind_prs20102022,NIFTY_TOTAL_MARKET,IN,VESUVIUS,Vesuvius India Ltd.
2025-10-20,2025-10-28,ind_prs20102025,NIFTY_MICROCAP_250,OUT,DHANI,Dhani Services Ltd.
2025-10-20,2025-10-28,ind_prs20102025,NIFTY_MICROCAP_250,IN,RATNAMANI,Ratnamani Metals & Tubes Ltd.
2025-10-20,2025-10-28,ind_prs20102025,NIFTY_TOTAL_MARKET,OUT,DHANI,Dhani Services Ltd.
2025-10-20,2025-10-28,ind_prs20102025,NIFTY_TOTAL_MARKET,IN,RATNAMANI,Ratnamani Metals & Tubes Ltd.
2015-01-21,2015-02-02,ind_prs21012015,NIFTY_NEXT_50,OUT,INGVYSYABK,ING Vysya Bank Ltd.
2015-01-21,2015-02-02,ind_prs21012015,NIFTY_NEXT_50,IN,EICHERMOT,Eicher Motors Ltd.
2015-01-21,2015-02-02,ind_prs21012015,NIFTY_500,OUT,GUJRATGAS,Gujarat Gas Co. Ltd.
2015-01-21,2015-02-02,ind_prs21012015,NIFTY_500,OUT,INGVYSYABK,ING Vysya Bank Ltd.
2015-01-21,2015-02-02,ind_prs21012015,NIFTY_500,IN,DYNAMATECH,Dynamatic Technologies Ltd.
2015-01-21,2015-02-02,ind_prs21012015,NIFTY_500,IN,MBLINFRA,MBL Infrastructures Ltd.
2019-01-21,2019-01-28,ind_prs21012019,NIFTY_500,OUT,DENABANK,Dena Bank
2019-01-21,2019-01-28,ind_prs21012019,NIFTY_500,OUT,VIJAYABANK,Vijaya Bank
2019-01-21,2019-01-28,ind_prs21012019,NIFTY_500,IN,CORPBANK,Corporation Bank
2019-01-21,2019-01-28,ind_prs21012019,NIFTY_500,IN,CREDITACC,CreditAccess Grameen Ltd.
2019-01-21,2019-01-28,ind_prs21012019,NIFTY_SMALLCAP_250,OUT,DENABANK,Dena Bank
2019-01-21,2019-01-28,ind_prs21012019,NIFTY_SMALLCAP_250,OUT,VIJAYABANK,Vijaya Bank
2019-01-21,2019-01-28,ind_prs21012019,NIFTY_SMALLCAP_250,IN,CORPBANK,Corporation Bank
2019-01-21,2019-01-28,ind_prs21012019,NIFTY_SMALLCAP_250,IN,CREDITACC,CreditAccess Grameen Ltd.
2014-02-21,2014-02-28,ind_prs21022014,NIFTY_500,OUT,CASTROL,Castrol (India) Ltd.
2014-02-21,2014-02-28,ind_prs21022014,NIFTY_500,IN,JYOTHYLAB,Jyothy Laboratories Ltd.
2018-02-21,2018-04-02,ind_prs21022018,NIFTY_50,OUT,AMBUJACEM,Ambuja Cements Ltd.
2018-02-21,2018-04-02,ind_prs21022018,NIFTY_50,OUT,AUROPHARMA,Aurobindo Pharma Ltd.
2018-02-21,2018-04-02,ind_prs21022018,NIFTY_50,OUT,BOSCHLTD,Bosch Ltd.
2018-02-21,2018-04-02,ind_prs21022018,NIFTY_50,IN,BAJAJFINSV,Bajaj Finserv Ltd.
2018-02-21,2018-04-02,ind_prs21022018,NIFTY_50,IN,GRASIM,Grasim Industries Ltd.
2018-02-21,2018-04-02,ind_prs21022018,NIFTY_50,IN,TITAN,Titan Company Ltd.
2018-02-21,2018-04-02,ind_prs21022018,NIFTY_NEXT_50,OUT,BAJAJFINSV,Bajaj Finserv Ltd.
2018-02-21,2018-04-02,ind_prs21022018,NIFTY_NEXT_50,OUT,GSKCONS,GlaxoSmithkline Consumer Healthcare Ltd.
2018-02-21,2018-04-02,ind_prs21022018,NIFTY_NEXT_50,OUT,GLAXO,Glaxosmithkline Pharmaceuticals Ltd.
2018-02-21,2018-04-02,ind_prs21022018,NIFTY_NEXT_50,OUT,GLENMARK,Glenmark Pharmaceuticals Ltd.
2018-02-21,2018-04-02,ind_prs21022018,NIFTY_NEXT_50,OUT,TATAPOWER,Tata Power Co. Ltd.
2018-02-21,2018-04-02,ind_prs21022018,NIFTY_NEXT_50,OUT,TITAN,Titan Company Ltd.
2018-02-21,2018-04-02,ind_prs21022018,NIFTY_NEXT_50,OUT,TORNTPHARM,Torrent Pharmaceuticals Ltd.
2018-02-21,2018-04-02,ind_prs21022018,NIFTY_NEXT_50,IN,ABCAPITAL,Aditya Birla Capital Ltd.
2018-02-21,2018-04-02,ind_prs21022018,NIFTY_NEXT_50,IN,AMBUJACEM,Ambuja Cements Ltd.
2018-02-21,2018-04-02,ind_prs21022018,NIFTY_NEXT_50,IN,AUROPHARMA,Aurobindo Pharma Ltd.
2018-02-21,2018-04-02,ind_prs21022018,NIFTY_NEXT_50,IN,BOSCHLTD,Bosch Ltd.
2018-02-21,2018-04-02,ind_prs21022018,NIFTY_NEXT_50,IN,GICRE,General Insurance Corporation of India
2018-02-21,2018-04-02,ind_prs21022018,NIFTY_NEXT_50,IN,L&TFH,L&T Finance Holdings Ltd.
2018-02-21,2018-04-02,ind_prs21022018,NIFTY_NEXT_50,IN,SBILIFE,SBI Life Insurance Company Ltd.
2018-02-21,2018-04-02,ind_prs21022018,NIFTY_500,OUT,ADANIENT,Adani Enterprises Ltd.
2018-02-21,2018-04-02,ind_prs21022018,NIFTY_500,OUT,AHLUCONT,Ahluwalia Contracts (India) Ltd.
2018-02-21,2018-04-02,ind_prs21022018,NIFTY_500,OUT,APARINDS,Apar Industries Ltd.
2018-02-21,2018-04-02,ind_prs21022018,NIFTY_500,OUT,ASTRAZEN,AstraZenca Pharma India Ltd.
2018-02-21,2018-04-02,ind_prs21022018,NIFTY_500,OUT,CORPBANK,Corporation Bank
2018-02-21,2018-04-02,ind_prs21022018,NIFTY_500,OUT,DALMIABHA,Dalmia Bharat Ltd.
2018-02-21,2018-04-02,ind_prs21022018,NIFTY_500,OUT,DHANUKA,Dhanuka Agritech Ltd.
2018-02-21,2018-04-02,ind_prs21022018,NIFTY_500,OUT,ESSELPACK,Essel Propack Ltd.
2018-02-21,2018-04-02,ind_prs21022018,NIFTY_500,OUT,ICRA,ICRA Ltd.
2018-02-21,2018-04-02,ind_prs21022018,NIFTY_500,OUT,IGARASHI,Igarashi Motors India Ltd.
2018-02-21,2018-04-02,ind_prs21022018,NIFTY_500,OUT,INGERRAND,Ingersoll Rand (India) Ltd.
2018-02-21,2018-04-02,ind_prs21022018,NIFTY_500,OUT,LINDEINDIA,Linde India Ltd.
2018-02-21,2018-04-02,ind_prs21022018,NIFTY_500,OUT,MONSANTO,Monsanto India Ltd.
2018-02-21,2018-04-02,ind_prs21022018,NIFTY_500,OUT,NAVNETEDUL,Navneet Education Ltd.
2018-02-21,2018-04-02,ind_prs21022018,NIFTY_500,OUT,SCHNEIDER,Schneider Electric Infrastructure Ltd.
2018-02-21,2018-04-02,ind_prs21022018,NIFTY_500,OUT,SHARDACROP,Sharda Cropchem Ltd.
2018-02-21,2018-04-02,ind_prs21022018,NIFTY_500,OUT,SHILPAMED,Shilpa Medicare Ltd.
2018-02-21,2018-04-02,ind_prs21022018,NIFTY_500,OUT,SNOWMAN,Snowman Logistics Ltd.
2018-02-21,2018-04-02,ind_prs21022018,NIFTY_500,OUT,SOMANYCERA,Somany Ceramics Ltd.
2018-02-21,2018-04-02,ind_prs21022018,NIFTY_500,OUT,SUPRAJIT,Suprajit Engineering Ltd.
2018-02-21,2018-04-02,ind_prs21022018,NIFTY_500,OUT,SUPPETRO,Supreme Petrochem Ltd.
2018-02-21,2018-04-02,ind_prs21022018,NIFTY_500,OUT,UNITEDBNK,United Bank of India
2018-02-21,2018-04-02,ind_prs21022018,NIFTY_500,OUT,VESUVIUS,Vesuvius India Ltd.
2018-02-21,2018-04-02,ind_prs21022018,NIFTY_500,OUT,VIDEOIND,Videocon Industries Ltd.
2018-02-21,2018-04-02,ind_prs21022018,NIFTY_500,OUT,ZENSARTECH,Zensar Technolgies Ltd.
2018-02-21,2018-04-02,ind_prs21022018,NIFTY_500,IN,ABCAPITAL,Aditya Birla Capital Ltd.
2018-02-21,2018-04-02,ind_prs21022018,NIFTY_500,IN,ASAHIINDIA,Asahi India Glass Ltd.
2018-02-21,2018-04-02,ind_prs21022018,NIFTY_500,IN,CDSL,Central Depository Services (India) Ltd.
2018-02-21,2018-04-02,ind_prs21022018,NIFTY_500,IN,DCAL,Dishman Carbogen Amcis Ltd.
2018-02-21,2018-04-02,ind_prs21022018,NIFTY_500,IN,DIXON,Dixon Technologies (India) Ltd.
2018-02-21,2018-04-02,ind_prs21022018,NIFTY_500,IN,ERIS,Eris Lifesciences Ltd.
2018-02-21,2018-04-02,ind_prs21022018,NIFTY_500,IN,GICRE,General Insurance Corporation of India
2018-02-21,2018-04-02,ind_prs21022018,NIFTY_500,IN,GODREJAGRO,Godrej Agrovet Ltd.
2018-02-21,2018-04-02,ind_prs21022018,NIFTY_500,IN,GRAPHITE,Graphite India Ltd.
2018-02-21,2018-04-02,ind_prs21022018,NIFTY_500,IN,GRASIM,Grasim Industries Ltd.
2018-02-21,2018-04-02,ind_prs21022018,NIFTY_500,IN,HEG,H.E.G. Ltd.
2018-02-21,2018-04-02,ind_prs21022018,NIFTY_500,IN,HSCL,Himadri Speciality Chemical Ltd.
2018-02-21,2018-04-02,ind_prs21022018,NIFTY_500,IN,HONAUT,Honeywell Automation India Ltd.
2018-02-21,2018-04-02,ind_prs21022018,NIFTY_500,IN,ICICIGI,ICICI Lombard General Insurance Company Ltd.
2018-02-21,2018-04-02,ind_prs21022018,NIFTY_500,IN,IIFL,IIFL Holdings Ltd.
2018-02-21,2018-04-02,ind_prs21022018,NIFTY_500,IN,IEX,Indian Energy Exchange Ltd.
2018-02-21,2018-04-02,ind_prs21022018,NIFTY_500,IN,KNRCON,KNR Constructions Ltd.
2018-02-21,2018-04-02,ind_prs21022018,NIFTY_500,IN,MASFIN,MAS Financial Services Ltd.
2018-02-21,2018-04-02,ind_prs21022018,NIFTY_500,IN,NESCO,NESCO Ltd.
2018-02-21,2018-04-02,ind_prs21022018,NIFTY_500,IN,RHFL,Reliance Home Finance Ltd.
2018-02-21,2018-04-02,ind_prs21022018,NIFTY_500,IN,SADBHIN,Sadbhav Infrastructure Project Ltd.
2018-02-21,2018-04-02,ind_prs21022018,NIFTY_500,IN,SBILIFE,SBI Life Insurance Company Ltd.
2018-02-21,2018-04-02,ind_prs21022018,NIFTY_500,IN,SIS,Security and Intelligence Services (India) Ltd.
2018-02-21,2018-04-02,ind_prs21022018,NIFTY_500,IN,SHANKARA,Shankara Building Products Ltd.
2018-02-21,2018-04-02,ind_prs21022018,NIFTY_500,IN,SPTL,Sintex Plastics Technology Ltd.
2018-02-21,2018-04-02,ind_prs21022018,NIFTY_MIDCAP_150,OUT,ADANIENT,Adani Enterprises Ltd.
2018-02-21,2018-04-02,ind_prs21022018,NIFTY_MIDCAP_150,OUT,DBCORP,D.B.Corp Ltd.
2018-02-21,2018-04-02,ind_prs21022018,NIFTY_MIDCAP_150,OUT,DALMIABHA,Dalmia Bharat Ltd.
2018-02-21,2018-04-02,ind_prs21022018,NIFTY_MIDCAP_150,OUT,LALPATHLAB,Dr. Lal Path Labs Ltd.
2018-02-21,2018-04-02,ind_prs21022018,NIFTY_MIDCAP_150,OUT,GPPL,Gujarat Pipavav Port Ltd.
2018-02-21,2018-04-02,ind_prs21022018,NIFTY_MIDCAP_150,OUT,IOB,Indian Overseas Bank
2018-02-21,2018-04-02,ind_prs21022018,NIFTY_MIDCAP_150,OUT,IPCALAB,Ipca Laboratories Ltd.
2018-02-21,2018-04-02,ind_prs21022018,NIFTY_MIDCAP_150,OUT,JYOTHYLAB,Jyothy Laboratories Ltd.
2018-02-21,2018-04-02,ind_prs21022018,NIFTY_MIDCAP_150,OUT,L&TFH,L&T Finance Holdings Ltd.
2018-02-21,2018-04-02,ind_prs21022018,NIFTY_MIDCAP_150,OUT,NH,Narayana Hrudayalaya Ltd.
2018-02-21,2018-04-02,ind_prs21022018,NIFTY_MIDCAP_150,OUT,RCOM,Reliance Communications Ltd.
2018-02-21,2018-04-02,ind_prs21022018,NIFTY_MIDCAP_150,OUT,SYNDIBANK,Syndicate Bank
2018-02-21,2018-04-02,ind_prs21022018,NIFTY_MIDCAP_150,OUT,VTL,Vardhman Textiles Ltd.
2018-02-21,2018-04-02,ind_prs21022018,NIFTY_MIDCAP_150,OUT,VIJAYABANK,Vijaya Bank
2018-02-21,2018-04-02,ind_prs21022018,NIFTY_MIDCAP_150,OUT,WELSPUNIND,Welspun India Ltd.
2018-02-21,2018-04-02,ind_prs21022018,NIFTY_MIDCAP_150,IN,AVANTIFEED,Avanti Feeds Ltd.
2018-02-21,2018-04-02,ind_prs21022018,NIFTY_MIDCAP_150,IN,DBL,Dilip Buildcon Ltd.
2018-02-21,2018-04-02,ind_prs21022018,NIFTY_MIDCAP_150,IN,FCONSUMER,Future Consumer Ltd.
2018-02-21,2018-04-02,ind_prs21022018,NIFTY_MIDCAP_150,IN,GSKCONS,GlaxoSmithkline Consumer Healthcare Ltd.
2018-02-21,2018-04-02,ind_prs21022018,NIFTY_MIDCAP_150,IN,GLAXO,Glaxosmithkline Pharmaceuticals Ltd.
2018-02-21,2018-04-02,ind_prs21022018,NIFTY_MIDCAP_150,IN,GLENMARK,Glenmark Pharmaceuticals Ltd.
2018-02-21,2018-04-02,ind_prs21022018,NIFTY_MIDCAP_150,IN,GODREJAGRO,Godrej Agrovet Ltd.
2018-02-21,2018-04-02,ind_prs21022018,NIFTY_MIDCAP_150,IN,HONAUT,Honeywell Automation India Ltd.
2018-02-21,2018-04-02,ind_prs21022018,NIFTY_MIDCAP_150,IN,ICICIGI,ICICI Lombard General Insurance Company Ltd.
2018-02-21,2018-04-02,ind_prs21022018,NIFTY_MIDCAP_150,IN,IIFL,IIFL Holdings Ltd.
2018-02-21,2018-04-02,ind_prs21022018,NIFTY_MIDCAP_150,IN,IBREALEST,Indiabulls Real Estate Ltd.
2018-02-21,2018-04-02,ind_prs21022018,NIFTY_MIDCAP_150,IN,IBVENTURES,Indiabulls Ventures Ltd.
2018-02-21,2018-04-02,ind_prs21022018,NIFTY_MIDCAP_150,IN,STRTECH,Sterlite Technologies Ltd.
2018-02-21,2018-04-02,ind_prs21022018,NIFTY_MIDCAP_150,IN,TATAPOWER,Tata Power Co. Ltd.
2018-02-21,2018-04-02,ind_prs21022018,NIFTY_MIDCAP_150,IN,TORNTPHARM,Torrent Pharmaceuticals Ltd.
2018-02-21,2018-04-02,ind_prs21022018,NIFTY_SMALLCAP_250,OUT,AHLUCONT,Ahluwalia Contracts (India) Ltd.
2018-02-21,2018-04-02,ind_prs21022018,NIFTY_SMALLCAP_250,OUT,APARINDS,Apar Industries Ltd.
2018-02-21,2018-04-02,ind_prs21022018,NIFTY_SMALLCAP_250,OUT,ASTRAZEN,AstraZenca Pharma India Ltd.
2018-02-21,2018-04-02,ind_prs21022018,NIFTY_SMALLCAP_250,OUT,AVANTIFEED,Avanti Feeds Ltd.
2018-02-21,2018-04-02,ind_prs21022018,NIFTY_SMALLCAP_250,OUT,CORPBANK,Corporation Bank
2018-02-21,2018-04-02,ind_prs21022018,NIFTY_SMALLCAP_250,OUT,DHANUKA,Dhanuka Agritech Ltd.
2018-02-21,2018-04-02,ind_prs21022018,NIFTY_SMALLCAP_250,OUT,DBL,Dilip Buildcon Ltd.
2018-02-21,2018-04-02,ind_prs21022018,NIFTY_SMALLCAP_250,OUT,ESSELPACK,Essel Propack Ltd.
2018-02-21,2018-04-02,ind_prs21022018,NIFTY_SMALLCAP_250,OUT,FCONSUMER,Future Consumer Ltd.
2018-02-21,2018-04-02,ind_prs21022018,NIFTY_SMALLCAP_250,OUT,ICRA,ICRA Ltd.
2018-02-21,2018-04-02,ind_prs21022018,NIFTY_SMALLCAP_250,OUT,IGARASHI,Igarashi Motors India Ltd.
2018-02-21,2018-04-02,ind_prs21022018,NIFTY_SMALLCAP_250,OUT,IBREALEST,Indiabulls Real Estate Ltd.
2018-02-21,2018-04-02,ind_prs21022018,NIFTY_SMALLCAP_250,OUT,IBVENTURES,Indiabulls Ventures Ltd.
2018-02-21,2018-04-02,ind_prs21022018,NIFTY_SMALLCAP_250,OUT,INGERRAND,Ingersoll Rand (India) Ltd.
2018-02-21,2018-04-02,ind_prs21022018,NIFTY_SMALLCAP_250,OUT,LINDEINDIA,Linde India Ltd.
2018-02-21,2018-04-02,ind_prs21022018,NIFTY_SMALLCAP_250,OUT,MONSANTO,Monsanto India Ltd.
2018-02-21,2018-04-02,ind_prs21022018,NIFTY_SMALLCAP_250,OUT,NAVNETEDUL,Navneet Education Ltd.
2018-02-21,2018-04-02,ind_prs21022018,NIFTY_SMALLCAP_250,OUT,SCHNEIDER,Schneider Electric Infrastructure Ltd.
2018-02-21,2018-04-02,ind_prs21022018,NIFTY_SMALLCAP_250,OUT,SHARDACROP,Sharda Cropchem Ltd.
2018-02-21,2018-04-02,ind_prs21022018,NIFTY_SMALLCAP_250,OUT,SHILPAMED,Shilpa Medicare Ltd.
2018-02-21,2018-04-02,ind_prs21022018,NIFTY_SMALLCAP_250,OUT,SNOWMAN,Snowman Logistics Ltd.
2018-02-21,2018-04-02,ind_prs21022018,NIFTY_SMALLCAP_250,OUT,SOMANYCERA,Somany Ceramics Ltd.
2018-02-21,2018-04-02,ind_prs21022018,NIFTY_SMALLCAP_250,OUT,STRTECH,Sterlite Technologies Ltd.
2018-02-21,2018-04-02,ind_prs21022018,NIFTY_SMALLCAP_250,OUT,SUPRAJIT,Suprajit Engineering Ltd.
2018-02-21,2018-04-02,ind_prs21022018,NIFTY_SMALLCAP_250,OUT,SUPPETRO,Supreme Petrochem Ltd.
2018-02-21,2018-04-02,ind_prs21022018,NIFTY_SMALLCAP_250,OUT,UNITEDBNK,United Bank of India
2018-02-21,2018-04-02,ind_prs21022018,NIFTY_SMALLCAP_250,OUT,VESUVIUS,Vesuvius India Ltd.
2018-02-21,2018-04-02,ind_prs21022018,NIFTY_SMALLCAP_250,OUT,VIDEOIND,Videocon Industries Ltd.
2018-02-21,2018-04-02,ind_prs21022018,NIFTY_SMALLCAP_250,OUT,ZENSARTECH,Zensar Technolgies Ltd.
2018-02-21,2018-04-02,ind_prs21022018,NIFTY_SMALLCAP_250,IN,ASAHIINDIA,Asahi India Glass Ltd.
2018-02-21,2018-04-02,ind_prs21022018,NIFTY_SMALLCAP_250,IN,CDSL,Central Depository Services (India) Ltd.
2018-02-21,2018-04-02,ind_prs21022018,NIFTY_SMALLCAP_250,IN,DBCORP,D.B.Corp Ltd.
2018-02-21,2018-04-02,ind_prs21022018,NIFTY_SMALLCAP_250,IN,DCAL,Dishman Carbogen Amcis Ltd.
2018-02-21,2018-04-02,ind_prs21022018,NIFTY_SMALLCAP_250,IN,DIXON,Dixon Technologies (India) Ltd.
2018-02-21,2018-04-02,ind_prs21022018,NIFTY_SMALLCAP_250,IN,LALPATHLAB,Dr. Lal Path Labs Ltd.
2018-02-21,2018-04-02,ind_prs21022018,NIFTY_SMALLCAP_250,IN,ERIS,Eris Lifesciences Ltd.
2018-02-21,2018-04-02,ind_prs21022018,NIFTY_SMALLCAP_250,IN,GRAPHITE,Graphite India Ltd.
2018-02-21,2018-04-02,ind_prs21022018,NIFTY_SMALLCAP_250,IN,GPPL,Gujarat Pipavav Port Ltd.
2018-02-21,2018-04-02,ind_prs21022018,NIFTY_SMALLCAP_250,IN,HEG,H.E.G. Ltd.
2018-02-21,2018-04-02,ind_prs21022018,NIFTY_SMALLCAP_250,IN,HSCL,Himadri Speciality Chemical Ltd.
2018-02-21,2018-04-02,ind_prs21022018,NIFTY_SMALLCAP_250,IN,IEX,Indian Energy Exchange Ltd.
2018-02-21,2018-04-02,ind_prs21022018,NIFTY_SMALLCAP_250,IN,IOB,Indian Overseas Bank
2018-02-21,2018-04-02,ind_prs21022018,NIFTY_SMALLCAP_250,IN,IPCALAB,Ipca Laboratories Ltd.
2018-02-21,2018-04-02,ind_prs21022018,NIFTY_SMALLCAP_250,IN,JYOTHYLAB,Jyothy Laboratories Ltd.
2018-02-21,2018-04-02,ind_prs21022018,NIFTY_SMALLCAP_250,IN,KNRCON,KNR Constructions Ltd.
2018-02-21,2018-04-02,ind_prs21022018,NIFTY_SMALLCAP_250,IN,MASFIN,MAS Financial Services Ltd.
2018-02-21,2018-04-02,ind_prs21022018,NIFTY_SMALLCAP_250,IN,NH,Narayana Hrudayalaya Ltd.
2018-02-21,2018-04-02,ind_prs21022018,NIFTY_SMALLCAP_250,IN,NESCO,NESCO Ltd.
2018-02-21,2018-04-02,ind_prs21022018,NIFTY_SMALLCAP_250,IN,RCOM,Reliance Communications Ltd.
2018-02-21,2018-04-02,ind_prs21022018,NIFTY_SMALLCAP_250,IN,RHFL,Reliance Home Finance Ltd.
2018-02-21,2018-04-02,ind_prs21022018,NIFTY_SMALLCAP_250,IN,SADBHIN,Sadbhav Infrastructure Project Ltd.
2018-02-21,2018-04-02,ind_prs21022018,NIFTY_SMALLCAP_250,IN,SIS,Security and Intelligence Services (India) Ltd.
2018-02-21,2018-04-02,ind_prs21022018,NIFTY_SMALLCAP_250,IN,SHANKARA,Shankara Building Products Ltd.
2018-02-21,2018-04-02,ind_prs21022018,NIFTY_SMALLCAP_250,IN,SPTL,Sintex Plastics Technology Ltd.
2018-02-21,2018-04-02,ind_prs21022018,NIFTY_SMALLCAP_250,IN,SYNDIBANK,Syndicate Bank
2018-02-21,2018-04-02,ind_prs21022018,NIFTY_SMALLCAP_250,IN,VTL,Vardhman Textiles Ltd.
2018-02-21,2018-04-02,ind_prs21022018,NIFTY_SMALLCAP_250,IN,VIJAYABANK,Vijaya Bank
2018-02-21,2018-04-02,ind_prs21022018,NIFTY_SMALLCAP_250,IN,WELSPUNIND,Welspun India Ltd.
2025-02-21,2025-03-28,ind_prs21022025,NIFTY_50,OUT,BPCL,Bharat Petroleum Corporation Ltd.
2025-02-21,2025-03-28,ind_prs21022025,NIFTY_50,OUT,BRITANNIA,Britannia Industries Ltd.
2025-02-21,2025-03-28,ind_prs21022025,NIFTY_50,IN,JIOFIN,Jio Financial Services Ltd.
2025-02-21,2025-03-28,ind_prs21022025,NIFTY_50,IN,ZOMATO,Zomato Ltd.
2025-02-21,2025-03-28,ind_prs21022025,NIFTY_500,OUT,ACI,Archean Chemical Industries Ltd.
2025-02-21,2025-03-28,ind_prs21022025,NIFTY_500,OUT,AVANTIFEED,Avanti Feeds Ltd.
2025-02-21,2025-03-28,ind_prs21022025,NIFTY_500,OUT,BALAMINES,Balaji Amines Ltd.
2025-02-21,2025-03-28,ind_prs21022025,NIFTY_500,OUT,BIRLACORPN,Birla Corporation Ltd.
2025-02-21,2025-03-28,ind_prs21022025,NIFTY_500,OUT,CELLO,Cello World Ltd.
2025-02-21,2025-03-28,ind_prs21022025,NIFTY_500,OUT,CHEMPLASTS,Chemplast Sanmar Ltd.
2025-02-21,2025-03-28,ind_prs21022025,NIFTY_500,OUT,CIEINDIA,CIE Automotive India Ltd.
2025-02-21,2025-03-28,ind_prs21022025,NIFTY_500,OUT,EASEMYTRIP,Easy Trip Planners Ltd.
2025-02-21,2025-03-28,ind_prs21022025,NIFTY_500,OUT,EQUITASBNK,Equitas Small Finance Bank Ltd.
2025-02-21,2025-03-28,ind_prs21022025,NIFTY_500,OUT,FINEORG,Fine Organic Industries Ltd.
2025-02-21,2025-03-28,ind_prs21022025,NIFTY_500,OUT,GRINFRA,G R Infraprojects Ltd.
2025-02-21,2025-03-28,ind_prs21022025,NIFTY_500,OUT,GRINDWELL,Grindwell Norton Ltd.
2025-02-21,2025-03-28,ind_prs21022025,NIFTY_500,OUT,GAEL,Gujarat Ambuja Exports Ltd.
2025-02-21,2025-03-28,ind_prs21022025,NIFTY_500,OUT,GSFC,Gujarat State Fertilizers & Chemicals Ltd.
2025-02-21,2025-03-28,ind_prs21022025,NIFTY_500,OUT,JKLAKSHMI,JK Lakshmi Cement Ltd.
2025-02-21,2025-03-28,ind_prs21022025,NIFTY_500,OUT,KSB,KSB Ltd.
2025-02-21,2025-03-28,ind_prs21022025,NIFTY_500,OUT,MAHLIFE,Mahindra Lifespace Developers Ltd.
2025-02-21,2025-03-28,ind_prs21022025,NIFTY_500,OUT,METROBRAND,Metro Brands Ltd.
2025-02-21,2025-03-28,ind_prs21022025,NIFTY_500,OUT,NUVOCO,Nuvoco Vistas Corporation Ltd.
2025-02-21,2025-03-28,ind_prs21022025,NIFTY_500,OUT,PGHH,Procter & Gamble Hygiene & Health Care Ltd.
2025-02-21,2025-03-28,ind_prs21022025,NIFTY_500,OUT,RAJESHEXPO,Rajesh Exports Ltd.
2025-02-21,2025-03-28,ind_prs21022025,NIFTY_500,OUT,RATNAMANI,Ratnamani Metals & Tubes Ltd.
2025-02-21,2025-03-28,ind_prs21022025,NIFTY_500,OUT,SANOFI,Sanofi India Ltd.
2025-02-21,2025-03-28,ind_prs21022025,NIFTY_500,OUT,SPARC,Sun Pharma Advanced Research Company Ltd.
2025-02-21,2025-03-28,ind_prs21022025,NIFTY_500,OUT,SUNDRMFAST,Sundram Fasteners Ltd.
2025-02-21,2025-03-28,ind_prs21022025,NIFTY_500,OUT,TVSSCS,TVS Supply Chain Solutions Ltd.
2025-02-21,2025-03-28,ind_prs21022025,NIFTY_500,OUT,UJJIVANSFB,Ujjivan Small Finance Bank Ltd.
2025-02-21,2025-03-28,ind_prs21022025,NIFTY_500,OUT,VIPIND,V.I.P. Industries Ltd.
2025-02-21,2025-03-28,ind_prs21022025,NIFTY_500,OUT,VARROC,Varroc Engineering Ltd.
2025-02-21,2025-03-28,ind_prs21022025,NIFTY_500,OUT,VINATIORGA,Vinati Organics Ltd.
2025-02-21,2025-03-28,ind_prs21022025,NIFTY_500,IN,ACMESOLAR,ACME Solar Holdings Ltd.
2025-02-21,2025-03-28,ind_prs21022025,NIFTY_500,IN,AFCONS,Afcons Infrastructure Ltd.
2025-02-21,2025-03-28,ind_prs21022025,NIFTY_500,IN,ALIVUS,Alivus Life Sciences Ltd.
2025-02-21,2025-03-28,ind_prs21022025,NIFTY_500,IN,AIIL,Authum Investment & Infrastructure Ltd.
2025-02-21,2025-03-28,ind_prs21022025,NIFTY_500,IN,BAJAJHFL,Bajaj Housing Finance Ltd.
2025-02-21,2025-03-28,ind_prs21022025,NIFTY_500,IN,FIRSTCRY,Brainbees Solutions Ltd.
2025-02-21,2025-03-28,ind_prs21022025,NIFTY_500,IN,DCMSHRIRAM,DCM Shriram Ltd.
2025-02-21,2025-03-28,ind_prs21022025,NIFTY_500,IN,GRAVITA,Gravita India Ltd.
2025-02-21,2025-03-28,ind_prs21022025,NIFTY_500,IN,HYUNDAI,Hyundai Motor India Ltd.
2025-02-21,2025-03-28,ind_prs21022025,NIFTY_500,IN,IGIL,International Gemmological Institute (India) Ltd.
2025-02-21,2025-03-28,ind_prs21022025,NIFTY_500,IN,IKS,Inventurus Knowledge Solutions Ltd.
2025-02-21,2025-03-28,ind_prs21022025,NIFTY_500,IN,JSWHL,JSW Holdings Ltd.
2025-02-21,2025-03-28,ind_prs21022025,NIFTY_500,IN,LTFOODS,LT Foods Ltd.
2025-02-21,2025-03-28,ind_prs21022025,NIFTY_500,IN,NAVA,Nava Ltd.
2025-02-21,2025-03-28,ind_prs21022025,NIFTY_500,IN,NEULANDLAB,Neuland Laboratories Ltd.
2025-02-21,2025-03-28,ind_prs21022025,NIFTY_500,IN,NIVABUPA,Niva Bupa Health Insurance Company Ltd.
2025-02-21,2025-03-28,ind_prs21022025,NIFTY_500,IN,NTPCGREEN,NTPC Green Energy Ltd.
2025-02-21,2025-03-28,ind_prs21022025,NIFTY_500,IN,OLAELEC,Ola Electric Mobility Ltd.
2025-02-21,2025-03-28,ind_prs21022025,NIFTY_500,IN,PGEL,PG Electroplast Ltd.
2025-02-21,2025-03-28,ind_prs21022025,NIFTY_500,IN,PREMIERENE,Premier Energies Ltd.
2025-02-21,2025-03-28,ind_prs21022025,NIFTY_500,IN,RPOWER,Reliance Power Ltd.
2025-02-21,2025-03-28,ind_prs21022025,NIFTY_500,IN,SAGILITY,Sagility India Ltd.
2025-02-21,2025-03-28,ind_prs21022025,NIFTY_500,IN,SAILIFE,Sai Life Sciences Ltd.
2025-02-21,2025-03-28,ind_prs21022025,NIFTY_500,IN,SARDAEN,Sarda Energy and Minerals Ltd.
2025-02-21,2025-03-28,ind_prs21022025,NIFTY_500,IN,SWIGGY,Swiggy Ltd.
2025-02-21,2025-03-28,ind_prs21022025,NIFTY_500,IN,TARIL,Transformers And Rectifiers (India) Ltd.
2025-02-21,2025-03-28,ind_prs21022025,NIFTY_500,IN,VMM,Vishal Mega Mart Ltd.
2025-02-21,2025-03-28,ind_prs21022025,NIFTY_500,IN,WAAREEENER,Waaree Energies Ltd.
2025-02-21,2025-03-28,ind_prs21022025,NIFTY_500,IN,WOCKPHARMA,Wockhardt Ltd.
2025-02-21,2025-03-28,ind_prs21022025,NIFTY_500,IN,ZENTEC,Zen Technologies Ltd.
2025-02-21,2025-03-28,ind_prs21022025,NIFTY_NEXT_50,OUT,ATGL,Adani Total Gas Ltd.
2025-02-21,2025-03-28,ind_prs21022025,NIFTY_NEXT_50,OUT,BHEL,Bharat Heavy Electricals Ltd.
2025-02-21,2025-03-28,ind_prs21022025,NIFTY_NEXT_50,OUT,IRCTC,Indian Railway Catering and Tourism Corporation Ltd.
2025-02-21,2025-03-28,ind_prs21022025,NIFTY_NEXT_50,OUT,JIOFIN,Jio Financial Services Ltd.
2025-02-21,2025-03-28,ind_prs21022025,NIFTY_NEXT_50,OUT,NHPC,NHPC Ltd.
2025-02-21,2025-03-28,ind_prs21022025,NIFTY_NEXT_50,OUT,UNIONBANK,Union Bank of India
2025-02-21,2025-03-28,ind_prs21022025,NIFTY_NEXT_50,OUT,ZOMATO,Zomato Ltd.
2025-02-21,2025-03-28,ind_prs21022025,NIFTY_NEXT_50,IN,BAJAJHFL,Bajaj Housing Finance Ltd.
2025-02-21,2025-03-28,ind_prs21022025,NIFTY_NEXT_50,IN,BPCL,Bharat Petroleum Corporation Ltd.
2025-02-21,2025-03-28,ind_prs21022025,NIFTY_NEXT_50,IN,BRITANNIA,Britannia Industries Ltd.
2025-02-21,2025-03-28,ind_prs21022025,NIFTY_NEXT_50,IN,CGPOWER,CG Power and Industrial Solutions Ltd.
2025-02-21,2025-03-28,ind_prs21022025,NIFTY_NEXT_50,IN,HYUNDAI,Hyundai Motor India Ltd.
2025-02-21,2025-03-28,ind_prs21022025,NIFTY_NEXT_50,IN,INDHOTEL,Indian Hotels Co. Ltd.
2025-02-21,2025-03-28,ind_prs21022025,NIFTY_NEXT_50,IN,SWIGGY,Swiggy Ltd.
2025-02-21,2025-03-28,ind_prs21022025,NIFTY_MIDCAP_150,OUT,BAYERCROP,Bayer Cropscience Ltd.
2025-02-21,2025-03-28,ind_prs21022025,NIFTY_MIDCAP_150,OUT,CARBORUNIV,Carborundum Universal Ltd.
2025-02-21,2025-03-28,ind_prs21022025,NIFTY_MIDCAP_150,OUT,CGPOWER,CG Power and Industrial Solutions Ltd.
2025-02-21,2025-03-28,ind_prs21022025,NIFTY_MIDCAP_150,OUT,DELHIVERY,Delhivery Ltd.
2025-02-21,2025-03-28,ind_prs21022025,NIFTY_MIDCAP_150,OUT,FACT,Fertilisers and Chemicals Travancore Ltd.
2025-02-21,2025-03-28,ind_prs21022025,NIFTY_MIDCAP_150,OUT,GRINDWELL,Grindwell Norton Ltd.
2025-02-21,2025-03-28,ind_prs21022025,NIFTY_MIDCAP_150,OUT,IDBI,IDBI Bank Ltd.
2025-02-21,2025-03-28,ind_prs21022025,NIFTY_MIDCAP_150,OUT,INDHOTEL,Indian Hotels Co. Ltd.
2025-02-21,2025-03-28,ind_prs21022025,NIFTY_MIDCAP_150,OUT,IOB,Indian Overseas Bank
2025-02-21,2025-03-28,ind_prs21022025,NIFTY_MIDCAP_150,OUT,METROBRAND,Metro Brands Ltd.
2025-02-21,2025-03-28,ind_prs21022025,NIFTY_MIDCAP_150,OUT,POONAWALLA,Poonawalla Fincorp Ltd.
2025-02-21,2025-03-28,ind_prs21022025,NIFTY_MIDCAP_150,OUT,PGHH,Procter & Gamble Hygiene & Health Care Ltd.
2025-02-21,2025-03-28,ind_prs21022025,NIFTY_MIDCAP_150,OUT,SKFINDIA,SKF India Ltd.
2025-02-21,2025-03-28,ind_prs21022025,NIFTY_MIDCAP_150,OUT,SUNDRMFAST,Sundram Fasteners Ltd.
2025-02-21,2025-03-28,ind_prs21022025,NIFTY_MIDCAP_150,OUT,TATACHEM,Tata Chemicals Ltd.
2025-02-21,2025-03-28,ind_prs21022025,NIFTY_MIDCAP_150,OUT,TIMKEN,Timken India Ltd.
2025-02-21,2025-03-28,ind_prs21022025,NIFTY_MIDCAP_150,OUT,ZFCVINDIA,ZF Commercial Vehicle Control Systems India Ltd.
2025-02-21,2025-03-28,ind_prs21022025,NIFTY_MIDCAP_150,IN,360ONE,360 ONE WAM Ltd.
2025-02-21,2025-03-28,ind_prs21022025,NIFTY_MIDCAP_150,IN,ATGL,Adani Total Gas Ltd.
2025-02-21,2025-03-28,ind_prs21022025,NIFTY_MIDCAP_150,IN,APARINDS,Apar Industries Ltd.
2025-02-21,2025-03-28,ind_prs21022025,NIFTY_MIDCAP_150,IN,BHEL,Bharat Heavy Electricals Ltd.
2025-02-21,2025-03-28,ind_prs21022025,NIFTY_MIDCAP_150,IN,BLUESTARCO,Blue Star Ltd.
2025-02-21,2025-03-28,ind_prs21022025,NIFTY_MIDCAP_150,IN,GVT&D,GE Vernova T&D India Ltd.
2025-02-21,2025-03-28,ind_prs21022025,NIFTY_MIDCAP_150,IN,GLENMARK,Glenmark Pharmaceuticals Ltd.
2025-02-21,2025-03-28,ind_prs21022025,NIFTY_MIDCAP_150,IN,IRCTC,Indian Railway Catering and Tourism Corporation Ltd.
2025-02-21,2025-03-28,ind_prs21022025,NIFTY_MIDCAP_150,IN,MOTILALOFS,Motilal Oswal Financial Services Ltd.
2025-02-21,2025-03-28,ind_prs21022025,NIFTY_MIDCAP_150,IN,NATIONALUM,National Aluminium Co. Ltd.
2025-02-21,2025-03-28,ind_prs21022025,NIFTY_MIDCAP_150,IN,NHPC,NHPC Ltd.
2025-02-21,2025-03-28,ind_prs21022025,NIFTY_MIDCAP_150,IN,NTPCGREEN,NTPC Green Energy Ltd.
2025-02-21,2025-03-28,ind_prs21022025,NIFTY_MIDCAP_150,IN,OLAELEC,Ola Electric Mobility Ltd.
2025-02-21,2025-03-28,ind_prs21022025,NIFTY_MIDCAP_150,IN,PREMIERENE,Premier Energies Ltd.
2025-02-21,2025-03-28,ind_prs21022025,NIFTY_MIDCAP_150,IN,UNIONBANK,Union Bank of India
2025-02-21,2025-03-28,ind_prs21022025,NIFTY_MIDCAP_150,IN,VMM,Vishal Mega Mart Ltd.
2025-02-21,2025-03-28,ind_prs21022025,NIFTY_MIDCAP_150,IN,WAAREEENER,Waaree Energies Ltd.
2025-02-21,2025-03-28,ind_prs21022025,NIFTY_SMALLCAP_250,OUT,360ONE,360 ONE WAM Ltd.
2025-02-21,2025-03-28,ind_prs21022025,NIFTY_SMALLCAP_250,OUT,APARINDS,Apar Industries Ltd.
2025-02-21,2025-03-28,ind_prs21022025,NIFTY_SMALLCAP_250,OUT,ACI,Archean Chemical Industries Ltd.
2025-02-21,2025-03-28,ind_prs21022025,NIFTY_SMALLCAP_250,OUT,AVANTIFEED,Avanti Feeds Ltd.
2025-02-21,2025-03-28,ind_prs21022025,NIFTY_SMALLCAP_250,OUT,BALAMINES,Balaji Amines Ltd.
2025-02-21,2025-03-28,ind_prs21022025,NIFTY_SMALLCAP_250,OUT,BIRLACORPN,Birla Corporation Ltd.
2025-02-21,2025-03-28,ind_prs21022025,NIFTY_SMALLCAP_250,OUT,BLUESTARCO,Blue Star Ltd.
2025-02-21,2025-03-28,ind_prs21022025,NIFTY_SMALLCAP_250,OUT,CELLO,Cello World Ltd.
2025-02-21,2025-03-28,ind_prs21022025,NIFTY_SMALLCAP_250,OUT,CHEMPLASTS,Chemplast Sanmar Ltd.
2025-02-21,2025-03-28,ind_prs21022025,NIFTY_SMALLCAP_250,OUT,CIEINDIA,CIE Automotive India Ltd.
2025-02-21,2025-03-28,ind_prs21022025,NIFTY_SMALLCAP_250,OUT,EASEMYTRIP,Easy Trip Planners Ltd.
2025-02-21,2025-03-28,ind_prs21022025,NIFTY_SMALLCAP_250,OUT,EQUITASBNK,Equitas Small Finance Bank Ltd.
2025-02-21,2025-03-28,ind_prs21022025,NIFTY_SMALLCAP_250,OUT,FINEORG,Fine Organic Industries Ltd.
2025-02-21,2025-03-28,ind_prs21022025,NIFTY_SMALLCAP_250,OUT,GRINFRA,G R Infraprojects Ltd.
2025-02-21,2025-03-28,ind_prs21022025,NIFTY_SMALLCAP_250,OUT,GVT&D,GE Vernova T&D India Ltd.
2025-02-21,2025-03-28,ind_prs21022025,NIFTY_SMALLCAP_250,OUT,GLENMARK,Glenmark Pharmaceuticals Ltd.
2025-02-21,2025-03-28,ind_prs21022025,NIFTY_SMALLCAP_250,OUT,GAEL,Gujarat Ambuja Exports Ltd.
2025-02-21,2025-03-28,ind_prs21022025,NIFTY_SMALLCAP_250,OUT,GSFC,Gujarat State Fertilizers & Chemicals Ltd.
2025-02-21,2025-03-28,ind_prs21022025,NIFTY_SMALLCAP_250,OUT,JKLAKSHMI,JK Lakshmi Cement Ltd.
2025-02-21,2025-03-28,ind_prs21022025,NIFTY_SMALLCAP_250,OUT,KSB,KSB Ltd.
2025-02-21,2025-03-28,ind_prs21022025,NIFTY_SMALLCAP_250,OUT,MAHLIFE,Mahindra Lifespace Developers Ltd.
2025-02-21,2025-03-28,ind_prs21022025,NIFTY_SMALLCAP_250,OUT,MOTILALOFS,Motilal Oswal Financial Services Ltd.
2025-02-21,2025-03-28,ind_prs21022025,NIFTY_SMALLCAP_250,OUT,NATIONALUM,National Aluminium Co. Ltd.
2025-02-21,2025-03-28,ind_prs21022025,NIFTY_SMALLCAP_250,OUT,NUVOCO,Nuvoco Vistas Corporation Ltd.
2025-02-21,2025-03-28,ind_prs21022025,NIFTY_SMALLCAP_250,OUT,RAJESHEXPO,Rajesh Exports Ltd.
2025-02-21,2025-03-28,ind_prs21022025,NIFTY_SMALLCAP_250,OUT,RATNAMANI,Ratnamani Metals & Tubes Ltd.
2025-02-21,2025-03-28,ind_prs21022025,NIFTY_SMALLCAP_250,OUT,SANOFI,Sanofi India Ltd.
2025-02-21,2025-03-28,ind_prs21022025,NIFTY_SMALLCAP_250,OUT,SPARC,Sun Pharma Advanced Research Company Ltd.
2025-02-21,2025-03-28,ind_prs21022025,NIFTY_SMALLCAP_250,OUT,TVSSCS,TVS Supply Chain Solutions Ltd.
2025-02-21,2025-03-28,ind_prs21022025,NIFTY_SMALLCAP_250,OUT,UJJIVANSFB,Ujjivan Small Finance Bank Ltd.
2025-02-21,2025-03-28,ind_prs21022025,NIFTY_SMALLCAP_250,OUT,VIPIND,V.I.P. Industries Ltd.
2025-02-21,2025-03-28,ind_prs21022025,NIFTY_SMALLCAP_250,OUT,VARROC,Varroc Engineering Ltd.
2025-02-21,2025-03-28,ind_prs21022025,NIFTY_SMALLCAP_250,OUT,VINATIORGA,Vinati Organics Ltd.
2025-02-21,2025-03-28,ind_prs21022025,NIFTY_SMALLCAP_250,IN,ACMESOLAR,ACME Solar Holdings Ltd.
2025-02-21,2025-03-28,ind_prs21022025,NIFTY_SMALLCAP_250,IN,AFCONS,Afcons Infrastructure Ltd.
2025-02-21,2025-03-28,ind_prs21022025,NIFTY_SMALLCAP_250,IN,ALIVUS,Alivus Life Sciences Ltd.
2025-02-21,2025-03-28,ind_prs21022025,NIFTY_SMALLCAP_250,IN,AIIL,Authum Investment & Infrastructure Ltd.
2025-02-21,2025-03-28,ind_prs21022025,NIFTY_SMALLCAP_250,IN,BAYERCROP,Bayer Cropscience Ltd.
2025-02-21,2025-03-28,ind_prs21022025,NIFTY_SMALLCAP_250,IN,FIRSTCRY,Brainbees Solutions Ltd.
2025-02-21,2025-03-28,ind_prs21022025,NIFTY_SMALLCAP_250,IN,CARBORUNIV,Carborundum Universal Ltd.
2025-02-21,2025-03-28,ind_prs21022025,NIFTY_SMALLCAP_250,IN,DCMSHRIRAM,DCM Shriram Ltd.
2025-02-21,2025-03-28,ind_prs21022025,NIFTY_SMALLCAP_250,IN,DELHIVERY,Delhivery Ltd.
2025-02-21,2025-03-28,ind_prs21022025,NIFTY_SMALLCAP_250,IN,FACT,Fertilisers and Chemicals Travancore Ltd.
2025-02-21,2025-03-28,ind_prs21022025,NIFTY_SMALLCAP_250,IN,GRAVITA,Gravita India Ltd.
2025-02-21,2025-03-28,ind_prs21022025,NIFTY_SMALLCAP_250,IN,IDBI,IDBI Bank Ltd.
2025-02-21,2025-03-28,ind_prs21022025,NIFTY_SMALLCAP_250,IN,IOB,Indian Overseas Bank
2025-02-21,2025-03-28,ind_prs21022025,NIFTY_SMALLCAP_250,IN,IGIL,International Gemmological Institute (India) Ltd.
2025-02-21,2025-03-28,ind_prs21022025,NIFTY_SMALLCAP_250,IN,IKS,Inventurus Knowledge Solutions Ltd.
2025-02-21,2025-03-28,ind_prs21022025,NIFTY_SMALLCAP_250,IN,JSWHL,JSW Holdings Ltd.
2025-02-21,2025-03-28,ind_prs21022025,NIFTY_SMALLCAP_250,IN,LTFOODS,LT Foods Ltd.
2025-02-21,2025-03-28,ind_prs21022025,NIFTY_SMALLCAP_250,IN,NAVA,Nava Ltd.
2025-02-21,2025-03-28,ind_prs21022025,NIFTY_SMALLCAP_250,IN,NEULANDLAB,Neuland Laboratories Ltd.
2025-02-21,2025-03-28,ind_prs21022025,NIFTY_SMALLCAP_250,IN,NIVABUPA,Niva Bupa Health Insurance Company Ltd.
2025-02-21,2025-03-28,ind_prs21022025,NIFTY_SMALLCAP_250,IN,PGEL,PG Electroplast Ltd.
2025-02-21,2025-03-28,ind_prs21022025,NIFTY_SMALLCAP_250,IN,POONAWALLA,Poonawalla Fincorp Ltd.
2025-02-21,2025-03-28,ind_prs21022025,NIFTY_SMALLCAP_250,IN,RPOWER,Reliance Power Ltd.
2025-02-21,2025-03-28,ind_prs21022025,NIFTY_SMALLCAP_250,IN,SAGILITY,Sagility India Ltd.
2025-02-21,2025-03-28,ind_prs21022025,NIFTY_SMALLCAP_250,IN,SAILIFE,Sai Life Sciences Ltd.
2025-02-21,2025-03-28,ind_prs21022025,NIFTY_SMALLCAP_250,IN,SARDAEN,Sarda Energy and Minerals Ltd.
2025-02-21,2025-03-28,ind_prs21022025,NIFTY_SMALLCAP_250,IN,SKFINDIA,SKF India Ltd.
2025-02-21,2025-03-28,ind_prs21022025,NIFTY_SMALLCAP_250,IN,TATACHEM,Tata Chemicals Ltd.
2025-02-21,2025-03-28,ind_prs21022025,NIFTY_SMALLCAP_250,IN,TIMKEN,Timken India Ltd.
2025-02-21,2025-03-28,ind_prs21022025,NIFTY_SMALLCAP_250,IN,TARIL,Transformers And Rectifiers (India) Ltd.
2025-02-21,2025-03-28,ind_prs21022025,NIFTY_SMALLCAP_250,IN,WOCKPHARMA,Wockhardt Ltd.
2025-02-21,2025-03-28,ind_prs21022025,NIFTY_SMALLCAP_250,IN,ZENTEC,Zen Technologies Ltd.
2025-02-21,2025-03-28,ind_prs21022025,NIFTY_SMALLCAP_250,IN,ZFCVINDIA,ZF Commercial Vehicle Control Systems India Ltd.
2025-02-21,2025-03-28,ind_prs21022025,NIFTY_MICROCAP_250,OUT,ALIVUS,Alivus Life Sciences Ltd.
2025-02-21,2025-03-28,ind_prs21022025,NIFTY_MICROCAP_250,OUT,ANURAS,Anupam Rasayan India Ltd.
2025-02-21,2025-03-28,ind_prs21022025,NIFTY_MICROCAP_250,OUT,BAJAJCON,Bajaj Consumer Care Ltd.
2025-02-21,2025-03-28,ind_prs21022025,NIFTY_MICROCAP_250,OUT,BAJAJELEC,Bajaj Electricals Ltd
2025-02-21,2025-03-28,ind_prs21022025,NIFTY_MICROCAP_250,OUT,BALMLAWRIE,Balmer Lawrie & Co. Ltd.
2025-02-21,2025-03-28,ind_prs21022025,NIFTY_MICROCAP_250,OUT,CONFIPET,Confidence Petroleum India Ltd.
2025-02-21,2025-03-28,ind_prs21022025,NIFTY_MICROCAP_250,OUT,DCMSHRIRAM,DCM Shriram Ltd.
2025-02-21,2025-03-28,ind_prs21022025,NIFTY_MICROCAP_250,OUT,DELTACORP,Delta Corp Ltd.
2025-02-21,2025-03-28,ind_prs21022025,NIFTY_MICROCAP_250,OUT,DEN,Den Networks Ltd.
2025-02-21,2025-03-28,ind_prs21022025,NIFTY_MICROCAP_250,OUT,DHANUKA,Dhanuka Agritech Ltd.
2025-02-21,2025-03-28,ind_prs21022025,NIFTY_MICROCAP_250,OUT,DISHTV,Dish TV India Ltd.
2025-02-21,2025-03-28,ind_prs21022025,NIFTY_MICROCAP_250,OUT,DREAMFOLKS,Dreamfolks Services Ltd.
2025-02-21,2025-03-28,ind_prs21022025,NIFTY_MICROCAP_250,OUT,ESAFSFB,ESAF Small Finance Bank Ltd.
2025-02-21,2025-03-28,ind_prs21022025,NIFTY_MICROCAP_250,OUT,EVEREADY,Eveready Industries India Ltd.
2025-02-21,2025-03-28,ind_prs21022025,NIFTY_MICROCAP_250,OUT,FUSION,Fusion Finance Ltd.
2025-02-21,2025-03-28,ind_prs21022025,NIFTY_MICROCAP_250,OUT,GOCOLORS,Go Fashion (India) Ltd.
2025-02-21,2025-03-28,ind_prs21022025,NIFTY_MICROCAP_250,OUT,GRAVITA,Gravita India Ltd.
2025-02-21,2025-03-28,ind_prs21022025,NIFTY_MICROCAP_250,OUT,GUJALKALI,Gujarat Alkalies & Chemicals Ltd.
2025-02-21,2025-03-28,ind_prs21022025,NIFTY_MICROCAP_250,OUT,HAPPYFORGE,Happy Forgings Ltd.
2025-02-21,2025-03-28,ind_prs21022025,NIFTY_MICROCAP_250,OUT,HARSHA,Harsha Engineers International Ltd.
2025-02-21,2025-03-28,ind_prs21022025,NIFTY_MICROCAP_250,OUT,HNDFDS,Hindustan Foods Ltd.
2025-02-21,2025-03-28,ind_prs21022025,NIFTY_MICROCAP_250,OUT,HINDOILEXP,Hindustan Oil Exploration Co. Ltd.
2025-02-21,2025-03-28,ind_prs21022025,NIFTY_MICROCAP_250,OUT,HINDWAREAP,Hindware Home Innovation Ltd.
2025-02-21,2025-03-28,ind_prs21022025,NIFTY_MICROCAP_250,OUT,IDEAFORGE,Ideaforge Technology Ltd.
2025-02-21,2025-03-28,ind_prs21022025,NIFTY_MICROCAP_250,OUT,IPL,India Pesticides Ltd.
2025-02-21,2025-03-28,ind_prs21022025,NIFTY_MICROCAP_250,OUT,JTEKTINDIA,JTEKT India Ltd.
2025-02-21,2025-03-28,ind_prs21022025,NIFTY_MICROCAP_250,OUT,JUNIPER,Juniper Hotels Ltd.
2025-02-21,2025-03-28,ind_prs21022025,NIFTY_MICROCAP_250,OUT,JLHL,Jupiter Life Line Hospitals Ltd.
2025-02-21,2025-03-28,ind_prs21022025,NIFTY_MICROCAP_250,OUT,KOLTEPATIL,Kolte-Patil Developers Ltd.
2025-02-21,2025-03-28,ind_prs21022025,NIFTY_MICROCAP_250,OUT,LANDMARK,Landmark Cars Ltd.
2025-02-21,2025-03-28,ind_prs21022025,NIFTY_MICROCAP_250,OUT,LTFOODS,LT Foods Ltd.
2025-02-21,2025-03-28,ind_prs21022025,NIFTY_MICROCAP_250,OUT,MHRIL,Mahindra Holidays & Resorts India Ltd.
2025-02-21,2025-03-28,ind_prs21022025,NIFTY_MICROCAP_250,OUT,MAHLOG,Mahindra Logistics Ltd.
2025-02-21,2025-03-28,ind_prs21022025,NIFTY_MICROCAP_250,OUT,MAITHANALL,Maithan Alloys Ltd.
2025-02-21,2025-03-28,ind_prs21022025,NIFTY_MICROCAP_250,OUT,MUTHOOTMF,Muthoot Microfin Ltd.
2025-02-21,2025-03-28,ind_prs21022025,NIFTY_MICROCAP_250,OUT,NAVA,Nava Ltd.
2025-02-21,2025-03-28,ind_prs21022025,NIFTY_MICROCAP_250,OUT,NEULANDLAB,Neuland Laboratories Ltd.
2025-02-21,2025-03-28,ind_prs21022025,NIFTY_MICROCAP_250,OUT,NIITMTS,NIIT Learning Systems Ltd.
2025-02-21,2025-03-28,ind_prs21022025,NIFTY_MICROCAP_250,OUT,NRBBEARING,NRB Bearings Ltd.
2025-02-21,2025-03-28,ind_prs21022025,NIFTY_MICROCAP_250,OUT,ORIENTELEC,Orient Electric Ltd.
2025-02-21,2025-03-28,ind_prs21022025,NIFTY_MICROCAP_250,OUT,PGEL,PG Electroplast Ltd.
2025-02-21,2025-03-28,ind_prs21022025,NIFTY_MICROCAP_250,OUT,PGHL,Procter & Gamble Health Ltd.
2025-02-21,2025-03-28,ind_prs21022025,NIFTY_MICROCAP_250,OUT,PURVA,Puravankara Ltd.
2025-02-21,2025-03-28,ind_prs21022025,NIFTY_MICROCAP_250,OUT,RAMKY,Ramky Infra Ltd.
2025-02-21,2025-03-28,ind_prs21022025,NIFTY_MICROCAP_250,OUT,ROLEXRINGS,Rolex Rings Ltd.
2025-02-21,2025-03-28,ind_prs21022025,NIFTY_MICROCAP_250,OUT,KALAMANDIR,Sai Silks (Kalamandir) Ltd.
2025-02-21,2025-03-28,ind_prs21022025,NIFTY_MICROCAP_250,OUT,SANDUMA,Sandur Manganese & Iron Ores Ltd.
2025-02-21,2025-03-28,ind_prs21022025,NIFTY_MICROCAP_250,OUT,SANGHIIND,Sanghi Industries Ltd.
2025-02-21,2025-03-28,ind_prs21022025,NIFTY_MICROCAP_250,OUT,SANGHVIMOV,Sanghvi Movers Ltd.
2025-02-21,2025-03-28,ind_prs21022025,NIFTY_MICROCAP_250,OUT,SARDAEN,Sarda Energy and Minerals Ltd.
2025-02-21,2025-03-28,ind_prs21022025,NIFTY_MICROCAP_250,OUT,SHARDAMOTR,Sharda Motor Industries Ltd.
2025-02-21,2025-03-28,ind_prs21022025,NIFTY_MICROCAP_250,OUT,SINDHUTRAD,Sindhu Trade Links Ltd.
2025-02-21,2025-03-28,ind_prs21022025,NIFTY_MICROCAP_250,OUT,SSWL,Steel Strips Wheels Ltd.
2025-02-21,2025-03-28,ind_prs21022025,NIFTY_MICROCAP_250,OUT,SPLPETRO,Supreme Petrochem Ltd.
2025-02-21,2025-03-28,ind_prs21022025,NIFTY_MICROCAP_250,OUT,TCIEXP,TCI Express Ltd.
2025-02-21,2025-03-28,ind_prs21022025,NIFTY_MICROCAP_250,OUT,TIRUMALCHM,Thirumalai Chemicals Ltd.
2025-02-21,2025-03-28,ind_prs21022025,NIFTY_MICROCAP_250,OUT,UTKARSHBNK,Utkarsh Small Finance Bank Ltd.
2025-02-21,2025-03-28,ind_prs21022025,NIFTY_MICROCAP_250,OUT,VEEDOL,Veedol Corporation Ltd.
2025-02-21,2025-03-28,ind_prs21022025,NIFTY_MICROCAP_250,OUT,VENKEYS,Venky's (India) Ltd.
2025-02-21,2025-03-28,ind_prs21022025,NIFTY_MICROCAP_250,OUT,WSTCSTPAPR,West Coast Paper Mills Ltd.
2025-02-21,2025-03-28,ind_prs21022025,NIFTY_MICROCAP_250,OUT,WOCKPHARMA,Wockhardt Ltd.
2025-02-21,2025-03-28,ind_prs21022025,NIFTY_MICROCAP_250,OUT,ZENTEC,Zen Technologies Ltd.
2025-02-21,2025-03-28,ind_prs21022025,NIFTY_MICROCAP_250,IN,AVL,Aditya Vision Ltd.
2025-02-21,2025-03-28,ind_prs21022025,NIFTY_MICROCAP_250,IN,AKZOINDIA,Akzo Nobel India Ltd.
2025-02-21,2025-03-28,ind_prs21022025,NIFTY_MICROCAP_250,IN,ABDL,Allied Blenders and Distillers Ltd.
2025-02-21,2025-03-28,ind_prs21022025,NIFTY_MICROCAP_250,IN,ACI,Archean Chemical Industries Ltd.
2025-02-21,2025-03-28,ind_prs21022025,NIFTY_MICROCAP_250,IN,AURIONPRO,Aurionpro Solution Ltd.
2025-02-21,2025-03-28,ind_prs21022025,NIFTY_MICROCAP_250,IN,AVANTIFEED,Avanti Feeds Ltd.
2025-02-21,2025-03-28,ind_prs21022025,NIFTY_MICROCAP_250,IN,AWFIS,Awfis Space Solutions Ltd.
2025-02-21,2025-03-28,ind_prs21022025,NIFTY_MICROCAP_250,IN,BALAMINES,Balaji Amines Ltd.
2025-02-21,2025-03-28,ind_prs21022025,NIFTY_MICROCAP_250,IN,BALUFORGE,Balu Forge Industries Ltd.
2025-02-21,2025-03-28,ind_prs21022025,NIFTY_MICROCAP_250,IN,BANSALWIRE,Bansal Wire Industries Ltd.
2025-02-21,2025-03-28,ind_prs21022025,NIFTY_MICROCAP_250,IN,BIRLACORPN,Birla Corporation Ltd.
2025-02-21,2025-03-28,ind_prs21022025,NIFTY_MICROCAP_250,IN,CEIGALL,Ceigall India Ltd.
2025-02-21,2025-03-28,ind_prs21022025,NIFTY_MICROCAP_250,IN,CELLO,Cello World Ltd.
2025-02-21,2025-03-28,ind_prs21022025,NIFTY_MICROCAP_250,IN,CHEMPLASTS,Chemplast Sanmar Ltd.
2025-02-21,2025-03-28,ind_prs21022025,NIFTY_MICROCAP_250,IN,CIEINDIA,CIE Automotive India Ltd.
2025-02-21,2025-03-28,ind_prs21022025,NIFTY_MICROCAP_250,IN,EASEMYTRIP,Easy Trip Planners Ltd.
2025-02-21,2025-03-28,ind_prs21022025,NIFTY_MICROCAP_250,IN,EIEL,Enviro Infra Engineers Ltd.
2025-02-21,2025-03-28,ind_prs21022025,NIFTY_MICROCAP_250,IN,EQUITASBNK,Equitas Small Finance Bank Ltd.
2025-02-21,2025-03-28,ind_prs21022025,NIFTY_MICROCAP_250,IN,EUREKAFORB,Eureka Forbes Ltd.
2025-02-21,2025-03-28,ind_prs21022025,NIFTY_MICROCAP_250,IN,FINEORG,Fine Organic Industries Ltd.
2025-02-21,2025-03-28,ind_prs21022025,NIFTY_MICROCAP_250,IN,GRINFRA,G R Infraprojects Ltd.
2025-02-21,2025-03-28,ind_prs21022025,NIFTY_MICROCAP_250,IN,GANECOS,Ganesha Ecosphere Ltd.
2025-02-21,2025-03-28,ind_prs21022025,NIFTY_MICROCAP_250,IN,GARFIBRES,Garware Technical Fibres Ltd.
2025-02-21,2025-03-28,ind_prs21022025,NIFTY_MICROCAP_250,IN,GMRP&UI,GMR Power and Urban Infra Ltd.
2025-02-21,2025-03-28,ind_prs21022025,NIFTY_MICROCAP_250,IN,GAEL,Gujarat Ambuja Exports Ltd.
2025-02-21,2025-03-28,ind_prs21022025,NIFTY_MICROCAP_250,IN,GSFC,Gujarat State Fertilizers & Chemicals Ltd.
2025-02-21,2025-03-28,ind_prs21022025,NIFTY_MICROCAP_250,IN,JKLAKSHMI,JK Lakshmi Cement Ltd.
2025-02-21,2025-03-28,ind_prs21022025,NIFTY_MICROCAP_250,IN,KPIGREEN,KPI Green Energy Ltd.
2025-02-21,2025-03-28,ind_prs21022025,NIFTY_MICROCAP_250,IN,KSB,KSB Ltd.
2025-02-21,2025-03-28,ind_prs21022025,NIFTY_MICROCAP_250,IN,LLOYDSENT,Lloyds Enterprises Ltd.
2025-02-21,2025-03-28,ind_prs21022025,NIFTY_MICROCAP_250,IN,MAHSCOOTER,Maharashtra Scooters Ltd.
2025-02-21,2025-03-28,ind_prs21022025,NIFTY_MICROCAP_250,IN,MAHLIFE,Mahindra Lifespace Developers Ltd.
2025-02-21,2025-03-28,ind_prs21022025,NIFTY_MICROCAP_250,IN,MAXESTATES,Max Estates Ltd.
2025-02-21,2025-03-28,ind_prs21022025,NIFTY_MICROCAP_250,IN,NUVOCO,Nuvoco Vistas Corporation Ltd.
2025-02-21,2025-03-28,ind_prs21022025,NIFTY_MICROCAP_250,IN,PNGJL,P N Gadgil Jewellers Ltd.
2025-02-21,2025-03-28,ind_prs21022025,NIFTY_MICROCAP_250,IN,PCJEWELLER,PC Jeweller Ltd.
2025-02-21,2025-03-28,ind_prs21022025,NIFTY_MICROCAP_250,IN,PGIL,Pearl Global Industries Ltd.
2025-02-21,2025-03-28,ind_prs21022025,NIFTY_MICROCAP_250,IN,PRSMJOHNSN,Prism Johnson Ltd.
2025-02-21,2025-03-28,ind_prs21022025,NIFTY_MICROCAP_250,IN,RAJESHEXPO,Rajesh Exports Ltd.
2025-02-21,2025-03-28,ind_prs21022025,NIFTY_MICROCAP_250,IN,RTNPOWER,RattanIndia Power Ltd.
2025-02-21,2025-03-28,ind_prs21022025,NIFTY_MICROCAP_250,IN,RAYMONDLSL,Raymond Lifestyle Ltd.
2025-02-21,2025-03-28,ind_prs21022025,NIFTY_MICROCAP_250,IN,REFEX,Refex Industries Ltd.
2025-02-21,2025-03-28,ind_prs21022025,NIFTY_MICROCAP_250,IN,SANOFICONR,Sanofi Consumer Healthcare India Ltd.
2025-02-21,2025-03-28,ind_prs21022025,NIFTY_MICROCAP_250,IN,SANOFI,Sanofi India Ltd.
2025-02-21,2025-03-28,ind_prs21022025,NIFTY_MICROCAP_250,IN,SHAILY,Shaily Engineering Plastics Ltd.
2025-02-21,2025-03-28,ind_prs21022025,NIFTY_MICROCAP_250,IN,SHAKTIPUMP,Shakti Pumps (India) Ltd.
2025-02-21,2025-03-28,ind_prs21022025,NIFTY_MICROCAP_250,IN,SHARDACROP,Sharda Cropchem Ltd.
2025-02-21,2025-03-28,ind_prs21022025,NIFTY_MICROCAP_250,IN,SHOPERSTOP,Shoppers Stop Ltd.
2025-02-21,2025-03-28,ind_prs21022025,NIFTY_MICROCAP_250,IN,SKIPPER,Skipper Ltd.
2025-02-21,2025-03-28,ind_prs21022025,NIFTY_MICROCAP_250,IN,SPARC,Sun Pharma Advanced Research Company Ltd.
2025-02-21,2025-03-28,ind_prs21022025,NIFTY_MICROCAP_250,IN,THANGAMAYL,Thangamayil Jewellery Ltd.
2025-02-21,2025-03-28,ind_prs21022025,NIFTY_MICROCAP_250,IN,ANUP,The Anup Engineering Ltd.
2025-02-21,2025-03-28,ind_prs21022025,NIFTY_MICROCAP_250,IN,TRANSRAILL,Transrail Lighting Ltd.
2025-02-21,2025-03-28,ind_prs21022025,NIFTY_MICROCAP_250,IN,TVSSCS,TVS Supply Chain Solutions Ltd.
2025-02-21,2025-03-28,ind_prs21022025,NIFTY_MICROCAP_250,IN,UJJIVANSFB,Ujjivan Small Finance Bank Ltd.
2025-02-21,2025-03-28,ind_prs21022025,NIFTY_MICROCAP_250,IN,UNIMECH,Unimech Aerospace and Manufacturing Ltd.
2025-02-21,2025-03-28,ind_prs21022025,NIFTY_MICROCAP_250,IN,VIPIND,V.I.P. Industries Ltd.
2025-02-21,2025-03-28,ind_prs21022025,NIFTY_MICROCAP_250,IN,VARROC,Varroc Engineering Ltd.
2025-02-21,2025-03-28,ind_prs21022025,NIFTY_MICROCAP_250,IN,VENTIVE,Ventive Hospitality Ltd.
2025-02-21,2025-03-28,ind_prs21022025,NIFTY_MICROCAP_250,IN,WEBELSOLAR,Websol Energy System Ltd.
2025-02-21,2025-03-28,ind_prs21022025,NIFTY_MICROCAP_250,IN,ZAGGLE,Zaggle Prepaid Ocean Services Ltd.
2025-02-21,2025-03-28,ind_prs21022025,NIFTY_MICROCAP_250,IN,BLACKBUCK,Zinka Logistics Solutions Ltd.
2025-02-21,2025-03-28,ind_prs21022025,NIFTY_TOTAL_MARKET,OUT,ANURAS,Anupam Rasayan India Ltd.
2025-02-21,2025-03-28,ind_prs21022025,NIFTY_TOTAL_MARKET,OUT,BAJAJCON,Bajaj Consumer Care Ltd.
2025-02-21,2025-03-28,ind_prs21022025,NIFTY_TOTAL_MARKET,OUT,BAJAJELEC,Bajaj Electricals Ltd
2025-02-21,2025-03-28,ind_prs21022025,NIFTY_TOTAL_MARKET,OUT,BALMLAWRIE,Balmer Lawrie & Co. Ltd.
2025-02-21,2025-03-28,ind_prs21022025,NIFTY_TOTAL_MARKET,OUT,CONFIPET,Confidence Petroleum India Ltd.
2025-02-21,2025-03-28,ind_prs21022025,NIFTY_TOTAL_MARKET,OUT,DELTACORP,Delta Corp Ltd.
2025-02-21,2025-03-28,ind_prs21022025,NIFTY_TOTAL_MARKET,OUT,DEN,Den Networks Ltd.
2025-02-21,2025-03-28,ind_prs21022025,NIFTY_TOTAL_MARKET,OUT,DHANUKA,Dhanuka Agritech Ltd.
2025-02-21,2025-03-28,ind_prs21022025,NIFTY_TOTAL_MARKET,OUT,DISHTV,Dish TV India Ltd.
2025-02-21,2025-03-28,ind_prs21022025,NIFTY_TOTAL_MARKET,OUT,DREAMFOLKS,Dreamfolks Services Ltd.
2025-02-21,2025-03-28,ind_prs21022025,NIFTY_TOTAL_MARKET,OUT,ESAFSFB,ESAF Small Finance Bank Ltd.
2025-02-21,2025-03-28,ind_prs21022025,NIFTY_TOTAL_MARKET,OUT,EVEREADY,Eveready Industries India Ltd.
2025-02-21,2025-03-28,ind_prs21022025,NIFTY_TOTAL_MARKET,OUT,FUSION,Fusion Finance Ltd.
2025-02-21,2025-03-28,ind_prs21022025,NIFTY_TOTAL_MARKET,OUT,GOCOLORS,Go Fashion (India) Ltd.
2025-02-21,2025-03-28,ind_prs21022025,NIFTY_TOTAL_MARKET,OUT,GRINDWELL,Grindwell Norton Ltd.
2025-02-21,2025-03-28,ind_prs21022025,NIFTY_TOTAL_MARKET,OUT,GUJALKALI,Gujarat Alkalies & Chemicals Ltd.
2025-02-21,2025-03-28,ind_prs21022025,NIFTY_TOTAL_MARKET,OUT,HAPPYFORGE,Happy Forgings Ltd.
2025-02-21,2025-03-28,ind_prs21022025,NIFTY_TOTAL_MARKET,OUT,HARSHA,Harsha Engineers International Ltd.
2025-02-21,2025-03-28,ind_prs21022025,NIFTY_TOTAL_MARKET,OUT,HNDFDS,Hindustan Foods Ltd.
2025-02-21,2025-03-28,ind_prs21022025,NIFTY_TOTAL_MARKET,OUT,HINDOILEXP,Hindustan Oil Exploration Co. Ltd.
2025-02-21,2025-03-28,ind_prs21022025,NIFTY_TOTAL_MARKET,OUT,HINDWAREAP,Hindware Home Innovation Ltd.
2025-02-21,2025-03-28,ind_prs21022025,NIFTY_TOTAL_MARKET,OUT,IDEAFORGE,Ideaforge Technology Ltd.
2025-02-21,2025-03-28,ind_prs21022025,NIFTY_TOTAL_MARKET,OUT,IPL,India Pesticides Ltd.
2025-02-21,2025-03-28,ind_prs21022025,NIFTY_TOTAL_MARKET,OUT,JTEKTINDIA,JTEKT India Ltd.
2025-02-21,2025-03-28,ind_prs21022025,NIFTY_TOTAL_MARKET,OUT,JUNIPER,Juniper Hotels Ltd.
2025-02-21,2025-03-28,ind_prs21022025,NIFTY_TOTAL_MARKET,OUT,JLHL,Jupiter Life Line Hospitals Ltd.
2025-02-21,2025-03-28,ind_prs21022025,NIFTY_TOTAL_MARKET,OUT,KOLTEPATIL,Kolte-Patil Developers Ltd.
2025-02-21,2025-03-28,ind_prs21022025,NIFTY_TOTAL_MARKET,OUT,LANDMARK,Landmark Cars Ltd.
2025-02-21,2025-03-28,ind_prs21022025,NIFTY_TOTAL_MARKET,OUT,MHRIL,Mahindra Holidays & Resorts India Ltd.
2025-02-21,2025-03-28,ind_prs21022025,NIFTY_TOTAL_MARKET,OUT,MAHLOG,Mahindra Logistics Ltd.
2025-02-21,2025-03-28,ind_prs21022025,NIFTY_TOTAL_MARKET,OUT,MAITHANALL,Maithan Alloys Ltd.
2025-02-21,2025-03-28,ind_prs21022025,NIFTY_TOTAL_MARKET,OUT,METROBRAND,Metro Brands Ltd.
2025-02-21,2025-03-28,ind_prs21022025,NIFTY_TOTAL_MARKET,OUT,MUTHOOTMF,Muthoot Microfin Ltd.
2025-02-21,2025-03-28,ind_prs21022025,NIFTY_TOTAL_MARKET,OUT,NIITMTS,NIIT Learning Systems Ltd.
2025-02-21,2025-03-28,ind_prs21022025,NIFTY_TOTAL_MARKET,OUT,NRBBEARING,NRB Bearings Ltd.
2025-02-21,2025-03-28,ind_prs21022025,NIFTY_TOTAL_MARKET,OUT,ORIENTELEC,Orient Electric Ltd.
2025-02-21,2025-03-28,ind_prs21022025,NIFTY_TOTAL_MARKET,OUT,PGHL,Procter & Gamble Health Ltd.
2025-02-21,2025-03-28,ind_prs21022025,NIFTY_TOTAL_MARKET,OUT,PGHH,Procter & Gamble Hygiene & Health Care Ltd.
2025-02-21,2025-03-28,ind_prs21022025,NIFTY_TOTAL_MARKET,OUT,PURVA,Puravankara Ltd.
2025-02-21,2025-03-28,ind_prs21022025,NIFTY_TOTAL_MARKET,OUT,RAMKY,Ramky Infra Ltd.
2025-02-21,2025-03-28,ind_prs21022025,NIFTY_TOTAL_MARKET,OUT,RATNAMANI,Ratnamani Metals & Tubes Ltd.
2025-02-21,2025-03-28,ind_prs21022025,NIFTY_TOTAL_MARKET,OUT,ROLEXRINGS,Rolex Rings Ltd.
2025-02-21,2025-03-28,ind_prs21022025,NIFTY_TOTAL_MARKET,OUT,KALAMANDIR,Sai Silks (Kalamandir) Ltd.
2025-02-21,2025-03-28,ind_prs21022025,NIFTY_TOTAL_MARKET,OUT,SANDUMA,Sandur Manganese & Iron Ores Ltd.
2025-02-21,2025-03-28,ind_prs21022025,NIFTY_TOTAL_MARKET,OUT,SANGHIIND,Sanghi Industries Ltd.
2025-02-21,2025-03-28,ind_prs21022025,NIFTY_TOTAL_MARKET,OUT,SANGHVIMOV,Sanghvi Movers Ltd.
2025-02-21,2025-03-28,ind_prs21022025,NIFTY_TOTAL_MARKET,OUT,SHARDAMOTR,Sharda Motor Industries Ltd.
2025-02-21,2025-03-28,ind_prs21022025,NIFTY_TOTAL_MARKET,OUT,SINDHUTRAD,Sindhu Trade Links Ltd.
2025-02-21,2025-03-28,ind_prs21022025,NIFTY_TOTAL_MARKET,OUT,SSWL,Steel Strips Wheels Ltd.
2025-02-21,2025-03-28,ind_prs21022025,NIFTY_TOTAL_MARKET,OUT,SUNDRMFAST,Sundram Fasteners Ltd.
2025-02-21,2025-03-28,ind_prs21022025,NIFTY_TOTAL_MARKET,OUT,SPLPETRO,Supreme Petrochem Ltd.
2025-02-21,2025-03-28,ind_prs21022025,NIFTY_TOTAL_MARKET,OUT,TCIEXP,TCI Express Ltd.
2025-02-21,2025-03-28,ind_prs21022025,NIFTY_TOTAL_MARKET,OUT,TIRUMALCHM,Thirumalai Chemicals Ltd.
2025-02-21,2025-03-28,ind_prs21022025,NIFTY_TOTAL_MARKET,OUT,UTKARSHBNK,Utkarsh Small Finance Bank Ltd.
2025-02-21,2025-03-28,ind_prs21022025,NIFTY_TOTAL_MARKET,OUT,VEEDOL,Veedol Corporation Ltd.
2025-02-21,2025-03-28,ind_prs21022025,NIFTY_TOTAL_MARKET,OUT,VENKEYS,Venky's (India) Ltd.
2025-02-21,2025-03-28,ind_prs21022025,NIFTY_TOTAL_MARKET,OUT,VINATIORGA,Vinati Organics Ltd.
2025-02-21,2025-03-28,ind_prs21022025,NIFTY_TOTAL_MARKET,OUT,WSTCSTPAPR,West Coast Paper Mills Ltd.
2025-02-21,2025-03-28,ind_prs21022025,NIFTY_TOTAL_MARKET,IN,ACMESOLAR,ACME Solar Holdings Ltd.
2025-02-21,2025-03-28,ind_prs21022025,NIFTY_TOTAL_MARKET,IN,AVL,Aditya Vision Ltd.
2025-02-21,2025-03-28,ind_prs21022025,NIFTY_TOTAL_MARKET,IN,AFCONS,Afcons Infrastructure Ltd.
2025-02-21,2025-03-28,ind_prs21022025,NIFTY_TOTAL_MARKET,IN,AKZOINDIA,Akzo Nobel India Ltd.
2025-02-21,2025-03-28,ind_prs21022025,NIFTY_TOTAL_MARKET,IN,ABDL,Allied Blenders and Distillers Ltd.
2025-02-21,2025-03-28,ind_prs21022025,NIFTY_TOTAL_MARKET,IN,AURIONPRO,Aurionpro Solution Ltd.
2025-02-21,2025-03-28,ind_prs21022025,NIFTY_TOTAL_MARKET,IN,AIIL,Authum Investment & Infrastructure Ltd.
2025-02-21,2025-03-28,ind_prs21022025,NIFTY_TOTAL_MARKET,IN,AWFIS,Awfis Space Solutions Ltd.
2025-02-21,2025-03-28,ind_prs21022025,NIFTY_TOTAL_MARKET,IN,BAJAJHFL,Bajaj Housing Finance Ltd.
2025-02-21,2025-03-28,ind_prs21022025,NIFTY_TOTAL_MARKET,IN,BALUFORGE,Balu Forge Industries Ltd.
2025-02-21,2025-03-28,ind_prs21022025,NIFTY_TOTAL_MARKET,IN,BANSALWIRE,Bansal Wire Industries Ltd.
2025-02-21,2025-03-28,ind_prs21022025,NIFTY_TOTAL_MARKET,IN,FIRSTCRY,Brainbees Solutions Ltd.
2025-02-21,2025-03-28,ind_prs21022025,NIFTY_TOTAL_MARKET,IN,CEIGALL,Ceigall India Ltd.
2025-02-21,2025-03-28,ind_prs21022025,NIFTY_TOTAL_MARKET,IN,EIEL,Enviro Infra Engineers Ltd.
2025-02-21,2025-03-28,ind_prs21022025,NIFTY_TOTAL_MARKET,IN,EUREKAFORB,Eureka Forbes Ltd.
2025-02-21,2025-03-28,ind_prs21022025,NIFTY_TOTAL_MARKET,IN,GANECOS,Ganesha Ecosphere Ltd.
2025-02-21,2025-03-28,ind_prs21022025,NIFTY_TOTAL_MARKET,IN,GARFIBRES,Garware Technical Fibres Ltd.
2025-02-21,2025-03-28,ind_prs21022025,NIFTY_TOTAL_MARKET,IN,GMRP&UI,GMR Power and Urban Infra Ltd.
2025-02-21,2025-03-28,ind_prs21022025,NIFTY_TOTAL_MARKET,IN,HYUNDAI,Hyundai Motor India Ltd.
2025-02-21,2025-03-28,ind_prs21022025,NIFTY_TOTAL_MARKET,IN,IGIL,International Gemmological Institute (India) Ltd.
2025-02-21,2025-03-28,ind_prs21022025,NIFTY_TOTAL_MARKET,IN,IKS,Inventurus Knowledge Solutions Ltd.
2025-02-21,2025-03-28,ind_prs21022025,NIFTY_TOTAL_MARKET,IN,JSWHL,JSW Holdings Ltd.
2025-02-21,2025-03-28,ind_prs21022025,NIFTY_TOTAL_MARKET,IN,KPIGREEN,KPI Green Energy Ltd.
2025-02-21,2025-03-28,ind_prs21022025,NIFTY_TOTAL_MARKET,IN,LLOYDSENT,Lloyds Enterprises Ltd.
2025-02-21,2025-03-28,ind_prs21022025,NIFTY_TOTAL_MARKET,IN,MAHSCOOTER,Maharashtra Scooters Ltd.
2025-02-21,2025-03-28,ind_prs21022025,NIFTY_TOTAL_MARKET,IN,MAXESTATES,Max Estates Ltd.
2025-02-21,2025-03-28,ind_prs21022025,NIFTY_TOTAL_MARKET,IN,NIVABUPA,Niva Bupa Health Insurance Company Ltd.
2025-02-21,2025-03-28,ind_prs21022025,NIFTY_TOTAL_MARKET,IN,NTPCGREEN,NTPC Green Energy Ltd.
2025-02-21,2025-03-28,ind_prs21022025,NIFTY_TOTAL_MARKET,IN,OLAELEC,Ola Electric Mobility Ltd.
2025-02-21,2025-03-28,ind_prs21022025,NIFTY_TOTAL_MARKET,IN,PNGJL,P N Gadgil Jewellers Ltd.
2025-02-21,2025-03-28,ind_prs21022025,NIFTY_TOTAL_MARKET,IN,PCJEWELLER,PC Jeweller Ltd.
2025-02-21,2025-03-28,ind_prs21022025,NIFTY_TOTAL_MARKET,IN,PGIL,Pearl Global Industries Ltd.
2025-02-21,2025-03-28,ind_prs21022025,NIFTY_TOTAL_MARKET,IN,PREMIERENE,Premier Energies Ltd.
2025-02-21,2025-03-28,ind_prs21022025,NIFTY_TOTAL_MARKET,IN,PRSMJOHNSN,Prism Johnson Ltd.
2025-02-21,2025-03-28,ind_prs21022025,NIFTY_TOTAL_MARKET,IN,RTNPOWER,RattanIndia Power Ltd.
2025-02-21,2025-03-28,ind_prs21022025,NIFTY_TOTAL_MARKET,IN,RAYMONDLSL,Raymond Lifestyle Ltd.
2025-02-21,2025-03-28,ind_prs21022025,NIFTY_TOTAL_MARKET,IN,REFEX,Refex Industries Ltd.
2025-02-21,2025-03-28,ind_prs21022025,NIFTY_TOTAL_MARKET,IN,RPOWER,Reliance Power Ltd.
2025-02-21,2025-03-28,ind_prs21022025,NIFTY_TOTAL_MARKET,IN,SAGILITY,Sagility India Ltd.
2025-02-21,2025-03-28,ind_prs21022025,NIFTY_TOTAL_MARKET,IN,SAILIFE,Sai Life Sciences Ltd.
2025-02-21,2025-03-28,ind_prs21022025,NIFTY_TOTAL_MARKET,IN,SANOFICONR,Sanofi Consumer Healthcare India Ltd.
2025-02-21,2025-03-28,ind_prs21022025,NIFTY_TOTAL_MARKET,IN,SHAILY,Shaily Engineering Plastics Ltd.
2025-02-21,2025-03-28,ind_prs21022025,NIFTY_TOTAL_MARKET,IN,SHAKTIPUMP,Shakti Pumps (India) Ltd.
2025-02-21,2025-03-28,ind_prs21022025,NIFTY_TOTAL_MARKET,IN,SHARDACROP,Sharda Cropchem Ltd.
2025-02-21,2025-03-28,ind_prs21022025,NIFTY_TOTAL_MARKET,IN,SHOPERSTOP,Shoppers Stop Ltd.
2025-02-21,2025-03-28,ind_prs21022025,NIFTY_TOTAL_MARKET,IN,SKIPPER,Skipper Ltd.
2025-02-21,2025-03-28,ind_prs21022025,NIFTY_TOTAL_MARKET,IN,SWIGGY,Swiggy Ltd.
2025-02-21,2025-03-28,ind_prs21022025,NIFTY_TOTAL_MARKET,IN,THANGAMAYL,Thangamayil Jewellery Ltd.
2025-02-21,2025-03-28,ind_prs21022025,NIFTY_TOTAL_MARKET,IN,ANUP,The Anup Engineering Ltd.
2025-02-21,2025-03-28,ind_prs21022025,NIFTY_TOTAL_MARKET,IN,TARIL,Transformers And Rectifiers (India) Ltd.
2025-02-21,2025-03-28,ind_prs21022025,NIFTY_TOTAL_MARKET,IN,TRANSRAILL,Transrail Lighting Ltd.
2025-02-21,2025-03-28,ind_prs21022025,NIFTY_TOTAL_MARKET,IN,UNIMECH,Unimech Aerospace and Manufacturing Ltd.
2025-02-21,2025-03-28,ind_prs21022025,NIFTY_TOTAL_MARKET,IN,VENTIVE,Ventive Hospitality Ltd.
2025-02-21,2025-03-28,ind_prs21022025,NIFTY_TOTAL_MARKET,IN,VMM,Vishal Mega Mart Ltd.
2025-02-21,2025-03-28,ind_prs21022025,NIFTY_TOTAL_MARKET,IN,WAAREEENER,Waaree Energies Ltd.
2025-02-21,2025-03-28,ind_prs21022025,NIFTY_TOTAL_MARKET,IN,WEBELSOLAR,Websol Energy System Ltd.
2025-02-21,2025-03-28,ind_prs21022025,NIFTY_TOTAL_MARKET,IN,ZAGGLE,Zaggle Prepaid Ocean Services Ltd.
2025-02-21,2025-03-28,ind_prs21022025,NIFTY_TOTAL_MARKET,IN,BLACKBUCK,Zinka Logistics Solutions Ltd.
2016-02-22,2016-04-01,ind_prs22022016_2,NIFTY_50,OUT,CAIRN,Cairn India Ltd.
2016-02-22,2016-04-01,ind_prs22022016_2,NIFTY_50,OUT,PNB,Punjab National Bank
2016-02-22,2016-04-01,ind_prs22022016_2,NIFTY_50,OUT,VEDL,Vedanta Ltd.
2016-02-22,2016-04-01,ind_prs22022016_2,NIFTY_50,IN,AUROPHARMA,Aurobindo Pharma Ltd.
2016-02-22,2016-04-01,ind_prs22022016_2,NIFTY_50,IN,INFRATEL,Bharti Infratel Ltd.
2016-02-22,2016-04-01,ind_prs22022016_2,NIFTY_50,IN,EICHERMOT,Eicher Motors Ltd.
2016-02-22,2016-04-01,ind_prs22022016_2,NIFTY_50,IN,TATAMTRDVR,Tata Motors Ltd. (DVR) *
2016-02-22,2016-04-01,ind_prs22022016_2,NIFTY_NEXT_50,OUT,AUROPHARMA,Aurobindo Pharma Ltd.
2016-02-22,2016-04-01,ind_prs22022016_2,NIFTY_NEXT_50,OUT,BAJAJHLDNG,Bajaj Holdings & Investment Ltd.
2016-02-22,2016-04-01,ind_prs22022016_2,NIFTY_NEXT_50,OUT,BANKINDIA,Bank of India
2016-02-22,2016-04-01,ind_prs22022016_2,NIFTY_NEXT_50,OUT,INFRATEL,Bharti Infratel Limited
2016-02-22,2016-04-01,ind_prs22022016_2,NIFTY_NEXT_50,OUT,CANBK,Canara Bank
2016-02-22,2016-04-01,ind_prs22022016_2,NIFTY_NEXT_50,OUT,EICHERMOT,Eicher Motors Ltd.
2016-02-22,2016-04-01,ind_prs22022016_2,NIFTY_NEXT_50,OUT,EXIDEIND,Exide Industries Ltd.
2016-02-22,2016-04-01,ind_prs22022016_2,NIFTY_NEXT_50,OUT,FEDERALBNK,Federal Bank Ltd.
2016-02-22,2016-04-01,ind_prs22022016_2,NIFTY_NEXT_50,OUT,M&MFIN,Mahindra & Mahindra Financial Services Ltd.
2016-02-22,2016-04-01,ind_prs22022016_2,NIFTY_NEXT_50,OUT,MRF,MRF Ltd.
2016-02-22,2016-04-01,ind_prs22022016_2,NIFTY_NEXT_50,OUT,PETRONET,Petronet LNG Ltd.
2016-02-22,2016-04-01,ind_prs22022016_2,NIFTY_NEXT_50,OUT,RELCAPITAL,Reliance Capital Ltd.
2016-02-22,2016-04-01,ind_prs22022016_2,NIFTY_NEXT_50,OUT,RELINFRA,Reliance Infrastructure Ltd.
2016-02-22,2016-04-01,ind_prs22022016_2,NIFTY_NEXT_50,OUT,SUNDARMFIN,Sundaram Finance Ltd.
2016-02-22,2016-04-01,ind_prs22022016_2,NIFTY_NEXT_50,OUT,TATACHEM,Tata Chemicals Ltd.
2016-02-22,2016-04-01,ind_prs22022016_2,NIFTY_NEXT_50,OUT,TATAGLOBAL,Tata Global Beverages Ltd.
2016-02-22,2016-04-01,ind_prs22022016_2,NIFTY_NEXT_50,IN,ABB,ABB India Ltd.
2016-02-22,2016-04-01,ind_prs22022016_2,NIFTY_NEXT_50,IN,BAJFINANCE,Bajaj Finance Ltd.
2016-02-22,2016-04-01,ind_prs22022016_2,NIFTY_NEXT_50,IN,BEL,Bharat Electronics Ltd.
2016-02-22,2016-04-01,ind_prs22022016_2,NIFTY_NEXT_50,IN,CADILAHC,Cadila Healthcare Ltd.
2016-02-22,2016-04-01,ind_prs22022016_2,NIFTY_NEXT_50,IN,CAIRN,Cairn India Ltd.
2016-02-22,2016-04-01,ind_prs22022016_2,NIFTY_NEXT_50,IN,CASTROLIND,Castrol India Ltd.
2016-02-22,2016-04-01,ind_prs22022016_2,NIFTY_NEXT_50,IN,DLF,DLF Ltd.
2016-02-22,2016-04-01,ind_prs22022016_2,NIFTY_NEXT_50,IN,EMAMILTD,Emami Ltd.
2016-02-22,2016-04-01,ind_prs22022016_2,NIFTY_NEXT_50,IN,HINDZINC,Hindustan Zinc Ltd.
2016-02-22,2016-04-01,ind_prs22022016_2,NIFTY_NEXT_50,IN,NHPC,NHPC Ltd.
2016-02-22,2016-04-01,ind_prs22022016_2,NIFTY_NEXT_50,IN,PIDILITIND,Pidilite Industries Ltd.
2016-02-22,2016-04-01,ind_prs22022016_2,NIFTY_NEXT_50,IN,PGHH,Procter & Gamble Hygiene & Health Care Ltd.
2016-02-22,2016-04-01,ind_prs22022016_2,NIFTY_NEXT_50,IN,PNB,Punjab National Bank
2016-02-22,2016-04-01,ind_prs22022016_2,NIFTY_NEXT_50,IN,SHREECEM,Shree Cement Ltd.
2016-02-22,2016-04-01,ind_prs22022016_2,NIFTY_NEXT_50,IN,TORNTPHARM,Torrent Pharmaceuticals Ltd.
2016-02-22,2016-04-01,ind_prs22022016_2,NIFTY_NEXT_50,IN,VEDL,Vedanta Limited
2016-02-22,2016-04-01,ind_prs22022016_2,NIFTY_500,OUT,ADLABS,Adlabs Entertainment Ltd.
2016-02-22,2016-04-01,ind_prs22022016_2,NIFTY_500,OUT,ATFL,Agro Tech Foods Ltd.
2016-02-22,2016-04-01,ind_prs22022016_2,NIFTY_500,OUT,ASAHIINDIA,Asahi India Glass Ltd.
2016-02-22,2016-04-01,ind_prs22022016_2,NIFTY_500,OUT,AUTOAXLES,Automotive Axles Ltd.
2016-02-22,2016-04-01,ind_prs22022016_2,NIFTY_500,OUT,CAMLINFINE,Camlin Fine Sciences Ltd.
2016-02-22,2016-04-01,ind_prs22022016_2,NIFTY_500,OUT,CARBORUNIV,Carborundum Universal Ltd.
2016-02-22,2016-04-01,ind_prs22022016_2,NIFTY_500,OUT,CENTENKA,Century Enka Ltd.
2016-02-22,2016-04-01,ind_prs22022016_2,NIFTY_500,OUT,DHANBANK,Dhanlaxmi Bank Ltd.
2016-02-22,2016-04-01,ind_prs22022016_2,NIFTY_500,OUT,ENIL,Entertainment Network India Ltd.
2016-02-22,2016-04-01,ind_prs22022016_2,NIFTY_500,OUT,ESABINDIA,ESAB India Ltd.
2016-02-22,2016-04-01,ind_prs22022016_2,NIFTY_500,OUT,FMGOETZE,Federal-Mogul Goetze (India) Ltd.
2016-02-22,2016-04-01,ind_prs22022016_2,NIFTY_500,OUT,FLEXITUFF,Flexituff International Ltd.
2016-02-22,2016-04-01,ind_prs22022016_2,NIFTY_500,OUT,GABRIEL,Gabriel India Ltd.
2016-02-22,2016-04-01,ind_prs22022016_2,NIFTY_500,OUT,GAMMNINFRA,Gammon Infrastructure Projects Ltd.
2016-02-22,2016-04-01,ind_prs22022016_2,NIFTY_500,OUT,GEOJITBNPP,Geojit BNP Paribas Financial Services Ltd.
2016-02-22,2016-04-01,ind_prs22022016_2,NIFTY_500,OUT,GEOMETRIC,Geometric Ltd.
2016-02-22,2016-04-01,ind_prs22022016_2,NIFTY_500,OUT,GHCL,GHCL Ltd.
2016-02-22,2016-04-01,ind_prs22022016_2,NIFTY_500,OUT,GITANJALI,Gitanjali Gems Ltd.
2016-02-22,2016-04-01,ind_prs22022016_2,NIFTY_500,OUT,GRAPHITE,Graphite India Ltd.
2016-02-22,2016-04-01,ind_prs22022016_2,NIFTY_500,OUT,GTLINFRA,GTL Infrastructure Ltd.
2016-02-22,2016-04-01,ind_prs22022016_2,NIFTY_500,OUT,GUJALKALI,Gujarat Alkalies & Chemicals Ltd.
2016-02-22,2016-04-01,ind_prs22022016_2,NIFTY_500,OUT,GIPCL,Gujarat Industries Power Co. Ltd.
2016-02-22,2016-04-01,ind_prs22022016_2,NIFTY_500,OUT,GNFC,Ltd.
2016-02-22,2016-04-01,ind_prs22022016_2,NIFTY_500,OUT,GULFOILLUB,Gulf Oil Lubricants India Ltd.
2016-02-22,2016-04-01,ind_prs22022016_2,NIFTY_500,OUT,HEG,H.E.G. Ltd.
2016-02-22,2016-04-01,ind_prs22022016_2,NIFTY_500,OUT,HERITGFOOD,Heritage Foods Ltd.
2016-02-22,2016-04-01,ind_prs22022016_2,NIFTY_500,OUT,IL&FSENGG,IL&FS Engineering and Construction Company Ltd.
2016-02-22,2016-04-01,ind_prs22022016_2,NIFTY_500,OUT,IBVENTURES,Indiabulls Ventures Ltd.
2016-02-22,2016-04-01,ind_prs22022016_2,NIFTY_500,OUT,ITDCEM,ITD Cementation India Ltd.
2016-02-22,2016-04-01,ind_prs22022016_2,NIFTY_500,OUT,IVRCLINFRA,IVRCL Ltd.
2016-02-22,2016-04-01,ind_prs22022016_2,NIFTY_500,OUT,JYOTISTRUC,Jyoti Structures Ltd.
2016-02-22,2016-04-01,ind_prs22022016_2,NIFTY_500,OUT,KCP,KCP Ltd.
2016-02-22,2016-04-01,ind_prs22022016_2,NIFTY_500,OUT,KKCL,Kewal Kiran Clothing Ltd.
2016-02-22,2016-04-01,ind_prs22022016_2,NIFTY_500,OUT,KNRCON,KNR Constructions Ltd.
2016-02-22,2016-04-01,ind_prs22022016_2,NIFTY_500,OUT,KSBPUMPS,KSB Pumps Ltd.
2016-02-22,2016-04-01,ind_prs22022016_2,NIFTY_500,OUT,LGBBROSLTD,LG Balakrishnan & Bros Ltd.
2016-02-22,2016-04-01,ind_prs22022016_2,NIFTY_500,OUT,LINDEINDIA,Linde India Ltd.
2016-02-22,2016-04-01,ind_prs22022016_2,NIFTY_500,OUT,MAHSCOOTER,Maharashtra Scooters Ltd.
2016-02-22,2016-04-01,ind_prs22022016_2,NIFTY_500,OUT,MAHSEAMLES,Maharashtra Seamless Ltd.
2016-02-22,2016-04-01,ind_prs22022016_2,NIFTY_500,OUT,MBLINFRA,MBL Infrastructures Ltd.
2016-02-22,2016-04-01,ind_prs22022016_2,NIFTY_500,OUT,MERCATOR,Mercator Ltd.
2016-02-22,2016-04-01,ind_prs22022016_2,NIFTY_500,OUT,METALFORGE,Metalyst Forgings Ltd.
2016-02-22,2016-04-01,ind_prs22022016_2,NIFTY_500,OUT,MTEDUCARE,MT Educare Ltd.
2016-02-22,2016-04-01,ind_prs22022016_2,NIFTY_500,OUT,MUNJALSHOW,Munjal Showa Ltd.
2016-02-22,2016-04-01,ind_prs22022016_2,NIFTY_500,OUT,NBVENTURES,Nava Bharat Ventures Ltd.
2016-02-22,2016-04-01,ind_prs22022016_2,NIFTY_500,OUT,NAVNETEDUL,Navneet Education Ltd.
2016-02-22,2016-04-01,ind_prs22022016_2,NIFTY_500,OUT,NDTV,NDTV Ltd.
2016-02-22,2016-04-01,ind_prs22022016_2,NIFTY_500,OUT,NIITLTD,NIIT Ltd.
2016-02-22,2016-04-01,ind_prs22022016_2,NIFTY_500,OUT,NOCIL,NOCIL Ltd.
2016-02-22,2016-04-01,ind_prs22022016_2,NIFTY_500,OUT,NOIDATOLL,Noida-Toll Bridge Co. Ltd.
2016-02-22,2016-04-01,ind_prs22022016_2,NIFTY_500,OUT,OPTOCIRCUI,Opto Circuits (I) Ltd.
2016-02-22,2016-04-01,ind_prs22022016_2,NIFTY_500,OUT,BINDALAGRO,Oswal Chemicals & Fertilizers Ltd.
2016-02-22,2016-04-01,ind_prs22022016_2,NIFTY_500,OUT,PATELENG,Patel Engineering Ltd.
2016-02-22,2016-04-01,ind_prs22022016_2,NIFTY_500,OUT,PENINLAND,Peninsula Land Ltd.
2016-02-22,2016-04-01,ind_prs22022016_2,NIFTY_500,OUT,PENIND,Pennar Industries Ltd.
2016-02-22,2016-04-01,ind_prs22022016_2,NIFTY_500,OUT,PRAKASH,Prakash Industries Ltd.
2016-02-22,2016-04-01,ind_prs22022016_2,NIFTY_500,OUT,RELIGARE,Religare Enterprises Ltd.
2016-02-22,2016-04-01,ind_prs22022016_2,NIFTY_500,OUT,RICOAUTO,Rico Auto Industries Ltd.
2016-02-22,2016-04-01,ind_prs22022016_2,NIFTY_500,OUT,SEINV,S.E. Investments Ltd.
2016-02-22,2016-04-01,ind_prs22022016_2,NIFTY_500,OUT,SHANTIGEAR,Shanthi Gears Ltd.
2016-02-22,2016-04-01,ind_prs22022016_2,NIFTY_500,OUT,SHRENUJ,Shrenuj & Co. Ltd.
2016-02-22,2016-04-01,ind_prs22022016_2,NIFTY_500,OUT,SONASTEER,Sona Koyo Steering Systems Ltd.
2016-02-22,2016-04-01,ind_prs22022016_2,NIFTY_500,OUT,SRIPIPES,Srikalahasthi Pipes Ltd.
2016-02-22,2016-04-01,ind_prs22022016_2,NIFTY_500,OUT,SBT,State Bank of Travancore
2016-02-22,2016-04-01,ind_prs22022016_2,NIFTY_500,OUT,SUPREMEINF,Supreme Infrastructure India Ltd.
2016-02-22,2016-04-01,ind_prs22022016_2,NIFTY_500,OUT,SUPPETRO,Supreme Petrochem Ltd.
2016-02-22,2016-04-01,ind_prs22022016_2,NIFTY_500,OUT,SWARAJENG,Swaraj Engines Ltd.
2016-02-22,2016-04-01,ind_prs22022016_2,NIFTY_500,OUT,TATAINVEST,Tata Investment Corporation Ltd.
2016-02-22,2016-04-01,ind_prs22022016_2,NIFTY_500,OUT,TDPOWERSYS,TD Power Systems Ltd.
2016-02-22,2016-04-01,ind_prs22022016_2,NIFTY_500,OUT,TVTODAY,TV Today Network Ltd.
2016-02-22,2016-04-01,ind_prs22022016_2,NIFTY_500,OUT,USHAMART,Usha Martin Ltd.
2016-02-22,2016-04-01,ind_prs22022016_2,NIFTY_500,OUT,UTTAMSTL,Uttam Galva Steels Ltd.
2016-02-22,2016-04-01,ind_prs22022016_2,NIFTY_500,OUT,VESUVIUS,Vesuvius India Ltd.
2016-02-22,2016-04-01,ind_prs22022016_2,NIFTY_500,OUT,VIVIDHA,Visagar Polytex Ltd.
2016-02-22,2016-04-01,ind_prs22022016_2,NIFTY_500,OUT,WHEELS,Wheels India Ltd.
2016-02-22,2016-04-01,ind_prs22022016_2,NIFTY_500,IN,8KMILES,8K Miles Soft Services Ltd.
2016-02-22,2016-04-01,ind_prs22022016_2,NIFTY_500,IN,AARTIDRUGS,Aarti Drugs Ltd.
2016-02-22,2016-04-01,ind_prs22022016_2,NIFTY_500,IN,ADANIENT,Adani Enterprises Ltd.
2016-02-22,2016-04-01,ind_prs22022016_2,NIFTY_500,IN,ADANITRANS,Adani Transmission Ltd.
2016-02-22,2016-04-01,ind_prs22022016_2,NIFTY_500,IN,ABFRL,Aditya Birla Fashion and Retail Ltd.
2016-02-22,2016-04-01,ind_prs22022016_2,NIFTY_500,IN,AEGISCHEM,Aegis Logistics Ltd.
2016-02-22,2016-04-01,ind_prs22022016_2,NIFTY_500,IN,AHLUCONT,Ahluwalia Contracts (India) Ltd.
2016-02-22,2016-04-01,ind_prs22022016_2,NIFTY_500,IN,ASHIANA,Ashiana Housing Ltd.
2016-02-22,2016-04-01,ind_prs22022016_2,NIFTY_500,IN,AVANTIFEED,Avanti Feeds Ltd.
2016-02-22,2016-04-01,ind_prs22022016_2,NIFTY_500,IN,BGRENERGY,BGR Energy Systems Ltd
2016-02-22,2016-04-01,ind_prs22022016_2,NIFTY_500,IN,BLISSGVS,Bliss GVS Pharma Ltd.
2016-02-22,2016-04-01,ind_prs22022016_2,NIFTY_500,IN,BRFL,Bombay Rayon Fashions Ltd.
2016-02-22,2016-04-01,ind_prs22022016_2,NIFTY_500,IN,CAPLIPOINT,Caplin Point Laboratories Ltd.
2016-02-22,2016-04-01,ind_prs22022016_2,NIFTY_500,IN,CCL,CCL Products (I) Ltd.
2016-02-22,2016-04-01,ind_prs22022016_2,NIFTY_500,IN,CERA,Cera Sanitaryware Ltd
2016-02-22,2016-04-01,ind_prs22022016_2,NIFTY_500,IN,DALMIABHA,Dalmia Bharat Ltd.
2016-02-22,2016-04-01,ind_prs22022016_2,NIFTY_500,IN,DHANUKA,Dhanuka Agritech Ltd.
2016-02-22,2016-04-01,ind_prs22022016_2,NIFTY_500,IN,DISHTV,Dish TV India Ltd.
2016-02-22,2016-04-01,ind_prs22022016_2,NIFTY_500,IN,GLOBOFFS,Global Offshore Services Ltd.
2016-02-22,2016-04-01,ind_prs22022016_2,NIFTY_500,IN,GRANULES,Granules India Ltd.
2016-02-22,2016-04-01,ind_prs22022016_2,NIFTY_500,IN,GREENPLY,Greenply Industries Ltd.
2016-02-22,2016-04-01,ind_prs22022016_2,NIFTY_500,IN,GRINDWELL,Grindwell Norton Ltd.
2016-02-22,2016-04-01,ind_prs22022016_2,NIFTY_500,IN,GUJGASLTD,Gujarat Gas Ltd.
2016-02-22,2016-04-01,ind_prs22022016_2,NIFTY_500,IN,HEIDELBERG,HeidelbergCement India Ltd.
2016-02-22,2016-04-01,ind_prs22022016_2,NIFTY_500,IN,HMVL,Hindustan Media Vent Ltd.
2016-02-22,2016-04-01,ind_prs22022016_2,NIFTY_500,IN,HITACHIHOM,Hitachi Home & Life Solutions (India) Ltd.
2016-02-22,2016-04-01,ind_prs22022016_2,NIFTY_500,IN,HMT,HMT Ltd.
2016-02-22,2016-04-01,ind_prs22022016_2,NIFTY_500,IN,HOTELEELA,Hotel Leela Venture Ltd.
2016-02-22,2016-04-01,ind_prs22022016_2,NIFTY_500,IN,IDFC,IDFC Ltd.
2016-02-22,2016-04-01,ind_prs22022016_2,NIFTY_500,IN,IFBIND,IFB Industries Ltd.
2016-02-22,2016-04-01,ind_prs22022016_2,NIFTY_500,IN,IGARASHI,Igarashi Motors India Ltd.
2016-02-22,2016-04-01,ind_prs22022016_2,NIFTY_500,IN,ICIL,Indo Count Industries Ltd.
2016-02-22,2016-04-01,ind_prs22022016_2,NIFTY_500,IN,INDOCO,Indoco Remedies Ltd.
2016-02-22,2016-04-01,ind_prs22022016_2,NIFTY_500,IN,INTELLECT,Intellect Design Arena Ltd.
2016-02-22,2016-04-01,ind_prs22022016_2,NIFTY_500,IN,IPAPPM,International Paper APPM Ltd.
2016-02-22,2016-04-01,ind_prs22022016_2,NIFTY_500,IN,JETAIRWAYS,Jet Airways (India) Ltd.
2016-02-22,2016-04-01,ind_prs22022016_2,NIFTY_500,IN,JINDALPOLY,Jindal Poly Films Ltd.
2016-02-22,2016-04-01,ind_prs22022016_2,NIFTY_500,IN,JMTAUTOLTD,JMT Auto Ltd.
2016-02-22,2016-04-01,ind_prs22022016_2,NIFTY_500,IN,KESORAMIND,Kesoram Industries Ltd.
2016-02-22,2016-04-01,ind_prs22022016_2,NIFTY_500,IN,KIRLOSENG,Kirloskar Oil Eng Ltd.
2016-02-22,2016-04-01,ind_prs22022016_2,NIFTY_500,IN,KWALITY,Kwality Ltd.
2016-02-22,2016-04-01,ind_prs22022016_2,NIFTY_500,IN,MTNL,Mahanagar Telephone Nigam Ltd.
2016-02-22,2016-04-01,ind_prs22022016_2,NIFTY_500,IN,MAHINDCIE,Mahindra CIE Automotive Ltd.
2016-02-22,2016-04-01,ind_prs22022016_2,NIFTY_500,IN,MANAPPURAM,Manappuram Finance Ltd.
2016-02-22,2016-04-01,ind_prs22022016_2,NIFTY_500,IN,MANPASAND,Manpasand Beverages Ltd.
2016-02-22,2016-04-01,ind_prs22022016_2,NIFTY_500,IN,MINDACORP,Minda Corporation Ltd.
2016-02-22,2016-04-01,ind_prs22022016_2,NIFTY_500,IN,NAVKARCORP,Navkar Corporation Ltd.
2016-02-22,2016-04-01,ind_prs22022016_2,NIFTY_500,IN,PCJEWELLER,PC Jeweller Ltd.
2016-02-22,2016-04-01,ind_prs22022016_2,NIFTY_500,IN,POLARIS,Polaris Consulting & Services Ltd.
2016-02-22,2016-04-01,ind_prs22022016_2,NIFTY_500,IN,RAMCOSYS,Ramco Systems Ltd.
2016-02-22,2016-04-01,ind_prs22022016_2,NIFTY_500,IN,RKFORGE,Ramkrishna Forgings Ltd.
2016-02-22,2016-04-01,ind_prs22022016_2,NIFTY_500,IN,RTNPOWER,RattanIndia Power Ltd.
2016-02-22,2016-04-01,ind_prs22022016_2,NIFTY_500,IN,RELAXO,Relaxo Footwears Ltd.
2016-02-22,2016-04-01,ind_prs22022016_2,NIFTY_500,IN,SADBHIN,Sadbhav Infrastructure Project Ltd.
2016-02-22,2016-04-01,ind_prs22022016_2,NIFTY_500,IN,SHARDACROP,Sharda Cropchem Ltd.
2016-02-22,2016-04-01,ind_prs22022016_2,NIFTY_500,IN,SHILPAMED,Shilpa Medicare Ltd.
2016-02-22,2016-04-01,ind_prs22022016_2,NIFTY_500,IN,SJVN,SJVN Ltd.
2016-02-22,2016-04-01,ind_prs22022016_2,NIFTY_500,IN,SMLISUZU,SML Isuzu Ltd.
2016-02-22,2016-04-01,ind_prs22022016_2,NIFTY_500,IN,SNOWMAN,Snowman Logistics Ltd.
2016-02-22,2016-04-01,ind_prs22022016_2,NIFTY_500,IN,SOLARINDS,Solar Industries India Ltd.
2016-02-22,2016-04-01,ind_prs22022016_2,NIFTY_500,IN,SOMANYCERA,Somany Ceramics Ltd.
2016-02-22,2016-04-01,ind_prs22022016_2,NIFTY_500,IN,STCINDIA,State Trading Corporation of India Ltd.
2016-02-22,2016-04-01,ind_prs22022016_2,NIFTY_500,IN,STYABS,Styrolution ABS (India) Ltd.
2016-02-22,2016-04-01,ind_prs22022016_2,NIFTY_500,IN,SYNGENE,Syngene International Ltd.
2016-02-22,2016-04-01,ind_prs22022016_2,NIFTY_500,IN,TAKE,Take Solutions Ltd.
2016-02-22,2016-04-01,ind_prs22022016_2,NIFTY_500,IN,TATAMTRDVR,Tata Motors Ltd. (DVR) *
2016-02-22,2016-04-01,ind_prs22022016_2,NIFTY_500,IN,TTML,Tata Teleservices (Maharashtra) Ltd.
2016-02-22,2016-04-01,ind_prs22022016_2,NIFTY_500,IN,TEXRAIL,Texmaco Rail & Eng. Ltd.
2016-02-22,2016-04-01,ind_prs22022016_2,NIFTY_500,IN,TIDEWATER,Tide Water Oil (India) Ltd.
2016-02-22,2016-04-01,ind_prs22022016_2,NIFTY_500,IN,TIMKEN,Timken India Ltd.
2016-02-22,2016-04-01,ind_prs22022016_2,NIFTY_500,IN,TCI,Transport Corporation of India Ltd.
2016-02-22,2016-04-01,ind_prs22022016_2,NIFTY_500,IN,TRITURBINE,Triveni Turbine Ltd.
2016-02-22,2016-04-01,ind_prs22022016_2,NIFTY_500,IN,TVSSRICHAK,TVS Srichakra Ltd.
2016-02-22,2016-04-01,ind_prs22022016_2,NIFTY_500,IN,VGUARD,V-Guard Industries Ltd.
2016-02-22,2016-04-01,ind_prs22022016_2,NIFTY_500,IN,WONDERLA,Wonderla Holidays Ltd.
2016-02-22,2016-04-01,ind_prs22022016_2,NIFTY_500,IN,ZEELEARN,Zee Learn Ltd.
2016-04-22,2016-04-29,ind_prs22042016,NIFTY_500,OUT,ADVANTA,Advanta Ltd.
2016-04-22,2016-04-29,ind_prs22042016,NIFTY_500,OUT,JINDALSAW,Jindal Saw Ltd.
2016-04-22,2016-04-29,ind_prs22042016,NIFTY_500,OUT,TCI,Transport Corporation of India Ltd.
2016-04-22,2016-04-29,ind_prs22042016,NIFTY_500,IN,GULFOILLUB,Gulf Oil Lubricants India Ltd.
2016-04-22,2016-04-29,ind_prs22042016,NIFTY_500,IN,SHK,S H Kelkar and Company Ltd.
2016-04-22,2016-04-29,ind_prs22042016,NIFTY_500,IN,TVTODAY,TV Today Network Ltd.
2016-04-22,2016-04-29,ind_prs22042016,NIFTY_SMALLCAP_250,OUT,ADVANTA,Advanta Ltd.
2016-04-22,2016-04-29,ind_prs22042016,NIFTY_SMALLCAP_250,OUT,JINDALSAW,Jindal Saw Ltd.
2016-04-22,2016-04-29,ind_prs22042016,NIFTY_SMALLCAP_250,OUT,TCI,Transport Corporation of India Ltd.
2016-04-22,2016-04-29,ind_prs22042016,NIFTY_SMALLCAP_250,IN,GULFOILLUB,Gulf Oil Lubricants India Ltd.
2016-04-22,2016-04-29,ind_prs22042016,NIFTY_SMALLCAP_250,IN,SHK,S H Kelkar and Company Ltd.
2016-04-22,2016-04-29,ind_prs22042016,NIFTY_SMALLCAP_250,IN,TVTODAY,TV Today Network Ltd.
2021-04-22,2021-04-29,ind_prs22042021,NIFTY_500,OUT,GHCL,GHCL Ltd.
2021-04-22,2021-04-29,ind_prs22042021,NIFTY_500,OUT,TATASTLBSL,Tata Steel BSL Ltd.
2021-04-22,2021-04-29,ind_prs22042021,NIFTY_500,IN,BURGERKING,Burger King India Ltd.
2021-04-22,2021-04-29,ind_prs22042021,NIFTY_500,IN,INFIBEAM,Infibeam Avenues Ltd.
2021-04-22,2021-04-29,ind_prs22042021,NIFTY_SMALLCAP_250,OUT,GHCL,GHCL Ltd.
2021-04-22,2021-04-29,ind_prs22042021,NIFTY_SMALLCAP_250,OUT,TATASTLBSL,Tata Steel BSL Ltd.
2021-04-22,2021-04-29,ind_prs22042021,NIFTY_SMALLCAP_250,IN,BURGERKING,Burger King India Ltd.
2021-04-22,2021-04-29,ind_prs22042021,NIFTY_SMALLCAP_250,IN,INFIBEAM,Infibeam Avenues Ltd.
2025-08-22,2025-09-30,ind_prs22082025,NIFTY_50,OUT,HEROMOTOCO,Hero MotoCorp Ltd.
2025-08-22,2025-09-30,ind_prs22082025,NIFTY_50,OUT,INDUSINDBK,IndusInd Bank Ltd.
2025-08-22,2025-09-30,ind_prs22082025,NIFTY_50,IN,INDIGO,InterGlobe Aviation Ltd.
2025-08-22,2025-09-30,ind_prs22082025,NIFTY_50,IN,MAXHEALTH,Max Healthcare Institute Ltd.
2025-08-22,2025-09-30,ind_prs22082025,NIFTY_500,OUT,ALIVUS,Alivus Life Sciences Ltd.
2025-08-22,2025-09-30,ind_prs22082025,NIFTY_500,OUT,GNFC,Gujarat Narmada Valley Fertilizers and Chemicals Ltd.
2025-08-22,2025-09-30,ind_prs22082025,NIFTY_500,OUT,GPPL,Gujarat Pipavav Port Ltd.
2025-08-22,2025-09-30,ind_prs22082025,NIFTY_500,OUT,JSWHL,JSW Holdings Ltd.
2025-08-22,2025-09-30,ind_prs22082025,NIFTY_500,OUT,JUSTDIAL,Justdial Ltd.
2025-08-22,2025-09-30,ind_prs22082025,NIFTY_500,OUT,KANSAINER,Kansai Nerolac Paints Ltd.
2025-08-22,2025-09-30,ind_prs22082025,NIFTY_500,OUT,KNRCON,KNR Constructions Ltd.
2025-08-22,2025-09-30,ind_prs22082025,NIFTY_500,OUT,MASTEK,Mastek Ltd.
2025-08-22,2025-09-30,ind_prs22082025,NIFTY_500,OUT,NETWORK18,Network18 Media & Investments Ltd.
2025-08-22,2025-09-30,ind_prs22082025,NIFTY_500,OUT,PNCINFRA,PNC Infratech Ltd.
2025-08-22,2025-09-30,ind_prs22082025,NIFTY_500,OUT,RTNINDIA,RattanIndia Enterprises Ltd.
2025-08-22,2025-09-30,ind_prs22082025,NIFTY_500,OUT,RAYMONDLSL,Raymond Lifestyle Ltd.
2025-08-22,2025-09-30,ind_prs22082025,NIFTY_500,OUT,RAYMOND,Raymond Ltd.
2025-08-22,2025-09-30,ind_prs22082025,NIFTY_500,OUT,ROUTE,Route Mobile Ltd.
2025-08-22,2025-09-30,ind_prs22082025,NIFTY_500,OUT,RENUKA,Shree Renuka Sugars Ltd.
2025-08-22,2025-09-30,ind_prs22082025,NIFTY_500,OUT,SWSOLAR,Sterling and Wilson Renewable Energy Ltd.
2025-08-22,2025-09-30,ind_prs22082025,NIFTY_500,OUT,TANLA,Tanla Platforms Ltd.
2025-08-22,2025-09-30,ind_prs22082025,NIFTY_500,OUT,WESTLIFE,Westlife Foodworld Ltd.
2025-08-22,2025-09-30,ind_prs22082025,NIFTY_500,IN,ABLBL,Aditya Birla Lifestyle Brands Ltd.
2025-08-22,2025-09-30,ind_prs22082025,NIFTY_500,IN,AEGISVOPAK,Aegis Vopak Terminals Ltd.
2025-08-22,2025-09-30,ind_prs22082025,NIFTY_500,IN,AKZOINDIA,Akzo Nobel India Ltd.
2025-08-22,2025-09-30,ind_prs22082025,NIFTY_500,IN,ATHERENERG,Ather Energy Ltd.
2025-08-22,2025-09-30,ind_prs22082025,NIFTY_500,IN,BLUEJET,Blue Jet Healthcare Ltd.
2025-08-22,2025-09-30,ind_prs22082025,NIFTY_500,IN,CHOICEIN,Choice International Ltd.
2025-08-22,2025-09-30,ind_prs22082025,NIFTY_500,IN,AGARWALEYE,Dr. Agarwal's Health Care Ltd.
2025-08-22,2025-09-30,ind_prs22082025,NIFTY_500,IN,FORCEMOT,Force Motors Ltd.
2025-08-22,2025-09-30,ind_prs22082025,NIFTY_500,IN,HEXT,Hexaware Technologies Ltd.
2025-08-22,2025-09-30,ind_prs22082025,NIFTY_500,IN,ITCHOTELS,ITC Hotels Ltd.
2025-08-22,2025-09-30,ind_prs22082025,NIFTY_500,IN,KSB,KSB Ltd.
2025-08-22,2025-09-30,ind_prs22082025,NIFTY_500,IN,MAHSCOOTER,Maharashtra Scooters Ltd.
2025-08-22,2025-09-30,ind_prs22082025,NIFTY_500,IN,NUVOCO,Nuvoco Vistas Corporation Ltd.
2025-08-22,2025-09-30,ind_prs22082025,NIFTY_500,IN,ONESOURCE,Onesource Specialty Pharma Ltd.
2025-08-22,2025-09-30,ind_prs22082025,NIFTY_500,IN,PGHH,Procter & Gamble Hygiene & Health Care Ltd.
2025-08-22,2025-09-30,ind_prs22082025,NIFTY_500,IN,THELEELA,Schloss Bangalore Ltd.
2025-08-22,2025-09-30,ind_prs22082025,NIFTY_500,IN,ENRIN,Siemens Energy India Ltd.
2025-08-22,2025-09-30,ind_prs22082025,NIFTY_500,IN,VENTIVE,Ventive Hospitality Ltd.
2025-08-22,2025-09-30,ind_prs22082025,NIFTY_NEXT_50,OUT,DABUR,Dabur India Ltd.
2025-08-22,2025-09-30,ind_prs22082025,NIFTY_NEXT_50,OUT,ICICIPRULI,ICICI Prudential Life Insurance Company Ltd.
2025-08-22,2025-09-30,ind_prs22082025,NIFTY_NEXT_50,OUT,INDIGO,InterGlobe Aviation Ltd.
2025-08-22,2025-09-30,ind_prs22082025,NIFTY_NEXT_50,OUT,SWIGGY,Swiggy Ltd.
2025-08-22,2025-09-30,ind_prs22082025,NIFTY_NEXT_50,IN,HINDZINC,Hindustan Zinc Ltd.
2025-08-22,2025-09-30,ind_prs22082025,NIFTY_NEXT_50,IN,MAZDOCK,Mazagoan Dock Shipbuilders Ltd.
2025-08-22,2025-09-30,ind_prs22082025,NIFTY_NEXT_50,IN,ENRIN,Siemens Energy India Ltd.
2025-08-22,2025-09-30,ind_prs22082025,NIFTY_NEXT_50,IN,SOLARINDS,Solar Industries India Ltd.
2025-08-22,2025-09-30,ind_prs22082025,NIFTY_MIDCAP_150,OUT,ABFRL,Aditya Birla Fashion and Retail Ltd.
2025-08-22,2025-09-30,ind_prs22082025,NIFTY_MIDCAP_150,OUT,BANDHANBNK,Bandhan Bank Ltd.
2025-08-22,2025-09-30,ind_prs22082025,NIFTY_MIDCAP_150,OUT,EMAMILTD,Emami Ltd.
2025-08-22,2025-09-30,ind_prs22082025,NIFTY_MIDCAP_150,OUT,GLAND,Gland Pharma Ltd.
2025-08-22,2025-09-30,ind_prs22082025,NIFTY_MIDCAP_150,OUT,HINDZINC,Hindustan Zinc Ltd.
2025-08-22,2025-09-30,ind_prs22082025,NIFTY_MIDCAP_150,OUT,MRPL,Mangalore Refinery & Petrochemicals Ltd.
2025-08-22,2025-09-30,ind_prs22082025,NIFTY_MIDCAP_150,OUT,MAXHEALTH,Max Healthcare Institute Ltd.
2025-08-22,2025-09-30,ind_prs22082025,NIFTY_MIDCAP_150,OUT,MAZDOCK,Mazagoan Dock Shipbuilders Ltd.
2025-08-22,2025-09-30,ind_prs22082025,NIFTY_MIDCAP_150,OUT,MSUMI,Motherson Sumi Wiring India Ltd.
2025-08-22,2025-09-30,ind_prs22082025,NIFTY_MIDCAP_150,OUT,OLAELEC,Ola Electric Mobility Ltd.
2025-08-22,2025-09-30,ind_prs22082025,NIFTY_MIDCAP_150,OUT,SOLARINDS,Solar Industries India Ltd.
2025-08-22,2025-09-30,ind_prs22082025,NIFTY_MIDCAP_150,OUT,STARHEALTH,Star Health and Allied Insurance Company Ltd.
2025-08-22,2025-09-30,ind_prs22082025,NIFTY_MIDCAP_150,OUT,SUNTV,Sun TV Network Ltd.
2025-08-22,2025-09-30,ind_prs22082025,NIFTY_MIDCAP_150,IN,DABUR,Dabur India Ltd.
2025-08-22,2025-09-30,ind_prs22082025,NIFTY_MIDCAP_150,IN,FACT,Fertilisers and Chemicals Travancore Ltd.
2025-08-22,2025-09-30,ind_prs22082025,NIFTY_MIDCAP_150,IN,GODFRYPHLP,Godfrey Phillips India Ltd.
2025-08-22,2025-09-30,ind_prs22082025,NIFTY_MIDCAP_150,IN,HEROMOTOCO,Hero MotoCorp Ltd.
2025-08-22,2025-09-30,ind_prs22082025,NIFTY_MIDCAP_150,IN,HEXT,Hexaware Technologies Ltd.
2025-08-22,2025-09-30,ind_prs22082025,NIFTY_MIDCAP_150,IN,ICICIPRULI,ICICI Prudential Life Insurance Company Ltd.
2025-08-22,2025-09-30,ind_prs22082025,NIFTY_MIDCAP_150,IN,IDBI,IDBI Bank Ltd.
2025-08-22,2025-09-30,ind_prs22082025,NIFTY_MIDCAP_150,IN,IOB,Indian Overseas Bank
2025-08-22,2025-09-30,ind_prs22082025,NIFTY_MIDCAP_150,IN,INDUSINDBK,IndusInd Bank Ltd.
2025-08-22,2025-09-30,ind_prs22082025,NIFTY_MIDCAP_150,IN,ITCHOTELS,ITC Hotels Ltd.
2025-08-22,2025-09-30,ind_prs22082025,NIFTY_MIDCAP_150,IN,PGHH,Procter & Gamble Hygiene & Health Care Ltd.
2025-08-22,2025-09-30,ind_prs22082025,NIFTY_MIDCAP_150,IN,SWIGGY,Swiggy Ltd.
2025-08-22,2025-09-30,ind_prs22082025,NIFTY_MIDCAP_150,IN,UCOBANK,UCO Bank
2025-08-22,2025-09-30,ind_prs22082025,NIFTY_SMALLCAP_250,OUT,ALIVUS,Alivus Life Sciences Ltd.
2025-08-22,2025-09-30,ind_prs22082025,NIFTY_SMALLCAP_250,OUT,FACT,Fertilisers and Chemicals Travancore Ltd.
2025-08-22,2025-09-30,ind_prs22082025,NIFTY_SMALLCAP_250,OUT,GODFRYPHLP,Godfrey Phillips India Ltd.
2025-08-22,2025-09-30,ind_prs22082025,NIFTY_SMALLCAP_250,OUT,GNFC,Gujarat Narmada Valley Fertilizers and Chemicals Ltd.
2025-08-22,2025-09-30,ind_prs22082025,NIFTY_SMALLCAP_250,OUT,GPPL,Gujarat Pipavav Port Ltd.
2025-08-22,2025-09-30,ind_prs22082025,NIFTY_SMALLCAP_250,OUT,IDBI,IDBI Bank Ltd.
2025-08-22,2025-09-30,ind_prs22082025,NIFTY_SMALLCAP_250,OUT,IOB,Indian Overseas Bank
2025-08-22,2025-09-30,ind_prs22082025,NIFTY_SMALLCAP_250,OUT,JSWHL,JSW Holdings Ltd.
2025-08-22,2025-09-30,ind_prs22082025,NIFTY_SMALLCAP_250,OUT,JUSTDIAL,Justdial Ltd.
2025-08-22,2025-09-30,ind_prs22082025,NIFTY_SMALLCAP_250,OUT,KANSAINER,Kansai Nerolac Paints Ltd.
2025-08-22,2025-09-30,ind_prs22082025,NIFTY_SMALLCAP_250,OUT,KNRCON,KNR Constructions Ltd.
2025-08-22,2025-09-30,ind_prs22082025,NIFTY_SMALLCAP_250,OUT,MASTEK,Mastek Ltd.
2025-08-22,2025-09-30,ind_prs22082025,NIFTY_SMALLCAP_250,OUT,NETWORK18,Network18 Media & Investments Ltd.
2025-08-22,2025-09-30,ind_prs22082025,NIFTY_SMALLCAP_250,OUT,PNCINFRA,PNC Infratech Ltd.
2025-08-22,2025-09-30,ind_prs22082025,NIFTY_SMALLCAP_250,OUT,RTNINDIA,RattanIndia Enterprises Ltd.
2025-08-22,2025-09-30,ind_prs22082025,NIFTY_SMALLCAP_250,OUT,RAYMONDLSL,Raymond Lifestyle Ltd.
2025-08-22,2025-09-30,ind_prs22082025,NIFTY_SMALLCAP_250,OUT,RAYMOND,Raymond Ltd.
2025-08-22,2025-09-30,ind_prs22082025,NIFTY_SMALLCAP_250,OUT,ROUTE,Route Mobile Ltd.
2025-08-22,2025-09-30,ind_prs22082025,NIFTY_SMALLCAP_250,OUT,RENUKA,Shree Renuka Sugars Ltd.
2025-08-22,2025-09-30,ind_prs22082025,NIFTY_SMALLCAP_250,OUT,SWSOLAR,Sterling and Wilson Renewable Energy Ltd.
2025-08-22,2025-09-30,ind_prs22082025,NIFTY_SMALLCAP_250,OUT,TANLA,Tanla Platforms Ltd.
2025-08-22,2025-09-30,ind_prs22082025,NIFTY_SMALLCAP_250,OUT,UCOBANK,UCO Bank
2025-08-22,2025-09-30,ind_prs22082025,NIFTY_SMALLCAP_250,OUT,WESTLIFE,Westlife Foodworld Ltd.
2025-08-22,2025-09-30,ind_prs22082025,NIFTY_SMALLCAP_250,IN,ABFRL,Aditya Birla Fashion and Retail Ltd.
2025-08-22,2025-09-30,ind_prs22082025,NIFTY_SMALLCAP_250,IN,ABLBL,Aditya Birla Lifestyle Brands Ltd.
2025-08-22,2025-09-30,ind_prs22082025,NIFTY_SMALLCAP_250,IN,AEGISVOPAK,Aegis Vopak Terminals Ltd.
2025-08-22,2025-09-30,ind_prs22082025,NIFTY_SMALLCAP_250,IN,AKZOINDIA,Akzo Nobel India Ltd.
2025-08-22,2025-09-30,ind_prs22082025,NIFTY_SMALLCAP_250,IN,ATHERENERG,Ather Energy Ltd.
2025-08-22,2025-09-30,ind_prs22082025,NIFTY_SMALLCAP_250,IN,BANDHANBNK,Bandhan Bank Ltd.
2025-08-22,2025-09-30,ind_prs22082025,NIFTY_SMALLCAP_250,IN,BLUEJET,Blue Jet Healthcare Ltd.
2025-08-22,2025-09-30,ind_prs22082025,NIFTY_SMALLCAP_250,IN,CHOICEIN,Choice International Ltd.
2025-08-22,2025-09-30,ind_prs22082025,NIFTY_SMALLCAP_250,IN,AGARWALEYE,Dr. Agarwal's Health Care Ltd.
2025-08-22,2025-09-30,ind_prs22082025,NIFTY_SMALLCAP_250,IN,EMAMILTD,Emami Ltd.
2025-08-22,2025-09-30,ind_prs22082025,NIFTY_SMALLCAP_250,IN,FORCEMOT,Force Motors Ltd.
2025-08-22,2025-09-30,ind_prs22082025,NIFTY_SMALLCAP_250,IN,GLAND,Gland Pharma Ltd.
2025-08-22,2025-09-30,ind_prs22082025,NIFTY_SMALLCAP_250,IN,KSB,KSB Ltd.
2025-08-22,2025-09-30,ind_prs22082025,NIFTY_SMALLCAP_250,IN,MAHSCOOTER,Maharashtra Scooters Ltd.
2025-08-22,2025-09-30,ind_prs22082025,NIFTY_SMALLCAP_250,IN,MRPL,Mangalore Refinery & Petrochemicals Ltd.
2025-08-22,2025-09-30,ind_prs22082025,NIFTY_SMALLCAP_250,IN,MSUMI,Motherson Sumi Wiring India Ltd.
2025-08-22,2025-09-30,ind_prs22082025,NIFTY_SMALLCAP_250,IN,NUVOCO,Nuvoco Vistas Corporation Ltd.
2025-08-22,2025-09-30,ind_prs22082025,NIFTY_SMALLCAP_250,IN,OLAELEC,Ola Electric Mobility Ltd.
2025-08-22,2025-09-30,ind_prs22082025,NIFTY_SMALLCAP_250,IN,ONESOURCE,Onesource Specialty Pharma Ltd.
2025-08-22,2025-09-30,ind_prs22082025,NIFTY_SMALLCAP_250,IN,THELEELA,Schloss Bangalore Ltd.
2025-08-22,2025-09-30,ind_prs22082025,NIFTY_SMALLCAP_250,IN,STARHEALTH,Star Health and Allied Insurance Company Ltd.
2025-08-22,2025-09-30,ind_prs22082025,NIFTY_SMALLCAP_250,IN,SUNTV,Sun TV Network Ltd.
2025-08-22,2025-09-30,ind_prs22082025,NIFTY_SMALLCAP_250,IN,VENTIVE,Ventive Hospitality Ltd.
2025-08-22,2025-09-30,ind_prs22082025,NIFTY_MICROCAP_250,OUT,AVL,Aditya Vision Ltd.
2025-08-22,2025-09-30,ind_prs22082025,NIFTY_MICROCAP_250,OUT,AKZOINDIA,Akzo Nobel India Ltd.
2025-08-22,2025-09-30,ind_prs22082025,NIFTY_MICROCAP_250,OUT,BAJAJHIND,Bajaj Hindusthan Sugar Ltd.
2025-08-22,2025-09-30,ind_prs22082025,NIFTY_MICROCAP_250,OUT,BANSALWIRE,Bansal Wire Industries Ltd.
2025-08-22,2025-09-30,ind_prs22082025,NIFTY_MICROCAP_250,OUT,BEPL,Bhansali Engineering Polymers Ltd.
2025-08-22,2025-09-30,ind_prs22082025,NIFTY_MICROCAP_250,OUT,BLUEJET,Blue Jet Healthcare Ltd.
2025-08-22,2025-09-30,ind_prs22082025,NIFTY_MICROCAP_250,OUT,BOMDYEING,Bombay Dyeing & Manufacturing Co. Ltd.
2025-08-22,2025-09-30,ind_prs22082025,NIFTY_MICROCAP_250,OUT,BOROLTD,Borosil Ltd.
2025-08-22,2025-09-30,ind_prs22082025,NIFTY_MICROCAP_250,OUT,CHEMPLASTS,Chemplast Sanmar Ltd.
2025-08-22,2025-09-30,ind_prs22082025,NIFTY_MICROCAP_250,OUT,CHOICEIN,Choice International Ltd.
2025-08-22,2025-09-30,ind_prs22082025,NIFTY_MICROCAP_250,OUT,DCXINDIA,DCX Systems Ltd.
2025-08-22,2025-09-30,ind_prs22082025,NIFTY_MICROCAP_250,OUT,FCL,Fineotex Chemical Ltd.
2025-08-22,2025-09-30,ind_prs22082025,NIFTY_MICROCAP_250,OUT,FORCEMOT,Force Motors Ltd.
2025-08-22,2025-09-30,ind_prs22082025,NIFTY_MICROCAP_250,OUT,GOPAL,Gopal Snacks Ltd.
2025-08-22,2025-09-30,ind_prs22082025,NIFTY_MICROCAP_250,OUT,GREENPLY,Greenply Industries Ltd.
2025-08-22,2025-09-30,ind_prs22082025,NIFTY_MICROCAP_250,OUT,HATHWAY,Hathway Cable & Datacom Ltd.
2025-08-22,2025-09-30,ind_prs22082025,NIFTY_MICROCAP_250,OUT,HEIDELBERG,HeidelbergCement India Ltd.
2025-08-22,2025-09-30,ind_prs22082025,NIFTY_MICROCAP_250,OUT,JAICORPLTD,Jai Corp Ltd.
2025-08-22,2025-09-30,ind_prs22082025,NIFTY_MICROCAP_250,OUT,JTLIND,JTL Industries Ltd.
2025-08-22,2025-09-30,ind_prs22082025,NIFTY_MICROCAP_250,OUT,KSB,KSB Ltd.
2025-08-22,2025-09-30,ind_prs22082025,NIFTY_MICROCAP_250,OUT,MAHSCOOTER,Maharashtra Scooters Ltd.
2025-08-22,2025-09-30,ind_prs22082025,NIFTY_MICROCAP_250,OUT,NOCIL,NOCIL Ltd.
2025-08-22,2025-09-30,ind_prs22082025,NIFTY_MICROCAP_250,OUT,NUVOCO,Nuvoco Vistas Corporation Ltd.
2025-08-22,2025-09-30,ind_prs22082025,NIFTY_MICROCAP_250,OUT,ORISSAMINE,Orissa Min Dev Co Ltd.
2025-08-22,2025-09-30,ind_prs22082025,NIFTY_MICROCAP_250,OUT,PAISALO,Paisalo Digital Ltd.
2025-08-22,2025-09-30,ind_prs22082025,NIFTY_MICROCAP_250,OUT,REDTAPE,Redtape Ltd.
2025-08-22,2025-09-30,ind_prs22082025,NIFTY_MICROCAP_250,OUT,RESPONIND,Responsive Industries Ltd.
2025-08-22,2025-09-30,ind_prs22082025,NIFTY_MICROCAP_250,OUT,ROSSARI,Rossari Biotech Ltd.
2025-08-22,2025-09-30,ind_prs22082025,NIFTY_MICROCAP_250,OUT,SBCL,Shivalik Bimetal Controls Ltd.
2025-08-22,2025-09-30,ind_prs22082025,NIFTY_MICROCAP_250,OUT,SHOPERSTOP,Shoppers Stop Ltd.
2025-08-22,2025-09-30,ind_prs22082025,NIFTY_MICROCAP_250,OUT,SPANDANA,Spandana Sphoorty Financial Ltd.
2025-08-22,2025-09-30,ind_prs22082025,NIFTY_MICROCAP_250,OUT,STYLAMIND,Stylam Industries Ltd.
2025-08-22,2025-09-30,ind_prs22082025,NIFTY_MICROCAP_250,OUT,SULA,Sula Vineyards Ltd.
2025-08-22,2025-09-30,ind_prs22082025,NIFTY_MICROCAP_250,OUT,SUPRAJIT,Suprajit Engineering Ltd.
2025-08-22,2025-09-30,ind_prs22082025,NIFTY_MICROCAP_250,OUT,TIIL,Technocraft Industries (India) Ltd.
2025-08-22,2025-09-30,ind_prs22082025,NIFTY_MICROCAP_250,OUT,TIRUMALCHM,Thirumalai Chemicals Ltd.
2025-08-22,2025-09-30,ind_prs22082025,NIFTY_MICROCAP_250,OUT,VENTIVE,Ventive Hospitality Ltd.
2025-08-22,2025-09-30,ind_prs22082025,NIFTY_MICROCAP_250,OUT,VENUSPIPES,Venus Pipes & Tubes Ltd.
2025-08-22,2025-09-30,ind_prs22082025,NIFTY_MICROCAP_250,OUT,WONDERLA,Wonderla Holidays Ltd.
2025-08-22,2025-09-30,ind_prs22082025,NIFTY_MICROCAP_250,IN,AJAXENGG,Ajax Engineering Ltd.
2025-08-22,2025-09-30,ind_prs22082025,NIFTY_MICROCAP_250,IN,ALIVUS,Alivus Life Sciences Ltd.
2025-08-22,2025-09-30,ind_prs22082025,NIFTY_MICROCAP_250,IN,ANURAS,Anupam Rasayan India Ltd.
2025-08-22,2025-09-30,ind_prs22082025,NIFTY_MICROCAP_250,IN,BAJAJELEC,Bajaj Electricals Ltd
2025-08-22,2025-09-30,ind_prs22082025,NIFTY_MICROCAP_250,IN,BELRISE,Belrise Industries Ltd.
2025-08-22,2025-09-30,ind_prs22082025,NIFTY_MICROCAP_250,IN,DHANUKA,Dhanuka Agritech Ltd.
2025-08-22,2025-09-30,ind_prs22082025,NIFTY_MICROCAP_250,IN,DIACABS,Diamond Power Infrastructure Ltd.
2025-08-22,2025-09-30,ind_prs22082025,NIFTY_MICROCAP_250,IN,GALLANTT,Gallantt Ispat Ltd.
2025-08-22,2025-09-30,ind_prs22082025,NIFTY_MICROCAP_250,IN,GNFC,Gujarat Narmada Valley Fertilizers and Chemicals Ltd.
2025-08-22,2025-09-30,ind_prs22082025,NIFTY_MICROCAP_250,IN,GPPL,Gujarat Pipavav Port Ltd.
2025-08-22,2025-09-30,ind_prs22082025,NIFTY_MICROCAP_250,IN,JUSTDIAL,Justdial Ltd.
2025-08-22,2025-09-30,ind_prs22082025,NIFTY_MICROCAP_250,IN,KNRCON,KNR Constructions Ltd.
2025-08-22,2025-09-30,ind_prs22082025,NIFTY_MICROCAP_250,IN,KRN,KRN Heat Exchanger and Refrigeration Ltd.
2025-08-22,2025-09-30,ind_prs22082025,NIFTY_MICROCAP_250,IN,LUMAXTECH,Lumax Auto Technologies Ltd.
2025-08-22,2025-09-30,ind_prs22082025,NIFTY_MICROCAP_250,IN,MANORAMA,Manorama Industries Ltd.
2025-08-22,2025-09-30,ind_prs22082025,NIFTY_MICROCAP_250,IN,MASTEK,Mastek Ltd.
2025-08-22,2025-09-30,ind_prs22082025,NIFTY_MICROCAP_250,IN,NETWORK18,Network18 Media & Investments Ltd.
2025-08-22,2025-09-30,ind_prs22082025,NIFTY_MICROCAP_250,IN,OSWALPUMPS,Oswal Pumps Ltd.
2025-08-22,2025-09-30,ind_prs22082025,NIFTY_MICROCAP_250,IN,PNCINFRA,PNC Infratech Ltd.
2025-08-22,2025-09-30,ind_prs22082025,NIFTY_MICROCAP_250,IN,PRIVISCL,Privi Speciality Chemicals Ltd.
2025-08-22,2025-09-30,ind_prs22082025,NIFTY_MICROCAP_250,IN,PURVA,Puravankara Ltd.
2025-08-22,2025-09-30,ind_prs22082025,NIFTY_MICROCAP_250,IN,QUESS,Quess Corp Ltd.
2025-08-22,2025-09-30,ind_prs22082025,NIFTY_MICROCAP_250,IN,RTNINDIA,RattanIndia Enterprises Ltd.
2025-08-22,2025-09-30,ind_prs22082025,NIFTY_MICROCAP_250,IN,RAYMONDLSL,Raymond Lifestyle Ltd.
2025-08-22,2025-09-30,ind_prs22082025,NIFTY_MICROCAP_250,IN,RELAXO,Relaxo Footwears Ltd.
2025-08-22,2025-09-30,ind_prs22082025,NIFTY_MICROCAP_250,IN,ROUTE,Route Mobile Ltd.
2025-08-22,2025-09-30,ind_prs22082025,NIFTY_MICROCAP_250,IN,SANDUMA,Sandur Manganese & Iron Ores Ltd.
2025-08-22,2025-09-30,ind_prs22082025,NIFTY_MICROCAP_250,IN,SHARDAMOTR,Sharda Motor Industries Ltd.
2025-08-22,2025-09-30,ind_prs22082025,NIFTY_MICROCAP_250,IN,RENUKA,Shree Renuka Sugars Ltd.
2025-08-22,2025-09-30,ind_prs22082025,NIFTY_MICROCAP_250,IN,SKYGOLD,SKY GOLD AND DIAMONDS Ltd.
2025-08-22,2025-09-30,ind_prs22082025,NIFTY_MICROCAP_250,IN,SWSOLAR,Sterling and Wilson Renewable Energy Ltd.
2025-08-22,2025-09-30,ind_prs22082025,NIFTY_MICROCAP_250,IN,STYRENIX,Styrenix Performance Materials Ltd.
2025-08-22,2025-09-30,ind_prs22082025,NIFTY_MICROCAP_250,IN,SUNDARMHLD,Sundaram Finance Holdings Ltd.
2025-08-22,2025-09-30,ind_prs22082025,NIFTY_MICROCAP_250,IN,TANLA,Tanla Platforms Ltd.
2025-08-22,2025-09-30,ind_prs22082025,NIFTY_MICROCAP_250,IN,THYROCARE,Thyrocare Technologies Ltd.
2025-08-22,2025-09-30,ind_prs22082025,NIFTY_MICROCAP_250,IN,V2RETAIL,V2 Retail Ltd.
2025-08-22,2025-09-30,ind_prs22082025,NIFTY_MICROCAP_250,IN,VINATIORGA,Vinati Organics Ltd.
2025-08-22,2025-09-30,ind_prs22082025,NIFTY_MICROCAP_250,IN,WAAREERTL,Waaree Renewable Technologies Ltd.
2025-08-22,2025-09-30,ind_prs22082025,NIFTY_MICROCAP_250,IN,WESTLIFE,Westlife Foodworld Ltd.
2025-08-22,2025-09-30,ind_prs22082025,NIFTY_TOTAL_MARKET,OUT,AVL,Aditya Vision Ltd.
2025-08-22,2025-09-30,ind_prs22082025,NIFTY_TOTAL_MARKET,OUT,BAJAJHIND,Bajaj Hindusthan Sugar Ltd.
2025-08-22,2025-09-30,ind_prs22082025,NIFTY_TOTAL_MARKET,OUT,BANSALWIRE,Bansal Wire Industries Ltd.
2025-08-22,2025-09-30,ind_prs22082025,NIFTY_TOTAL_MARKET,OUT,BEPL,Bhansali Engineering Polymers Ltd.
2025-08-22,2025-09-30,ind_prs22082025,NIFTY_TOTAL_MARKET,OUT,BOMDYEING,Bombay Dyeing & Manufacturing Co. Ltd.
2025-08-22,2025-09-30,ind_prs22082025,NIFTY_TOTAL_MARKET,OUT,BOROLTD,Borosil Ltd.
2025-08-22,2025-09-30,ind_prs22082025,NIFTY_TOTAL_MARKET,OUT,CHEMPLASTS,Chemplast Sanmar Ltd.
2025-08-22,2025-09-30,ind_prs22082025,NIFTY_TOTAL_MARKET,OUT,DCXINDIA,DCX Systems Ltd.
2025-08-22,2025-09-30,ind_prs22082025,NIFTY_TOTAL_MARKET,OUT,FCL,Fineotex Chemical Ltd.
2025-08-22,2025-09-30,ind_prs22082025,NIFTY_TOTAL_MARKET,OUT,GOPAL,Gopal Snacks Ltd.
2025-08-22,2025-09-30,ind_prs22082025,NIFTY_TOTAL_MARKET,OUT,GREENPLY,Greenply Industries Ltd.
2025-08-22,2025-09-30,ind_prs22082025,NIFTY_TOTAL_MARKET,OUT,HATHWAY,Hathway Cable & Datacom Ltd.
2025-08-22,2025-09-30,ind_prs22082025,NIFTY_TOTAL_MARKET,OUT,HEIDELBERG,HeidelbergCement India Ltd.
2025-08-22,2025-09-30,ind_prs22082025,NIFTY_TOTAL_MARKET,OUT,JAICORPLTD,Jai Corp Ltd.
2025-08-22,2025-09-30,ind_prs22082025,NIFTY_TOTAL_MARKET,OUT,JSWHL,JSW Holdings Ltd.
2025-08-22,2025-09-30,ind_prs22082025,NIFTY_TOTAL_MARKET,OUT,JTLIND,JTL Industries Ltd.
2025-08-22,2025-09-30,ind_prs22082025,NIFTY_TOTAL_MARKET,OUT,KANSAINER,Kansai Nerolac Paints Ltd.
2025-08-22,2025-09-30,ind_prs22082025,NIFTY_TOTAL_MARKET,OUT,NOCIL,NOCIL Ltd.
2025-08-22,2025-09-30,ind_prs22082025,NIFTY_TOTAL_MARKET,OUT,ORISSAMINE,Orissa Min Dev Co Ltd.
2025-08-22,2025-09-30,ind_prs22082025,NIFTY_TOTAL_MARKET,OUT,PAISALO,Paisalo Digital Ltd.
2025-08-22,2025-09-30,ind_prs22082025,NIFTY_TOTAL_MARKET,OUT,RAYMOND,Raymond Ltd.
2025-08-22,2025-09-30,ind_prs22082025,NIFTY_TOTAL_MARKET,OUT,REDTAPE,Redtape Ltd.
2025-08-22,2025-09-30,ind_prs22082025,NIFTY_TOTAL_MARKET,OUT,RESPONIND,Responsive Industries Ltd.
2025-08-22,2025-09-30,ind_prs22082025,NIFTY_TOTAL_MARKET,OUT,ROSSARI,Rossari Biotech Ltd.
2025-08-22,2025-09-30,ind_prs22082025,NIFTY_TOTAL_MARKET,OUT,SBCL,Shivalik Bimetal Controls Ltd.
2025-08-22,2025-09-30,ind_prs22082025,NIFTY_TOTAL_MARKET,OUT,SHOPERSTOP,Shoppers Stop Ltd.
2025-08-22,2025-09-30,ind_prs22082025,NIFTY_TOTAL_MARKET,OUT,SPANDANA,Spandana Sphoorty Financial Ltd.
2025-08-22,2025-09-30,ind_prs22082025,NIFTY_TOTAL_MARKET,OUT,STYLAMIND,Stylam Industries Ltd.
2025-08-22,2025-09-30,ind_prs22082025,NIFTY_TOTAL_MARKET,OUT,SULA,Sula Vineyards Ltd.
2025-08-22,2025-09-30,ind_prs22082025,NIFTY_TOTAL_MARKET,OUT,SUPRAJIT,Suprajit Engineering Ltd.
2025-08-22,2025-09-30,ind_prs22082025,NIFTY_TOTAL_MARKET,OUT,TIIL,Technocraft Industries (India) Ltd.
2025-08-22,2025-09-30,ind_prs22082025,NIFTY_TOTAL_MARKET,OUT,TIRUMALCHM,Thirumalai Chemicals Ltd.
2025-08-22,2025-09-30,ind_prs22082025,NIFTY_TOTAL_MARKET,OUT,VENUSPIPES,Venus Pipes & Tubes Ltd.
2025-08-22,2025-09-30,ind_prs22082025,NIFTY_TOTAL_MARKET,OUT,WONDERLA,Wonderla Holidays Ltd.
2025-08-22,2025-09-30,ind_prs22082025,NIFTY_TOTAL_MARKET,IN,ABLBL,Aditya Birla Lifestyle Brands Ltd.
2025-08-22,2025-09-30,ind_prs22082025,NIFTY_TOTAL_MARKET,IN,AEGISVOPAK,Aegis Vopak Terminals Ltd.
2025-08-22,2025-09-30,ind_prs22082025,NIFTY_TOTAL_MARKET,IN,AJAXENGG,Ajax Engineering Ltd.
2025-08-22,2025-09-30,ind_prs22082025,NIFTY_TOTAL_MARKET,IN,ANURAS,Anupam Rasayan India Ltd.
2025-08-22,2025-09-30,ind_prs22082025,NIFTY_TOTAL_MARKET,IN,ATHERENERG,Ather Energy Ltd.
2025-08-22,2025-09-30,ind_prs22082025,NIFTY_TOTAL_MARKET,IN,BAJAJELEC,Bajaj Electricals Ltd
2025-08-22,2025-09-30,ind_prs22082025,NIFTY_TOTAL_MARKET,IN,BELRISE,Belrise Industries Ltd.
2025-08-22,2025-09-30,ind_prs22082025,NIFTY_TOTAL_MARKET,IN,DHANUKA,Dhanuka Agritech Ltd.
2025-08-22,2025-09-30,ind_prs22082025,NIFTY_TOTAL_MARKET,IN,DIACABS,Diamond Power Infrastructure Ltd.
2025-08-22,2025-09-30,ind_prs22082025,NIFTY_TOTAL_MARKET,IN,AGARWALEYE,Dr. Agarwal's Health Care Ltd.
2025-08-22,2025-09-30,ind_prs22082025,NIFTY_TOTAL_MARKET,IN,GALLANTT,Gallantt Ispat Ltd.
2025-08-22,2025-09-30,ind_prs22082025,NIFTY_TOTAL_MARKET,IN,HEXT,Hexaware Technologies Ltd.
2025-08-22,2025-09-30,ind_prs22082025,NIFTY_TOTAL_MARKET,IN,ITCHOTELS,ITC Hotels Ltd.
2025-08-22,2025-09-30,ind_prs22082025,NIFTY_TOTAL_MARKET,IN,KRN,KRN Heat Exchanger and Refrigeration Ltd.
2025-08-22,2025-09-30,ind_prs22082025,NIFTY_TOTAL_MARKET,IN,LUMAXTECH,Lumax Auto Technologies Ltd.
2025-08-22,2025-09-30,ind_prs22082025,NIFTY_TOTAL_MARKET,IN,MANORAMA,Manorama Industries Ltd.
2025-08-22,2025-09-30,ind_prs22082025,NIFTY_TOTAL_MARKET,IN,ONESOURCE,Onesource Specialty Pharma Ltd.
2025-08-22,2025-09-30,ind_prs22082025,NIFTY_TOTAL_MARKET,IN,OSWALPUMPS,Oswal Pumps Ltd.
2025-08-22,2025-09-30,ind_prs22082025,NIFTY_TOTAL_MARKET,IN,PRIVISCL,Privi Speciality Chemicals Ltd.
2025-08-22,2025-09-30,ind_prs22082025,NIFTY_TOTAL_MARKET,IN,PGHH,Procter & Gamble Hygiene & Health Care Ltd.
2025-08-22,2025-09-30,ind_prs22082025,NIFTY_TOTAL_MARKET,IN,PURVA,Puravankara Ltd.
2025-08-22,2025-09-30,ind_prs22082025,NIFTY_TOTAL_MARKET,IN,QUESS,Quess Corp Ltd.
2025-08-22,2025-09-30,ind_prs22082025,NIFTY_TOTAL_MARKET,IN,RELAXO,Relaxo Footwears Ltd.
2025-08-22,2025-09-30,ind_prs22082025,NIFTY_TOTAL_MARKET,IN,SANDUMA,Sandur Manganese & Iron Ores Ltd.
2025-08-22,2025-09-30,ind_prs22082025,NIFTY_TOTAL_MARKET,IN,THELEELA,Schloss Bangalore Ltd.
2025-08-22,2025-09-30,ind_prs22082025,NIFTY_TOTAL_MARKET,IN,SHARDAMOTR,Sharda Motor Industries Ltd.
2025-08-22,2025-09-30,ind_prs22082025,NIFTY_TOTAL_MARKET,IN,ENRIN,Siemens Energy India Ltd.
2025-08-22,2025-09-30,ind_prs22082025,NIFTY_TOTAL_MARKET,IN,SKYGOLD,SKY GOLD AND DIAMONDS Ltd.
2025-08-22,2025-09-30,ind_prs22082025,NIFTY_TOTAL_MARKET,IN,STYRENIX,Styrenix Performance Materials Ltd.
2025-08-22,2025-09-30,ind_prs22082025,NIFTY_TOTAL_MARKET,IN,SUNDARMHLD,Sundaram Finance Holdings Ltd.
2025-08-22,2025-09-30,ind_prs22082025,NIFTY_TOTAL_MARKET,IN,THYROCARE,Thyrocare Technologies Ltd.
2025-08-22,2025-09-30,ind_prs22082025,NIFTY_TOTAL_MARKET,IN,V2RETAIL,V2 Retail Ltd.
2025-08-22,2025-09-30,ind_prs22082025,NIFTY_TOTAL_MARKET,IN,VINATIORGA,Vinati Organics Ltd.
2025-08-22,2025-09-30,ind_prs22082025,NIFTY_TOTAL_MARKET,IN,WAAREERTL,Waaree Renewable Technologies Ltd.
2010-09-22,2010-09-24,ind_prs22092010,NIFTY_500,OUT,DALMIACEM,Dalmia Cement (Bharat) Ltd.
2010-09-22,2010-09-24,ind_prs22092010,NIFTY_500,IN,DBREALTY,D B Realty Ltd.
2021-10-22,2021-10-29,ind_prs22102021,NIFTY_500,OUT,GMRINFRA,GMR Infrastructure Ltd.
2021-10-22,2021-10-29,ind_prs22102021,NIFTY_500,IN,SONACOMS,Sona BLW Precision Forgings Ltd.
2021-10-22,2021-10-29,ind_prs22102021,NIFTY_MIDCAP_150,OUT,GMRINFRA,GMR Infrastructure Ltd.
2021-10-22,2021-10-29,ind_prs22102021,NIFTY_MIDCAP_150,IN,SONACOMS,Sona BLW Precision Forgings Ltd.
2021-10-22,2021-10-29,ind_prs22102021,NIFTY_MICROCAP_250,OUT,GDL,Gateway Distriparks Ltd.
2021-10-22,2021-10-29,ind_prs22102021,NIFTY_MICROCAP_250,IN,ISGEC,Isgec Heavy Engineering Ltd.
2021-10-22,2021-10-29,ind_prs22102021,NIFTY_TOTAL_MARKET,OUT,GDL,Gateway Distriparks Ltd.
2021-10-22,2021-10-29,ind_prs22102021,NIFTY_TOTAL_MARKET,OUT,GMRINFRA,GMR Infrastructure Ltd.
2021-10-22,2021-10-29,ind_prs22102021,NIFTY_TOTAL_MARKET,IN,ISGEC,Isgec Heavy Engineering Ltd.
2021-10-22,2021-10-29,ind_prs22102021,NIFTY_TOTAL_MARKET,IN,SONACOMS,Sona BLW Precision Forgings Ltd.
2010-11-22,2010-11-25,ind_prs22112010,NIFTY_500,OUT,JUBILANT,Jubilant Life Sciences Ltd.
2010-11-22,2010-11-25,ind_prs22112010,NIFTY_500,IN,SUNTECK,Sunteck Realty Ltd.
2022-12-22,2022-12-30,ind_prs22122022,NIFTY_500,OUT,SAREGAMA,Saregama India Ltd.
2022-12-22,2022-12-30,ind_prs22122022,NIFTY_500,IN,RAINBOW,Rainbow Childrens Medicare Ltd.
2022-12-22,2022-12-30,ind_prs22122022,NIFTY_SMALLCAP_250,OUT,SAREGAMA,Saregama India Ltd.
2022-12-22,2022-12-30,ind_prs22122022,NIFTY_SMALLCAP_250,IN,RAINBOW,Rainbow Childrens Medicare Ltd.
2022-12-22,2022-12-30,ind_prs22122022,NIFTY_MICROCAP_250,OUT,RAINBOW,Rainbow Childrens Medicare Ltd.*
2022-12-22,2022-12-30,ind_prs22122022,NIFTY_MICROCAP_250,OUT,SUNCLAYLTD,Sundaram Clayton Ltd.
2022-12-22,2022-12-30,ind_prs22122022,NIFTY_MICROCAP_250,IN,PDSL,PDS Ltd.
2022-12-22,2022-12-30,ind_prs22122022,NIFTY_MICROCAP_250,IN,STARCEMENT,Star Cement Ltd.
2022-12-22,2022-12-30,ind_prs22122022,NIFTY_TOTAL_MARKET,OUT,SAREGAMA,Saregama India Ltd.
2022-12-22,2022-12-30,ind_prs22122022,NIFTY_TOTAL_MARKET,OUT,SUNCLAYLTD,Sundaram Clayton Ltd.
2022-12-22,2022-12-30,ind_prs22122022,NIFTY_TOTAL_MARKET,IN,PDSL,PDS Ltd.
2022-12-22,2022-12-30,ind_prs22122022,NIFTY_TOTAL_MARKET,IN,STARCEMENT,Star Cement Ltd.
2015-01-23,2015-02-02,ind_prs23012015,NIFTY_500,OUT,ARVIND,Arvind Ltd.
2015-01-23,2015-02-02,ind_prs23012015,NIFTY_500,IN,LAOPALA,La Opala RG Ltd.
2021-02-23,2021-03-31,ind_prs23022021,NIFTY_50,OUT,GAIL,GAIL (India) Ltd.
2021-02-23,2021-03-31,ind_prs23022021,NIFTY_50,IN,TATACONSUM,Tata Consumer Products Ltd.
2021-02-23,2021-03-31,ind_prs23022021,NIFTY_NEXT_50,OUT,BANKBARODA,Bank of Baroda
2021-02-23,2021-03-31,ind_prs23022021,NIFTY_NEXT_50,OUT,CONCOR,Container Corporation of India Ltd.
2021-02-23,2021-03-31,ind_prs23022021,NIFTY_NEXT_50,OUT,GICRE,General Insurance Corporation of India
2021-02-23,2021-03-31,ind_prs23022021,NIFTY_NEXT_50,OUT,HINDZINC,Hindustan Zinc Ltd.
2021-02-23,2021-03-31,ind_prs23022021,NIFTY_NEXT_50,OUT,OFSS,Oracle Financial Services Software Ltd.
2021-02-23,2021-03-31,ind_prs23022021,NIFTY_NEXT_50,OUT,PFC,Power Finance Corporation Ltd.
2021-02-23,2021-03-31,ind_prs23022021,NIFTY_NEXT_50,OUT,TATACONSUM,Tata Consumer Products Ltd.
2021-02-23,2021-03-31,ind_prs23022021,NIFTY_NEXT_50,IN,ADANIENT,Adani Enterprises Ltd.
2021-02-23,2021-03-31,ind_prs23022021,NIFTY_NEXT_50,IN,APOLLOHOSP,Apollo Hospitals Enterprise Ltd.
2021-02-23,2021-03-31,ind_prs23022021,NIFTY_NEXT_50,IN,GAIL,GAIL (India) Ltd.
2021-02-23,2021-03-31,ind_prs23022021,NIFTY_NEXT_50,IN,JUBLFOOD,Jubilant Foodworks Ltd.
2021-02-23,2021-03-31,ind_prs23022021,NIFTY_NEXT_50,IN,MRF,MRF Ltd.
2021-02-23,2021-03-31,ind_prs23022021,NIFTY_NEXT_50,IN,VEDL,Vedanta Ltd.
2021-02-23,2021-03-31,ind_prs23022021,NIFTY_NEXT_50,IN,YESBANK,Yes Bank Ltd.
2021-02-23,2021-03-31,ind_prs23022021,NIFTY_500,OUT,BOMDYEING,Bombay Dyeing & Manufacturing Co. Ltd.
2021-02-23,2021-03-31,ind_prs23022021,NIFTY_500,OUT,CARERATING,CARE Ratings Ltd.
2021-02-23,2021-03-31,ind_prs23022021,NIFTY_500,OUT,CHENNPETRO,Chennai Petroleum Corporation Ltd.
2021-02-23,2021-03-31,ind_prs23022021,NIFTY_500,OUT,DBCORP,D.B.Corp Ltd.
2021-02-23,2021-03-31,ind_prs23022021,NIFTY_500,OUT,ESABINDIA,ESAB India Ltd.
2021-02-23,2021-03-31,ind_prs23022021,NIFTY_500,OUT,GMDCLTD,Gujarat Mineral Development Corporation Ltd.
2021-02-23,2021-03-31,ind_prs23022021,NIFTY_500,OUT,HATHWAY,Hathway Cable & Datacom Ltd.
2021-02-23,2021-03-31,ind_prs23022021,NIFTY_500,OUT,HERITGFOOD,Heritage Foods Ltd.
2021-02-23,2021-03-31,ind_prs23022021,NIFTY_500,OUT,ICRA,ICRA Ltd.
2021-02-23,2021-03-31,ind_prs23022021,NIFTY_500,OUT,JAGRAN,Jagran Prakashan Ltd.
2021-02-23,2021-03-31,ind_prs23022021,NIFTY_500,OUT,JAICORPLTD,Jai Corp Ltd.
2021-02-23,2021-03-31,ind_prs23022021,NIFTY_500,OUT,J&KBANK,Jammu & Kashmir Bank Ltd.
2021-02-23,2021-03-31,ind_prs23022021,NIFTY_500,OUT,KTKBANK,Karnataka Bank Ltd.
2021-02-23,2021-03-31,ind_prs23022021,NIFTY_500,OUT,KOLTEPATIL,Kolte-Patil Developers Ltd.
2021-02-23,2021-03-31,ind_prs23022021,NIFTY_500,OUT,NAVNETEDUL,Navneet Education Ltd.
2021-02-23,2021-03-31,ind_prs23022021,NIFTY_500,OUT,OMAXE,Omaxe Ltd.
2021-02-23,2021-03-31,ind_prs23022021,NIFTY_500,OUT,ORIENTCEM,Orient Cement Ltd.
2021-02-23,2021-03-31,ind_prs23022021,NIFTY_500,OUT,PRAJIND,Praj Industries Ltd.
2021-02-23,2021-03-31,ind_prs23022021,NIFTY_500,OUT,PSPPROJECT,PSP Projects Ltd.
2021-02-23,2021-03-31,ind_prs23022021,NIFTY_500,OUT,PTC,PTC India Ltd.
2021-02-23,2021-03-31,ind_prs23022021,NIFTY_500,OUT,SOUTHBANK,South Indian Bank Ltd.
2021-02-23,2021-03-31,ind_prs23022021,NIFTY_500,OUT,SWARAJENG,Swaraj Engines Ltd.
2021-02-23,2021-03-31,ind_prs23022021,NIFTY_500,OUT,TVTODAY,TV Today Network Ltd.
2021-02-23,2021-03-31,ind_prs23022021,NIFTY_500,OUT,VRLLOG,VRL Logistics Ltd.
2021-02-23,2021-03-31,ind_prs23022021,NIFTY_500,IN,ANGELBRKG,Angel Broking Ltd.
2021-02-23,2021-03-31,ind_prs23022021,NIFTY_500,IN,ASAHIINDIA,Asahi India Glass Ltd.
2021-02-23,2021-03-31,ind_prs23022021,NIFTY_500,IN,BALAMINES,Balaji Amines Ltd.
2021-02-23,2021-03-31,ind_prs23022021,NIFTY_500,IN,CAMS,Computer Age Management Services Ltd.
2021-02-23,2021-03-31,ind_prs23022021,NIFTY_500,IN,HAPPSTMNDS,Happiest Minds Technologies Ltd.
2021-02-23,2021-03-31,ind_prs23022021,NIFTY_500,IN,HEMIPROP,Hemisphere Properties India Ltd.
2021-02-23,2021-03-31,ind_prs23022021,NIFTY_500,IN,ICIL,Indo Count Industries Ltd.
2021-02-23,2021-03-31,ind_prs23022021,NIFTY_500,IN,INTELLECT,Intellect Design Arena Ltd.
2021-02-23,2021-03-31,ind_prs23022021,NIFTY_500,IN,KPRMILL,K.P.R. Mill Ltd.
2021-02-23,2021-03-31,ind_prs23022021,NIFTY_500,IN,KPITTECH,KPIT Technologies Ltd.
2021-02-23,2021-03-31,ind_prs23022021,NIFTY_500,IN,MAXHEALTH,Max Healthcare Institute Ltd.
2021-02-23,2021-03-31,ind_prs23022021,NIFTY_500,IN,MAZDOCK,Mazagoan Dock Shipbuilders Ltd.
2021-02-23,2021-03-31,ind_prs23022021,NIFTY_500,IN,PRINCEPIPE,Prince Pipes and Fittings Ltd.
2021-02-23,2021-03-31,ind_prs23022021,NIFTY_500,IN,RESPONIND,Responsive Industries Ltd.
2021-02-23,2021-03-31,ind_prs23022021,NIFTY_500,IN,ROSSARI,Rossari Biotech Ltd.
2021-02-23,2021-03-31,ind_prs23022021,NIFTY_500,IN,ROUTE,Route Mobile Ltd.
2021-02-23,2021-03-31,ind_prs23022021,NIFTY_500,IN,SHARDACROP,Sharda Cropchem Ltd.
2021-02-23,2021-03-31,ind_prs23022021,NIFTY_500,IN,SPANDANA,Spandana Sphoorty Financial Ltd.
2021-02-23,2021-03-31,ind_prs23022021,NIFTY_500,IN,SUNCLAYLTD,Sundaram Clayton Ltd.
2021-02-23,2021-03-31,ind_prs23022021,NIFTY_500,IN,TANLA,Tanla Platforms Ltd.
2021-02-23,2021-03-31,ind_prs23022021,NIFTY_500,IN,TRITURBINE,Triveni Turbine Ltd.
2021-02-23,2021-03-31,ind_prs23022021,NIFTY_500,IN,UTIAMC,UTI Asset Management Company Ltd.
2021-02-23,2021-03-31,ind_prs23022021,NIFTY_500,IN,VALIANTORG,Valiant Organics Ltd.
2021-02-23,2021-03-31,ind_prs23022021,NIFTY_500,IN,VEDL,Vedanta Ltd.
2021-02-23,2021-03-31,ind_prs23022021,NIFTY_MIDCAP_150,OUT,ADANIENT,Adani Enterprises Ltd.
2021-02-23,2021-03-31,ind_prs23022021,NIFTY_MIDCAP_150,OUT,APOLLOHOSP,Apollo Hospitals Enterprise Ltd.
2021-02-23,2021-03-31,ind_prs23022021,NIFTY_MIDCAP_150,OUT,EDELWEISS,Edelweiss Financial Services Ltd.
2021-02-23,2021-03-31,ind_prs23022021,NIFTY_MIDCAP_150,OUT,ERIS,Eris Lifesciences Ltd.
2021-02-23,2021-03-31,ind_prs23022021,NIFTY_MIDCAP_150,OUT,FRETAIL,Future Retail Ltd.
2021-02-23,2021-03-31,ind_prs23022021,NIFTY_MIDCAP_150,OUT,HUDCO,Housing & Urban Development Corporation Ltd.
2021-02-23,2021-03-31,ind_prs23022021,NIFTY_MIDCAP_150,OUT,JUBLFOOD,Jubilant Foodworks Ltd.
2021-02-23,2021-03-31,ind_prs23022021,NIFTY_MIDCAP_150,OUT,MRPL,Mangalore Refinery & Petrochemicals Ltd.
2021-02-23,2021-03-31,ind_prs23022021,NIFTY_MIDCAP_150,OUT,MRF,MRF Ltd.
2021-02-23,2021-03-31,ind_prs23022021,NIFTY_MIDCAP_150,OUT,NATIONALUM,National Aluminium Co. Ltd.
2021-02-23,2021-03-31,ind_prs23022021,NIFTY_MIDCAP_150,OUT,NLCINDIA,NLC India Ltd.
2021-02-23,2021-03-31,ind_prs23022021,NIFTY_MIDCAP_150,OUT,SFL,Sheela Foam Ltd.
2021-02-23,2021-03-31,ind_prs23022021,NIFTY_MIDCAP_150,OUT,SHRIRAMCIT,Shriram City Union Finance Ltd.
2021-02-23,2021-03-31,ind_prs23022021,NIFTY_MIDCAP_150,OUT,SYMPHONY,Symphony Ltd.
2021-02-23,2021-03-31,ind_prs23022021,NIFTY_MIDCAP_150,OUT,WABCOINDIA,WABCO India Ltd.
2021-02-23,2021-03-31,ind_prs23022021,NIFTY_MIDCAP_150,OUT,YESBANK,Yes Bank Ltd.
2021-02-23,2021-03-31,ind_prs23022021,NIFTY_MIDCAP_150,IN,BANKBARODA,Bank of Baroda
2021-02-23,2021-03-31,ind_prs23022021,NIFTY_MIDCAP_150,IN,CONCOR,Container Corporation of India Ltd.
2021-02-23,2021-03-31,ind_prs23022021,NIFTY_MIDCAP_150,IN,DEEPAKNTR,Deepak Nitrite Ltd.
2021-02-23,2021-03-31,ind_prs23022021,NIFTY_MIDCAP_150,IN,DIXON,Dixon Technologies (India) Ltd.
2021-02-23,2021-03-31,ind_prs23022021,NIFTY_MIDCAP_150,IN,GICRE,General Insurance Corporation of India
2021-02-23,2021-03-31,ind_prs23022021,NIFTY_MIDCAP_150,IN,HINDZINC,Hindustan Zinc Ltd.
2021-02-23,2021-03-31,ind_prs23022021,NIFTY_MIDCAP_150,IN,IDBI,IDBI Bank Ltd.
2021-02-23,2021-03-31,ind_prs23022021,NIFTY_MIDCAP_150,IN,INDIAMART,Indiamart Intermesh Ltd.
2021-02-23,2021-03-31,ind_prs23022021,NIFTY_MIDCAP_150,IN,LAURUSLABS,Laurus Labs Ltd.
2021-02-23,2021-03-31,ind_prs23022021,NIFTY_MIDCAP_150,IN,MAXHEALTH,Max Healthcare Institute Ltd.
2021-02-23,2021-03-31,ind_prs23022021,NIFTY_MIDCAP_150,IN,OFSS,Oracle Financial Services Software Ltd.
2021-02-23,2021-03-31,ind_prs23022021,NIFTY_MIDCAP_150,IN,PERSISTENT,Persistent Systems Ltd.
2021-02-23,2021-03-31,ind_prs23022021,NIFTY_MIDCAP_150,IN,PFC,Power Finance Corporation Ltd.
2021-02-23,2021-03-31,ind_prs23022021,NIFTY_MIDCAP_150,IN,PGHL,Procter & Gamble Health Ltd.
2021-02-23,2021-03-31,ind_prs23022021,NIFTY_MIDCAP_150,IN,SUVENPHAR,Suven Pharmaceuticals Ltd.
2021-02-23,2021-03-31,ind_prs23022021,NIFTY_MIDCAP_150,IN,TATAELXSI,Tata Elxsi Ltd.
2021-02-23,2021-03-31,ind_prs23022021,NIFTY_SMALLCAP_250,OUT,BOMDYEING,Bombay Dyeing & Manufacturing Co. Ltd.
2021-02-23,2021-03-31,ind_prs23022021,NIFTY_SMALLCAP_250,OUT,CARERATING,CARE Ratings Ltd.
2021-02-23,2021-03-31,ind_prs23022021,NIFTY_SMALLCAP_250,OUT,CHENNPETRO,Chennai Petroleum Corporation Ltd.
2021-02-23,2021-03-31,ind_prs23022021,NIFTY_SMALLCAP_250,OUT,DBCORP,D.B.Corp Ltd.
2021-02-23,2021-03-31,ind_prs23022021,NIFTY_SMALLCAP_250,OUT,DEEPAKNTR,Deepak Nitrite Ltd.
2021-02-23,2021-03-31,ind_prs23022021,NIFTY_SMALLCAP_250,OUT,DIXON,Dixon Technologies (India) Ltd.
2021-02-23,2021-03-31,ind_prs23022021,NIFTY_SMALLCAP_250,OUT,ESABINDIA,ESAB India Ltd.
2021-02-23,2021-03-31,ind_prs23022021,NIFTY_SMALLCAP_250,OUT,GMDCLTD,Gujarat Mineral Development Corporation Ltd.
2021-02-23,2021-03-31,ind_prs23022021,NIFTY_SMALLCAP_250,OUT,HATHWAY,Hathway Cable & Datacom Ltd.
2021-02-23,2021-03-31,ind_prs23022021,NIFTY_SMALLCAP_250,OUT,HERITGFOOD,Heritage Foods Ltd.
2021-02-23,2021-03-31,ind_prs23022021,NIFTY_SMALLCAP_250,OUT,ICRA,ICRA Ltd.
2021-02-23,2021-03-31,ind_prs23022021,NIFTY_SMALLCAP_250,OUT,IDBI,IDBI Bank Ltd.
2021-02-23,2021-03-31,ind_prs23022021,NIFTY_SMALLCAP_250,OUT,INDIAMART,Indiamart Intermesh Ltd.
2021-02-23,2021-03-31,ind_prs23022021,NIFTY_SMALLCAP_250,OUT,JAGRAN,Jagran Prakashan Ltd.
2021-02-23,2021-03-31,ind_prs23022021,NIFTY_SMALLCAP_250,OUT,JAICORPLTD,Jai Corp Ltd.
2021-02-23,2021-03-31,ind_prs23022021,NIFTY_SMALLCAP_250,OUT,J&KBANK,Jammu & Kashmir Bank Ltd.
2021-02-23,2021-03-31,ind_prs23022021,NIFTY_SMALLCAP_250,OUT,KTKBANK,Karnataka Bank Ltd.
2021-02-23,2021-03-31,ind_prs23022021,NIFTY_SMALLCAP_250,OUT,KOLTEPATIL,Kolte-Patil Developers Ltd.
2021-02-23,2021-03-31,ind_prs23022021,NIFTY_SMALLCAP_250,OUT,LAURUSLABS,Laurus Labs Ltd.
2021-02-23,2021-03-31,ind_prs23022021,NIFTY_SMALLCAP_250,OUT,NAVNETEDUL,Navneet Education Ltd.
2021-02-23,2021-03-31,ind_prs23022021,NIFTY_SMALLCAP_250,OUT,OMAXE,Omaxe Ltd.
2021-02-23,2021-03-31,ind_prs23022021,NIFTY_SMALLCAP_250,OUT,ORIENTCEM,Orient Cement Ltd.
2021-02-23,2021-03-31,ind_prs23022021,NIFTY_SMALLCAP_250,OUT,PERSISTENT,Persistent Systems Ltd.
2021-02-23,2021-03-31,ind_prs23022021,NIFTY_SMALLCAP_250,OUT,PRAJIND,Praj Industries Ltd.
2021-02-23,2021-03-31,ind_prs23022021,NIFTY_SMALLCAP_250,OUT,PGHL,Procter & Gamble Health Ltd.
2021-02-23,2021-03-31,ind_prs23022021,NIFTY_SMALLCAP_250,OUT,PSPPROJECT,PSP Projects Ltd.
2021-02-23,2021-03-31,ind_prs23022021,NIFTY_SMALLCAP_250,OUT,PTC,PTC India Ltd.
2021-02-23,2021-03-31,ind_prs23022021,NIFTY_SMALLCAP_250,OUT,SOUTHBANK,South Indian Bank Ltd.
2021-02-23,2021-03-31,ind_prs23022021,NIFTY_SMALLCAP_250,OUT,SUVENPHAR,Suven Pharmaceuticals Ltd.
2021-02-23,2021-03-31,ind_prs23022021,NIFTY_SMALLCAP_250,OUT,SWARAJENG,Swaraj Engines Ltd.
2021-02-23,2021-03-31,ind_prs23022021,NIFTY_SMALLCAP_250,OUT,TATAELXSI,Tata Elxsi Ltd.
2021-02-23,2021-03-31,ind_prs23022021,NIFTY_SMALLCAP_250,OUT,TVTODAY,TV Today Network Ltd.
2021-02-23,2021-03-31,ind_prs23022021,NIFTY_SMALLCAP_250,OUT,VRLLOG,VRL Logistics Ltd.
2021-02-23,2021-03-31,ind_prs23022021,NIFTY_SMALLCAP_250,IN,ANGELBRKG,Angel Broking Ltd.
2021-02-23,2021-03-31,ind_prs23022021,NIFTY_SMALLCAP_250,IN,ASAHIINDIA,Asahi India Glass Ltd.
2021-02-23,2021-03-31,ind_prs23022021,NIFTY_SMALLCAP_250,IN,BALAMINES,Balaji Amines Ltd.
2021-02-23,2021-03-31,ind_prs23022021,NIFTY_SMALLCAP_250,IN,CAMS,Computer Age Management Services Ltd.
2021-02-23,2021-03-31,ind_prs23022021,NIFTY_SMALLCAP_250,IN,EDELWEISS,Edelweiss Financial Services Ltd.
2021-02-23,2021-03-31,ind_prs23022021,NIFTY_SMALLCAP_250,IN,ERIS,Eris Lifesciences Ltd.
2021-02-23,2021-03-31,ind_prs23022021,NIFTY_SMALLCAP_250,IN,FRETAIL,Future Retail Ltd.
2021-02-23,2021-03-31,ind_prs23022021,NIFTY_SMALLCAP_250,IN,HAPPSTMNDS,Happiest Minds Technologies Ltd.
2021-02-23,2021-03-31,ind_prs23022021,NIFTY_SMALLCAP_250,IN,HEMIPROP,Hemisphere Properties India Ltd.
2021-02-23,2021-03-31,ind_prs23022021,NIFTY_SMALLCAP_250,IN,HUDCO,Housing & Urban Development Corporation Ltd.
2021-02-23,2021-03-31,ind_prs23022021,NIFTY_SMALLCAP_250,IN,ICIL,Indo Count Industries Ltd.
2021-02-23,2021-03-31,ind_prs23022021,NIFTY_SMALLCAP_250,IN,INTELLECT,Intellect Design Arena Ltd.
2021-02-23,2021-03-31,ind_prs23022021,NIFTY_SMALLCAP_250,IN,KPRMILL,K.P.R. Mill Ltd.
2021-02-23,2021-03-31,ind_prs23022021,NIFTY_SMALLCAP_250,IN,KPITTECH,KPIT Technologies Ltd.
2021-02-23,2021-03-31,ind_prs23022021,NIFTY_SMALLCAP_250,IN,MRPL,Mangalore Refinery & Petrochemicals Ltd.
2021-02-23,2021-03-31,ind_prs23022021,NIFTY_SMALLCAP_250,IN,MAZDOCK,Mazagoan Dock Shipbuilders Ltd.
2021-02-23,2021-03-31,ind_prs23022021,NIFTY_SMALLCAP_250,IN,NATIONALUM,National Aluminium Co. Ltd.
2021-02-23,2021-03-31,ind_prs23022021,NIFTY_SMALLCAP_250,IN,NLCINDIA,NLC India Ltd.
2021-02-23,2021-03-31,ind_prs23022021,NIFTY_SMALLCAP_250,IN,PRINCEPIPE,Prince Pipes and Fittings Ltd.
2021-02-23,2021-03-31,ind_prs23022021,NIFTY_SMALLCAP_250,IN,RESPONIND,Responsive Industries Ltd.
2021-02-23,2021-03-31,ind_prs23022021,NIFTY_SMALLCAP_250,IN,ROSSARI,Rossari Biotech Ltd.
2021-02-23,2021-03-31,ind_prs23022021,NIFTY_SMALLCAP_250,IN,ROUTE,Route Mobile Ltd.
2021-02-23,2021-03-31,ind_prs23022021,NIFTY_SMALLCAP_250,IN,SHARDACROP,Sharda Cropchem Ltd.
2021-02-23,2021-03-31,ind_prs23022021,NIFTY_SMALLCAP_250,IN,SFL,Sheela Foam Ltd.
2021-02-23,2021-03-31,ind_prs23022021,NIFTY_SMALLCAP_250,IN,SHRIRAMCIT,Shriram City Union Finance Ltd.
2021-02-23,2021-03-31,ind_prs23022021,NIFTY_SMALLCAP_250,IN,SPANDANA,Spandana Sphoorty Financial Ltd.
2021-02-23,2021-03-31,ind_prs23022021,NIFTY_SMALLCAP_250,IN,SUNCLAYLTD,Sundaram Clayton Ltd.
2021-02-23,2021-03-31,ind_prs23022021,NIFTY_SMALLCAP_250,IN,SYMPHONY,Symphony Ltd.
2021-02-23,2021-03-31,ind_prs23022021,NIFTY_SMALLCAP_250,IN,TANLA,Tanla Platforms Ltd.
2021-02-23,2021-03-31,ind_prs23022021,NIFTY_SMALLCAP_250,IN,TRITURBINE,Triveni Turbine Ltd.
2021-02-23,2021-03-31,ind_prs23022021,NIFTY_SMALLCAP_250,IN,UTIAMC,UTI Asset Management Company Ltd.
2021-02-23,2021-03-31,ind_prs23022021,NIFTY_SMALLCAP_250,IN,VALIANTORG,Valiant Organics Ltd.
2021-02-23,2021-03-31,ind_prs23022021,NIFTY_SMALLCAP_250,IN,WABCOINDIA,WABCO India Ltd.
2026-02-23,2026-03-30,ind_prs23022026,NIFTY_500,OUT,AKUMS,Akums Drugs and Pharmaceuticals Ltd.
2026-02-23,2026-03-30,ind_prs23022026,NIFTY_500,OUT,APLLTD,Alembic Pharmaceuticals Ltd.
2026-02-23,2026-03-30,ind_prs23022026,NIFTY_500,OUT,ALKYLAMINE,Alkyl Amines Chemicals Ltd.
2026-02-23,2026-03-30,ind_prs23022026,NIFTY_500,OUT,ALOKINDS,Alok Industries Ltd.
2026-02-23,2026-03-30,ind_prs23022026,NIFTY_500,OUT,ASTRAZEN,AstraZenca Pharma India Ltd.
2026-02-23,2026-03-30,ind_prs23022026,NIFTY_500,OUT,BASF,BASF India Ltd.
2026-02-23,2026-03-30,ind_prs23022026,NIFTY_500,OUT,CAMPUS,Campus Activewear Ltd.
2026-02-23,2026-03-30,ind_prs23022026,NIFTY_500,OUT,CENTURYPLY,Century Plyboards (India) Ltd.
2026-02-23,2026-03-30,ind_prs23022026,NIFTY_500,OUT,CERA,Cera Sanitaryware Ltd
2026-02-23,2026-03-30,ind_prs23022026,NIFTY_500,OUT,AGARWALEYE,Dr. Agarwal's Health Care Ltd.
2026-02-23,2026-03-30,ind_prs23022026,NIFTY_500,OUT,FINPIPE,Finolex Industries Ltd.
2026-02-23,2026-03-30,ind_prs23022026,NIFTY_500,OUT,GODREJAGRO,Godrej Agrovet Ltd.
2026-02-23,2026-03-30,ind_prs23022026,NIFTY_500,OUT,GUJGASLTD,Gujarat Gas Ltd.
2026-02-23,2026-03-30,ind_prs23022026,NIFTY_500,OUT,HAPPSTMNDS,Happiest Minds Technologies Ltd.
2026-02-23,2026-03-30,ind_prs23022026,NIFTY_500,OUT,INOXINDIA,INOX India Ltd.
2026-02-23,2026-03-30,ind_prs23022026,NIFTY_500,OUT,JYOTHYLAB,Jyothy Labs Ltd.
2026-02-23,2026-03-30,ind_prs23022026,NIFTY_500,OUT,KIRLOSBROS,Kirloskar Brothers Ltd.
2026-02-23,2026-03-30,ind_prs23022026,NIFTY_500,OUT,KSB,KSB Ltd.
2026-02-23,2026-03-30,ind_prs23022026,NIFTY_500,OUT,MAHSCOOTER,Maharashtra Scooters Ltd.
2026-02-23,2026-03-30,ind_prs23022026,NIFTY_500,OUT,MAHSEAMLES,Maharashtra Seamless Ltd.
2026-02-23,2026-03-30,ind_prs23022026,NIFTY_500,OUT,METROPOLIS,Metropolis Healthcare Ltd.
2026-02-23,2026-03-30,ind_prs23022026,NIFTY_500,OUT,PRAJIND,Praj Industries Ltd.
2026-02-23,2026-03-30,ind_prs23022026,NIFTY_500,OUT,PGHH,Procter & Gamble Hygiene & Health Care Ltd.
2026-02-23,2026-03-30,ind_prs23022026,NIFTY_500,OUT,RCF,Rashtriya Chemicals & Fertilizers Ltd.
2026-02-23,2026-03-30,ind_prs23022026,NIFTY_500,OUT,RELINFRA,Reliance Infrastructure Ltd.
2026-02-23,2026-03-30,ind_prs23022026,NIFTY_500,OUT,SUNDRMFAST,Sundram Fasteners Ltd.
2026-02-23,2026-03-30,ind_prs23022026,NIFTY_500,OUT,TRIVENI,Triveni Engineering & Industries Ltd.
2026-02-23,2026-03-30,ind_prs23022026,NIFTY_500,OUT,DBREALTY,Valor Estate Ltd.
2026-02-23,2026-03-30,ind_prs23022026,NIFTY_500,OUT,MANYAVAR,Vedant Fashions Ltd.
2026-02-23,2026-03-30,ind_prs23022026,NIFTY_500,OUT,VENTIVE,Ventive Hospitality Ltd.
2026-02-23,2026-03-30,ind_prs23022026,NIFTY_500,OUT,VGUARD,V-Guard Industries Ltd.
2026-02-23,2026-03-30,ind_prs23022026,NIFTY_500,IN,ACUTAAS,Acutaas Chemicals Ltd.
2026-02-23,2026-03-30,ind_prs23022026,NIFTY_500,IN,CPPLUS,Aditya Infotech Ltd.
2026-02-23,2026-03-30,ind_prs23022026,NIFTY_500,IN,ABDL,Allied Blenders and Distillers Ltd.
2026-02-23,2026-03-30,ind_prs23022026,NIFTY_500,IN,ANTHEM,Anthem Biosciences Ltd.
2026-02-23,2026-03-30,ind_prs23022026,NIFTY_500,IN,ANURAS,Anupam Rasayan India Ltd.
2026-02-23,2026-03-30,ind_prs23022026,NIFTY_500,IN,BELRISE,Belrise Industries Ltd.
2026-02-23,2026-03-30,ind_prs23022026,NIFTY_500,IN,GROWW,Billionbrains Garage Ventures Ltd.
2026-02-23,2026-03-30,ind_prs23022026,NIFTY_500,IN,CANHLIFE,Canara HSBC Life Insurance Company Ltd.
2026-02-23,2026-03-30,ind_prs23022026,NIFTY_500,IN,CARTRADE,Cartrade Tech Ltd.
2026-02-23,2026-03-30,ind_prs23022026,NIFTY_500,IN,CEMPRO,Cemindia Projects Ltd.
2026-02-23,2026-03-30,ind_prs23022026,NIFTY_500,IN,EMMVEE,Emmvee Photovoltaic Power Ltd.
2026-02-23,2026-03-30,ind_prs23022026,NIFTY_500,IN,GABRIEL,Gabriel India Ltd.
2026-02-23,2026-03-30,ind_prs23022026,NIFTY_500,IN,GALLANTT,Gallantt Ispat Ltd.
2026-02-23,2026-03-30,ind_prs23022026,NIFTY_500,IN,HDBFS,HDB Financial Services Ltd.
2026-02-23,2026-03-30,ind_prs23022026,NIFTY_500,IN,ICICIAMC,ICICI Prudential Asset Management Company Ltd.
2026-02-23,2026-03-30,ind_prs23022026,NIFTY_500,IN,JAINREC,Jain Resource Recycling Ltd.
2026-02-23,2026-03-30,ind_prs23022026,NIFTY_500,IN,LENSKART,Lenskart Solutions Ltd.
2026-02-23,2026-03-30,ind_prs23022026,NIFTY_500,IN,LGEINDIA,LG Electronics India Ltd.
2026-02-23,2026-03-30,ind_prs23022026,NIFTY_500,IN,MEESHO,Meesho Ltd.
2026-02-23,2026-03-30,ind_prs23022026,NIFTY_500,IN,PARADEEP,Paradeep Phosphates Ltd.
2026-02-23,2026-03-30,ind_prs23022026,NIFTY_500,IN,PWL,Physicswallah Ltd.
2026-02-23,2026-03-30,ind_prs23022026,NIFTY_500,IN,PINELABS,Pine Labs Ltd.
2026-02-23,2026-03-30,ind_prs23022026,NIFTY_500,IN,PIRAMALFIN,Piramal Finance Ltd.
2026-02-23,2026-03-30,ind_prs23022026,NIFTY_500,IN,SPLPETRO,Supreme Petrochem Ltd.
2026-02-23,2026-03-30,ind_prs23022026,NIFTY_500,IN,TATACAP,Tata Capital Ltd.
2026-02-23,2026-03-30,ind_prs23022026,NIFTY_500,IN,TMCV,Tata Motors Ltd.
2026-02-23,2026-03-30,ind_prs23022026,NIFTY_500,IN,TEGA,Tega Industries Ltd.
2026-02-23,2026-03-30,ind_prs23022026,NIFTY_500,IN,TENNIND,Tenneco Clean Air India Ltd.
2026-02-23,2026-03-30,ind_prs23022026,NIFTY_500,IN,TRAVELFOOD,Travel Food Services Ltd.
2026-02-23,2026-03-30,ind_prs23022026,NIFTY_500,IN,URBANCO,Urban Company Ltd.
2026-02-23,2026-03-30,ind_prs23022026,NIFTY_500,IN,ZYDUSWELL,Zydus Wellness Ltd.
2026-02-23,2026-03-30,ind_prs23022026,NIFTY_MIDCAP_150,OUT,CUMMINSIND,Cummins India Ltd.
2026-02-23,2026-03-30,ind_prs23022026,NIFTY_MIDCAP_150,OUT,DEEPAKNTR,Deepak Nitrite Ltd.
2026-02-23,2026-03-30,ind_prs23022026,NIFTY_MIDCAP_150,OUT,FACT,Fertilisers and Chemicals Travancore Ltd.
2026-02-23,2026-03-30,ind_prs23022026,NIFTY_MIDCAP_150,OUT,GUJGASLTD,Gujarat Gas Ltd.
2026-02-23,2026-03-30,ind_prs23022026,NIFTY_MIDCAP_150,OUT,HDFCAMC,HDFC Asset Management Company Ltd.
2026-02-23,2026-03-30,ind_prs23022026,NIFTY_MIDCAP_150,OUT,IDBI,IDBI Bank Ltd.
2026-02-23,2026-03-30,ind_prs23022026,NIFTY_MIDCAP_150,OUT,IOB,Indian Overseas Bank
2026-02-23,2026-03-30,ind_prs23022026,NIFTY_MIDCAP_150,OUT,IGL,Indraprastha Gas Ltd.
2026-02-23,2026-03-30,ind_prs23022026,NIFTY_MIDCAP_150,OUT,IRB,IRB Infrastructure Developers Ltd.
2026-02-23,2026-03-30,ind_prs23022026,NIFTY_MIDCAP_150,OUT,MUTHOOTFIN,Muthoot Finance Ltd.
2026-02-23,2026-03-30,ind_prs23022026,NIFTY_MIDCAP_150,OUT,PGHH,Procter & Gamble Hygiene & Health Care Ltd.
2026-02-23,2026-03-30,ind_prs23022026,NIFTY_MIDCAP_150,OUT,SONACOMS,Sona BLW Precision Forgings Ltd.
2026-02-23,2026-03-30,ind_prs23022026,NIFTY_MIDCAP_150,OUT,SYNGENE,Syngene International Ltd.
2026-02-23,2026-03-30,ind_prs23022026,NIFTY_MIDCAP_150,OUT,TATATECH,Tata Technologies Ltd.
2026-02-23,2026-03-30,ind_prs23022026,NIFTY_MIDCAP_150,OUT,UCOBANK,UCO Bank
2026-02-23,2026-03-30,ind_prs23022026,NIFTY_MIDCAP_150,OUT,UNIONBANK,Union Bank of India
2026-02-23,2026-03-30,ind_prs23022026,NIFTY_MIDCAP_150,IN,ANTHEM,Anthem Biosciences Ltd.
2026-02-23,2026-03-30,ind_prs23022026,NIFTY_MIDCAP_150,IN,AIIL,Authum Investment & Infrastructure Ltd.
2026-02-23,2026-03-30,ind_prs23022026,NIFTY_MIDCAP_150,IN,BAJAJHFL,Bajaj Housing Finance Ltd.
2026-02-23,2026-03-30,ind_prs23022026,NIFTY_MIDCAP_150,IN,GROWW,Billionbrains Garage Ventures Ltd.
2026-02-23,2026-03-30,ind_prs23022026,NIFTY_MIDCAP_150,IN,HAVELLS,Havells India Ltd.
2026-02-23,2026-03-30,ind_prs23022026,NIFTY_MIDCAP_150,IN,HDBFS,HDB Financial Services Ltd.
2026-02-23,2026-03-30,ind_prs23022026,NIFTY_MIDCAP_150,IN,ICICIGI,ICICI Lombard General Insurance Company Ltd.
2026-02-23,2026-03-30,ind_prs23022026,NIFTY_MIDCAP_150,IN,ICICIAMC,Ltd.
2026-02-23,2026-03-30,ind_prs23022026,NIFTY_MIDCAP_150,IN,NAUKRI,Info Edge (India) Ltd.
2026-02-23,2026-03-30,ind_prs23022026,NIFTY_MIDCAP_150,IN,JSWENERGY,JSW Energy Ltd.
2026-02-23,2026-03-30,ind_prs23022026,NIFTY_MIDCAP_150,IN,LAURUSLABS,Laurus Labs Ltd.
2026-02-23,2026-03-30,ind_prs23022026,NIFTY_MIDCAP_150,IN,LENSKART,Lenskart Solutions Ltd.
2026-02-23,2026-03-30,ind_prs23022026,NIFTY_MIDCAP_150,IN,LGEINDIA,LG Electronics India Ltd.
2026-02-23,2026-03-30,ind_prs23022026,NIFTY_MIDCAP_150,IN,LICI,Life Insurance Corporation of India
2026-02-23,2026-03-30,ind_prs23022026,NIFTY_MIDCAP_150,IN,MCX,Multi Commodity Exchange of India Ltd.
2026-02-23,2026-03-30,ind_prs23022026,NIFTY_MIDCAP_150,IN,RADICO,Radico Khaitan Ltd
2026-02-23,2026-03-30,ind_prs23022026,NIFTY_SMALLCAP_250,OUT,AKUMS,Akums Drugs and Pharmaceuticals Ltd.
2026-02-23,2026-03-30,ind_prs23022026,NIFTY_SMALLCAP_250,OUT,APLLTD,Alembic Pharmaceuticals Ltd.
2026-02-23,2026-03-30,ind_prs23022026,NIFTY_SMALLCAP_250,OUT,ALKYLAMINE,Alkyl Amines Chemicals Ltd.
2026-02-23,2026-03-30,ind_prs23022026,NIFTY_SMALLCAP_250,OUT,ALOKINDS,Alok Industries Ltd.
2026-02-23,2026-03-30,ind_prs23022026,NIFTY_SMALLCAP_250,OUT,ASTRAZEN,AstraZenca Pharma India Ltd.
2026-02-23,2026-03-30,ind_prs23022026,NIFTY_SMALLCAP_250,OUT,AIIL,Authum Investment & Infrastructure Ltd.
2026-02-23,2026-03-30,ind_prs23022026,NIFTY_SMALLCAP_250,OUT,BASF,BASF India Ltd.
2026-02-23,2026-03-30,ind_prs23022026,NIFTY_SMALLCAP_250,OUT,CAMPUS,Campus Activewear Ltd.
2026-02-23,2026-03-30,ind_prs23022026,NIFTY_SMALLCAP_250,OUT,CENTURYPLY,Century Plyboards (India) Ltd.
2026-02-23,2026-03-30,ind_prs23022026,NIFTY_SMALLCAP_250,OUT,CERA,Cera Sanitaryware Ltd
2026-02-23,2026-03-30,ind_prs23022026,NIFTY_SMALLCAP_250,OUT,AGARWALEYE,Dr. Agarwal's Health Care Ltd.
2026-02-23,2026-03-30,ind_prs23022026,NIFTY_SMALLCAP_250,OUT,FINPIPE,Finolex Industries Ltd.
2026-02-23,2026-03-30,ind_prs23022026,NIFTY_SMALLCAP_250,OUT,GODREJAGRO,Godrej Agrovet Ltd.
2026-02-23,2026-03-30,ind_prs23022026,NIFTY_SMALLCAP_250,OUT,HAPPSTMNDS,Happiest Minds Technologies Ltd.
2026-02-23,2026-03-30,ind_prs23022026,NIFTY_SMALLCAP_250,OUT,INOXINDIA,INOX India Ltd.
2026-02-23,2026-03-30,ind_prs23022026,NIFTY_SMALLCAP_250,OUT,JYOTHYLAB,Jyothy Labs Ltd.
2026-02-23,2026-03-30,ind_prs23022026,NIFTY_SMALLCAP_250,OUT,KIRLOSBROS,Kirloskar Brothers Ltd.
2026-02-23,2026-03-30,ind_prs23022026,NIFTY_SMALLCAP_250,OUT,KSB,KSB Ltd.
2026-02-23,2026-03-30,ind_prs23022026,NIFTY_SMALLCAP_250,OUT,LAURUSLABS,Laurus Labs Ltd.
2026-02-23,2026-03-30,ind_prs23022026,NIFTY_SMALLCAP_250,OUT,MAHSCOOTER,Maharashtra Scooters Ltd.
2026-02-23,2026-03-30,ind_prs23022026,NIFTY_SMALLCAP_250,OUT,MAHSEAMLES,Maharashtra Seamless Ltd.
2026-02-23,2026-03-30,ind_prs23022026,NIFTY_SMALLCAP_250,OUT,METROPOLIS,Metropolis Healthcare Ltd.
2026-02-23,2026-03-30,ind_prs23022026,NIFTY_SMALLCAP_250,OUT,MCX,Multi Commodity Exchange of India Ltd.
2026-02-23,2026-03-30,ind_prs23022026,NIFTY_SMALLCAP_250,OUT,PRAJIND,Praj Industries Ltd.
2026-02-23,2026-03-30,ind_prs23022026,NIFTY_SMALLCAP_250,OUT,RADICO,Radico Khaitan Ltd
2026-02-23,2026-03-30,ind_prs23022026,NIFTY_SMALLCAP_250,OUT,RCF,Rashtriya Chemicals & Fertilizers Ltd.
2026-02-23,2026-03-30,ind_prs23022026,NIFTY_SMALLCAP_250,OUT,RELINFRA,Reliance Infrastructure Ltd.
2026-02-23,2026-03-30,ind_prs23022026,NIFTY_SMALLCAP_250,OUT,SUNDRMFAST,Sundram Fasteners Ltd.
2026-02-23,2026-03-30,ind_prs23022026,NIFTY_SMALLCAP_250,OUT,TRIVENI,Triveni Engineering & Industries Ltd.
2026-02-23,2026-03-30,ind_prs23022026,NIFTY_SMALLCAP_250,OUT,DBREALTY,Valor Estate Ltd.
2026-02-23,2026-03-30,ind_prs23022026,NIFTY_SMALLCAP_250,OUT,MANYAVAR,Vedant Fashions Ltd.
2026-02-23,2026-03-30,ind_prs23022026,NIFTY_SMALLCAP_250,OUT,VENTIVE,Ventive Hospitality Ltd.
2026-02-23,2026-03-30,ind_prs23022026,NIFTY_SMALLCAP_250,OUT,VGUARD,V-Guard Industries Ltd.
2026-02-23,2026-03-30,ind_prs23022026,NIFTY_SMALLCAP_250,IN,ACUTAAS,Acutaas Chemicals Ltd.
2026-02-23,2026-03-30,ind_prs23022026,NIFTY_SMALLCAP_250,IN,CPPLUS,Aditya Infotech Ltd.
2026-02-23,2026-03-30,ind_prs23022026,NIFTY_SMALLCAP_250,IN,ABDL,Allied Blenders and Distillers Ltd.
2026-02-23,2026-03-30,ind_prs23022026,NIFTY_SMALLCAP_250,IN,ANURAS,Anupam Rasayan India Ltd.
2026-02-23,2026-03-30,ind_prs23022026,NIFTY_SMALLCAP_250,IN,BELRISE,Belrise Industries Ltd.
2026-02-23,2026-03-30,ind_prs23022026,NIFTY_SMALLCAP_250,IN,CANHLIFE,Canara HSBC Life Insurance Company Ltd.
2026-02-23,2026-03-30,ind_prs23022026,NIFTY_SMALLCAP_250,IN,CARTRADE,Cartrade Tech Ltd.
2026-02-23,2026-03-30,ind_prs23022026,NIFTY_SMALLCAP_250,IN,CEMPRO,Cemindia Projects Ltd.
2026-02-23,2026-03-30,ind_prs23022026,NIFTY_SMALLCAP_250,IN,DEEPAKNTR,Deepak Nitrite Ltd.
2026-02-23,2026-03-30,ind_prs23022026,NIFTY_SMALLCAP_250,IN,EMMVEE,Emmvee Photovoltaic Power Ltd.
2026-02-23,2026-03-30,ind_prs23022026,NIFTY_SMALLCAP_250,IN,FACT,Fertilisers and Chemicals Travancore Ltd.
2026-02-23,2026-03-30,ind_prs23022026,NIFTY_SMALLCAP_250,IN,GABRIEL,Gabriel India Ltd.
2026-02-23,2026-03-30,ind_prs23022026,NIFTY_SMALLCAP_250,IN,GALLANTT,Gallantt Ispat Ltd.
2026-02-23,2026-03-30,ind_prs23022026,NIFTY_SMALLCAP_250,IN,IDBI,IDBI Bank Ltd.
2026-02-23,2026-03-30,ind_prs23022026,NIFTY_SMALLCAP_250,IN,IOB,Indian Overseas Bank
2026-02-23,2026-03-30,ind_prs23022026,NIFTY_SMALLCAP_250,IN,IGL,Indraprastha Gas Ltd.
2026-02-23,2026-03-30,ind_prs23022026,NIFTY_SMALLCAP_250,IN,IRB,IRB Infrastructure Developers Ltd.
2026-02-23,2026-03-30,ind_prs23022026,NIFTY_SMALLCAP_250,IN,JAINREC,Jain Resource Recycling Ltd.
2026-02-23,2026-03-30,ind_prs23022026,NIFTY_SMALLCAP_250,IN,MEESHO,Meesho Ltd.
2026-02-23,2026-03-30,ind_prs23022026,NIFTY_SMALLCAP_250,IN,PARADEEP,Paradeep Phosphates Ltd.
2026-02-23,2026-03-30,ind_prs23022026,NIFTY_SMALLCAP_250,IN,PWL,Physicswallah Ltd.
2026-02-23,2026-03-30,ind_prs23022026,NIFTY_SMALLCAP_250,IN,PINELABS,Pine Labs Ltd.
2026-02-23,2026-03-30,ind_prs23022026,NIFTY_SMALLCAP_250,IN,PIRAMALFIN,Piramal Finance Ltd.
2026-02-23,2026-03-30,ind_prs23022026,NIFTY_SMALLCAP_250,IN,SONACOMS,Sona BLW Precision Forgings Ltd.
2026-02-23,2026-03-30,ind_prs23022026,NIFTY_SMALLCAP_250,IN,SPLPETRO,Supreme Petrochem Ltd.
2026-02-23,2026-03-30,ind_prs23022026,NIFTY_SMALLCAP_250,IN,SYNGENE,Syngene International Ltd.
2026-02-23,2026-03-30,ind_prs23022026,NIFTY_SMALLCAP_250,IN,TATATECH,Tata Technologies Ltd.
2026-02-23,2026-03-30,ind_prs23022026,NIFTY_SMALLCAP_250,IN,TEGA,Tega Industries Ltd.
2026-02-23,2026-03-30,ind_prs23022026,NIFTY_SMALLCAP_250,IN,TENNIND,Tenneco Clean Air India Ltd.
2026-02-23,2026-03-30,ind_prs23022026,NIFTY_SMALLCAP_250,IN,TRAVELFOOD,Travel Food Services Ltd.
2026-02-23,2026-03-30,ind_prs23022026,NIFTY_SMALLCAP_250,IN,UCOBANK,UCO Bank
2026-02-23,2026-03-30,ind_prs23022026,NIFTY_SMALLCAP_250,IN,URBANCO,Urban Company Ltd.
2026-02-23,2026-03-30,ind_prs23022026,NIFTY_SMALLCAP_250,IN,ZYDUSWELL,Zydus Wellness Ltd.
2026-02-23,2026-03-30,ind_prs23022026,NIFTY_NEXT_50,OUT,BAJAJHFL,Bajaj Housing Finance Ltd.
2026-02-23,2026-03-30,ind_prs23022026,NIFTY_NEXT_50,OUT,HAVELLS,Havells India Ltd.
2026-02-23,2026-03-30,ind_prs23022026,NIFTY_NEXT_50,OUT,ICICIGI,ICICI Lombard General Insurance Company Ltd.
2026-02-23,2026-03-30,ind_prs23022026,NIFTY_NEXT_50,OUT,NAUKRI,Info Edge (India) Ltd.
2026-02-23,2026-03-30,ind_prs23022026,NIFTY_NEXT_50,OUT,JSWENERGY,JSW Energy Ltd.
2026-02-23,2026-03-30,ind_prs23022026,NIFTY_NEXT_50,OUT,LICI,Life Insurance Corporation of India
2026-02-23,2026-03-30,ind_prs23022026,NIFTY_NEXT_50,IN,CUMMINSIND,Cummins India Ltd.
2026-02-23,2026-03-30,ind_prs23022026,NIFTY_NEXT_50,IN,HDFCAMC,HDFC Asset Management Company Ltd.
2026-02-23,2026-03-30,ind_prs23022026,NIFTY_NEXT_50,IN,MUTHOOTFIN,Muthoot Finance Ltd.
2026-02-23,2026-03-30,ind_prs23022026,NIFTY_NEXT_50,IN,TATACAP,Tata Capital Ltd.
2026-02-23,2026-03-30,ind_prs23022026,NIFTY_NEXT_50,IN,TMCV,Tata Motors Ltd.
2026-02-23,2026-03-30,ind_prs23022026,NIFTY_NEXT_50,IN,UNIONBANK,Union Bank of India
2026-02-23,2026-03-30,ind_prs23022026,NIFTY_MICROCAP_250,OUT,ACUTAAS,Acutaas Chemicals Ltd.
2026-02-23,2026-03-30,ind_prs23022026,NIFTY_MICROCAP_250,OUT,AGI,AGI Greenpac Ltd.
2026-02-23,2026-03-30,ind_prs23022026,NIFTY_MICROCAP_250,OUT,AJAXENGG,Ajax Engineering Ltd.
2026-02-23,2026-03-30,ind_prs23022026,NIFTY_MICROCAP_250,OUT,ALLCARGO,Allcargo Logistics Ltd.*
2026-02-23,2026-03-30,ind_prs23022026,NIFTY_MICROCAP_250,OUT,ABDL,Allied Blenders and Distillers Ltd.
2026-02-23,2026-03-30,ind_prs23022026,NIFTY_MICROCAP_250,OUT,ANURAS,Anupam Rasayan India Ltd.
2026-02-23,2026-03-30,ind_prs23022026,NIFTY_MICROCAP_250,OUT,PARKHOTELS,Apeejay Surrendra Park Hotels Ltd.
2026-02-23,2026-03-30,ind_prs23022026,NIFTY_MICROCAP_250,OUT,BELRISE,Belrise Industries Ltd.
2026-02-23,2026-03-30,ind_prs23022026,NIFTY_MICROCAP_250,OUT,BBL,Bharat Bijlee Ltd.
2026-02-23,2026-03-30,ind_prs23022026,NIFTY_MICROCAP_250,OUT,BOSCH-HCIL,Bosch Home Comfort India Ltd.
2026-02-23,2026-03-30,ind_prs23022026,NIFTY_MICROCAP_250,OUT,CARTRADE,Cartrade Tech Ltd.
2026-02-23,2026-03-30,ind_prs23022026,NIFTY_MICROCAP_250,OUT,CEIGALL,Ceigall India Ltd.
2026-02-23,2026-03-30,ind_prs23022026,NIFTY_MICROCAP_250,OUT,CEMPRO,Cemindia Projects Ltd.
2026-02-23,2026-03-30,ind_prs23022026,NIFTY_MICROCAP_250,OUT,CYIENTDLM,Cyient DLM Ltd.
2026-02-23,2026-03-30,ind_prs23022026,NIFTY_MICROCAP_250,OUT,DHANUKA,Dhanuka Agritech Ltd.
2026-02-23,2026-03-30,ind_prs23022026,NIFTY_MICROCAP_250,OUT,DCAL,Dishman Carbogen Amcis Ltd.
2026-02-23,2026-03-30,ind_prs23022026,NIFTY_MICROCAP_250,OUT,DODLA,Dodla Dairy Ltd.
2026-02-23,2026-03-30,ind_prs23022026,NIFTY_MICROCAP_250,OUT,EASEMYTRIP,Easy Trip Planners Ltd.
2026-02-23,2026-03-30,ind_prs23022026,NIFTY_MICROCAP_250,OUT,EMUDHRA,eMudhra Ltd.
2026-02-23,2026-03-30,ind_prs23022026,NIFTY_MICROCAP_250,OUT,EPIGRAL,Epigral Ltd.
2026-02-23,2026-03-30,ind_prs23022026,NIFTY_MICROCAP_250,OUT,FDC,FDC Ltd.
2026-02-23,2026-03-30,ind_prs23022026,NIFTY_MICROCAP_250,OUT,FINEORG,Fine Organic Industries Ltd.
2026-02-23,2026-03-30,ind_prs23022026,NIFTY_MICROCAP_250,OUT,GRINFRA,G R Infraprojects Ltd.
2026-02-23,2026-03-30,ind_prs23022026,NIFTY_MICROCAP_250,OUT,GABRIEL,Gabriel India Ltd.
2026-02-23,2026-03-30,ind_prs23022026,NIFTY_MICROCAP_250,OUT,GALLANTT,Gallantt Ispat Ltd.
2026-02-23,2026-03-30,ind_prs23022026,NIFTY_MICROCAP_250,OUT,GANESHHOU,Ganesh Housing Ltd.
2026-02-23,2026-03-30,ind_prs23022026,NIFTY_MICROCAP_250,OUT,GANECOS,Ganesha Ecosphere Ltd.
2026-02-23,2026-03-30,ind_prs23022026,NIFTY_MICROCAP_250,OUT,GARFIBRES,Garware Technical Fibres Ltd.
2026-02-23,2026-03-30,ind_prs23022026,NIFTY_MICROCAP_250,OUT,GATEWAY,Gateway Distriparks Ltd.
2026-02-23,2026-03-30,ind_prs23022026,NIFTY_MICROCAP_250,OUT,GREENPANEL,Greenpanel Industries Ltd.
2026-02-23,2026-03-30,ind_prs23022026,NIFTY_MICROCAP_250,OUT,GULFOILLUB,Gulf Oil Lubricants India Ltd.
2026-02-23,2026-03-30,ind_prs23022026,NIFTY_MICROCAP_250,OUT,HIKAL,Hikal Ltd.
2026-02-23,2026-03-30,ind_prs23022026,NIFTY_MICROCAP_250,OUT,IMAGICAA,Imagicaaworld Entertainment Ltd.
2026-02-23,2026-03-30,ind_prs23022026,NIFTY_MICROCAP_250,OUT,INGERRAND,Ingersoll Rand (India) Ltd.
2026-02-23,2026-03-30,ind_prs23022026,NIFTY_MICROCAP_250,OUT,INNOVACAP,Innova Captab Ltd.
2026-02-23,2026-03-30,ind_prs23022026,NIFTY_MICROCAP_250,OUT,ISGEC,Isgec Heavy Engineering Ltd.
2026-02-23,2026-03-30,ind_prs23022026,NIFTY_MICROCAP_250,OUT,JKIL,J.Kumar Infraprojects Ltd.
2026-02-23,2026-03-30,ind_prs23022026,NIFTY_MICROCAP_250,OUT,JISLJALEQS,Jain Irrigation Systems Ltd.
2026-02-23,2026-03-30,ind_prs23022026,NIFTY_MICROCAP_250,OUT,JINDWORLD,Jindal Worldwide Ltd.
2026-02-23,2026-03-30,ind_prs23022026,NIFTY_MICROCAP_250,OUT,KSL,Kalyani Steels Ltd.
2026-02-23,2026-03-30,ind_prs23022026,NIFTY_MICROCAP_250,OUT,LMW,LMW Ltd.
2026-02-23,2026-03-30,ind_prs23022026,NIFTY_MICROCAP_250,OUT,LUXIND,Lux Industries Ltd.
2026-02-23,2026-03-30,ind_prs23022026,NIFTY_MICROCAP_250,OUT,MAHLIFE,Mahindra Lifespace Developers Ltd.
2026-02-23,2026-03-30,ind_prs23022026,NIFTY_MICROCAP_250,OUT,MANINFRA,Man Infraconstruction Ltd.
2026-02-23,2026-03-30,ind_prs23022026,NIFTY_MICROCAP_250,OUT,MAXESTATES,Max Estates Ltd.
2026-02-23,2026-03-30,ind_prs23022026,NIFTY_MICROCAP_250,OUT,ORCHPHARMA,Orchid Pharma Ltd.
2026-02-23,2026-03-30,ind_prs23022026,NIFTY_MICROCAP_250,OUT,PARADEEP,Paradeep Phosphates Ltd.
2026-02-23,2026-03-30,ind_prs23022026,NIFTY_MICROCAP_250,OUT,PATELENG,Patel Engineering Ltd.
2026-02-23,2026-03-30,ind_prs23022026,NIFTY_MICROCAP_250,OUT,POLYPLEX,Polyplex Corporation Ltd.
2026-02-23,2026-03-30,ind_prs23022026,NIFTY_MICROCAP_250,OUT,PRINCEPIPE,Prince Pipes and Fittings Ltd.
2026-02-23,2026-03-30,ind_prs23022026,NIFTY_MICROCAP_250,OUT,RATNAMANI,Ratnamani Metals & Tubes Ltd.
2026-02-23,2026-03-30,ind_prs23022026,NIFTY_MICROCAP_250,OUT,SANOFICONR,Sanofi Consumer Healthcare India Ltd.
2026-02-23,2026-03-30,ind_prs23022026,NIFTY_MICROCAP_250,OUT,SANOFI,Sanofi India Ltd.
2026-02-23,2026-03-30,ind_prs23022026,NIFTY_MICROCAP_250,OUT,SHARDAMOTR,Sharda Motor Industries Ltd.
2026-02-23,2026-03-30,ind_prs23022026,NIFTY_MICROCAP_250,OUT,SUNFLAG,Sunflag Iron & Steel Company Ltd.
2026-02-23,2026-03-30,ind_prs23022026,NIFTY_MICROCAP_250,OUT,SYMPHONY,Symphony Ltd.
2026-02-23,2026-03-30,ind_prs23022026,NIFTY_MICROCAP_250,OUT,TEAMLEASE,Teamlease Services Ltd.
2026-02-23,2026-03-30,ind_prs23022026,NIFTY_MICROCAP_250,OUT,TEGA,Tega Industries Ltd.
2026-02-23,2026-03-30,ind_prs23022026,NIFTY_MICROCAP_250,OUT,UNIMECH,Unimech Aerospace and Manufacturing Ltd.
2026-02-23,2026-03-30,ind_prs23022026,NIFTY_MICROCAP_250,OUT,VESUVIUS,Vesuvius India Ltd.
2026-02-23,2026-03-30,ind_prs23022026,NIFTY_MICROCAP_250,OUT,VINATIORGA,Vinati Organics Ltd.
2026-02-23,2026-03-30,ind_prs23022026,NIFTY_MICROCAP_250,OUT,VSTIND,VST Industries Ltd.
2026-02-23,2026-03-30,ind_prs23022026,NIFTY_MICROCAP_250,OUT,ZYDUSWELL,Zydus Wellness Ltd.
2026-02-23,2026-03-30,ind_prs23022026,NIFTY_MICROCAP_250,IN,AVL,Aditya Vision Ltd.
2026-02-23,2026-03-30,ind_prs23022026,NIFTY_MICROCAP_250,IN,AEQUS,Aequs Ltd.
2026-02-23,2026-03-30,ind_prs23022026,NIFTY_MICROCAP_250,IN,AKUMS,Akums Drugs and Pharmaceuticals Ltd.
2026-02-23,2026-03-30,ind_prs23022026,NIFTY_MICROCAP_250,IN,APLLTD,Alembic Pharmaceuticals Ltd.
2026-02-23,2026-03-30,ind_prs23022026,NIFTY_MICROCAP_250,IN,ALKYLAMINE,Alkyl Amines Chemicals Ltd.
2026-02-23,2026-03-30,ind_prs23022026,NIFTY_MICROCAP_250,IN,ALOKINDS,Alok Industries Ltd.
2026-02-23,2026-03-30,ind_prs23022026,NIFTY_MICROCAP_250,IN,APOLLO,Apollo Micro Systems Ltd.
2026-02-23,2026-03-30,ind_prs23022026,NIFTY_MICROCAP_250,IN,ASHAPURMIN,Ashapura Minechem Ltd.
2026-02-23,2026-03-30,ind_prs23022026,NIFTY_MICROCAP_250,IN,ATLANTAELE,Atlanta Electricals Ltd.
2026-02-23,2026-03-30,ind_prs23022026,NIFTY_MICROCAP_250,IN,AXISCADES,AXISCADES Technologies Ltd.
2026-02-23,2026-03-30,ind_prs23022026,NIFTY_MICROCAP_250,IN,BBOX,Black Box Ltd.
2026-02-23,2026-03-30,ind_prs23022026,NIFTY_MICROCAP_250,IN,BLUESTONE,BlueStone Jewellery and Lifestyle Ltd.
2026-02-23,2026-03-30,ind_prs23022026,NIFTY_MICROCAP_250,IN,CAMPUS,Campus Activewear Ltd.
2026-02-23,2026-03-30,ind_prs23022026,NIFTY_MICROCAP_250,IN,CRAMC,Canara Robeco Asset Management Company Ltd.
2026-02-23,2026-03-30,ind_prs23022026,NIFTY_MICROCAP_250,IN,CAPILLARY,Capillary Technologies India Ltd.
2026-02-23,2026-03-30,ind_prs23022026,NIFTY_MICROCAP_250,IN,CENTURYPLY,Century Plyboards (India) Ltd.
2026-02-23,2026-03-30,ind_prs23022026,NIFTY_MICROCAP_250,IN,CERA,Cera Sanitaryware Ltd
2026-02-23,2026-03-30,ind_prs23022026,NIFTY_MICROCAP_250,IN,CORONA,CORONA Remedies Ltd.
2026-02-23,2026-03-30,ind_prs23022026,NIFTY_MICROCAP_250,IN,CRIZAC,Crizac Ltd.
2026-02-23,2026-03-30,ind_prs23022026,NIFTY_MICROCAP_250,IN,CUPID,Cupid Ltd.
2026-02-23,2026-03-30,ind_prs23022026,NIFTY_MICROCAP_250,IN,AGARWALEYE,Dr. Agarwal's Health Care Ltd.
2026-02-23,2026-03-30,ind_prs23022026,NIFTY_MICROCAP_250,IN,ELLEN,Ellenbarrie Industrial Gases Ltd.
2026-02-23,2026-03-30,ind_prs23022026,NIFTY_MICROCAP_250,IN,FEDFINA,Fedbank Financial Services Ltd.
2026-02-23,2026-03-30,ind_prs23022026,NIFTY_MICROCAP_250,IN,FINPIPE,Finolex Industries Ltd.
2026-02-23,2026-03-30,ind_prs23022026,NIFTY_MICROCAP_250,IN,UTLSOLAR,Fujiyama Power Systems Ltd.
2026-02-23,2026-03-30,ind_prs23022026,NIFTY_MICROCAP_250,IN,GODREJAGRO,Godrej Agrovet Ltd.
2026-02-23,2026-03-30,ind_prs23022026,NIFTY_MICROCAP_250,IN,GOKULAGRO,Gokul Agro Resources Ltd.
2026-02-23,2026-03-30,ind_prs23022026,NIFTY_MICROCAP_250,IN,HAPPSTMNDS,Happiest Minds Technologies Ltd.
2026-02-23,2026-03-30,ind_prs23022026,NIFTY_MICROCAP_250,IN,INOXINDIA,INOX India Ltd.
2026-02-23,2026-03-30,ind_prs23022026,NIFTY_MICROCAP_250,IN,JAYNECOIND,Jayaswal Neco Industries Ltd.
2026-02-23,2026-03-30,ind_prs23022026,NIFTY_MICROCAP_250,IN,JSLL,Jeena Sikho Lifecare Ltd.
2026-02-23,2026-03-30,ind_prs23022026,NIFTY_MICROCAP_250,IN,JLHL,Jupiter Life Line Hospitals Ltd.
2026-02-23,2026-03-30,ind_prs23022026,NIFTY_MICROCAP_250,IN,JYOTHYLAB,Jyothy Labs Ltd.
2026-02-23,2026-03-30,ind_prs23022026,NIFTY_MICROCAP_250,IN,KIRLOSBROS,Kirloskar Brothers Ltd.
2026-02-23,2026-03-30,ind_prs23022026,NIFTY_MICROCAP_250,IN,KSB,KSB Ltd.
2026-02-23,2026-03-30,ind_prs23022026,NIFTY_MICROCAP_250,IN,MAHSCOOTER,Maharashtra Scooters Ltd.
2026-02-23,2026-03-30,ind_prs23022026,NIFTY_MICROCAP_250,IN,MAHSEAMLES,Maharashtra Seamless Ltd.
2026-02-23,2026-03-30,ind_prs23022026,NIFTY_MICROCAP_250,IN,METROPOLIS,Metropolis Healthcare Ltd.
2026-02-23,2026-03-30,ind_prs23022026,NIFTY_MICROCAP_250,IN,ORKLAINDIA,Orkla India Ltd.
2026-02-23,2026-03-30,ind_prs23022026,NIFTY_MICROCAP_250,IN,PARKHOSPS,Park Medi World Ltd.
2026-02-23,2026-03-30,ind_prs23022026,NIFTY_MICROCAP_250,IN,PICCADIL,Piccadily Agro Industries Ltd.
2026-02-23,2026-03-30,ind_prs23022026,NIFTY_MICROCAP_250,IN,PRAJIND,Praj Industries Ltd.
2026-02-23,2026-03-30,ind_prs23022026,NIFTY_MICROCAP_250,IN,PFOCUS,Prime Focus Ltd
2026-02-23,2026-03-30,ind_prs23022026,NIFTY_MICROCAP_250,IN,QPOWER,Quality Power Electrical Equipments Ltd.
2026-02-23,2026-03-30,ind_prs23022026,NIFTY_MICROCAP_250,IN,RCF,Rashtriya Chemicals & Fertilizers Ltd.
2026-02-23,2026-03-30,ind_prs23022026,NIFTY_MICROCAP_250,IN,REDTAPE,Redtape Ltd.
2026-02-23,2026-03-30,ind_prs23022026,NIFTY_MICROCAP_250,IN,RUBICON,Rubicon Research Ltd.
2026-02-23,2026-03-30,ind_prs23022026,NIFTY_MICROCAP_250,IN,SAATVIKGL,Saatvik Green Energy Ltd.
2026-02-23,2026-03-30,ind_prs23022026,NIFTY_MICROCAP_250,IN,STYL,Seshaasai Technologies Ltd.
2026-02-23,2026-03-30,ind_prs23022026,NIFTY_MICROCAP_250,IN,SKFINDUS,SKF India (Industrial) Ltd.
2026-02-23,2026-03-30,ind_prs23022026,NIFTY_MICROCAP_250,IN,SKFINDIA,SKF India Ltd.
2026-02-23,2026-03-30,ind_prs23022026,NIFTY_MICROCAP_250,IN,SMARTWORKS,Smartworks Coworking Spaces Ltd.
2026-02-23,2026-03-30,ind_prs23022026,NIFTY_MICROCAP_250,IN,SMLMAH,SML Mahindra Ltd.
2026-02-23,2026-03-30,ind_prs23022026,NIFTY_MICROCAP_250,IN,LOTUSDEV,Sri Lotus Developers and Realty Ltd.
2026-02-23,2026-03-30,ind_prs23022026,NIFTY_MICROCAP_250,IN,SUDEEPPHRM,Sudeep Pharma Ltd.
2026-02-23,2026-03-30,ind_prs23022026,NIFTY_MICROCAP_250,IN,TMB,Tamilnad Mercantile Bank Ltd.
2026-02-23,2026-03-30,ind_prs23022026,NIFTY_MICROCAP_250,IN,TRIVENI,Triveni Engineering & Industries Ltd.
2026-02-23,2026-03-30,ind_prs23022026,NIFTY_MICROCAP_250,IN,DBREALTY,Valor Estate Ltd.
2026-02-23,2026-03-30,ind_prs23022026,NIFTY_MICROCAP_250,IN,MANYAVAR,Vedant Fashions Ltd.
2026-02-23,2026-03-30,ind_prs23022026,NIFTY_MICROCAP_250,IN,VGUARD,V-Guard Industries Ltd.
2026-02-23,2026-03-30,ind_prs23022026,NIFTY_MICROCAP_250,IN,VIKRAMSOLR,Vikram Solar Ltd.
2026-02-23,2026-03-30,ind_prs23022026,NIFTY_MICROCAP_250,IN,WAKEFIT,Wakefit Innovations Ltd.
2026-02-23,2026-03-30,ind_prs23022026,NIFTY_MICROCAP_250,IN,WEWORK,WeWork India Management Ltd.
2026-02-23,2026-03-30,ind_prs23022026,NIFTY_TOTAL_MARKET,OUT,AGI,AGI Greenpac Ltd.
2026-02-23,2026-03-30,ind_prs23022026,NIFTY_TOTAL_MARKET,OUT,AJAXENGG,Ajax Engineering Ltd.
2026-02-23,2026-03-30,ind_prs23022026,NIFTY_TOTAL_MARKET,OUT,ALLCARGO,Allcargo Logistics Ltd.*
2026-02-23,2026-03-30,ind_prs23022026,NIFTY_TOTAL_MARKET,OUT,PARKHOTELS,Apeejay Surrendra Park Hotels Ltd.
2026-02-23,2026-03-30,ind_prs23022026,NIFTY_TOTAL_MARKET,OUT,ASTRAZEN,AstraZenca Pharma India Ltd.
2026-02-23,2026-03-30,ind_prs23022026,NIFTY_TOTAL_MARKET,OUT,BASF,BASF India Ltd.
2026-02-23,2026-03-30,ind_prs23022026,NIFTY_TOTAL_MARKET,OUT,BBL,Bharat Bijlee Ltd.
2026-02-23,2026-03-30,ind_prs23022026,NIFTY_TOTAL_MARKET,OUT,BOSCH-HCIL,Bosch Home Comfort India Ltd.
2026-02-23,2026-03-30,ind_prs23022026,NIFTY_TOTAL_MARKET,OUT,CEIGALL,Ceigall India Ltd.
2026-02-23,2026-03-30,ind_prs23022026,NIFTY_TOTAL_MARKET,OUT,CYIENTDLM,Cyient DLM Ltd.
2026-02-23,2026-03-30,ind_prs23022026,NIFTY_TOTAL_MARKET,OUT,DHANUKA,Dhanuka Agritech Ltd.
2026-02-23,2026-03-30,ind_prs23022026,NIFTY_TOTAL_MARKET,OUT,DCAL,Dishman Carbogen Amcis Ltd.
2026-02-23,2026-03-30,ind_prs23022026,NIFTY_TOTAL_MARKET,OUT,DODLA,Dodla Dairy Ltd.
2026-02-23,2026-03-30,ind_prs23022026,NIFTY_TOTAL_MARKET,OUT,EASEMYTRIP,Easy Trip Planners Ltd.
2026-02-23,2026-03-30,ind_prs23022026,NIFTY_TOTAL_MARKET,OUT,EMUDHRA,eMudhra Ltd.
2026-02-23,2026-03-30,ind_prs23022026,NIFTY_TOTAL_MARKET,OUT,EPIGRAL,Epigral Ltd.
2026-02-23,2026-03-30,ind_prs23022026,NIFTY_TOTAL_MARKET,OUT,FDC,FDC Ltd.
2026-02-23,2026-03-30,ind_prs23022026,NIFTY_TOTAL_MARKET,OUT,FINEORG,Fine Organic Industries Ltd.
2026-02-23,2026-03-30,ind_prs23022026,NIFTY_TOTAL_MARKET,OUT,GRINFRA,G R Infraprojects Ltd.
2026-02-23,2026-03-30,ind_prs23022026,NIFTY_TOTAL_MARKET,OUT,GANESHHOU,Ganesh Housing Ltd.
2026-02-23,2026-03-30,ind_prs23022026,NIFTY_TOTAL_MARKET,OUT,GANECOS,Ganesha Ecosphere Ltd.
2026-02-23,2026-03-30,ind_prs23022026,NIFTY_TOTAL_MARKET,OUT,GARFIBRES,Garware Technical Fibres Ltd.
2026-02-23,2026-03-30,ind_prs23022026,NIFTY_TOTAL_MARKET,OUT,GATEWAY,Gateway Distriparks Ltd.
2026-02-23,2026-03-30,ind_prs23022026,NIFTY_TOTAL_MARKET,OUT,GREENPANEL,Greenpanel Industries Ltd.
2026-02-23,2026-03-30,ind_prs23022026,NIFTY_TOTAL_MARKET,OUT,GUJGASLTD,Gujarat Gas Ltd.
2026-02-23,2026-03-30,ind_prs23022026,NIFTY_TOTAL_MARKET,OUT,GULFOILLUB,Gulf Oil Lubricants India Ltd.
2026-02-23,2026-03-30,ind_prs23022026,NIFTY_TOTAL_MARKET,OUT,HIKAL,Hikal Ltd.
2026-02-23,2026-03-30,ind_prs23022026,NIFTY_TOTAL_MARKET,OUT,IMAGICAA,Imagicaaworld Entertainment Ltd.
2026-02-23,2026-03-30,ind_prs23022026,NIFTY_TOTAL_MARKET,OUT,INGERRAND,Ingersoll Rand (India) Ltd.
2026-02-23,2026-03-30,ind_prs23022026,NIFTY_TOTAL_MARKET,OUT,INNOVACAP,Innova Captab Ltd.
2026-02-23,2026-03-30,ind_prs23022026,NIFTY_TOTAL_MARKET,OUT,ISGEC,Isgec Heavy Engineering Ltd.
2026-02-23,2026-03-30,ind_prs23022026,NIFTY_TOTAL_MARKET,OUT,JKIL,J.Kumar Infraprojects Ltd.
2026-02-23,2026-03-30,ind_prs23022026,NIFTY_TOTAL_MARKET,OUT,JISLJALEQS,Jain Irrigation Systems Ltd.
2026-02-23,2026-03-30,ind_prs23022026,NIFTY_TOTAL_MARKET,OUT,JINDWORLD,Jindal Worldwide Ltd.
2026-02-23,2026-03-30,ind_prs23022026,NIFTY_TOTAL_MARKET,OUT,KSL,Kalyani Steels Ltd.
2026-02-23,2026-03-30,ind_prs23022026,NIFTY_TOTAL_MARKET,OUT,LMW,LMW Ltd.
2026-02-23,2026-03-30,ind_prs23022026,NIFTY_TOTAL_MARKET,OUT,LUXIND,Lux Industries Ltd.
2026-02-23,2026-03-30,ind_prs23022026,NIFTY_TOTAL_MARKET,OUT,MAHLIFE,Mahindra Lifespace Developers Ltd.
2026-02-23,2026-03-30,ind_prs23022026,NIFTY_TOTAL_MARKET,OUT,MANINFRA,Man Infraconstruction Ltd.
2026-02-23,2026-03-30,ind_prs23022026,NIFTY_TOTAL_MARKET,OUT,MAXESTATES,Max Estates Ltd.
2026-02-23,2026-03-30,ind_prs23022026,NIFTY_TOTAL_MARKET,OUT,ORCHPHARMA,Orchid Pharma Ltd.
2026-02-23,2026-03-30,ind_prs23022026,NIFTY_TOTAL_MARKET,OUT,PATELENG,Patel Engineering Ltd.
2026-02-23,2026-03-30,ind_prs23022026,NIFTY_TOTAL_MARKET,OUT,POLYPLEX,Polyplex Corporation Ltd.
2026-02-23,2026-03-30,ind_prs23022026,NIFTY_TOTAL_MARKET,OUT,PRINCEPIPE,Prince Pipes and Fittings Ltd.
2026-02-23,2026-03-30,ind_prs23022026,NIFTY_TOTAL_MARKET,OUT,PGHH,Procter & Gamble Hygiene & Health Care Ltd.
2026-02-23,2026-03-30,ind_prs23022026,NIFTY_TOTAL_MARKET,OUT,RATNAMANI,Ratnamani Metals & Tubes Ltd.
2026-02-23,2026-03-30,ind_prs23022026,NIFTY_TOTAL_MARKET,OUT,RELINFRA,Reliance Infrastructure Ltd.
2026-02-23,2026-03-30,ind_prs23022026,NIFTY_TOTAL_MARKET,OUT,SANOFICONR,Sanofi Consumer Healthcare India Ltd.
2026-02-23,2026-03-30,ind_prs23022026,NIFTY_TOTAL_MARKET,OUT,SANOFI,Sanofi India Ltd.
2026-02-23,2026-03-30,ind_prs23022026,NIFTY_TOTAL_MARKET,OUT,SHARDAMOTR,Sharda Motor Industries Ltd.
2026-02-23,2026-03-30,ind_prs23022026,NIFTY_TOTAL_MARKET,OUT,SUNDRMFAST,Sundram Fasteners Ltd.
2026-02-23,2026-03-30,ind_prs23022026,NIFTY_TOTAL_MARKET,OUT,SUNFLAG,Sunflag Iron & Steel Company Ltd.
2026-02-23,2026-03-30,ind_prs23022026,NIFTY_TOTAL_MARKET,OUT,SYMPHONY,Symphony Ltd.
2026-02-23,2026-03-30,ind_prs23022026,NIFTY_TOTAL_MARKET,OUT,TEAMLEASE,Teamlease Services Ltd.
2026-02-23,2026-03-30,ind_prs23022026,NIFTY_TOTAL_MARKET,OUT,UNIMECH,Unimech Aerospace and Manufacturing Ltd.
2026-02-23,2026-03-30,ind_prs23022026,NIFTY_TOTAL_MARKET,OUT,VENTIVE,Ventive Hospitality Ltd.
2026-02-23,2026-03-30,ind_prs23022026,NIFTY_TOTAL_MARKET,OUT,VESUVIUS,Vesuvius India Ltd.
2026-02-23,2026-03-30,ind_prs23022026,NIFTY_TOTAL_MARKET,OUT,VINATIORGA,Vinati Organics Ltd.
2026-02-23,2026-03-30,ind_prs23022026,NIFTY_TOTAL_MARKET,OUT,VSTIND,VST Industries Ltd.
2026-02-23,2026-03-30,ind_prs23022026,NIFTY_TOTAL_MARKET,IN,CPPLUS,Aditya Infotech Ltd.
2026-02-23,2026-03-30,ind_prs23022026,NIFTY_TOTAL_MARKET,IN,AVL,Aditya Vision Ltd.
2026-02-23,2026-03-30,ind_prs23022026,NIFTY_TOTAL_MARKET,IN,AEQUS,Aequs Ltd.
2026-02-23,2026-03-30,ind_prs23022026,NIFTY_TOTAL_MARKET,IN,ANTHEM,Anthem Biosciences Ltd.
2026-02-23,2026-03-30,ind_prs23022026,NIFTY_TOTAL_MARKET,IN,APOLLO,Apollo Micro Systems Ltd.
2026-02-23,2026-03-30,ind_prs23022026,NIFTY_TOTAL_MARKET,IN,ASHAPURMIN,Ashapura Minechem Ltd.
2026-02-23,2026-03-30,ind_prs23022026,NIFTY_TOTAL_MARKET,IN,ATLANTAELE,Atlanta Electricals Ltd.
2026-02-23,2026-03-30,ind_prs23022026,NIFTY_TOTAL_MARKET,IN,AXISCADES,AXISCADES Technologies Ltd.
2026-02-23,2026-03-30,ind_prs23022026,NIFTY_TOTAL_MARKET,IN,GROWW,Billionbrains Garage Ventures Ltd.
2026-02-23,2026-03-30,ind_prs23022026,NIFTY_TOTAL_MARKET,IN,BBOX,Black Box Ltd.
2026-02-23,2026-03-30,ind_prs23022026,NIFTY_TOTAL_MARKET,IN,BLUESTONE,BlueStone Jewellery and Lifestyle Ltd.
2026-02-23,2026-03-30,ind_prs23022026,NIFTY_TOTAL_MARKET,IN,CANHLIFE,Canara HSBC Life Insurance Company Ltd.
2026-02-23,2026-03-30,ind_prs23022026,NIFTY_TOTAL_MARKET,IN,CRAMC,Canara Robeco Asset Management Company Ltd.
2026-02-23,2026-03-30,ind_prs23022026,NIFTY_TOTAL_MARKET,IN,CAPILLARY,Capillary Technologies India Ltd.
2026-02-23,2026-03-30,ind_prs23022026,NIFTY_TOTAL_MARKET,IN,CORONA,CORONA Remedies Ltd.
2026-02-23,2026-03-30,ind_prs23022026,NIFTY_TOTAL_MARKET,IN,CRIZAC,Crizac Ltd.
2026-02-23,2026-03-30,ind_prs23022026,NIFTY_TOTAL_MARKET,IN,CUPID,Cupid Ltd.
2026-02-23,2026-03-30,ind_prs23022026,NIFTY_TOTAL_MARKET,IN,ELLEN,Ellenbarrie Industrial Gases Ltd.
2026-02-23,2026-03-30,ind_prs23022026,NIFTY_TOTAL_MARKET,IN,EMMVEE,Emmvee Photovoltaic Power Ltd.
2026-02-23,2026-03-30,ind_prs23022026,NIFTY_TOTAL_MARKET,IN,FEDFINA,Fedbank Financial Services Ltd.
2026-02-23,2026-03-30,ind_prs23022026,NIFTY_TOTAL_MARKET,IN,UTLSOLAR,Fujiyama Power Systems Ltd.
2026-02-23,2026-03-30,ind_prs23022026,NIFTY_TOTAL_MARKET,IN,GOKULAGRO,Gokul Agro Resources Ltd.
2026-02-23,2026-03-30,ind_prs23022026,NIFTY_TOTAL_MARKET,IN,HDBFS,HDB Financial Services Ltd.
2026-02-23,2026-03-30,ind_prs23022026,NIFTY_TOTAL_MARKET,IN,ICICIAMC,ICICI Prudential Asset Management Company Ltd.
2026-02-23,2026-03-30,ind_prs23022026,NIFTY_TOTAL_MARKET,IN,JAINREC,Jain Resource Recycling Ltd.
2026-02-23,2026-03-30,ind_prs23022026,NIFTY_TOTAL_MARKET,IN,JAYNECOIND,Jayaswal Neco Industries Ltd.
2026-02-23,2026-03-30,ind_prs23022026,NIFTY_TOTAL_MARKET,IN,JSLL,Jeena Sikho Lifecare Ltd.
2026-02-23,2026-03-30,ind_prs23022026,NIFTY_TOTAL_MARKET,IN,JLHL,Jupiter Life Line Hospitals Ltd.
2026-02-23,2026-03-30,ind_prs23022026,NIFTY_TOTAL_MARKET,IN,LENSKART,Lenskart Solutions Ltd.
2026-02-23,2026-03-30,ind_prs23022026,NIFTY_TOTAL_MARKET,IN,LGEINDIA,LG Electronics India Ltd.
2026-02-23,2026-03-30,ind_prs23022026,NIFTY_TOTAL_MARKET,IN,MEESHO,Meesho Ltd.
2026-02-23,2026-03-30,ind_prs23022026,NIFTY_TOTAL_MARKET,IN,ORKLAINDIA,Orkla India Ltd.
2026-02-23,2026-03-30,ind_prs23022026,NIFTY_TOTAL_MARKET,IN,PARKHOSPS,Park Medi World Ltd.
2026-02-23,2026-03-30,ind_prs23022026,NIFTY_TOTAL_MARKET,IN,PWL,Physicswallah Ltd.
2026-02-23,2026-03-30,ind_prs23022026,NIFTY_TOTAL_MARKET,IN,PICCADIL,Piccadily Agro Industries Ltd.
2026-02-23,2026-03-30,ind_prs23022026,NIFTY_TOTAL_MARKET,IN,PINELABS,Pine Labs Ltd.
2026-02-23,2026-03-30,ind_prs23022026,NIFTY_TOTAL_MARKET,IN,PIRAMALFIN,Piramal Finance Ltd.
2026-02-23,2026-03-30,ind_prs23022026,NIFTY_TOTAL_MARKET,IN,PFOCUS,Prime Focus Ltd
2026-02-23,2026-03-30,ind_prs23022026,NIFTY_TOTAL_MARKET,IN,QPOWER,Quality Power Electrical Equipments Ltd.
2026-02-23,2026-03-30,ind_prs23022026,NIFTY_TOTAL_MARKET,IN,REDTAPE,Redtape Ltd.
2026-02-23,2026-03-30,ind_prs23022026,NIFTY_TOTAL_MARKET,IN,RUBICON,Rubicon Research Ltd.
2026-02-23,2026-03-30,ind_prs23022026,NIFTY_TOTAL_MARKET,IN,SAATVIKGL,Saatvik Green Energy Ltd.
2026-02-23,2026-03-30,ind_prs23022026,NIFTY_TOTAL_MARKET,IN,STYL,Seshaasai Technologies Ltd.
2026-02-23,2026-03-30,ind_prs23022026,NIFTY_TOTAL_MARKET,IN,SKFINDUS,SKF India (Industrial) Ltd.
2026-02-23,2026-03-30,ind_prs23022026,NIFTY_TOTAL_MARKET,IN,SKFINDIA,SKF India Ltd.
2026-02-23,2026-03-30,ind_prs23022026,NIFTY_TOTAL_MARKET,IN,SMARTWORKS,Smartworks Coworking Spaces Ltd.
2026-02-23,2026-03-30,ind_prs23022026,NIFTY_TOTAL_MARKET,IN,SMLMAH,SML Mahindra Ltd.
2026-02-23,2026-03-30,ind_prs23022026,NIFTY_TOTAL_MARKET,IN,LOTUSDEV,Sri Lotus Developers and Realty Ltd.
2026-02-23,2026-03-30,ind_prs23022026,NIFTY_TOTAL_MARKET,IN,SUDEEPPHRM,Sudeep Pharma Ltd.
2026-02-23,2026-03-30,ind_prs23022026,NIFTY_TOTAL_MARKET,IN,SPLPETRO,Supreme Petrochem Ltd.
2026-02-23,2026-03-30,ind_prs23022026,NIFTY_TOTAL_MARKET,IN,TMB,Tamilnad Mercantile Bank Ltd.
2026-02-23,2026-03-30,ind_prs23022026,NIFTY_TOTAL_MARKET,IN,TATACAP,Tata Capital Ltd.
2026-02-23,2026-03-30,ind_prs23022026,NIFTY_TOTAL_MARKET,IN,TMCV,Tata Motors Ltd.
2026-02-23,2026-03-30,ind_prs23022026,NIFTY_TOTAL_MARKET,IN,TENNIND,Tenneco Clean Air India Ltd.
2026-02-23,2026-03-30,ind_prs23022026,NIFTY_TOTAL_MARKET,IN,TRAVELFOOD,Travel Food Services Ltd.
2026-02-23,2026-03-30,ind_prs23022026,NIFTY_TOTAL_MARKET,IN,URBANCO,Urban Company Ltd.
2026-02-23,2026-03-30,ind_prs23022026,NIFTY_TOTAL_MARKET,IN,VIKRAMSOLR,Vikram Solar Ltd.
2026-02-23,2026-03-30,ind_prs23022026,NIFTY_TOTAL_MARKET,IN,WAKEFIT,Wakefit Innovations Ltd.
2026-02-23,2026-03-30,ind_prs23022026,NIFTY_TOTAL_MARKET,IN,WEWORK,WeWork India Management Ltd.
2011-03-23,2011-03-29,ind_prs23032011,NIFTY_500,OUT,VTL,Vardhman Textiles Limited
2011-03-23,2011-03-29,ind_prs23032011,NIFTY_500,IN,GODREJPROP,Godrej Properties Limited
2021-08-23,2021-09-30,ind_prs23082021,NIFTY_NEXT_50,OUT,ABBOTINDIA,Abbott India Ltd.
2021-08-23,2021-09-30,ind_prs23082021,NIFTY_NEXT_50,OUT,ALKEM,Alkem Laboratories Ltd.
2021-08-23,2021-09-30,ind_prs23082021,NIFTY_NEXT_50,OUT,MRF,MRF Ltd.
2021-08-23,2021-09-30,ind_prs23082021,NIFTY_NEXT_50,OUT,PETRONET,Petronet LNG Ltd.
2021-08-23,2021-09-30,ind_prs23082021,NIFTY_NEXT_50,OUT,UBL,United Breweries Ltd.
2021-08-23,2021-09-30,ind_prs23082021,NIFTY_NEXT_50,IN,BANKBARODA,Bank of Baroda
2021-08-23,2021-09-30,ind_prs23082021,NIFTY_NEXT_50,IN,CHOLAFIN,Cholamandalam Investment and Fin. Co. Ltd.
2021-08-23,2021-09-30,ind_prs23082021,NIFTY_NEXT_50,IN,JINDALSTEL,Jindal Steel & Power Ltd.
2021-08-23,2021-09-30,ind_prs23082021,NIFTY_NEXT_50,IN,PIIND,PI Industries Ltd.
2021-08-23,2021-09-30,ind_prs23082021,NIFTY_NEXT_50,IN,SAIL,Steel Authority of India Ltd.
2021-08-23,2021-09-30,ind_prs23082021,NIFTY_500,OUT,AKZOINDIA,Akzo Nobel India Ltd.
2021-08-23,2021-09-30,ind_prs23082021,NIFTY_500,OUT,BALMLAWRIE,Balmer Lawrie & Co. Ltd.
2021-08-23,2021-09-30,ind_prs23082021,NIFTY_500,OUT,BLISSGVS,Bliss GVS Pharma Ltd.
2021-08-23,2021-09-30,ind_prs23082021,NIFTY_500,OUT,DISHTV,Dish TV India Ltd.
2021-08-23,2021-09-30,ind_prs23082021,NIFTY_500,OUT,DCAL,Dishman Carbogen Amcis Ltd.
2021-08-23,2021-09-30,ind_prs23082021,NIFTY_500,OUT,FCONSUMER,Future Consumer Ltd.
2021-08-23,2021-09-30,ind_prs23082021,NIFTY_500,OUT,GRSE,Garden Reach Shipbuilders & Engineers Ltd.
2021-08-23,2021-09-30,ind_prs23082021,NIFTY_500,OUT,GEPIL,GE Power India Ltd.
2021-08-23,2021-09-30,ind_prs23082021,NIFTY_500,OUT,GILLETTE,Gillette India Ltd.
2021-08-23,2021-09-30,ind_prs23082021,NIFTY_500,OUT,GULFOILLUB,Gulf Oil Lubricants India Ltd.
2021-08-23,2021-09-30,ind_prs23082021,NIFTY_500,OUT,HSCL,Himadri Speciality Chemical Ltd.
2021-08-23,2021-09-30,ind_prs23082021,NIFTY_500,OUT,HUHTAMAKI,Huhtamaki India Ltd.
2021-08-23,2021-09-30,ind_prs23082021,NIFTY_500,OUT,JTEKTINDIA,JTEKT India Ltd.
2021-08-23,2021-09-30,ind_prs23082021,NIFTY_500,OUT,MAHSCOOTER,Maharashtra Scooters Ltd.
2021-08-23,2021-09-30,ind_prs23082021,NIFTY_500,OUT,MAHSEAMLES,Maharashtra Seamless Ltd.
2021-08-23,2021-09-30,ind_prs23082021,NIFTY_500,OUT,MASFIN,MAS Financial Services Ltd.
2021-08-23,2021-09-30,ind_prs23082021,NIFTY_500,OUT,RAYMOND,Raymond Ltd.
2021-08-23,2021-09-30,ind_prs23082021,NIFTY_500,OUT,RESPONIND,Responsive Industries Ltd.
2021-08-23,2021-09-30,ind_prs23082021,NIFTY_500,OUT,SHOPERSTOP,Shoppers Stop Ltd.
2021-08-23,2021-09-30,ind_prs23082021,NIFTY_500,OUT,SUNCLAYLTD,Sundaram Clayton Ltd.
2021-08-23,2021-09-30,ind_prs23082021,NIFTY_500,OUT,SWANENERGY,Swan Energy Ltd.
2021-08-23,2021-09-30,ind_prs23082021,NIFTY_500,OUT,TATAINVEST,Tata Investment Corporation Ltd.
2021-08-23,2021-09-30,ind_prs23082021,NIFTY_500,OUT,VSTIND,VST Industries Ltd.
2021-08-23,2021-09-30,ind_prs23082021,NIFTY_500,IN,ANURAS,Anupam Rasayan India Ltd.
2021-08-23,2021-09-30,ind_prs23082021,NIFTY_500,IN,BIRET,Brookfield India Real Estate Trust
2021-08-23,2021-09-30,ind_prs23082021,NIFTY_500,IN,CGPOWER,CG Power and Industrial Solutions Ltd.
2021-08-23,2021-09-30,ind_prs23082021,NIFTY_500,IN,EMBASSY,Embassy Office Parks REIT
2021-08-23,2021-09-30,ind_prs23082021,NIFTY_500,IN,EQUITASBNK,Equitas Small Finance Bank Ltd.
2021-08-23,2021-09-30,ind_prs23082021,NIFTY_500,IN,FACT,Fertilisers and Chemicals Travancore Ltd.
2021-08-23,2021-09-30,ind_prs23082021,NIFTY_500,IN,HATHWAY,Hathway Cable & Datacom Ltd.
2021-08-23,2021-09-30,ind_prs23082021,NIFTY_500,IN,HOMEFIRST,Home First Finance Company India Ltd.
2021-08-23,2021-09-30,ind_prs23082021,NIFTY_500,IN,IRFC,Indian Railway Finance Corporation Ltd.
2021-08-23,2021-09-30,ind_prs23082021,NIFTY_500,IN,INDIGOPNTS,Indigo Paints Ltd.
2021-08-23,2021-09-30,ind_prs23082021,NIFTY_500,IN,JUBLINGREA,Jubilant Ingrevia Ltd.
2021-08-23,2021-09-30,ind_prs23082021,NIFTY_500,IN,JUBLPHARMA,Jubilant Pharmova Ltd.
2021-08-23,2021-09-30,ind_prs23082021,NIFTY_500,IN,KALYANKJIL,Kalyan Jewellers India Ltd.
2021-08-23,2021-09-30,ind_prs23082021,NIFTY_500,IN,LXCHEM,Laxmi Organic Industries Ltd.
2021-08-23,2021-09-30,ind_prs23082021,NIFTY_500,IN,LODHA,Macrotech Developers Ltd.
2021-08-23,2021-09-30,ind_prs23082021,NIFTY_500,IN,MASTEK,Mastek Ltd.
2021-08-23,2021-09-30,ind_prs23082021,NIFTY_500,IN,MINDSPACE,Mindspace Business Parks REIT
2021-08-23,2021-09-30,ind_prs23082021,NIFTY_500,IN,NAZARA,Nazara Technologies Ltd.
2021-08-23,2021-09-30,ind_prs23082021,NIFTY_500,IN,POONAWALLA,Poonawalla Fincorp Ltd.
2021-08-23,2021-09-30,ind_prs23082021,NIFTY_500,IN,PRAJIND,Praj Industries Ltd.
2021-08-23,2021-09-30,ind_prs23082021,NIFTY_500,IN,RAILTEL,Railtel Corporation Of India Ltd.
2021-08-23,2021-09-30,ind_prs23082021,NIFTY_500,IN,TATASTLLP,Tata Steel Long Products Ltd.
2021-08-23,2021-09-30,ind_prs23082021,NIFTY_500,IN,TTML,Tata Teleservices (Maharashtra) Ltd.
2021-08-23,2021-09-30,ind_prs23082021,NIFTY_MIDCAP_150,OUT,AKZOINDIA,Akzo Nobel India Ltd.
2021-08-23,2021-09-30,ind_prs23082021,NIFTY_MIDCAP_150,OUT,ASTRAZEN,AstraZenca Pharma India Ltd.
2021-08-23,2021-09-30,ind_prs23082021,NIFTY_MIDCAP_150,OUT,BANKBARODA,Bank of Baroda
2021-08-23,2021-09-30,ind_prs23082021,NIFTY_MIDCAP_150,OUT,BBTC,Bombay Burmah Trading Corporation Ltd.
2021-08-23,2021-09-30,ind_prs23082021,NIFTY_MIDCAP_150,OUT,CESC,CESC Ltd.
2021-08-23,2021-09-30,ind_prs23082021,NIFTY_MIDCAP_150,OUT,CHOLAFIN,Cholamandalam Investment and Fin. Co. Ltd.
2021-08-23,2021-09-30,ind_prs23082021,NIFTY_MIDCAP_150,OUT,CREDITACC,CreditAccess Grameen Ltd.
2021-08-23,2021-09-30,ind_prs23082021,NIFTY_MIDCAP_150,OUT,GILLETTE,Gillette India Ltd.
2021-08-23,2021-09-30,ind_prs23082021,NIFTY_MIDCAP_150,OUT,GODREJAGRO,Godrej Agrovet Ltd.
2021-08-23,2021-09-30,ind_prs23082021,NIFTY_MIDCAP_150,OUT,IDBI,IDBI Bank Ltd.
2021-08-23,2021-09-30,ind_prs23082021,NIFTY_MIDCAP_150,OUT,IIFLWAM,IIFL Wealth Management Ltd.
2021-08-23,2021-09-30,ind_prs23082021,NIFTY_MIDCAP_150,OUT,IBULHSGFIN,Indiabulls Housing Finance Ltd.
2021-08-23,2021-09-30,ind_prs23082021,NIFTY_MIDCAP_150,OUT,JINDALSTEL,Jindal Steel & Power Ltd.
2021-08-23,2021-09-30,ind_prs23082021,NIFTY_MIDCAP_150,OUT,JMFINANCIL,JM Financial Ltd.
2021-08-23,2021-09-30,ind_prs23082021,NIFTY_MIDCAP_150,OUT,MOTILALOFS,Motilal Oswal Financial Services Ltd.
2021-08-23,2021-09-30,ind_prs23082021,NIFTY_MIDCAP_150,OUT,PIIND,PI Industries Ltd.
2021-08-23,2021-09-30,ind_prs23082021,NIFTY_MIDCAP_150,OUT,PGHL,Procter & Gamble Health Ltd.
2021-08-23,2021-09-30,ind_prs23082021,NIFTY_MIDCAP_150,OUT,SJVN,SJVN Ltd.
2021-08-23,2021-09-30,ind_prs23082021,NIFTY_MIDCAP_150,OUT,SAIL,Steel Authority of India Ltd.
2021-08-23,2021-09-30,ind_prs23082021,NIFTY_MIDCAP_150,OUT,VGUARD,V-Guard Industries Ltd.
2021-08-23,2021-09-30,ind_prs23082021,NIFTY_MIDCAP_150,IN,ABBOTINDIA,Abbott India Ltd.
2021-08-23,2021-09-30,ind_prs23082021,NIFTY_MIDCAP_150,IN,AFFLE,Affle (India) Ltd.
2021-08-23,2021-09-30,ind_prs23082021,NIFTY_MIDCAP_150,IN,ALKEM,Alkem Laboratories Ltd.
2021-08-23,2021-09-30,ind_prs23082021,NIFTY_MIDCAP_150,IN,ALKYLAMINE,Alkyl Amines Chemicals Ltd.
2021-08-23,2021-09-30,ind_prs23082021,NIFTY_MIDCAP_150,IN,APLAPOLLO,APL Apollo Tubes Ltd.
2021-08-23,2021-09-30,ind_prs23082021,NIFTY_MIDCAP_150,IN,BLUEDART,Blue Dart Express Ltd.
2021-08-23,2021-09-30,ind_prs23082021,NIFTY_MIDCAP_150,IN,EMBASSY,Embassy Office Parks REIT
2021-08-23,2021-09-30,ind_prs23082021,NIFTY_MIDCAP_150,IN,HINDCOPPER,Hindustan Copper Ltd.
2021-08-23,2021-09-30,ind_prs23082021,NIFTY_MIDCAP_150,IN,INDIANB,Indian Bank
2021-08-23,2021-09-30,ind_prs23082021,NIFTY_MIDCAP_150,IN,IRFC,Indian Railway Finance Corporation Ltd.
2021-08-23,2021-09-30,ind_prs23082021,NIFTY_MIDCAP_150,IN,KAJARIACER,Kajaria Ceramics Ltd.
2021-08-23,2021-09-30,ind_prs23082021,NIFTY_MIDCAP_150,IN,LINDEINDIA,Linde India Ltd.
2021-08-23,2021-09-30,ind_prs23082021,NIFTY_MIDCAP_150,IN,LODHA,Macrotech Developers Ltd.
2021-08-23,2021-09-30,ind_prs23082021,NIFTY_MIDCAP_150,IN,MINDSPACE,Mindspace Business Parks REIT
2021-08-23,2021-09-30,ind_prs23082021,NIFTY_MIDCAP_150,IN,MRF,MRF Ltd.
2021-08-23,2021-09-30,ind_prs23082021,NIFTY_MIDCAP_150,IN,NATIONALUM,National Aluminium Co. Ltd.
2021-08-23,2021-09-30,ind_prs23082021,NIFTY_MIDCAP_150,IN,PETRONET,Petronet LNG Ltd.
2021-08-23,2021-09-30,ind_prs23082021,NIFTY_MIDCAP_150,IN,UBL,United Breweries Ltd.
2021-08-23,2021-09-30,ind_prs23082021,NIFTY_MIDCAP_150,IN,VAIBHAVGBL,Vaibhav Global Ltd.
2021-08-23,2021-09-30,ind_prs23082021,NIFTY_MIDCAP_150,IN,WABCOINDIA,WABCO India Ltd.
2021-08-23,2021-09-30,ind_prs23082021,NIFTY_SMALLCAP_250,OUT,AFFLE,Affle (India) Ltd.
2021-08-23,2021-09-30,ind_prs23082021,NIFTY_SMALLCAP_250,OUT,ALKYLAMINE,Alkyl Amines Chemicals Ltd.
2021-08-23,2021-09-30,ind_prs23082021,NIFTY_SMALLCAP_250,OUT,APLAPOLLO,APL Apollo Tubes Ltd.
2021-08-23,2021-09-30,ind_prs23082021,NIFTY_SMALLCAP_250,OUT,BALMLAWRIE,Balmer Lawrie & Co. Ltd.
2021-08-23,2021-09-30,ind_prs23082021,NIFTY_SMALLCAP_250,OUT,BLISSGVS,Bliss GVS Pharma Ltd.
2021-08-23,2021-09-30,ind_prs23082021,NIFTY_SMALLCAP_250,OUT,BLUEDART,Blue Dart Express Ltd.
2021-08-23,2021-09-30,ind_prs23082021,NIFTY_SMALLCAP_250,OUT,DISHTV,Dish TV India Ltd.
2021-08-23,2021-09-30,ind_prs23082021,NIFTY_SMALLCAP_250,OUT,DCAL,Dishman Carbogen Amcis Ltd.
2021-08-23,2021-09-30,ind_prs23082021,NIFTY_SMALLCAP_250,OUT,FCONSUMER,Future Consumer Ltd.
2021-08-23,2021-09-30,ind_prs23082021,NIFTY_SMALLCAP_250,OUT,GRSE,Garden Reach Shipbuilders & Engineers Ltd.
2021-08-23,2021-09-30,ind_prs23082021,NIFTY_SMALLCAP_250,OUT,GEPIL,GE Power India Ltd.
2021-08-23,2021-09-30,ind_prs23082021,NIFTY_SMALLCAP_250,OUT,GULFOILLUB,Gulf Oil Lubricants India Ltd.
2021-08-23,2021-09-30,ind_prs23082021,NIFTY_SMALLCAP_250,OUT,HSCL,Himadri Speciality Chemical Ltd.
2021-08-23,2021-09-30,ind_prs23082021,NIFTY_SMALLCAP_250,OUT,HINDCOPPER,Hindustan Copper Ltd.
2021-08-23,2021-09-30,ind_prs23082021,NIFTY_SMALLCAP_250,OUT,HUHTAMAKI,Huhtamaki India Ltd.
2021-08-23,2021-09-30,ind_prs23082021,NIFTY_SMALLCAP_250,OUT,INDIANB,Indian Bank
2021-08-23,2021-09-30,ind_prs23082021,NIFTY_SMALLCAP_250,OUT,JTEKTINDIA,JTEKT India Ltd.
2021-08-23,2021-09-30,ind_prs23082021,NIFTY_SMALLCAP_250,OUT,KAJARIACER,Kajaria Ceramics Ltd.
2021-08-23,2021-09-30,ind_prs23082021,NIFTY_SMALLCAP_250,OUT,LINDEINDIA,Linde India Ltd.
2021-08-23,2021-09-30,ind_prs23082021,NIFTY_SMALLCAP_250,OUT,MAHSCOOTER,Maharashtra Scooters Ltd.
2021-08-23,2021-09-30,ind_prs23082021,NIFTY_SMALLCAP_250,OUT,MAHSEAMLES,Maharashtra Seamless Ltd.
2021-08-23,2021-09-30,ind_prs23082021,NIFTY_SMALLCAP_250,OUT,MASFIN,MAS Financial Services Ltd.
2021-08-23,2021-09-30,ind_prs23082021,NIFTY_SMALLCAP_250,OUT,NATIONALUM,National Aluminium Co. Ltd.
2021-08-23,2021-09-30,ind_prs23082021,NIFTY_SMALLCAP_250,OUT,RAYMOND,Raymond Ltd.
2021-08-23,2021-09-30,ind_prs23082021,NIFTY_SMALLCAP_250,OUT,RESPONIND,Responsive Industries Ltd.
2021-08-23,2021-09-30,ind_prs23082021,NIFTY_SMALLCAP_250,OUT,SHOPERSTOP,Shoppers Stop Ltd.
2021-08-23,2021-09-30,ind_prs23082021,NIFTY_SMALLCAP_250,OUT,SUNCLAYLTD,Sundaram Clayton Ltd.
2021-08-23,2021-09-30,ind_prs23082021,NIFTY_SMALLCAP_250,OUT,SWANENERGY,Swan Energy Ltd.
2021-08-23,2021-09-30,ind_prs23082021,NIFTY_SMALLCAP_250,OUT,TATAINVEST,Tata Investment Corporation Ltd.
2021-08-23,2021-09-30,ind_prs23082021,NIFTY_SMALLCAP_250,OUT,VAIBHAVGBL,Vaibhav Global Ltd.
2021-08-23,2021-09-30,ind_prs23082021,NIFTY_SMALLCAP_250,OUT,VSTIND,VST Industries Ltd.
2021-08-23,2021-09-30,ind_prs23082021,NIFTY_SMALLCAP_250,OUT,WABCOINDIA,WABCO India Ltd.
2021-08-23,2021-09-30,ind_prs23082021,NIFTY_SMALLCAP_250,IN,ANURAS,Anupam Rasayan India Ltd.
2021-08-23,2021-09-30,ind_prs23082021,NIFTY_SMALLCAP_250,IN,ASTRAZEN,AstraZenca Pharma India Ltd.
2021-08-23,2021-09-30,ind_prs23082021,NIFTY_SMALLCAP_250,IN,BBTC,Bombay Burmah Trading Corporation Ltd.
2021-08-23,2021-09-30,ind_prs23082021,NIFTY_SMALLCAP_250,IN,BIRET,Brookfield India Real Estate Trust
2021-08-23,2021-09-30,ind_prs23082021,NIFTY_SMALLCAP_250,IN,CESC,CESC Ltd.
2021-08-23,2021-09-30,ind_prs23082021,NIFTY_SMALLCAP_250,IN,CGPOWER,CG Power and Industrial Solutions Ltd.
2021-08-23,2021-09-30,ind_prs23082021,NIFTY_SMALLCAP_250,IN,CREDITACC,CreditAccess Grameen Ltd.
2021-08-23,2021-09-30,ind_prs23082021,NIFTY_SMALLCAP_250,IN,EQUITASBNK,Equitas Small Finance Bank Ltd.
2021-08-23,2021-09-30,ind_prs23082021,NIFTY_SMALLCAP_250,IN,FACT,Fertilisers and Chemicals Travancore Ltd.
2021-08-23,2021-09-30,ind_prs23082021,NIFTY_SMALLCAP_250,IN,GODREJAGRO,Godrej Agrovet Ltd.
2021-08-23,2021-09-30,ind_prs23082021,NIFTY_SMALLCAP_250,IN,HATHWAY,Hathway Cable & Datacom Ltd.
2021-08-23,2021-09-30,ind_prs23082021,NIFTY_SMALLCAP_250,IN,HOMEFIRST,Home First Finance Company India Ltd.
2021-08-23,2021-09-30,ind_prs23082021,NIFTY_SMALLCAP_250,IN,IDBI,IDBI Bank Ltd.
2021-08-23,2021-09-30,ind_prs23082021,NIFTY_SMALLCAP_250,IN,IIFLWAM,IIFL Wealth Management Ltd.
2021-08-23,2021-09-30,ind_prs23082021,NIFTY_SMALLCAP_250,IN,IBULHSGFIN,Indiabulls Housing Finance Ltd.
2021-08-23,2021-09-30,ind_prs23082021,NIFTY_SMALLCAP_250,IN,INDIGOPNTS,Indigo Paints Ltd.
2021-08-23,2021-09-30,ind_prs23082021,NIFTY_SMALLCAP_250,IN,JMFINANCIL,JM Financial Ltd.
2021-08-23,2021-09-30,ind_prs23082021,NIFTY_SMALLCAP_250,IN,JUBLINGREA,Jubilant Ingrevia Ltd.
2021-08-23,2021-09-30,ind_prs23082021,NIFTY_SMALLCAP_250,IN,JUBLPHARMA,Jubilant Pharmova Ltd.
2021-08-23,2021-09-30,ind_prs23082021,NIFTY_SMALLCAP_250,IN,KALYANKJIL,Kalyan Jewellers India Ltd.
2021-08-23,2021-09-30,ind_prs23082021,NIFTY_SMALLCAP_250,IN,LXCHEM,Laxmi Organic Industries Ltd.
2021-08-23,2021-09-30,ind_prs23082021,NIFTY_SMALLCAP_250,IN,MASTEK,Mastek Ltd.
2021-08-23,2021-09-30,ind_prs23082021,NIFTY_SMALLCAP_250,IN,MOTILALOFS,Motilal Oswal Financial Services Ltd.
2021-08-23,2021-09-30,ind_prs23082021,NIFTY_SMALLCAP_250,IN,NAZARA,Nazara Technologies Ltd.
2021-08-23,2021-09-30,ind_prs23082021,NIFTY_SMALLCAP_250,IN,POONAWALLA,Poonawalla Fincorp Ltd.
2021-08-23,2021-09-30,ind_prs23082021,NIFTY_SMALLCAP_250,IN,PRAJIND,Praj Industries Ltd.
2021-08-23,2021-09-30,ind_prs23082021,NIFTY_SMALLCAP_250,IN,PGHL,Procter & Gamble Health Ltd.
2021-08-23,2021-09-30,ind_prs23082021,NIFTY_SMALLCAP_250,IN,RAILTEL,Railtel Corporation Of India Ltd.
2021-08-23,2021-09-30,ind_prs23082021,NIFTY_SMALLCAP_250,IN,SJVN,SJVN Ltd.
2021-08-23,2021-09-30,ind_prs23082021,NIFTY_SMALLCAP_250,IN,TATASTLLP,Tata Steel Long Products Ltd.
2021-08-23,2021-09-30,ind_prs23082021,NIFTY_SMALLCAP_250,IN,TTML,Tata Teleservices (Maharashtra) Ltd.
2021-08-23,2021-09-30,ind_prs23082021,NIFTY_SMALLCAP_250,IN,VGUARD,V-Guard Industries Ltd.
2021-08-23,2021-09-30,ind_prs23082021,NIFTY_MICROCAP_250,OUT,AGCNET,AGC Networks Ltd.
2021-08-23,2021-09-30,ind_prs23082021,NIFTY_MICROCAP_250,OUT,AHLUCONT,Ahluwalia Contracts (India) Ltd.
2021-08-23,2021-09-30,ind_prs23082021,NIFTY_MICROCAP_250,OUT,ANDHRAPAP,Andhra Paper Ltd.
2021-08-23,2021-09-30,ind_prs23082021,NIFTY_MICROCAP_250,OUT,APEX,Apex Frozen Foods Ltd.
2021-08-23,2021-09-30,ind_prs23082021,NIFTY_MICROCAP_250,OUT,ASIANTILES,Asian Granito India Ltd.
2021-08-23,2021-09-30,ind_prs23082021,NIFTY_MICROCAP_250,OUT,CGPOWER,CG Power and Industrial Solutions Ltd.
2021-08-23,2021-09-30,ind_prs23082021,NIFTY_MICROCAP_250,OUT,EQUITASBNK,Equitas Small Finance Bank Ltd.
2021-08-23,2021-09-30,ind_prs23082021,NIFTY_MICROCAP_250,OUT,FACT,Fertilisers and Chemicals Travancore Ltd.
2021-08-23,2021-09-30,ind_prs23082021,NIFTY_MICROCAP_250,OUT,FIEMIND,Fiem Industries Ltd
2021-08-23,2021-09-30,ind_prs23082021,NIFTY_MICROCAP_250,OUT,FEL,Future Enterprises Ltd.
2021-08-23,2021-09-30,ind_prs23082021,NIFTY_MICROCAP_250,OUT,FLFL,Future Lifestyle Fashions Ltd.
2021-08-23,2021-09-30,ind_prs23082021,NIFTY_MICROCAP_250,OUT,GOCLCORP,GOCL Corporation Ltd.
2021-08-23,2021-09-30,ind_prs23082021,NIFTY_MICROCAP_250,OUT,GREENLAM,Greenlam Industries Ltd.
2021-08-23,2021-09-30,ind_prs23082021,NIFTY_MICROCAP_250,OUT,GTLINFRA,GTL Infrastructure Ltd.
2021-08-23,2021-09-30,ind_prs23082021,NIFTY_MICROCAP_250,OUT,HONDAPOWER,Honda India Power Products Ltd.
2021-08-23,2021-09-30,ind_prs23082021,NIFTY_MICROCAP_250,OUT,INDNIPPON,India Nippon Electricals Ltd.
2021-08-23,2021-09-30,ind_prs23082021,NIFTY_MICROCAP_250,OUT,JSWHL,JSW Holdings Ltd.
2021-08-23,2021-09-30,ind_prs23082021,NIFTY_MICROCAP_250,OUT,KENNAMET,Kennametal India Ltd.
2021-08-23,2021-09-30,ind_prs23082021,NIFTY_MICROCAP_250,OUT,KINGFA,Kingfa Science & Technology (India) Ltd.
2021-08-23,2021-09-30,ind_prs23082021,NIFTY_MICROCAP_250,OUT,KITEX,Kitex Garments Ltd.
2021-08-23,2021-09-30,ind_prs23082021,NIFTY_MICROCAP_250,OUT,LUMAXIND,Lumax Industries Ltd.
2021-08-23,2021-09-30,ind_prs23082021,NIFTY_MICROCAP_250,OUT,MMFL,M M Forgings Ltd.
2021-08-23,2021-09-30,ind_prs23082021,NIFTY_MICROCAP_250,OUT,MAJESCO,Majesco Ltd.
2021-08-23,2021-09-30,ind_prs23082021,NIFTY_MICROCAP_250,OUT,MASTEK,Mastek Ltd.
2021-08-23,2021-09-30,ind_prs23082021,NIFTY_MICROCAP_250,OUT,MIRZAINT,Mirza International Ltd.
2021-08-23,2021-09-30,ind_prs23082021,NIFTY_MICROCAP_250,OUT,MUTHOOTCAP,Muthoot Capital Services Ltd.
2021-08-23,2021-09-30,ind_prs23082021,NIFTY_MICROCAP_250,OUT,OMAXE,Omaxe Ltd.
2021-08-23,2021-09-30,ind_prs23082021,NIFTY_MICROCAP_250,OUT,OCCL,Oriental Carbon & Chemicals Ltd.
2021-08-23,2021-09-30,ind_prs23082021,NIFTY_MICROCAP_250,OUT,POONAWALLA,Poonawalla Fincorp Ltd.
2021-08-23,2021-09-30,ind_prs23082021,NIFTY_MICROCAP_250,OUT,PRAJIND,Praj Industries Ltd.
2021-08-23,2021-09-30,ind_prs23082021,NIFTY_MICROCAP_250,OUT,SAFARI,Safari Industries (India) Ltd.
2021-08-23,2021-09-30,ind_prs23082021,NIFTY_MICROCAP_250,OUT,SIRCA,Sirca Paints India Ltd.
2021-08-23,2021-09-30,ind_prs23082021,NIFTY_MICROCAP_250,OUT,SMLISUZU,SML Isuzu Ltd.
2021-08-23,2021-09-30,ind_prs23082021,NIFTY_MICROCAP_250,OUT,SPENCERS,Spencers Retail Ltd.
2021-08-23,2021-09-30,ind_prs23082021,NIFTY_MICROCAP_250,OUT,SUBROS,Subros Ltd.
2021-08-23,2021-09-30,ind_prs23082021,NIFTY_MICROCAP_250,OUT,SUNDARMHLD,Sundaram Finance Holdings Ltd.
2021-08-23,2021-09-30,ind_prs23082021,NIFTY_MICROCAP_250,OUT,TAJGVK,Taj GVK Hotels & Resorts Ltd.
2021-08-23,2021-09-30,ind_prs23082021,NIFTY_MICROCAP_250,OUT,TATASTLLP,Tata Steel Long Products Ltd.
2021-08-23,2021-09-30,ind_prs23082021,NIFTY_MICROCAP_250,OUT,TTML,Tata Teleservices (Maharashtra) Ltd.
2021-08-23,2021-09-30,ind_prs23082021,NIFTY_MICROCAP_250,OUT,TEXRAIL,Texmaco Rail & Eng. Ltd.
2021-08-23,2021-09-30,ind_prs23082021,NIFTY_MICROCAP_250,IN,ALLCARGO,Allcargo Logistics Ltd.
2021-08-23,2021-09-30,ind_prs23082021,NIFTY_MICROCAP_250,IN,ANANTRAJ,Anant Raj Ltd.
2021-08-23,2021-09-30,ind_prs23082021,NIFTY_MICROCAP_250,IN,BALMLAWRIE,Balmer Lawrie & Co. Ltd.
2021-08-23,2021-09-30,ind_prs23082021,NIFTY_MICROCAP_250,IN,BARBEQUE,Barbeque Nation Hospitality Ltd.
2021-08-23,2021-09-30,ind_prs23082021,NIFTY_MICROCAP_250,IN,CRAFTSMAN,Craftsman Automation Ltd.
2021-08-23,2021-09-30,ind_prs23082021,NIFTY_MICROCAP_250,IN,DEN,Den Networks Ltd.
2021-08-23,2021-09-30,ind_prs23082021,NIFTY_MICROCAP_250,IN,DISHTV,Dish TV India Ltd.
2021-08-23,2021-09-30,ind_prs23082021,NIFTY_MICROCAP_250,IN,DCAL,Dishman Carbogen Amcis Ltd.
2021-08-23,2021-09-30,ind_prs23082021,NIFTY_MICROCAP_250,IN,EASEMYTRIP,Easy Trip Planners Ltd.
2021-08-23,2021-09-30,ind_prs23082021,NIFTY_MICROCAP_250,IN,FMGOETZE,Federal-Mogul Goetze (India) Ltd.
2021-08-23,2021-09-30,ind_prs23082021,NIFTY_MICROCAP_250,IN,FCONSUMER,Future Consumer Ltd.
2021-08-23,2021-09-30,ind_prs23082021,NIFTY_MICROCAP_250,IN,GRSE,Garden Reach Shipbuilders & Engineers Ltd.
2021-08-23,2021-09-30,ind_prs23082021,NIFTY_MICROCAP_250,IN,GEPIL,GE Power India Ltd.
2021-08-23,2021-09-30,ind_prs23082021,NIFTY_MICROCAP_250,IN,GTPL,GTPL Hathway Ltd.
2021-08-23,2021-09-30,ind_prs23082021,NIFTY_MICROCAP_250,IN,GULFOILLUB,Gulf Oil Lubricants India Ltd.
2021-08-23,2021-09-30,ind_prs23082021,NIFTY_MICROCAP_250,IN,HERANBA,Heranba Industries Ltd.
2021-08-23,2021-09-30,ind_prs23082021,NIFTY_MICROCAP_250,IN,HSCL,Himadri Speciality Chemical Ltd.
2021-08-23,2021-09-30,ind_prs23082021,NIFTY_MICROCAP_250,IN,HLEGLAS,HLE Glascoat Ltd.
2021-08-23,2021-09-30,ind_prs23082021,NIFTY_MICROCAP_250,IN,HUHTAMAKI,Huhtamaki India Ltd.
2021-08-23,2021-09-30,ind_prs23082021,NIFTY_MICROCAP_250,IN,IRBINVIT,IRB InvIT Fund
2021-08-23,2021-09-30,ind_prs23082021,NIFTY_MICROCAP_250,IN,JTEKTINDIA,JTEKT India Ltd.
2021-08-23,2021-09-30,ind_prs23082021,NIFTY_MICROCAP_250,IN,MAHSCOOTER,Maharashtra Scooters Ltd.
2021-08-23,2021-09-30,ind_prs23082021,NIFTY_MICROCAP_250,IN,MAHSEAMLES,Maharashtra Seamless Ltd.
2021-08-23,2021-09-30,ind_prs23082021,NIFTY_MICROCAP_250,IN,MASFIN,MAS Financial Services Ltd.
2021-08-23,2021-09-30,ind_prs23082021,NIFTY_MICROCAP_250,IN,BECTORFOOD,Mrs. Bectors Food Specialities Ltd.
2021-08-23,2021-09-30,ind_prs23082021,NIFTY_MICROCAP_250,IN,MTARTECH,MTAR Technologies Ltd.
2021-08-23,2021-09-30,ind_prs23082021,NIFTY_MICROCAP_250,IN,PUNJABCHEM,Punjab Chemicals & Crop Protection Ltd.
2021-08-23,2021-09-30,ind_prs23082021,NIFTY_MICROCAP_250,IN,RAYMOND,Raymond Ltd.
2021-08-23,2021-09-30,ind_prs23082021,NIFTY_MICROCAP_250,IN,SAREGAMA,Saregama India Ltd
2021-08-23,2021-09-30,ind_prs23082021,NIFTY_MICROCAP_250,IN,SHARDAMOTR,Sharda Motor Industries Ltd.
2021-08-23,2021-09-30,ind_prs23082021,NIFTY_MICROCAP_250,IN,SHOPERSTOP,Shoppers Stop Ltd.
2021-08-23,2021-09-30,ind_prs23082021,NIFTY_MICROCAP_250,IN,SMSPHARMA,SMS Pharmaceuticals Ltd.
2021-08-23,2021-09-30,ind_prs23082021,NIFTY_MICROCAP_250,IN,STOVEKRAFT,Stove Kraft Ltd.
2021-08-23,2021-09-30,ind_prs23082021,NIFTY_MICROCAP_250,IN,SUBEXLTD,Subex Ltd.
2021-08-23,2021-09-30,ind_prs23082021,NIFTY_MICROCAP_250,IN,SUNCLAYLTD,Sundaram Clayton Ltd.
2021-08-23,2021-09-30,ind_prs23082021,NIFTY_MICROCAP_250,IN,SURYODAY,Suryoday Small Finance Bank Ltd.
2021-08-23,2021-09-30,ind_prs23082021,NIFTY_MICROCAP_250,IN,SWANENERGY,Swan Energy Ltd.
2021-08-23,2021-09-30,ind_prs23082021,NIFTY_MICROCAP_250,IN,TATAINVEST,Tata Investment Corporation Ltd.
2021-08-23,2021-09-30,ind_prs23082021,NIFTY_MICROCAP_250,IN,TVTODAY,TV Today Network Ltd.
2021-08-23,2021-09-30,ind_prs23082021,NIFTY_MICROCAP_250,IN,VSTIND,VST Industries Ltd.
2024-08-23,2024-09-30,ind_prs23082024,NIFTY_50,OUT,DIVISLAB,Divi's Laboratories Ltd.
2024-08-23,2024-09-30,ind_prs23082024,NIFTY_50,OUT,LTIM,LTIMindtree Ltd.
2024-08-23,2024-09-30,ind_prs23082024,NIFTY_50,IN,BEL,Bharat Electronics Ltd.
2024-08-23,2024-09-30,ind_prs23082024,NIFTY_50,IN,TRENT,Trent Ltd.
2024-08-23,2024-09-30,ind_prs23082024,NIFTY_NEXT_50,OUT,BERGEPAINT,Berger Paints India Ltd.
2024-08-23,2024-09-30,ind_prs23082024,NIFTY_NEXT_50,OUT,BEL,Bharat Electronics Ltd.
2024-08-23,2024-09-30,ind_prs23082024,NIFTY_NEXT_50,OUT,COLPAL,Colgate Palmolive (India) Ltd.
2024-08-23,2024-09-30,ind_prs23082024,NIFTY_NEXT_50,OUT,MARICO,Marico Ltd.
2024-08-23,2024-09-30,ind_prs23082024,NIFTY_NEXT_50,OUT,SBICARD,SBI Cards and Payment Services Ltd.
2024-08-23,2024-09-30,ind_prs23082024,NIFTY_NEXT_50,OUT,SRF,SRF Ltd.
2024-08-23,2024-09-30,ind_prs23082024,NIFTY_NEXT_50,OUT,TRENT,Trent Ltd.
2024-08-23,2024-09-30,ind_prs23082024,NIFTY_NEXT_50,IN,BHEL,Bharat Heavy Electricals Ltd.
2024-08-23,2024-09-30,ind_prs23082024,NIFTY_NEXT_50,IN,DIVISLAB,Divi's Laboratories Ltd.
2024-08-23,2024-09-30,ind_prs23082024,NIFTY_NEXT_50,IN,JSWENERGY,JSW Energy Ltd.
2024-08-23,2024-09-30,ind_prs23082024,NIFTY_NEXT_50,IN,LTIM,LTIMindtree Ltd.
2024-08-23,2024-09-30,ind_prs23082024,NIFTY_NEXT_50,IN,LODHA,Macrotech Developers Ltd.
2024-08-23,2024-09-30,ind_prs23082024,NIFTY_NEXT_50,IN,NHPC,NHPC Ltd.
2024-08-23,2024-09-30,ind_prs23082024,NIFTY_NEXT_50,IN,UNIONBANK,Union Bank of India
2024-08-23,2024-09-30,ind_prs23082024,NIFTY_500,OUT,AETHER,Aether Industries Ltd.
2024-08-23,2024-09-30,ind_prs23082024,NIFTY_500,OUT,ALLCARGO,Allcargo Logistics Ltd.
2024-08-23,2024-09-30,ind_prs23082024,NIFTY_500,OUT,ANURAS,Anupam Rasayan India Ltd.
2024-08-23,2024-09-30,ind_prs23082024,NIFTY_500,OUT,BORORENEW,Borosil Renewables Ltd.
2024-08-23,2024-09-30,ind_prs23082024,NIFTY_500,OUT,CSBBANK,CSB Bank Ltd.
2024-08-23,2024-09-30,ind_prs23082024,NIFTY_500,OUT,DCMSHRIRAM,DCM Shriram Ltd.
2024-08-23,2024-09-30,ind_prs23082024,NIFTY_500,OUT,EPL,EPL Ltd.
2024-08-23,2024-09-30,ind_prs23082024,NIFTY_500,OUT,FDC,FDC Ltd.
2024-08-23,2024-09-30,ind_prs23082024,NIFTY_500,OUT,GLS,Glenmark Life Sciences Ltd.
2024-08-23,2024-09-30,ind_prs23082024,NIFTY_500,OUT,GMMPFAUDLR,GMM Pfaudler Ltd.
2024-08-23,2024-09-30,ind_prs23082024,NIFTY_500,OUT,HAPPYFORGE,Happy Forgings Ltd.
2024-08-23,2024-09-30,ind_prs23082024,NIFTY_500,OUT,INDIGOPNTS,Indigo Paints Ltd.
2024-08-23,2024-09-30,ind_prs23082024,NIFTY_500,OUT,JAIBALAJI,Jai Balaji Industries Ltd.
2024-08-23,2024-09-30,ind_prs23082024,NIFTY_500,OUT,JKPAPER,JK Paper Ltd.
2024-08-23,2024-09-30,ind_prs23082024,NIFTY_500,OUT,KRBL,KRBL Ltd.
2024-08-23,2024-09-30,ind_prs23082024,NIFTY_500,OUT,LXCHEM,Laxmi Organic Industries Ltd.
2024-08-23,2024-09-30,ind_prs23082024,NIFTY_500,OUT,MHRIL,Mahindra Holidays & Resorts India Ltd.
2024-08-23,2024-09-30,ind_prs23082024,NIFTY_500,OUT,MEDPLUS,Medplus Health Services Ltd.
2024-08-23,2024-09-30,ind_prs23082024,NIFTY_500,OUT,MTARTECH,MTAR Technologies Ltd.
2024-08-23,2024-09-30,ind_prs23082024,NIFTY_500,OUT,PRINCEPIPE,Prince Pipes and Fittings Ltd.
2024-08-23,2024-09-30,ind_prs23082024,NIFTY_500,OUT,RBA,Restaurant Brands Asia Ltd.
2024-08-23,2024-09-30,ind_prs23082024,NIFTY_500,OUT,SAFARI,Safari Industries (India) Ltd.
2024-08-23,2024-09-30,ind_prs23082024,NIFTY_500,OUT,STLTECH,Sterlite Technologies Ltd.
2024-08-23,2024-09-30,ind_prs23082024,NIFTY_500,OUT,SUNTECK,Sunteck Realty Ltd.
2024-08-23,2024-09-30,ind_prs23082024,NIFTY_500,OUT,TMB,Tamilnad Mercantile Bank Ltd.
2024-08-23,2024-09-30,ind_prs23082024,NIFTY_500,OUT,VAIBHAVGBL,Vaibhav Global Ltd.
2024-08-23,2024-09-30,ind_prs23082024,NIFTY_500,OUT,IDEA,Vodafone Idea Ltd.
2024-08-23,2024-09-30,ind_prs23082024,NIFTY_500,IN,AADHARHFC,Aadhar Housing Finance Ltd.
2024-08-23,2024-09-30,ind_prs23082024,NIFTY_500,IN,ABSLAMC,Aditya Birla Sun Life AMC Ltd.
2024-08-23,2024-09-30,ind_prs23082024,NIFTY_500,IN,ANANTRAJ,Anant Raj Ltd.
2024-08-23,2024-09-30,ind_prs23082024,NIFTY_500,IN,BASF,BASF India Ltd.
2024-08-23,2024-09-30,ind_prs23082024,NIFTY_500,IN,BHARTIHEXA,Bharti Hexacom Ltd.
2024-08-23,2024-09-30,ind_prs23082024,NIFTY_500,IN,GRINFRA,G R Infraprojects Ltd.
2024-08-23,2024-09-30,ind_prs23082024,NIFTY_500,IN,GET&D,GE T&D India Ltd.
2024-08-23,2024-09-30,ind_prs23082024,NIFTY_500,IN,GODIGIT,Go Digit General Insurance Ltd.
2024-08-23,2024-09-30,ind_prs23082024,NIFTY_500,IN,GODREJAGRO,Godrej Agrovet Ltd.
2024-08-23,2024-09-30,ind_prs23082024,NIFTY_500,IN,IFCI,IFCI Ltd.
2024-08-23,2024-09-30,ind_prs23082024,NIFTY_500,IN,INDGN,Indegene Ltd.
2024-08-23,2024-09-30,ind_prs23082024,NIFTY_500,IN,IREDA,Indian Renewable Energy Development Agency Ltd.
2024-08-23,2024-09-30,ind_prs23082024,NIFTY_500,IN,INOXINDIA,INOX India Ltd.
2024-08-23,2024-09-30,ind_prs23082024,NIFTY_500,IN,JPPOWER,Jaiprakash Power Ventures Ltd.
2024-08-23,2024-09-30,ind_prs23082024,NIFTY_500,IN,JKTYRE,JK Tyre & Industries Ltd.
2024-08-23,2024-09-30,ind_prs23082024,NIFTY_500,IN,JYOTICNC,Jyoti CNC Automation Ltd.
2024-08-23,2024-09-30,ind_prs23082024,NIFTY_500,IN,KIRLOSBROS,Kirloskar Brothers Ltd.
2024-08-23,2024-09-30,ind_prs23082024,NIFTY_500,IN,KIRLOSENG,Kirloskar Oil Eng Ltd.
2024-08-23,2024-09-30,ind_prs23082024,NIFTY_500,IN,NETWEB,Netweb Technologies India Ltd.
2024-08-23,2024-09-30,ind_prs23082024,NIFTY_500,IN,NEWGEN,Newgen Software Technologies Ltd.
2024-08-23,2024-09-30,ind_prs23082024,NIFTY_500,IN,PFIZER,Pfizer Ltd.
2024-08-23,2024-09-30,ind_prs23082024,NIFTY_500,IN,PTCIL,PTC Industries Ltd.
2024-08-23,2024-09-30,ind_prs23082024,NIFTY_500,IN,SCI,Shipping Corporation of India Ltd.
2024-08-23,2024-09-30,ind_prs23082024,NIFTY_500,IN,TBOTEK,TBO Tek Ltd.
2024-08-23,2024-09-30,ind_prs23082024,NIFTY_500,IN,TECHNOE,Techno Electric & Engineering Company Ltd.
2024-08-23,2024-09-30,ind_prs23082024,NIFTY_500,IN,DBREALTY,Valor Estate Ltd.
2024-08-23,2024-09-30,ind_prs23082024,NIFTY_500,IN,VINATIORGA,Vinati Organics Ltd.
2024-08-23,2024-09-30,ind_prs23082024,NIFTY_MIDCAP_150,OUT,ATUL,Atul Ltd.
2024-08-23,2024-09-30,ind_prs23082024,NIFTY_MIDCAP_150,OUT,BATAINDIA,Bata India Ltd.
2024-08-23,2024-09-30,ind_prs23082024,NIFTY_MIDCAP_150,OUT,BHEL,Bharat Heavy Electricals Ltd.
2024-08-23,2024-09-30,ind_prs23082024,NIFTY_MIDCAP_150,OUT,DEVYANI,Devyani International Ltd.
2024-08-23,2024-09-30,ind_prs23082024,NIFTY_MIDCAP_150,OUT,LALPATHLAB,Dr. Lal Path Labs Ltd.
2024-08-23,2024-09-30,ind_prs23082024,NIFTY_MIDCAP_150,OUT,ISEC,ICICI Securities Ltd.
2024-08-23,2024-09-30,ind_prs23082024,NIFTY_MIDCAP_150,OUT,JSWENERGY,JSW Energy Ltd.
2024-08-23,2024-09-30,ind_prs23082024,NIFTY_MIDCAP_150,OUT,KAJARIACER,Kajaria Ceramics Ltd.
2024-08-23,2024-09-30,ind_prs23082024,NIFTY_MIDCAP_150,OUT,KANSAINER,Kansai Nerolac Paints Ltd.
2024-08-23,2024-09-30,ind_prs23082024,NIFTY_MIDCAP_150,OUT,LAURUSLABS,Laurus Labs Ltd.
2024-08-23,2024-09-30,ind_prs23082024,NIFTY_MIDCAP_150,OUT,LODHA,Macrotech Developers Ltd.
2024-08-23,2024-09-30,ind_prs23082024,NIFTY_MIDCAP_150,OUT,NHPC,NHPC Ltd.
2024-08-23,2024-09-30,ind_prs23082024,NIFTY_MIDCAP_150,OUT,PEL,Piramal Enterprises Ltd.
2024-08-23,2024-09-30,ind_prs23082024,NIFTY_MIDCAP_150,OUT,SUMICHEM,Sumitomo Chemical India Ltd.
2024-08-23,2024-09-30,ind_prs23082024,NIFTY_MIDCAP_150,OUT,RAMCOCEM,The Ramco Cements Ltd.
2024-08-23,2024-09-30,ind_prs23082024,NIFTY_MIDCAP_150,OUT,UNIONBANK,Union Bank of India
2024-08-23,2024-09-30,ind_prs23082024,NIFTY_MIDCAP_150,OUT,MANYAVAR,Vedant Fashions Ltd.
2024-08-23,2024-09-30,ind_prs23082024,NIFTY_MIDCAP_150,OUT,IDEA,Vodafone Idea Ltd.
2024-08-23,2024-09-30,ind_prs23082024,NIFTY_MIDCAP_150,OUT,ZEEL,Zee Entertainment Enterprises Ltd.
2024-08-23,2024-09-30,ind_prs23082024,NIFTY_MIDCAP_150,IN,BERGEPAINT,Berger Paints India Ltd.
2024-08-23,2024-09-30,ind_prs23082024,NIFTY_MIDCAP_150,IN,BHARTIHEXA,Bharti Hexacom Ltd.
2024-08-23,2024-09-30,ind_prs23082024,NIFTY_MIDCAP_150,IN,CENTRALBK,Central Bank of India
2024-08-23,2024-09-30,ind_prs23082024,NIFTY_MIDCAP_150,IN,COCHINSHIP,Cochin Shipyard Ltd.
2024-08-23,2024-09-30,ind_prs23082024,NIFTY_MIDCAP_150,IN,COLPAL,Colgate Palmolive (India) Ltd.
2024-08-23,2024-09-30,ind_prs23082024,NIFTY_MIDCAP_150,IN,EXIDEIND,Exide Industries Ltd.
2024-08-23,2024-09-30,ind_prs23082024,NIFTY_MIDCAP_150,IN,MEDANTA,Global Health Ltd.
2024-08-23,2024-09-30,ind_prs23082024,NIFTY_MIDCAP_150,IN,POWERINDIA,Hitachi Energy India Ltd.
2024-08-23,2024-09-30,ind_prs23082024,NIFTY_MIDCAP_150,IN,HUDCO,Housing & Urban Development Corporation Ltd.
2024-08-23,2024-09-30,ind_prs23082024,NIFTY_MIDCAP_150,IN,IOB,Indian Overseas Bank
2024-08-23,2024-09-30,ind_prs23082024,NIFTY_MIDCAP_150,IN,IREDA,Indian Renewable Energy Development Agency Ltd.
2024-08-23,2024-09-30,ind_prs23082024,NIFTY_MIDCAP_150,IN,IRB,IRB Infrastructure Developers Ltd.
2024-08-23,2024-09-30,ind_prs23082024,NIFTY_MIDCAP_150,IN,MRPL,Mangalore Refinery & Petrochemicals Ltd.
2024-08-23,2024-09-30,ind_prs23082024,NIFTY_MIDCAP_150,IN,MARICO,Marico Ltd.
2024-08-23,2024-09-30,ind_prs23082024,NIFTY_MIDCAP_150,IN,NAM-INDIA,Nippon Life India Asset Management Ltd.
2024-08-23,2024-09-30,ind_prs23082024,NIFTY_MIDCAP_150,IN,NLCINDIA,NLC India Ltd.
2024-08-23,2024-09-30,ind_prs23082024,NIFTY_MIDCAP_150,IN,SBICARD,SBI Cards and Payment Services Ltd.
2024-08-23,2024-09-30,ind_prs23082024,NIFTY_MIDCAP_150,IN,SRF,SRF Ltd.
2024-08-23,2024-09-30,ind_prs23082024,NIFTY_MIDCAP_150,IN,TATAINVEST,Tata Investment Corporation Ltd.
2024-08-23,2024-09-30,ind_prs23082024,NIFTY_SMALLCAP_250,OUT,AETHER,Aether Industries Ltd.
2024-08-23,2024-09-30,ind_prs23082024,NIFTY_SMALLCAP_250,OUT,ALLCARGO,Allcargo Logistics Ltd.
2024-08-23,2024-09-30,ind_prs23082024,NIFTY_SMALLCAP_250,OUT,ANURAS,Anupam Rasayan India Ltd.
2024-08-23,2024-09-30,ind_prs23082024,NIFTY_SMALLCAP_250,OUT,BORORENEW,Borosil Renewables Ltd.
2024-08-23,2024-09-30,ind_prs23082024,NIFTY_SMALLCAP_250,OUT,CENTRALBK,Central Bank of India
2024-08-23,2024-09-30,ind_prs23082024,NIFTY_SMALLCAP_250,OUT,COCHINSHIP,Cochin Shipyard Ltd.
2024-08-23,2024-09-30,ind_prs23082024,NIFTY_SMALLCAP_250,OUT,CSBBANK,CSB Bank Ltd.
2024-08-23,2024-09-30,ind_prs23082024,NIFTY_SMALLCAP_250,OUT,DCMSHRIRAM,DCM Shriram Ltd.
2024-08-23,2024-09-30,ind_prs23082024,NIFTY_SMALLCAP_250,OUT,EPL,EPL Ltd.
2024-08-23,2024-09-30,ind_prs23082024,NIFTY_SMALLCAP_250,OUT,EXIDEIND,Exide Industries Ltd.
2024-08-23,2024-09-30,ind_prs23082024,NIFTY_SMALLCAP_250,OUT,FDC,FDC Ltd.
2024-08-23,2024-09-30,ind_prs23082024,NIFTY_SMALLCAP_250,OUT,GLS,Glenmark Life Sciences Ltd.
2024-08-23,2024-09-30,ind_prs23082024,NIFTY_SMALLCAP_250,OUT,MEDANTA,Global Health Ltd.
2024-08-23,2024-09-30,ind_prs23082024,NIFTY_SMALLCAP_250,OUT,GMMPFAUDLR,GMM Pfaudler Ltd.
2024-08-23,2024-09-30,ind_prs23082024,NIFTY_SMALLCAP_250,OUT,HAPPYFORGE,Happy Forgings Ltd.
2024-08-23,2024-09-30,ind_prs23082024,NIFTY_SMALLCAP_250,OUT,POWERINDIA,Hitachi Energy India Ltd.
2024-08-23,2024-09-30,ind_prs23082024,NIFTY_SMALLCAP_250,OUT,HUDCO,Housing & Urban Development Corporation Ltd.
2024-08-23,2024-09-30,ind_prs23082024,NIFTY_SMALLCAP_250,OUT,IOB,Indian Overseas Bank
2024-08-23,2024-09-30,ind_prs23082024,NIFTY_SMALLCAP_250,OUT,INDIGOPNTS,Indigo Paints Ltd.
2024-08-23,2024-09-30,ind_prs23082024,NIFTY_SMALLCAP_250,OUT,IRB,IRB Infrastructure Developers Ltd.
2024-08-23,2024-09-30,ind_prs23082024,NIFTY_SMALLCAP_250,OUT,JAIBALAJI,Jai Balaji Industries Ltd.
2024-08-23,2024-09-30,ind_prs23082024,NIFTY_SMALLCAP_250,OUT,JKPAPER,JK Paper Ltd.
2024-08-23,2024-09-30,ind_prs23082024,NIFTY_SMALLCAP_250,OUT,KRBL,KRBL Ltd.
2024-08-23,2024-09-30,ind_prs23082024,NIFTY_SMALLCAP_250,OUT,LXCHEM,Laxmi Organic Industries Ltd.
2024-08-23,2024-09-30,ind_prs23082024,NIFTY_SMALLCAP_250,OUT,MHRIL,Mahindra Holidays & Resorts India Ltd.
2024-08-23,2024-09-30,ind_prs23082024,NIFTY_SMALLCAP_250,OUT,MRPL,Mangalore Refinery & Petrochemicals Ltd.
2024-08-23,2024-09-30,ind_prs23082024,NIFTY_SMALLCAP_250,OUT,MEDPLUS,Medplus Health Services Ltd.
2024-08-23,2024-09-30,ind_prs23082024,NIFTY_SMALLCAP_250,OUT,MTARTECH,MTAR Technologies Ltd.
2024-08-23,2024-09-30,ind_prs23082024,NIFTY_SMALLCAP_250,OUT,NAM-INDIA,Nippon Life India Asset Management Ltd.
2024-08-23,2024-09-30,ind_prs23082024,NIFTY_SMALLCAP_250,OUT,NLCINDIA,NLC India Ltd.
2024-08-23,2024-09-30,ind_prs23082024,NIFTY_SMALLCAP_250,OUT,PRINCEPIPE,Prince Pipes and Fittings Ltd.
2024-08-23,2024-09-30,ind_prs23082024,NIFTY_SMALLCAP_250,OUT,RBA,Restaurant Brands Asia Ltd.
2024-08-23,2024-09-30,ind_prs23082024,NIFTY_SMALLCAP_250,OUT,SAFARI,Safari Industries (India) Ltd.
2024-08-23,2024-09-30,ind_prs23082024,NIFTY_SMALLCAP_250,OUT,STLTECH,Sterlite Technologies Ltd.
2024-08-23,2024-09-30,ind_prs23082024,NIFTY_SMALLCAP_250,OUT,SUNTECK,Sunteck Realty Ltd.
2024-08-23,2024-09-30,ind_prs23082024,NIFTY_SMALLCAP_250,OUT,TMB,Tamilnad Mercantile Bank Ltd.
2024-08-23,2024-09-30,ind_prs23082024,NIFTY_SMALLCAP_250,OUT,TATAINVEST,Tata Investment Corporation Ltd.
2024-08-23,2024-09-30,ind_prs23082024,NIFTY_SMALLCAP_250,OUT,VAIBHAVGBL,Vaibhav Global Ltd.
2024-08-23,2024-09-30,ind_prs23082024,NIFTY_SMALLCAP_250,IN,AADHARHFC,Aadhar Housing Finance Ltd.
2024-08-23,2024-09-30,ind_prs23082024,NIFTY_SMALLCAP_250,IN,ABSLAMC,Aditya Birla Sun Life AMC Ltd.
2024-08-23,2024-09-30,ind_prs23082024,NIFTY_SMALLCAP_250,IN,ANANTRAJ,Anant Raj Ltd.
2024-08-23,2024-09-30,ind_prs23082024,NIFTY_SMALLCAP_250,IN,ATUL,Atul Ltd.
2024-08-23,2024-09-30,ind_prs23082024,NIFTY_SMALLCAP_250,IN,BASF,BASF India Ltd.
2024-08-23,2024-09-30,ind_prs23082024,NIFTY_SMALLCAP_250,IN,BATAINDIA,Bata India Ltd.
2024-08-23,2024-09-30,ind_prs23082024,NIFTY_SMALLCAP_250,IN,DEVYANI,Devyani International Ltd.
2024-08-23,2024-09-30,ind_prs23082024,NIFTY_SMALLCAP_250,IN,LALPATHLAB,Dr. Lal Path Labs Ltd.
2024-08-23,2024-09-30,ind_prs23082024,NIFTY_SMALLCAP_250,IN,GRINFRA,G R Infraprojects Ltd.
2024-08-23,2024-09-30,ind_prs23082024,NIFTY_SMALLCAP_250,IN,GET&D,GE T&D India Ltd.
2024-08-23,2024-09-30,ind_prs23082024,NIFTY_SMALLCAP_250,IN,GODIGIT,Go Digit General Insurance Ltd.
2024-08-23,2024-09-30,ind_prs23082024,NIFTY_SMALLCAP_250,IN,GODREJAGRO,Godrej Agrovet Ltd.
2024-08-23,2024-09-30,ind_prs23082024,NIFTY_SMALLCAP_250,IN,ISEC,ICICI Securities Ltd.
2024-08-23,2024-09-30,ind_prs23082024,NIFTY_SMALLCAP_250,IN,IFCI,IFCI Ltd.
2024-08-23,2024-09-30,ind_prs23082024,NIFTY_SMALLCAP_250,IN,INDGN,Indegene Ltd.
2024-08-23,2024-09-30,ind_prs23082024,NIFTY_SMALLCAP_250,IN,INOXINDIA,INOX India Ltd.
2024-08-23,2024-09-30,ind_prs23082024,NIFTY_SMALLCAP_250,IN,JPPOWER,Jaiprakash Power Ventures Ltd.
2024-08-23,2024-09-30,ind_prs23082024,NIFTY_SMALLCAP_250,IN,JKTYRE,JK Tyre & Industries Ltd.
2024-08-23,2024-09-30,ind_prs23082024,NIFTY_SMALLCAP_250,IN,JYOTICNC,Jyoti CNC Automation Ltd.
2024-08-23,2024-09-30,ind_prs23082024,NIFTY_SMALLCAP_250,IN,KAJARIACER,Kajaria Ceramics Ltd.
2024-08-23,2024-09-30,ind_prs23082024,NIFTY_SMALLCAP_250,IN,KANSAINER,Kansai Nerolac Paints Ltd.
2024-08-23,2024-09-30,ind_prs23082024,NIFTY_SMALLCAP_250,IN,KIRLOSBROS,Kirloskar Brothers Ltd.
2024-08-23,2024-09-30,ind_prs23082024,NIFTY_SMALLCAP_250,IN,KIRLOSENG,Kirloskar Oil Eng Ltd.
2024-08-23,2024-09-30,ind_prs23082024,NIFTY_SMALLCAP_250,IN,LAURUSLABS,Laurus Labs Ltd.
2024-08-23,2024-09-30,ind_prs23082024,NIFTY_SMALLCAP_250,IN,NETWEB,Netweb Technologies India Ltd.
2024-08-23,2024-09-30,ind_prs23082024,NIFTY_SMALLCAP_250,IN,NEWGEN,Newgen Software Technologies Ltd.
2024-08-23,2024-09-30,ind_prs23082024,NIFTY_SMALLCAP_250,IN,PFIZER,Pfizer Ltd.
2024-08-23,2024-09-30,ind_prs23082024,NIFTY_SMALLCAP_250,IN,PEL,Piramal Enterprises Ltd.
2024-08-23,2024-09-30,ind_prs23082024,NIFTY_SMALLCAP_250,IN,PTCIL,PTC Industries Ltd.
2024-08-23,2024-09-30,ind_prs23082024,NIFTY_SMALLCAP_250,IN,SCI,Shipping Corporation of India Ltd.
2024-08-23,2024-09-30,ind_prs23082024,NIFTY_SMALLCAP_250,IN,SUMICHEM,Sumitomo Chemical India Ltd.
2024-08-23,2024-09-30,ind_prs23082024,NIFTY_SMALLCAP_250,IN,TBOTEK,TBO Tek Ltd.
2024-08-23,2024-09-30,ind_prs23082024,NIFTY_SMALLCAP_250,IN,TECHNOE,Techno Electric & Engineering Company Ltd.
2024-08-23,2024-09-30,ind_prs23082024,NIFTY_SMALLCAP_250,IN,RAMCOCEM,The Ramco Cements Ltd.
2024-08-23,2024-09-30,ind_prs23082024,NIFTY_SMALLCAP_250,IN,DBREALTY,Valor Estate Ltd.
2024-08-23,2024-09-30,ind_prs23082024,NIFTY_SMALLCAP_250,IN,MANYAVAR,Vedant Fashions Ltd.
2024-08-23,2024-09-30,ind_prs23082024,NIFTY_SMALLCAP_250,IN,VINATIORGA,Vinati Organics Ltd.
2024-08-23,2024-09-30,ind_prs23082024,NIFTY_SMALLCAP_250,IN,ZEEL,Zee Entertainment Enterprises Ltd.
2024-08-23,2024-09-30,ind_prs23082024,NIFTY_MICROCAP_250,OUT,ACCELYA,Accelya Solutions India Ltd.
2024-08-23,2024-09-30,ind_prs23082024,NIFTY_MICROCAP_250,OUT,ANANTRAJ,Anant Raj Ltd.
2024-08-23,2024-09-30,ind_prs23082024,NIFTY_MICROCAP_250,OUT,BARBEQUE,Barbeque Nation Hospitality Ltd.
2024-08-23,2024-09-30,ind_prs23082024,NIFTY_MICROCAP_250,OUT,BASF,BASF India Ltd.
2024-08-23,2024-09-30,ind_prs23082024,NIFTY_MICROCAP_250,OUT,CAMLINFINE,Camlin Fine Sciences Ltd.
2024-08-23,2024-09-30,ind_prs23082024,NIFTY_MICROCAP_250,OUT,CARERATING,CARE Ratings Ltd.
2024-08-23,2024-09-30,ind_prs23082024,NIFTY_MICROCAP_250,OUT,DBCORP,D.B.Corp Ltd.
2024-08-23,2024-09-30,ind_prs23082024,NIFTY_MICROCAP_250,OUT,DALMIASUG,Dalmia Bharat Sugar and Industries Ltd.
2024-08-23,2024-09-30,ind_prs23082024,NIFTY_MICROCAP_250,OUT,FEDFINA,Fedbank Financial Services Ltd.
2024-08-23,2024-09-30,ind_prs23082024,NIFTY_MICROCAP_250,OUT,FLAIR,Flair Writing Industries Ltd.
2024-08-23,2024-09-30,ind_prs23082024,NIFTY_MICROCAP_250,OUT,GRINFRA,G R Infraprojects Ltd.
2024-08-23,2024-09-30,ind_prs23082024,NIFTY_MICROCAP_250,OUT,GALAXYSURF,Galaxy Surfactants Ltd.
2024-08-23,2024-09-30,ind_prs23082024,NIFTY_MICROCAP_250,OUT,GLOBUSSPR,Globus Spirits Ltd.
2024-08-23,2024-09-30,ind_prs23082024,NIFTY_MICROCAP_250,OUT,GODREJAGRO,Godrej Agrovet Ltd.
2024-08-23,2024-09-30,ind_prs23082024,NIFTY_MICROCAP_250,OUT,GUFICBIO,Gufic Biosciences Ltd.
2024-08-23,2024-09-30,ind_prs23082024,NIFTY_MICROCAP_250,OUT,HLEGLAS,HLE Glascoat Ltd.
2024-08-23,2024-09-30,ind_prs23082024,NIFTY_MICROCAP_250,OUT,HMAAGRO,HMA Agro Industries Ltd.
2024-08-23,2024-09-30,ind_prs23082024,NIFTY_MICROCAP_250,OUT,IFCI,IFCI Ltd.
2024-08-23,2024-09-30,ind_prs23082024,NIFTY_MICROCAP_250,OUT,IKIO,IKIO Lighting Ltd.
2024-08-23,2024-09-30,ind_prs23082024,NIFTY_MICROCAP_250,OUT,INDOCO,Indoco Remedies Ltd.
2024-08-23,2024-09-30,ind_prs23082024,NIFTY_MICROCAP_250,OUT,INOXINDIA,INOX India Ltd.
2024-08-23,2024-09-30,ind_prs23082024,NIFTY_MICROCAP_250,OUT,IOLCP,IOL Chem and Pharma Ltd.
2024-08-23,2024-09-30,ind_prs23082024,NIFTY_MICROCAP_250,OUT,JPASSOCIAT,Jaiprakash Associates Ltd.
2024-08-23,2024-09-30,ind_prs23082024,NIFTY_MICROCAP_250,OUT,JPPOWER,Jaiprakash Power Ventures Ltd.
2024-08-23,2024-09-30,ind_prs23082024,NIFTY_MICROCAP_250,OUT,JKTYRE,JK Tyre & Industries Ltd.
2024-08-23,2024-09-30,ind_prs23082024,NIFTY_MICROCAP_250,OUT,JSWHL,JSW Holdings Ltd.
2024-08-23,2024-09-30,ind_prs23082024,NIFTY_MICROCAP_250,OUT,JYOTICNC,Jyoti CNC Automation Ltd.
2024-08-23,2024-09-30,ind_prs23082024,NIFTY_MICROCAP_250,OUT,KIRLOSBROS,Kirloskar Brothers Ltd.
2024-08-23,2024-09-30,ind_prs23082024,NIFTY_MICROCAP_250,OUT,KIRLOSENG,Kirloskar Oil Eng Ltd.
2024-08-23,2024-09-30,ind_prs23082024,NIFTY_MICROCAP_250,OUT,KPIGREEN,KPI Green Energy Ltd.
2024-08-23,2024-09-30,ind_prs23082024,NIFTY_MICROCAP_250,OUT,KRSNAA,Krsnaa Diagnostics Ltd.
2024-08-23,2024-09-30,ind_prs23082024,NIFTY_MICROCAP_250,OUT,LAOPALA,La Opala RG Ltd.
2024-08-23,2024-09-30,ind_prs23082024,NIFTY_MICROCAP_250,OUT,LGBBROSLTD,LG Balakrishnan & Bros Ltd.
2024-08-23,2024-09-30,ind_prs23082024,NIFTY_MICROCAP_250,OUT,MASFIN,MAS Financial Services Ltd.
2024-08-23,2024-09-30,ind_prs23082024,NIFTY_MICROCAP_250,OUT,NAVNETEDUL,Navneet Education Ltd.
2024-08-23,2024-09-30,ind_prs23082024,NIFTY_MICROCAP_250,OUT,NETWEB,Netweb Technologies India Ltd.
2024-08-23,2024-09-30,ind_prs23082024,NIFTY_MICROCAP_250,OUT,NEWGEN,Newgen Software Technologies Ltd.
2024-08-23,2024-09-30,ind_prs23082024,NIFTY_MICROCAP_250,OUT,NUCLEUS,Nucleus Software Exports Ltd.
2024-08-23,2024-09-30,ind_prs23082024,NIFTY_MICROCAP_250,OUT,PDSL,PDS Ltd.
2024-08-23,2024-09-30,ind_prs23082024,NIFTY_MICROCAP_250,OUT,PSPPROJECT,PSP Projects Ltd.
2024-08-23,2024-09-30,ind_prs23082024,NIFTY_MICROCAP_250,OUT,RTNPOWER,RattanIndia Power Ltd.
2024-08-23,2024-09-30,ind_prs23082024,NIFTY_MICROCAP_250,OUT,RPOWER,Reliance Power Ltd.
2024-08-23,2024-09-30,ind_prs23082024,NIFTY_MICROCAP_250,OUT,SAGCEM,Sagar Cements Ltd.
2024-08-23,2024-09-30,ind_prs23082024,NIFTY_MICROCAP_250,OUT,SCI,Shipping Corporation of India Ltd.
2024-08-23,2024-09-30,ind_prs23082024,NIFTY_MICROCAP_250,OUT,SHOPERSTOP,Shoppers Stop Ltd.
2024-08-23,2024-09-30,ind_prs23082024,NIFTY_MICROCAP_250,OUT,SUNCLAY,Sundaram Clayton Ltd.
2024-08-23,2024-09-30,ind_prs23082024,NIFTY_MICROCAP_250,OUT,TARSONS,Tarsons Products Ltd.
2024-08-23,2024-09-30,ind_prs23082024,NIFTY_MICROCAP_250,OUT,TECHNOE,Techno Electric & Engineering Company Ltd.
2024-08-23,2024-09-30,ind_prs23082024,NIFTY_MICROCAP_250,OUT,TTKPRESTIG,TTK Prestige Ltd.
2024-08-23,2024-09-30,ind_prs23082024,NIFTY_MICROCAP_250,OUT,TVSHLTD,TVS Holdings Ltd.
2024-08-23,2024-09-30,ind_prs23082024,NIFTY_MICROCAP_250,OUT,UFLEX,UFLEX Ltd.
2024-08-23,2024-09-30,ind_prs23082024,NIFTY_MICROCAP_250,OUT,UNIPARTS,Uniparts India Ltd.
2024-08-23,2024-09-30,ind_prs23082024,NIFTY_MICROCAP_250,OUT,VSTTILLERS,V.S.T Tillers Tractors Ltd.
2024-08-23,2024-09-30,ind_prs23082024,NIFTY_MICROCAP_250,OUT,DBREALTY,Valor Estate Ltd.
2024-08-23,2024-09-30,ind_prs23082024,NIFTY_MICROCAP_250,OUT,VRLLOG,VRL Logistics Ltd.
2024-08-23,2024-09-30,ind_prs23082024,NIFTY_MICROCAP_250,IN,AETHER,Aether Industries Ltd.
2024-08-23,2024-09-30,ind_prs23082024,NIFTY_MICROCAP_250,IN,ALLCARGO,Allcargo Logistics Ltd.
2024-08-23,2024-09-30,ind_prs23082024,NIFTY_MICROCAP_250,IN,ANURAS,Anupam Rasayan India Ltd.
2024-08-23,2024-09-30,ind_prs23082024,NIFTY_MICROCAP_250,IN,PARKHOTELS,Apeejay Surrendra Park Hotels Ltd.
2024-08-23,2024-09-30,ind_prs23082024,NIFTY_MICROCAP_250,IN,BAJAJELEC,Bajaj Electricals Ltd
2024-08-23,2024-09-30,ind_prs23082024,NIFTY_MICROCAP_250,IN,BBL,Bharat Bijlee Ltd.
2024-08-23,2024-09-30,ind_prs23082024,NIFTY_MICROCAP_250,IN,BOROLTD,Borosil Ltd.
2024-08-23,2024-09-30,ind_prs23082024,NIFTY_MICROCAP_250,IN,BORORENEW,Borosil Renewables Ltd.
2024-08-23,2024-09-30,ind_prs23082024,NIFTY_MICROCAP_250,IN,CSBBANK,CSB Bank Ltd.
2024-08-23,2024-09-30,ind_prs23082024,NIFTY_MICROCAP_250,IN,DYNAMATECH,Dynamatic Technologies Ltd.
2024-08-23,2024-09-30,ind_prs23082024,NIFTY_MICROCAP_250,IN,ENTERO,Entero Healthcare Solutions Ltd.
2024-08-23,2024-09-30,ind_prs23082024,NIFTY_MICROCAP_250,IN,EPL,EPL Ltd.
2024-08-23,2024-09-30,ind_prs23082024,NIFTY_MICROCAP_250,IN,EXICOM,Exicom Tele-Systems Ltd.
2024-08-23,2024-09-30,ind_prs23082024,NIFTY_MICROCAP_250,IN,FDC,FDC Ltd.
2024-08-23,2024-09-30,ind_prs23082024,NIFTY_MICROCAP_250,IN,FORCEMOT,Force Motors Ltd.
2024-08-23,2024-09-30,ind_prs23082024,NIFTY_MICROCAP_250,IN,GLS,Glenmark Life Sciences Ltd.
2024-08-23,2024-09-30,ind_prs23082024,NIFTY_MICROCAP_250,IN,GMMPFAUDLR,GMM Pfaudler Ltd.
2024-08-23,2024-09-30,ind_prs23082024,NIFTY_MICROCAP_250,IN,GOPAL,Gopal Snacks Ltd.
2024-08-23,2024-09-30,ind_prs23082024,NIFTY_MICROCAP_250,IN,HAPPYFORGE,Happy Forgings Ltd.
2024-08-23,2024-09-30,ind_prs23082024,NIFTY_MICROCAP_250,IN,HARSHA,Harsha Engineers International Ltd.
2024-08-23,2024-09-30,ind_prs23082024,NIFTY_MICROCAP_250,IN,HCG,Healthcare Global Enterprises Ltd.
2024-08-23,2024-09-30,ind_prs23082024,NIFTY_MICROCAP_250,IN,HNDFDS,Hindustan Foods Ltd.
2024-08-23,2024-09-30,ind_prs23082024,NIFTY_MICROCAP_250,IN,IMAGICAA,Imagicaaworld Entertainment Ltd.
2024-08-23,2024-09-30,ind_prs23082024,NIFTY_MICROCAP_250,IN,INDIGOPNTS,Indigo Paints Ltd.
2024-08-23,2024-09-30,ind_prs23082024,NIFTY_MICROCAP_250,IN,INOXGREEN,Inox Green Energy Services Ltd.
2024-08-23,2024-09-30,ind_prs23082024,NIFTY_MICROCAP_250,IN,JAIBALAJI,Jai Balaji Industries Ltd.
2024-08-23,2024-09-30,ind_prs23082024,NIFTY_MICROCAP_250,IN,JSFB,Jana Small Finance Bank Ltd.
2024-08-23,2024-09-30,ind_prs23082024,NIFTY_MICROCAP_250,IN,JKPAPER,JK Paper Ltd.
2024-08-23,2024-09-30,ind_prs23082024,NIFTY_MICROCAP_250,IN,JNKINDIA,JNK India Ltd.
2024-08-23,2024-09-30,ind_prs23082024,NIFTY_MICROCAP_250,IN,KIRLPNU,Kirloskar Pneumatic Company Ltd.
2024-08-23,2024-09-30,ind_prs23082024,NIFTY_MICROCAP_250,IN,KRBL,KRBL Ltd.
2024-08-23,2024-09-30,ind_prs23082024,NIFTY_MICROCAP_250,IN,LXCHEM,Laxmi Organic Industries Ltd.
2024-08-23,2024-09-30,ind_prs23082024,NIFTY_MICROCAP_250,IN,IXIGO,Le Travenues Technology Ltd.
2024-08-23,2024-09-30,ind_prs23082024,NIFTY_MICROCAP_250,IN,MHRIL,Mahindra Holidays & Resorts India Ltd.
2024-08-23,2024-09-30,ind_prs23082024,NIFTY_MICROCAP_250,IN,MEDPLUS,Medplus Health Services Ltd.
2024-08-23,2024-09-30,ind_prs23082024,NIFTY_MICROCAP_250,IN,MTARTECH,MTAR Technologies Ltd.
2024-08-23,2024-09-30,ind_prs23082024,NIFTY_MICROCAP_250,IN,NEOGEN,NEOGEN CHEMICALS LTD.
2024-08-23,2024-09-30,ind_prs23082024,NIFTY_MICROCAP_250,IN,ORCHPHARMA,Orchid Pharma Ltd.
2024-08-23,2024-09-30,ind_prs23082024,NIFTY_MICROCAP_250,IN,PRINCEPIPE,Prince Pipes and Fittings Ltd.
2024-08-23,2024-09-30,ind_prs23082024,NIFTY_MICROCAP_250,IN,PGHL,Procter & Gamble Health Ltd.
2024-08-23,2024-09-30,ind_prs23082024,NIFTY_MICROCAP_250,IN,PRUDENT,Prudent Corporate Advisory Services Ltd.
2024-08-23,2024-09-30,ind_prs23082024,NIFTY_MICROCAP_250,IN,RBA,Restaurant Brands Asia Ltd.
2024-08-23,2024-09-30,ind_prs23082024,NIFTY_MICROCAP_250,IN,ROLEXRINGS,Rolex Rings Ltd.
2024-08-23,2024-09-30,ind_prs23082024,NIFTY_MICROCAP_250,IN,SAFARI,Safari Industries (India) Ltd.
2024-08-23,2024-09-30,ind_prs23082024,NIFTY_MICROCAP_250,IN,SHRIPISTON,Shriram Pistons & Rings Ltd.
2024-08-23,2024-09-30,ind_prs23082024,NIFTY_MICROCAP_250,IN,STLTECH,Sterlite Technologies Ltd.
2024-08-23,2024-09-30,ind_prs23082024,NIFTY_MICROCAP_250,IN,SUBROS,Subros Ltd.
2024-08-23,2024-09-30,ind_prs23082024,NIFTY_MICROCAP_250,IN,SUNTECK,Sunteck Realty Ltd.
2024-08-23,2024-09-30,ind_prs23082024,NIFTY_MICROCAP_250,IN,SYMPHONY,Symphony Ltd.
2024-08-23,2024-09-30,ind_prs23082024,NIFTY_MICROCAP_250,IN,TCIEXP,TCI Express Ltd.
2024-08-23,2024-09-30,ind_prs23082024,NIFTY_MICROCAP_250,IN,TIIL,Technocraft Industries (India) Ltd.
2024-08-23,2024-09-30,ind_prs23082024,NIFTY_MICROCAP_250,IN,VAIBHAVGBL,Vaibhav Global Ltd.
2024-08-23,2024-09-30,ind_prs23082024,NIFTY_MICROCAP_250,IN,VENUSPIPES,Venus Pipes & Tubes Ltd.
2024-08-23,2024-09-30,ind_prs23082024,NIFTY_MICROCAP_250,IN,VESUVIUS,Vesuvius India Ltd.
2024-08-23,2024-09-30,ind_prs23082024,NIFTY_MICROCAP_250,IN,VSTIND,VST Industries Ltd.
2024-08-23,2024-09-30,ind_prs23082024,NIFTY_TOTAL_MARKET,OUT,ACCELYA,Accelya Solutions India Ltd.
2024-08-23,2024-09-30,ind_prs23082024,NIFTY_TOTAL_MARKET,OUT,BARBEQUE,Barbeque Nation Hospitality Ltd.
2024-08-23,2024-09-30,ind_prs23082024,NIFTY_TOTAL_MARKET,OUT,CAMLINFINE,Camlin Fine Sciences Ltd.
2024-08-23,2024-09-30,ind_prs23082024,NIFTY_TOTAL_MARKET,OUT,CARERATING,CARE Ratings Ltd.
2024-08-23,2024-09-30,ind_prs23082024,NIFTY_TOTAL_MARKET,OUT,DBCORP,D.B.Corp Ltd.
2024-08-23,2024-09-30,ind_prs23082024,NIFTY_TOTAL_MARKET,OUT,DALMIASUG,Dalmia Bharat Sugar and Industries Ltd.
2024-08-23,2024-09-30,ind_prs23082024,NIFTY_TOTAL_MARKET,OUT,DCMSHRIRAM,DCM Shriram Ltd.
2024-08-23,2024-09-30,ind_prs23082024,NIFTY_TOTAL_MARKET,OUT,FEDFINA,Fedbank Financial Services Ltd.
2024-08-23,2024-09-30,ind_prs23082024,NIFTY_TOTAL_MARKET,OUT,FLAIR,Flair Writing Industries Ltd.
2024-08-23,2024-09-30,ind_prs23082024,NIFTY_TOTAL_MARKET,OUT,GALAXYSURF,Galaxy Surfactants Ltd.
2024-08-23,2024-09-30,ind_prs23082024,NIFTY_TOTAL_MARKET,OUT,GLOBUSSPR,Globus Spirits Ltd.
2024-08-23,2024-09-30,ind_prs23082024,NIFTY_TOTAL_MARKET,OUT,GUFICBIO,Gufic Biosciences Ltd.
2024-08-23,2024-09-30,ind_prs23082024,NIFTY_TOTAL_MARKET,OUT,HLEGLAS,HLE Glascoat Ltd.
2024-08-23,2024-09-30,ind_prs23082024,NIFTY_TOTAL_MARKET,OUT,HMAAGRO,HMA Agro Industries Ltd.
2024-08-23,2024-09-30,ind_prs23082024,NIFTY_TOTAL_MARKET,OUT,IKIO,IKIO Lighting Ltd.
2024-08-23,2024-09-30,ind_prs23082024,NIFTY_TOTAL_MARKET,OUT,INDOCO,Indoco Remedies Ltd.
2024-08-23,2024-09-30,ind_prs23082024,NIFTY_TOTAL_MARKET,OUT,IOLCP,IOL Chem and Pharma Ltd.
2024-08-23,2024-09-30,ind_prs23082024,NIFTY_TOTAL_MARKET,OUT,JPASSOCIAT,Jaiprakash Associates Ltd.
2024-08-23,2024-09-30,ind_prs23082024,NIFTY_TOTAL_MARKET,OUT,JSWHL,JSW Holdings Ltd.
2024-08-23,2024-09-30,ind_prs23082024,NIFTY_TOTAL_MARKET,OUT,KPIGREEN,KPI Green Energy Ltd.
2024-08-23,2024-09-30,ind_prs23082024,NIFTY_TOTAL_MARKET,OUT,KRSNAA,Krsnaa Diagnostics Ltd.
2024-08-23,2024-09-30,ind_prs23082024,NIFTY_TOTAL_MARKET,OUT,LAOPALA,La Opala RG Ltd.
2024-08-23,2024-09-30,ind_prs23082024,NIFTY_TOTAL_MARKET,OUT,LGBBROSLTD,LG Balakrishnan & Bros Ltd.
2024-08-23,2024-09-30,ind_prs23082024,NIFTY_TOTAL_MARKET,OUT,MASFIN,MAS Financial Services Ltd.
2024-08-23,2024-09-30,ind_prs23082024,NIFTY_TOTAL_MARKET,OUT,NAVNETEDUL,Navneet Education Ltd.
2024-08-23,2024-09-30,ind_prs23082024,NIFTY_TOTAL_MARKET,OUT,NUCLEUS,Nucleus Software Exports Ltd.
2024-08-23,2024-09-30,ind_prs23082024,NIFTY_TOTAL_MARKET,OUT,PDSL,PDS Ltd.
2024-08-23,2024-09-30,ind_prs23082024,NIFTY_TOTAL_MARKET,OUT,PSPPROJECT,PSP Projects Ltd.
2024-08-23,2024-09-30,ind_prs23082024,NIFTY_TOTAL_MARKET,OUT,RTNPOWER,RattanIndia Power Ltd.
2024-08-23,2024-09-30,ind_prs23082024,NIFTY_TOTAL_MARKET,OUT,RPOWER,Reliance Power Ltd.
2024-08-23,2024-09-30,ind_prs23082024,NIFTY_TOTAL_MARKET,OUT,SAGCEM,Sagar Cements Ltd.
2024-08-23,2024-09-30,ind_prs23082024,NIFTY_TOTAL_MARKET,OUT,SHOPERSTOP,Shoppers Stop Ltd.
2024-08-23,2024-09-30,ind_prs23082024,NIFTY_TOTAL_MARKET,OUT,SUNCLAY,Sundaram Clayton Ltd.
2024-08-23,2024-09-30,ind_prs23082024,NIFTY_TOTAL_MARKET,OUT,TMB,Tamilnad Mercantile Bank Ltd.
2024-08-23,2024-09-30,ind_prs23082024,NIFTY_TOTAL_MARKET,OUT,TARSONS,Tarsons Products Ltd.
2024-08-23,2024-09-30,ind_prs23082024,NIFTY_TOTAL_MARKET,OUT,TTKPRESTIG,TTK Prestige Ltd.
2024-08-23,2024-09-30,ind_prs23082024,NIFTY_TOTAL_MARKET,OUT,TVSHLTD,TVS Holdings Ltd.
2024-08-23,2024-09-30,ind_prs23082024,NIFTY_TOTAL_MARKET,OUT,UFLEX,UFLEX Ltd.
2024-08-23,2024-09-30,ind_prs23082024,NIFTY_TOTAL_MARKET,OUT,UNIPARTS,Uniparts India Ltd.
2024-08-23,2024-09-30,ind_prs23082024,NIFTY_TOTAL_MARKET,OUT,VSTTILLERS,V.S.T Tillers Tractors Ltd.
2024-08-23,2024-09-30,ind_prs23082024,NIFTY_TOTAL_MARKET,OUT,IDEA,Vodafone Idea Ltd.
2024-08-23,2024-09-30,ind_prs23082024,NIFTY_TOTAL_MARKET,OUT,VRLLOG,VRL Logistics Ltd.
2024-08-23,2024-09-30,ind_prs23082024,NIFTY_TOTAL_MARKET,IN,AADHARHFC,Aadhar Housing Finance Ltd.
2024-08-23,2024-09-30,ind_prs23082024,NIFTY_TOTAL_MARKET,IN,ABSLAMC,Aditya Birla Sun Life AMC Ltd.
2024-08-23,2024-09-30,ind_prs23082024,NIFTY_TOTAL_MARKET,IN,PARKHOTELS,Apeejay Surrendra Park Hotels Ltd.
2024-08-23,2024-09-30,ind_prs23082024,NIFTY_TOTAL_MARKET,IN,BAJAJELEC,Bajaj Electricals Ltd
2024-08-23,2024-09-30,ind_prs23082024,NIFTY_TOTAL_MARKET,IN,BBL,Bharat Bijlee Ltd.
2024-08-23,2024-09-30,ind_prs23082024,NIFTY_TOTAL_MARKET,IN,BHARTIHEXA,Bharti Hexacom Ltd.
2024-08-23,2024-09-30,ind_prs23082024,NIFTY_TOTAL_MARKET,IN,BOROLTD,Borosil Ltd.
2024-08-23,2024-09-30,ind_prs23082024,NIFTY_TOTAL_MARKET,IN,DYNAMATECH,Dynamatic Technologies Ltd.
2024-08-23,2024-09-30,ind_prs23082024,NIFTY_TOTAL_MARKET,IN,ENTERO,Entero Healthcare Solutions Ltd.
2024-08-23,2024-09-30,ind_prs23082024,NIFTY_TOTAL_MARKET,IN,EXICOM,Exicom Tele-Systems Ltd.
2024-08-23,2024-09-30,ind_prs23082024,NIFTY_TOTAL_MARKET,IN,FORCEMOT,Force Motors Ltd.
2024-08-23,2024-09-30,ind_prs23082024,NIFTY_TOTAL_MARKET,IN,GET&D,GE T&D India Ltd.
2024-08-23,2024-09-30,ind_prs23082024,NIFTY_TOTAL_MARKET,IN,GODIGIT,Go Digit General Insurance Ltd.
2024-08-23,2024-09-30,ind_prs23082024,NIFTY_TOTAL_MARKET,IN,GOPAL,Gopal Snacks Ltd.
2024-08-23,2024-09-30,ind_prs23082024,NIFTY_TOTAL_MARKET,IN,HARSHA,Harsha Engineers International Ltd.
2024-08-23,2024-09-30,ind_prs23082024,NIFTY_TOTAL_MARKET,IN,HCG,Healthcare Global Enterprises Ltd.
2024-08-23,2024-09-30,ind_prs23082024,NIFTY_TOTAL_MARKET,IN,HNDFDS,Hindustan Foods Ltd.
2024-08-23,2024-09-30,ind_prs23082024,NIFTY_TOTAL_MARKET,IN,IMAGICAA,Imagicaaworld Entertainment Ltd.
2024-08-23,2024-09-30,ind_prs23082024,NIFTY_TOTAL_MARKET,IN,INDGN,Indegene Ltd.
2024-08-23,2024-09-30,ind_prs23082024,NIFTY_TOTAL_MARKET,IN,IREDA,Indian Renewable Energy Development Agency Ltd.
2024-08-23,2024-09-30,ind_prs23082024,NIFTY_TOTAL_MARKET,IN,INOXGREEN,Inox Green Energy Services Ltd.
2024-08-23,2024-09-30,ind_prs23082024,NIFTY_TOTAL_MARKET,IN,JSFB,Jana Small Finance Bank Ltd.
2024-08-23,2024-09-30,ind_prs23082024,NIFTY_TOTAL_MARKET,IN,JNKINDIA,JNK India Ltd.
2024-08-23,2024-09-30,ind_prs23082024,NIFTY_TOTAL_MARKET,IN,KIRLPNU,Kirloskar Pneumatic Company Ltd.
2024-08-23,2024-09-30,ind_prs23082024,NIFTY_TOTAL_MARKET,IN,IXIGO,Le Travenues Technology Ltd.
2024-08-23,2024-09-30,ind_prs23082024,NIFTY_TOTAL_MARKET,IN,NEOGEN,NEOGEN CHEMICALS LTD.
2024-08-23,2024-09-30,ind_prs23082024,NIFTY_TOTAL_MARKET,IN,ORCHPHARMA,Orchid Pharma Ltd.
2024-08-23,2024-09-30,ind_prs23082024,NIFTY_TOTAL_MARKET,IN,PFIZER,Pfizer Ltd.
2024-08-23,2024-09-30,ind_prs23082024,NIFTY_TOTAL_MARKET,IN,PGHL,Procter & Gamble Health Ltd.
2024-08-23,2024-09-30,ind_prs23082024,NIFTY_TOTAL_MARKET,IN,PRUDENT,Prudent Corporate Advisory Services Ltd.
2024-08-23,2024-09-30,ind_prs23082024,NIFTY_TOTAL_MARKET,IN,PTCIL,PTC Industries Ltd.
2024-08-23,2024-09-30,ind_prs23082024,NIFTY_TOTAL_MARKET,IN,ROLEXRINGS,Rolex Rings Ltd.
2024-08-23,2024-09-30,ind_prs23082024,NIFTY_TOTAL_MARKET,IN,SHRIPISTON,Shriram Pistons & Rings Ltd.
2024-08-23,2024-09-30,ind_prs23082024,NIFTY_TOTAL_MARKET,IN,SUBROS,Subros Ltd.
2024-08-23,2024-09-30,ind_prs23082024,NIFTY_TOTAL_MARKET,IN,SYMPHONY,Symphony Ltd.
2024-08-23,2024-09-30,ind_prs23082024,NIFTY_TOTAL_MARKET,IN,TBOTEK,TBO Tek Ltd.
2024-08-23,2024-09-30,ind_prs23082024,NIFTY_TOTAL_MARKET,IN,TCIEXP,TCI Express Ltd.
2024-08-23,2024-09-30,ind_prs23082024,NIFTY_TOTAL_MARKET,IN,TIIL,Technocraft Industries (India) Ltd.
2024-08-23,2024-09-30,ind_prs23082024,NIFTY_TOTAL_MARKET,IN,VENUSPIPES,Venus Pipes & Tubes Ltd.
2024-08-23,2024-09-30,ind_prs23082024,NIFTY_TOTAL_MARKET,IN,VESUVIUS,Vesuvius India Ltd.
2024-08-23,2024-09-30,ind_prs23082024,NIFTY_TOTAL_MARKET,IN,VINATIORGA,Vinati Organics Ltd.
2024-08-23,2024-09-30,ind_prs23082024,NIFTY_TOTAL_MARKET,IN,VSTIND,VST Industries Ltd.
2025-12-23,2025-12-26,ind_prs23122025,NIFTY_MICROCAP_250,OUT,RAJESHEXPO,Rajesh Exports Ltd.
2025-12-23,2025-12-26,ind_prs23122025,NIFTY_MICROCAP_250,IN,KANSAINER,Kansai Nerolac Paints Ltd.
2025-12-23,2025-12-26,ind_prs23122025,NIFTY_TOTAL_MARKET,OUT,RAJESHEXPO,Rajesh Exports Ltd.
2025-12-23,2025-12-26,ind_prs23122025,NIFTY_TOTAL_MARKET,IN,KANSAINER,Kansai Nerolac Paints Ltd.
2010-02-24,2010-04-08,ind_prs24022010,NIFTY_50,OUT,GRASIM,Grasim Industries Ltd.
2010-02-24,2010-04-08,ind_prs24022010,NIFTY_50,IN,KOTAKBANK,Kotak Mahindra Bank Ltd.
2010-02-24,2010-04-08,ind_prs24022010,NIFTY_NEXT_50,OUT,KOTAKBANK,Kotak Mahindra Bank Ltd.
2010-02-24,2010-04-08,ind_prs24022010,NIFTY_NEXT_50,OUT,MOSERBAER,Moser Baer India Ltd.
2010-02-24,2010-04-08,ind_prs24022010,NIFTY_NEXT_50,IN,TORNTPOWER,Torrent Power Ltd.
2010-02-24,2010-04-08,ind_prs24022010,NIFTY_NEXT_50,IN,PUNJLLOYD,Punj Lloyd Ltd.
2010-02-24,2010-04-08,ind_prs24022010,NIFTY_500,OUT,UNMAPPED:Mukta Arts Ltd.,Mukta Arts Ltd.
2010-02-24,2010-04-08,ind_prs24022010,NIFTY_500,OUT,UNMAPPED:Donear Industries Ltd.,Donear Industries Ltd.
2010-02-24,2010-04-08,ind_prs24022010,NIFTY_500,OUT,UNMAPPED:Sirpur Paper Mills Ltd.,Sirpur Paper Mills Ltd.
2010-02-24,2010-04-08,ind_prs24022010,NIFTY_500,OUT,UNMAPPED:Consolidated Finvest & Holdings Ltd.,Consolidated Finvest & Holdings Ltd.
2010-02-24,2010-04-08,ind_prs24022010,NIFTY_500,OUT,UNMAPPED:Smartlink Network Systems Ltd.,Smartlink Network Systems Ltd.
2010-02-24,2010-04-08,ind_prs24022010,NIFTY_500,IN,GAMMNINFRA,Gammon Infrastructure Projects Ltd.
2010-02-24,2010-04-08,ind_prs24022010,NIFTY_500,IN,KGL,Karuturi Global Ltd.
2010-02-24,2010-04-08,ind_prs24022010,NIFTY_500,IN,UNMAPPED:Jindal SouthWest Hold Ltd.,Jindal SouthWest Hold Ltd.
2010-02-24,2010-04-08,ind_prs24022010,NIFTY_500,IN,BINANICEM,Binani Cement Ltd.
2010-02-24,2010-04-08,ind_prs24022010,NIFTY_500,IN,BANCOINDIA,Banco Products (India) Ltd.
2022-02-24,2022-03-31,ind_prs24022022_1,NIFTY_50,OUT,IOC,Indian Oil Corporation Ltd.
2022-02-24,2022-03-31,ind_prs24022022_1,NIFTY_50,IN,APOLLOHOSP,Apollo Hospitals Enterprise Ltd.
2022-02-24,2022-03-31,ind_prs24022022_1,NIFTY_NEXT_50,OUT,APOLLOHOSP,Apollo Hospitals Enterprise Ltd.
2022-02-24,2022-03-31,ind_prs24022022_1,NIFTY_NEXT_50,OUT,AUROPHARMA,Aurobindo Pharma Ltd.
2022-02-24,2022-03-31,ind_prs24022022_1,NIFTY_NEXT_50,OUT,HINDPETRO,Hindustan Petroleum Corporation Ltd.
2022-02-24,2022-03-31,ind_prs24022022_1,NIFTY_NEXT_50,OUT,IGL,Indraprastha Gas Ltd.
2022-02-24,2022-03-31,ind_prs24022022_1,NIFTY_NEXT_50,OUT,JINDALSTEL,Jindal Steel & Power Ltd.
2022-02-24,2022-03-31,ind_prs24022022_1,NIFTY_NEXT_50,OUT,YESBANK,Yes Bank Ltd.
2022-02-24,2022-03-31,ind_prs24022022_1,NIFTY_NEXT_50,IN,NYKAA,FSN E-Commerce Ventures Ltd.
2022-02-24,2022-03-31,ind_prs24022022_1,NIFTY_NEXT_50,IN,IOC,Indian Oil Corporation Ltd.
2022-02-24,2022-03-31,ind_prs24022022_1,NIFTY_NEXT_50,IN,MINDTREE,MindTree Ltd.
2022-02-24,2022-03-31,ind_prs24022022_1,NIFTY_NEXT_50,IN,PAYTM,One 97 Communications Ltd.
2022-02-24,2022-03-31,ind_prs24022022_1,NIFTY_NEXT_50,IN,SRF,SRF Ltd.
2022-02-24,2022-03-31,ind_prs24022022_1,NIFTY_NEXT_50,IN,ZOMATO,Zomato Ltd.
2022-02-24,2022-03-31,ind_prs24022022_1,NIFTY_500,OUT,ALEMBICLTD,Alembic Ltd.
2022-02-24,2022-03-31,ind_prs24022022_1,NIFTY_500,OUT,ASHOKA,Ashoka Buildcon Ltd.
2022-02-24,2022-03-31,ind_prs24022022_1,NIFTY_500,OUT,BAJAJCON,Bajaj Consumer Care Ltd.
2022-02-24,2022-03-31,ind_prs24022022_1,NIFTY_500,OUT,BHARATRAS,Bharat Rasayan Ltd.
2022-02-24,2022-03-31,ind_prs24022022_1,NIFTY_500,OUT,CGCL,Capri Global Capital Ltd.
2022-02-24,2022-03-31,ind_prs24022022_1,NIFTY_500,OUT,DCBBANK,DCB Bank Ltd.
2022-02-24,2022-03-31,ind_prs24022022_1,NIFTY_500,OUT,DHANUKA,Dhanuka Agritech Ltd.
2022-02-24,2022-03-31,ind_prs24022022_1,NIFTY_500,OUT,FRETAIL,Future Retail Ltd.
2022-02-24,2022-03-31,ind_prs24022022_1,NIFTY_500,OUT,GILLETTE,Gillette India Ltd.
2022-02-24,2022-03-31,ind_prs24022022_1,NIFTY_500,OUT,GREAVESCOT,Greaves Cotton Ltd.
2022-02-24,2022-03-31,ind_prs24022022_1,NIFTY_500,OUT,HEIDELBERG,HeidelbergCement India Ltd.
2022-02-24,2022-03-31,ind_prs24022022_1,NIFTY_500,OUT,INGERRAND,Ingersoll Rand (India) Ltd.
2022-02-24,2022-03-31,ind_prs24022022_1,NIFTY_500,OUT,IOLCP,IOL Chem and Pharma Ltd.
2022-02-24,2022-03-31,ind_prs24022022_1,NIFTY_500,OUT,JINDALSAW,Jindal Saw Ltd.
2022-02-24,2022-03-31,ind_prs24022022_1,NIFTY_500,OUT,JKTYRE,JK Tyre & Industries Ltd.
2022-02-24,2022-03-31,ind_prs24022022_1,NIFTY_500,OUT,JCHAC,
2022-02-24,2022-03-31,ind_prs24022022_1,NIFTY_500,OUT,KSCL,Kaveri Seed Company Ltd.
2022-02-24,2022-03-31,ind_prs24022022_1,NIFTY_500,OUT,KSB,KSB Ltd.
2022-02-24,2022-03-31,ind_prs24022022_1,NIFTY_500,OUT,LAOPALA,La Opala RG Ltd.
2022-02-24,2022-03-31,ind_prs24022022_1,NIFTY_500,OUT,LEMONTREE,Lemon Tree Hotels Ltd.
2022-02-24,2022-03-31,ind_prs24022022_1,NIFTY_500,OUT,MINDACORP,Minda Corporation Ltd.
2022-02-24,2022-03-31,ind_prs24022022_1,NIFTY_500,OUT,MIDHANI,Mishra Dhatu Nigam Ltd.
2022-02-24,2022-03-31,ind_prs24022022_1,NIFTY_500,OUT,NFL,National Fertilizers Ltd.
2022-02-24,2022-03-31,ind_prs24022022_1,NIFTY_500,OUT,NILKAMAL,Nilkamal Ltd.
2022-02-24,2022-03-31,ind_prs24022022_1,NIFTY_500,OUT,SCHNEIDER,Schneider Electric Infrastructure Ltd.
2022-02-24,2022-03-31,ind_prs24022022_1,NIFTY_500,OUT,SHARDACROP,Sharda Cropchem Ltd.
2022-02-24,2022-03-31,ind_prs24022022_1,NIFTY_500,OUT,SPANDANA,Spandana Sphoorty Financial Ltd.
2022-02-24,2022-03-31,ind_prs24022022_1,NIFTY_500,OUT,STARCEMENT,Star Cement Ltd.
2022-02-24,2022-03-31,ind_prs24022022_1,NIFTY_500,OUT,TASTYBITE,Tasty Bite Eatables Ltd.
2022-02-24,2022-03-31,ind_prs24022022_1,NIFTY_500,OUT,UJJIVAN,Ujjivan Financial Services Ltd.
2022-02-24,2022-03-31,ind_prs24022022_1,NIFTY_500,OUT,UJJIVANSFB,Ujjivan Small Finance Bank Ltd.
2022-02-24,2022-03-31,ind_prs24022022_1,NIFTY_500,OUT,VALIANTORG,Valiant Organics Ltd.
2022-02-24,2022-03-31,ind_prs24022022_1,NIFTY_500,IN,ABSLAMC,Aditya Birla Sun Life AMC Ltd.
2022-02-24,2022-03-31,ind_prs24022022_1,NIFTY_500,IN,ALLCARGO,Allcargo Logistics Ltd.
2022-02-24,2022-03-31,ind_prs24022022_1,NIFTY_500,IN,APTUS,Aptus Value Housing Finance India Ltd.
2022-02-24,2022-03-31,ind_prs24022022_1,NIFTY_500,IN,BORORENEW,Borosil Renewables Ltd.
2022-02-24,2022-03-31,ind_prs24022022_1,NIFTY_500,IN,BCG,Brightcom Group Ltd.
2022-02-24,2022-03-31,ind_prs24022022_1,NIFTY_500,IN,MAPMYINDIA,C.E. Info Systems Ltd.
2022-02-24,2022-03-31,ind_prs24022022_1,NIFTY_500,IN,CHEMPLASTS,Chemplast Sanmar Ltd.
2022-02-24,2022-03-31,ind_prs24022022_1,NIFTY_500,IN,CLEAN,Clean Science and Technology Ltd.
2022-02-24,2022-03-31,ind_prs24022022_1,NIFTY_500,IN,DEVYANI,Devyani International Ltd.
2022-02-24,2022-03-31,ind_prs24022022_1,NIFTY_500,IN,EASEMYTRIP,Easy Trip Planners Ltd.
2022-02-24,2022-03-31,ind_prs24022022_1,NIFTY_500,IN,NYKAA,FSN E-Commerce Ventures Ltd.
2022-02-24,2022-03-31,ind_prs24022022_1,NIFTY_500,IN,GRINFRA,G R Infraprojects Ltd.
2022-02-24,2022-03-31,ind_prs24022022_1,NIFTY_500,IN,GLS,Glenmark Life Sciences Ltd.
2022-02-24,2022-03-31,ind_prs24022022_1,NIFTY_500,IN,GOCOLORS,Go Fashion (India) Ltd.
2022-02-24,2022-03-31,ind_prs24022022_1,NIFTY_500,IN,HLEGLAS,HLE Glascoat Ltd.
2022-02-24,2022-03-31,ind_prs24022022_1,NIFTY_500,IN,KIMS,Krishna Institute of Medical Sciences Ltd.
2022-02-24,2022-03-31,ind_prs24022022_1,NIFTY_500,IN,LATENTVIEW,Latent View Analytics Ltd.
2022-02-24,2022-03-31,ind_prs24022022_1,NIFTY_500,IN,MEDPLUS,Medplus Health Services Ltd.
2022-02-24,2022-03-31,ind_prs24022022_1,NIFTY_500,IN,METROBRAND,Metro Brands Ltd.
2022-02-24,2022-03-31,ind_prs24022022_1,NIFTY_500,IN,NUVOCO,Nuvoco Vistas Corporation Ltd.
2022-02-24,2022-03-31,ind_prs24022022_1,NIFTY_500,IN,PAYTM,One 97 Communications Ltd.
2022-02-24,2022-03-31,ind_prs24022022_1,NIFTY_500,IN,POLICYBZR,PB Fintech Ltd.
2022-02-24,2022-03-31,ind_prs24022022_1,NIFTY_500,IN,PRIVISCL,Privi Speciality Chemicals Ltd.
2022-02-24,2022-03-31,ind_prs24022022_1,NIFTY_500,IN,RTNINDIA,RattanIndia Enterprises Ltd.
2022-02-24,2022-03-31,ind_prs24022022_1,NIFTY_500,IN,SAPPHIRE,Sapphire Foods India Ltd.
2022-02-24,2022-03-31,ind_prs24022022_1,NIFTY_500,IN,SAREGAMA,Saregama India Ltd
2022-02-24,2022-03-31,ind_prs24022022_1,NIFTY_500,IN,RENUKA,Shree Renuka Sugars Ltd.
2022-02-24,2022-03-31,ind_prs24022022_1,NIFTY_500,IN,SHYAMMETL,Shyam Metalics and Energy Ltd.
2022-02-24,2022-03-31,ind_prs24022022_1,NIFTY_500,IN,STARHEALTH,Star Health and Allied Insurance Company Ltd.
2022-02-24,2022-03-31,ind_prs24022022_1,NIFTY_500,IN,TATAINVEST,Tata Investment Corporation Ltd.
2022-02-24,2022-03-31,ind_prs24022022_1,NIFTY_500,IN,VIJAYA,Vijaya Diagnostic Centre Ltd.
2022-02-24,2022-03-31,ind_prs24022022_1,NIFTY_500,IN,ZOMATO,Zomato Ltd.
2022-02-24,2022-03-31,ind_prs24022022_1,NIFTY_MIDCAP_150,OUT,AMARAJABAT,Amara Raja Batteries Ltd.
2022-02-24,2022-03-31,ind_prs24022022_1,NIFTY_MIDCAP_150,OUT,CASTROLIND,Castrol India Ltd.
2022-02-24,2022-03-31,ind_prs24022022_1,NIFTY_MIDCAP_150,OUT,CHOLAHLDNG,Cholamandalam Financial Holdings Ltd.
2022-02-24,2022-03-31,ind_prs24022022_1,NIFTY_MIDCAP_150,OUT,CUB,City Union Bank Ltd.
2022-02-24,2022-03-31,ind_prs24022022_1,NIFTY_MIDCAP_150,OUT,DHANI,Dhani Services Ltd.
2022-02-24,2022-03-31,ind_prs24022022_1,NIFTY_MIDCAP_150,OUT,GILLETTE,Gillette India Ltd.
2022-02-24,2022-03-31,ind_prs24022022_1,NIFTY_MIDCAP_150,OUT,HINDCOPPER,Hindustan Copper Ltd.
2022-02-24,2022-03-31,ind_prs24022022_1,NIFTY_MIDCAP_150,OUT,ITI,ITI Ltd.
2022-02-24,2022-03-31,ind_prs24022022_1,NIFTY_MIDCAP_150,OUT,MGL,Mahanagar Gas Ltd.
2022-02-24,2022-03-31,ind_prs24022022_1,NIFTY_MIDCAP_150,OUT,MINDTREE,MindTree Ltd.
2022-02-24,2022-03-31,ind_prs24022022_1,NIFTY_MIDCAP_150,OUT,MOTILALOFS,Motilal Oswal Financial Services Ltd.
2022-02-24,2022-03-31,ind_prs24022022_1,NIFTY_MIDCAP_150,OUT,RBLBANK,RBL Bank Ltd.
2022-02-24,2022-03-31,ind_prs24022022_1,NIFTY_MIDCAP_150,OUT,SRF,SRF Ltd.
2022-02-24,2022-03-31,ind_prs24022022_1,NIFTY_MIDCAP_150,OUT,SUVENPHAR,Suven Pharmaceuticals Ltd.
2022-02-24,2022-03-31,ind_prs24022022_1,NIFTY_MIDCAP_150,OUT,TTKPRESTIG,TTK Prestige Ltd.
2022-02-24,2022-03-31,ind_prs24022022_1,NIFTY_MIDCAP_150,OUT,VAIBHAVGBL,Vaibhav Global Ltd.
2022-02-24,2022-03-31,ind_prs24022022_1,NIFTY_MIDCAP_150,OUT,ZYDUSWELL,Zydus Wellness Ltd.
2022-02-24,2022-03-31,ind_prs24022022_1,NIFTY_MIDCAP_150,IN,AUROPHARMA,Aurobindo Pharma Ltd.
2022-02-24,2022-03-31,ind_prs24022022_1,NIFTY_MIDCAP_150,IN,CGPOWER,CG Power and Industrial Solutions Ltd.
2022-02-24,2022-03-31,ind_prs24022022_1,NIFTY_MIDCAP_150,IN,CLEAN,Clean Science and Technology Ltd.
2022-02-24,2022-03-31,ind_prs24022022_1,NIFTY_MIDCAP_150,IN,GRINDWELL,Grindwell Norton Ltd.
2022-02-24,2022-03-31,ind_prs24022022_1,NIFTY_MIDCAP_150,IN,FLUOROCHEM,Gujarat Fluorochemicals Ltd.
2022-02-24,2022-03-31,ind_prs24022022_1,NIFTY_MIDCAP_150,IN,HAPPSTMNDS,Happiest Minds Technologies Ltd.
2022-02-24,2022-03-31,ind_prs24022022_1,NIFTY_MIDCAP_150,IN,HINDPETRO,Hindustan Petroleum Corporation Ltd.
2022-02-24,2022-03-31,ind_prs24022022_1,NIFTY_MIDCAP_150,IN,IDBI,IDBI Bank Ltd.
2022-02-24,2022-03-31,ind_prs24022022_1,NIFTY_MIDCAP_150,IN,IEX,Indian Energy Exchange Ltd.
2022-02-24,2022-03-31,ind_prs24022022_1,NIFTY_MIDCAP_150,IN,IGL,Indraprastha Gas Ltd.
2022-02-24,2022-03-31,ind_prs24022022_1,NIFTY_MIDCAP_150,IN,JINDALSTEL,Jindal Steel & Power Ltd.
2022-02-24,2022-03-31,ind_prs24022022_1,NIFTY_MIDCAP_150,IN,NUVOCO,Nuvoco Vistas Corporation Ltd.
2022-02-24,2022-03-31,ind_prs24022022_1,NIFTY_MIDCAP_150,IN,POLICYBZR,PB Fintech Ltd.
2022-02-24,2022-03-31,ind_prs24022022_1,NIFTY_MIDCAP_150,IN,STARHEALTH,Star Health and Allied Insurance Company Ltd.
2022-02-24,2022-03-31,ind_prs24022022_1,NIFTY_MIDCAP_150,IN,TTML,Tata Teleservices (Maharashtra) Ltd.
2022-02-24,2022-03-31,ind_prs24022022_1,NIFTY_MIDCAP_150,IN,TRIDENT,Trident Ltd.
2022-02-24,2022-03-31,ind_prs24022022_1,NIFTY_MIDCAP_150,IN,YESBANK,Yes Bank Ltd.
2022-02-24,2022-03-31,ind_prs24022022_1,NIFTY_SMALLCAP_250,OUT,ALEMBICLTD,Alembic Ltd.
2022-02-24,2022-03-31,ind_prs24022022_1,NIFTY_SMALLCAP_250,OUT,ASHOKA,Ashoka Buildcon Ltd.
2022-02-24,2022-03-31,ind_prs24022022_1,NIFTY_SMALLCAP_250,OUT,BAJAJCON,Bajaj Consumer Care Ltd.
2022-02-24,2022-03-31,ind_prs24022022_1,NIFTY_SMALLCAP_250,OUT,BHARATRAS,Bharat Rasayan Ltd.
2022-02-24,2022-03-31,ind_prs24022022_1,NIFTY_SMALLCAP_250,OUT,CGCL,Capri Global Capital Ltd.
2022-02-24,2022-03-31,ind_prs24022022_1,NIFTY_SMALLCAP_250,OUT,CGPOWER,CG Power and Industrial Solutions Ltd.
2022-02-24,2022-03-31,ind_prs24022022_1,NIFTY_SMALLCAP_250,OUT,DCBBANK,DCB Bank Ltd.
2022-02-24,2022-03-31,ind_prs24022022_1,NIFTY_SMALLCAP_250,OUT,DHANUKA,Dhanuka Agritech Ltd.
2022-02-24,2022-03-31,ind_prs24022022_1,NIFTY_SMALLCAP_250,OUT,FRETAIL,Future Retail Ltd.
2022-02-24,2022-03-31,ind_prs24022022_1,NIFTY_SMALLCAP_250,OUT,GREAVESCOT,Greaves Cotton Ltd.
2022-02-24,2022-03-31,ind_prs24022022_1,NIFTY_SMALLCAP_250,OUT,GRINDWELL,Grindwell Norton Ltd.
2022-02-24,2022-03-31,ind_prs24022022_1,NIFTY_SMALLCAP_250,OUT,FLUOROCHEM,Gujarat Fluorochemicals Ltd.
2022-02-24,2022-03-31,ind_prs24022022_1,NIFTY_SMALLCAP_250,OUT,HAPPSTMNDS,Happiest Minds Technologies Ltd.
2022-02-24,2022-03-31,ind_prs24022022_1,NIFTY_SMALLCAP_250,OUT,HEIDELBERG,HeidelbergCement India Ltd.
2022-02-24,2022-03-31,ind_prs24022022_1,NIFTY_SMALLCAP_250,OUT,IDBI,IDBI Bank Ltd.
2022-02-24,2022-03-31,ind_prs24022022_1,NIFTY_SMALLCAP_250,OUT,IEX,Indian Energy Exchange Ltd.
2022-02-24,2022-03-31,ind_prs24022022_1,NIFTY_SMALLCAP_250,OUT,INGERRAND,Ingersoll Rand (India) Ltd.
2022-02-24,2022-03-31,ind_prs24022022_1,NIFTY_SMALLCAP_250,OUT,IOLCP,IOL Chem and Pharma Ltd.
2022-02-24,2022-03-31,ind_prs24022022_1,NIFTY_SMALLCAP_250,OUT,JINDALSAW,Jindal Saw Ltd.
2022-02-24,2022-03-31,ind_prs24022022_1,NIFTY_SMALLCAP_250,OUT,JKTYRE,JK Tyre & Industries Ltd.
2022-02-24,2022-03-31,ind_prs24022022_1,NIFTY_SMALLCAP_250,OUT,JCHAC,
2022-02-24,2022-03-31,ind_prs24022022_1,NIFTY_SMALLCAP_250,OUT,KSCL,Kaveri Seed Company Ltd.
2022-02-24,2022-03-31,ind_prs24022022_1,NIFTY_SMALLCAP_250,OUT,KSB,KSB Ltd.
2022-02-24,2022-03-31,ind_prs24022022_1,NIFTY_SMALLCAP_250,OUT,LAOPALA,La Opala RG Ltd.
2022-02-24,2022-03-31,ind_prs24022022_1,NIFTY_SMALLCAP_250,OUT,LEMONTREE,Lemon Tree Hotels Ltd.
2022-02-24,2022-03-31,ind_prs24022022_1,NIFTY_SMALLCAP_250,OUT,MINDACORP,Minda Corporation Ltd.
2022-02-24,2022-03-31,ind_prs24022022_1,NIFTY_SMALLCAP_250,OUT,MIDHANI,Mishra Dhatu Nigam Ltd.
2022-02-24,2022-03-31,ind_prs24022022_1,NIFTY_SMALLCAP_250,OUT,NFL,National Fertilizers Ltd.
2022-02-24,2022-03-31,ind_prs24022022_1,NIFTY_SMALLCAP_250,OUT,NILKAMAL,Nilkamal Ltd.
2022-02-24,2022-03-31,ind_prs24022022_1,NIFTY_SMALLCAP_250,OUT,SCHNEIDER,Schneider Electric Infrastructure Ltd.
2022-02-24,2022-03-31,ind_prs24022022_1,NIFTY_SMALLCAP_250,OUT,SHARDACROP,Sharda Cropchem Ltd.
2022-02-24,2022-03-31,ind_prs24022022_1,NIFTY_SMALLCAP_250,OUT,SPANDANA,Spandana Sphoorty Financial Ltd.
2022-02-24,2022-03-31,ind_prs24022022_1,NIFTY_SMALLCAP_250,OUT,STARCEMENT,Star Cement Ltd.
2022-02-24,2022-03-31,ind_prs24022022_1,NIFTY_SMALLCAP_250,OUT,TASTYBITE,Tasty Bite Eatables Ltd.
2022-02-24,2022-03-31,ind_prs24022022_1,NIFTY_SMALLCAP_250,OUT,TTML,Tata Teleservices (Maharashtra) Ltd.
2022-02-24,2022-03-31,ind_prs24022022_1,NIFTY_SMALLCAP_250,OUT,TRIDENT,Trident Ltd.
2022-02-24,2022-03-31,ind_prs24022022_1,NIFTY_SMALLCAP_250,OUT,UJJIVAN,Ujjivan Financial Services Ltd.
2022-02-24,2022-03-31,ind_prs24022022_1,NIFTY_SMALLCAP_250,OUT,UJJIVANSFB,Ujjivan Small Finance Bank Ltd.
2022-02-24,2022-03-31,ind_prs24022022_1,NIFTY_SMALLCAP_250,OUT,VALIANTORG,Valiant Organics Ltd.
2022-02-24,2022-03-31,ind_prs24022022_1,NIFTY_SMALLCAP_250,IN,ABSLAMC,Aditya Birla Sun Life AMC Ltd.
2022-02-24,2022-03-31,ind_prs24022022_1,NIFTY_SMALLCAP_250,IN,ALLCARGO,Allcargo Logistics Ltd.
2022-02-24,2022-03-31,ind_prs24022022_1,NIFTY_SMALLCAP_250,IN,AMARAJABAT,Amara Raja Batteries Ltd.
2022-02-24,2022-03-31,ind_prs24022022_1,NIFTY_SMALLCAP_250,IN,APTUS,Aptus Value Housing Finance India Ltd.
2022-02-24,2022-03-31,ind_prs24022022_1,NIFTY_SMALLCAP_250,IN,BORORENEW,Borosil Renewables Ltd.
2022-02-24,2022-03-31,ind_prs24022022_1,NIFTY_SMALLCAP_250,IN,BCG,Brightcom Group Ltd.
2022-02-24,2022-03-31,ind_prs24022022_1,NIFTY_SMALLCAP_250,IN,MAPMYINDIA,C.E. Info Systems Ltd.
2022-02-24,2022-03-31,ind_prs24022022_1,NIFTY_SMALLCAP_250,IN,CASTROLIND,Castrol India Ltd.
2022-02-24,2022-03-31,ind_prs24022022_1,NIFTY_SMALLCAP_250,IN,CHEMPLASTS,Chemplast Sanmar Ltd.
2022-02-24,2022-03-31,ind_prs24022022_1,NIFTY_SMALLCAP_250,IN,CHOLAHLDNG,Cholamandalam Financial Holdings Ltd.
2022-02-24,2022-03-31,ind_prs24022022_1,NIFTY_SMALLCAP_250,IN,CUB,City Union Bank Ltd.
2022-02-24,2022-03-31,ind_prs24022022_1,NIFTY_SMALLCAP_250,IN,DEVYANI,Devyani International Ltd.
2022-02-24,2022-03-31,ind_prs24022022_1,NIFTY_SMALLCAP_250,IN,DHANI,Dhani Services Ltd.
2022-02-24,2022-03-31,ind_prs24022022_1,NIFTY_SMALLCAP_250,IN,EASEMYTRIP,Easy Trip Planners Ltd.
2022-02-24,2022-03-31,ind_prs24022022_1,NIFTY_SMALLCAP_250,IN,GRINFRA,G R Infraprojects Ltd.
2022-02-24,2022-03-31,ind_prs24022022_1,NIFTY_SMALLCAP_250,IN,GLS,Glenmark Life Sciences Ltd.
2022-02-24,2022-03-31,ind_prs24022022_1,NIFTY_SMALLCAP_250,IN,GOCOLORS,Go Fashion (India) Ltd.
2022-02-24,2022-03-31,ind_prs24022022_1,NIFTY_SMALLCAP_250,IN,HINDCOPPER,Hindustan Copper Ltd.
2022-02-24,2022-03-31,ind_prs24022022_1,NIFTY_SMALLCAP_250,IN,HLEGLAS,HLE Glascoat Ltd.
2022-02-24,2022-03-31,ind_prs24022022_1,NIFTY_SMALLCAP_250,IN,ITI,ITI Ltd.
2022-02-24,2022-03-31,ind_prs24022022_1,NIFTY_SMALLCAP_250,IN,KIMS,Krishna Institute of Medical Sciences Ltd.
2022-02-24,2022-03-31,ind_prs24022022_1,NIFTY_SMALLCAP_250,IN,LATENTVIEW,Latent View Analytics Ltd.
2022-02-24,2022-03-31,ind_prs24022022_1,NIFTY_SMALLCAP_250,IN,MGL,Mahanagar Gas Ltd.
2022-02-24,2022-03-31,ind_prs24022022_1,NIFTY_SMALLCAP_250,IN,MEDPLUS,Medplus Health Services Ltd.
2022-02-24,2022-03-31,ind_prs24022022_1,NIFTY_SMALLCAP_250,IN,METROBRAND,Metro Brands Ltd.
2022-02-24,2022-03-31,ind_prs24022022_1,NIFTY_SMALLCAP_250,IN,MOTILALOFS,Motilal Oswal Financial Services Ltd.
2022-02-24,2022-03-31,ind_prs24022022_1,NIFTY_SMALLCAP_250,IN,PRIVISCL,Privi Speciality Chemicals Ltd.
2022-02-24,2022-03-31,ind_prs24022022_1,NIFTY_SMALLCAP_250,IN,RTNINDIA,RattanIndia Enterprises Ltd.
2022-02-24,2022-03-31,ind_prs24022022_1,NIFTY_SMALLCAP_250,IN,RBLBANK,RBL Bank Ltd.
2022-02-24,2022-03-31,ind_prs24022022_1,NIFTY_SMALLCAP_250,IN,SAPPHIRE,Sapphire Foods India Ltd.
2022-02-24,2022-03-31,ind_prs24022022_1,NIFTY_SMALLCAP_250,IN,SAREGAMA,Saregama India Ltd
2022-02-24,2022-03-31,ind_prs24022022_1,NIFTY_SMALLCAP_250,IN,RENUKA,Shree Renuka Sugars Ltd.
2022-02-24,2022-03-31,ind_prs24022022_1,NIFTY_SMALLCAP_250,IN,SHYAMMETL,Shyam Metalics and Energy Ltd.
2022-02-24,2022-03-31,ind_prs24022022_1,NIFTY_SMALLCAP_250,IN,SUVENPHAR,Suven Pharmaceuticals Ltd.
2022-02-24,2022-03-31,ind_prs24022022_1,NIFTY_SMALLCAP_250,IN,TATAINVEST,Tata Investment Corporation Ltd.
2022-02-24,2022-03-31,ind_prs24022022_1,NIFTY_SMALLCAP_250,IN,TTKPRESTIG,TTK Prestige Ltd.
2022-02-24,2022-03-31,ind_prs24022022_1,NIFTY_SMALLCAP_250,IN,VAIBHAVGBL,Vaibhav Global Ltd.
2022-02-24,2022-03-31,ind_prs24022022_1,NIFTY_SMALLCAP_250,IN,VIJAYA,Vijaya Diagnostic Centre Ltd.
2022-02-24,2022-03-31,ind_prs24022022_1,NIFTY_SMALLCAP_250,IN,ZYDUSWELL,Zydus Wellness Ltd.
2022-02-24,2022-03-31,ind_prs24022022_1,NIFTY_MICROCAP_250,OUT,ATFL,Agro Tech Foods Ltd.
2022-02-24,2022-03-31,ind_prs24022022_1,NIFTY_MICROCAP_250,OUT,ALLCARGO,Allcargo Logistics Ltd.
2022-02-24,2022-03-31,ind_prs24022022_1,NIFTY_MICROCAP_250,OUT,BANCOINDIA,Banco Products (India) Ltd.
2022-02-24,2022-03-31,ind_prs24022022_1,NIFTY_MICROCAP_250,OUT,BFINVEST,BF Investment Ltd.
2022-02-24,2022-03-31,ind_prs24022022_1,NIFTY_MICROCAP_250,OUT,BLISSGVS,Bliss GVS Pharma Ltd.
2022-02-24,2022-03-31,ind_prs24022022_1,NIFTY_MICROCAP_250,OUT,BODALCHEM,Bodal Chemicals Ltd.
2022-02-24,2022-03-31,ind_prs24022022_1,NIFTY_MICROCAP_250,OUT,BORORENEW,Borosil Renewables Ltd.
2022-02-24,2022-03-31,ind_prs24022022_1,NIFTY_MICROCAP_250,OUT,CAPACITE,Capacite Infraprojects Ltd.
2022-02-24,2022-03-31,ind_prs24022022_1,NIFTY_MICROCAP_250,OUT,CLNINDIA,Clariant Chemicals (India) Ltd.
2022-02-24,2022-03-31,ind_prs24022022_1,NIFTY_MICROCAP_250,OUT,DHAMPURSUG,Dhampur Sugar Mills Ltd.*
2022-02-24,2022-03-31,ind_prs24022022_1,NIFTY_MICROCAP_250,OUT,DREDGECORP,Dredging Corporation of India Ltd.
2022-02-24,2022-03-31,ind_prs24022022_1,NIFTY_MICROCAP_250,OUT,EASEMYTRIP,Easy Trip Planners Ltd.
2022-02-24,2022-03-31,ind_prs24022022_1,NIFTY_MICROCAP_250,OUT,EXCELINDUS,Excel Industries Ltd.
2022-02-24,2022-03-31,ind_prs24022022_1,NIFTY_MICROCAP_250,OUT,FMGOETZE,Federal-Mogul Goetze (India) Ltd.
2022-02-24,2022-03-31,ind_prs24022022_1,NIFTY_MICROCAP_250,OUT,GMBREW,G.M. Breweries Ltd.
2022-02-24,2022-03-31,ind_prs24022022_1,NIFTY_MICROCAP_250,OUT,GIPCL,Gujarat Industries Power Co. Ltd.
2022-02-24,2022-03-31,ind_prs24022022_1,NIFTY_MICROCAP_250,OUT,HNDFDS,Hindustan Foods Ltd.
2022-02-24,2022-03-31,ind_prs24022022_1,NIFTY_MICROCAP_250,OUT,HLEGLAS,HLE Glascoat Ltd.
2022-02-24,2022-03-31,ind_prs24022022_1,NIFTY_MICROCAP_250,OUT,HUHTAMAKI,Huhtamaki India Ltd.
2022-02-24,2022-03-31,ind_prs24022022_1,NIFTY_MICROCAP_250,OUT,ICRA,ICRA Ltd.
2022-02-24,2022-03-31,ind_prs24022022_1,NIFTY_MICROCAP_250,OUT,ITDC,India Tourism Development Corporation Ltd.
2022-02-24,2022-03-31,ind_prs24022022_1,NIFTY_MICROCAP_250,OUT,INDIANHUME,Indian Hume Pipe Co. Ltd.
2022-02-24,2022-03-31,ind_prs24022022_1,NIFTY_MICROCAP_250,OUT,INSECTICID,Insecticides (I) Ltd.
2022-02-24,2022-03-31,ind_prs24022022_1,NIFTY_MICROCAP_250,OUT,ITDCEM,ITD Cementation India Ltd.
2022-02-24,2022-03-31,ind_prs24022022_1,NIFTY_MICROCAP_250,OUT,JKIL,J.Kumar Infraprojects Ltd.
2022-02-24,2022-03-31,ind_prs24022022_1,NIFTY_MICROCAP_250,OUT,JAGRAN,Jagran Prakashan Ltd.
2022-02-24,2022-03-31,ind_prs24022022_1,NIFTY_MICROCAP_250,OUT,KIRLOSBROS,Kirloskar Brothers Ltd.
2022-02-24,2022-03-31,ind_prs24022022_1,NIFTY_MICROCAP_250,OUT,LUMAXTECH,Lumax Auto Technologies Ltd.
2022-02-24,2022-03-31,ind_prs24022022_1,NIFTY_MICROCAP_250,OUT,MTNL,Mahanagar Telephone Nigam Ltd.
2022-02-24,2022-03-31,ind_prs24022022_1,NIFTY_MICROCAP_250,OUT,NOVARTIND,Novartis India Ltd.
2022-02-24,2022-03-31,ind_prs24022022_1,NIFTY_MICROCAP_250,OUT,OAL,Oriental Aromatics Ltd.
2022-02-24,2022-03-31,ind_prs24022022_1,NIFTY_MICROCAP_250,OUT,OCCL,Oriental Carbon & Chemicals Ltd.
2022-02-24,2022-03-31,ind_prs24022022_1,NIFTY_MICROCAP_250,OUT,PARAGMILK,Parag Milk Foods Ltd.
2022-02-24,2022-03-31,ind_prs24022022_1,NIFTY_MICROCAP_250,OUT,PCJEWELLER,PC Jeweller Ltd.
2022-02-24,2022-03-31,ind_prs24022022_1,NIFTY_MICROCAP_250,OUT,PNBGILTS,PNB Gilts Ltd.
2022-02-24,2022-03-31,ind_prs24022022_1,NIFTY_MICROCAP_250,OUT,PRAKASH,Prakash Industries Ltd.
2022-02-24,2022-03-31,ind_prs24022022_1,NIFTY_MICROCAP_250,OUT,PRIVISCL,Privi Speciality Chemicals Ltd.
2022-02-24,2022-03-31,ind_prs24022022_1,NIFTY_MICROCAP_250,OUT,PFS,PTC India Fin Serv Ltd.
2022-02-24,2022-03-31,ind_prs24022022_1,NIFTY_MICROCAP_250,OUT,PSB,Punjab & Sind Bank
2022-02-24,2022-03-31,ind_prs24022022_1,NIFTY_MICROCAP_250,OUT,QUICKHEAL,Quick Heal Technologies Ltd.
2022-02-24,2022-03-31,ind_prs24022022_1,NIFTY_MICROCAP_250,OUT,RAMCOSYS,Ramco Systems Ltd.
2022-02-24,2022-03-31,ind_prs24022022_1,NIFTY_MICROCAP_250,OUT,RANEHOLDIN,Rane Holdings Ltd.
2022-02-24,2022-03-31,ind_prs24022022_1,NIFTY_MICROCAP_250,OUT,RTNINDIA,RattanIndia Enterprises Ltd.
2022-02-24,2022-03-31,ind_prs24022022_1,NIFTY_MICROCAP_250,OUT,SADBHAV,Sadbhav Engineering Ltd.
2022-02-24,2022-03-31,ind_prs24022022_1,NIFTY_MICROCAP_250,OUT,SAREGAMA,Saregama India Ltd
2022-02-24,2022-03-31,ind_prs24022022_1,NIFTY_MICROCAP_250,OUT,SATIA,Satia Industries Ltd.
2022-02-24,2022-03-31,ind_prs24022022_1,NIFTY_MICROCAP_250,OUT,SESHAPAPER,Seshasayee Paper & Boards Ltd.
2022-02-24,2022-03-31,ind_prs24022022_1,NIFTY_MICROCAP_250,OUT,SHANKARA,Shankara Building Products Ltd.
2022-02-24,2022-03-31,ind_prs24022022_1,NIFTY_MICROCAP_250,OUT,SHANTIGEAR,Shanthi Gears Ltd.
2022-02-24,2022-03-31,ind_prs24022022_1,NIFTY_MICROCAP_250,OUT,SHARDAMOTR,Sharda Motor Industries Ltd.
2022-02-24,2022-03-31,ind_prs24022022_1,NIFTY_MICROCAP_250,OUT,RENUKA,Shree Renuka Sugars Ltd.
2022-02-24,2022-03-31,ind_prs24022022_1,NIFTY_MICROCAP_250,OUT,SMSPHARMA,SMS Pharmaceuticals Ltd.
2022-02-24,2022-03-31,ind_prs24022022_1,NIFTY_MICROCAP_250,OUT,SNOWMAN,Snowman Logistics Ltd.
2022-02-24,2022-03-31,ind_prs24022022_1,NIFTY_MICROCAP_250,OUT,SUNFLAG,Sunflag Iron & Steel Company Ltd.
2022-02-24,2022-03-31,ind_prs24022022_1,NIFTY_MICROCAP_250,OUT,TAKE,Take Solutions Ltd.
2022-02-24,2022-03-31,ind_prs24022022_1,NIFTY_MICROCAP_250,OUT,TNPL,Tamil Nadu Newsprint & Papers Ltd.
2022-02-24,2022-03-31,ind_prs24022022_1,NIFTY_MICROCAP_250,OUT,TATAINVEST,Tata Investment Corporation Ltd.
2022-02-24,2022-03-31,ind_prs24022022_1,NIFTY_MICROCAP_250,OUT,VESUVIUS,Vesuvius India Ltd.
2022-02-24,2022-03-31,ind_prs24022022_1,NIFTY_MICROCAP_250,OUT,VINDHYATEL,Vindhya Telelinks Ltd.
2022-02-24,2022-03-31,ind_prs24022022_1,NIFTY_MICROCAP_250,OUT,WHEELS,Wheels India Ltd.
2022-02-24,2022-03-31,ind_prs24022022_1,NIFTY_MICROCAP_250,OUT,WONDERLA,Wonderla Holidays Ltd.
2022-02-24,2022-03-31,ind_prs24022022_1,NIFTY_MICROCAP_250,IN,AHLUCONT,Ahluwalia Contracts (India) Ltd.
2022-02-24,2022-03-31,ind_prs24022022_1,NIFTY_MICROCAP_250,IN,ALEMBICLTD,Alembic Ltd.
2022-02-24,2022-03-31,ind_prs24022022_1,NIFTY_MICROCAP_250,IN,AMIORG,Ami Organics Ltd.
2022-02-24,2022-03-31,ind_prs24022022_1,NIFTY_MICROCAP_250,IN,ANANDRATHI,Anand Rathi Wealth Ltd.
2022-02-24,2022-03-31,ind_prs24022022_1,NIFTY_MICROCAP_250,IN,APOLLOPIPE,Apollo Pipes Ltd.
2022-02-24,2022-03-31,ind_prs24022022_1,NIFTY_MICROCAP_250,IN,ASHOKA,Ashoka Buildcon Ltd.
2022-02-24,2022-03-31,ind_prs24022022_1,NIFTY_MICROCAP_250,IN,BAJAJCON,Bajaj Consumer Care Ltd.
2022-02-24,2022-03-31,ind_prs24022022_1,NIFTY_MICROCAP_250,IN,BESTAGRO,Best Agrolife Ltd.
2022-02-24,2022-03-31,ind_prs24022022_1,NIFTY_MICROCAP_250,IN,BHARATRAS,Bharat Rasayan Ltd.
2022-02-24,2022-03-31,ind_prs24022022_1,NIFTY_MICROCAP_250,IN,CGCL,Capri Global Capital Ltd.
2022-02-24,2022-03-31,ind_prs24022022_1,NIFTY_MICROCAP_250,IN,CARTRADE,Cartrade Tech Ltd.
2022-02-24,2022-03-31,ind_prs24022022_1,NIFTY_MICROCAP_250,IN,CMSINFO,CMS Info Systems Ltd.
2022-02-24,2022-03-31,ind_prs24022022_1,NIFTY_MICROCAP_250,IN,DATAPATTNS,Data Patterns (India) Ltd.
2022-02-24,2022-03-31,ind_prs24022022_1,NIFTY_MICROCAP_250,IN,DCBBANK,DCB Bank Ltd.
2022-02-24,2022-03-31,ind_prs24022022_1,NIFTY_MICROCAP_250,IN,DHANUKA,Dhanuka Agritech Ltd.
2022-02-24,2022-03-31,ind_prs24022022_1,NIFTY_MICROCAP_250,IN,DODLA,Dodla Dairy Ltd.
2022-02-24,2022-03-31,ind_prs24022022_1,NIFTY_MICROCAP_250,IN,FAIRCHEMOR,Fairchem Organics Ltd.
2022-02-24,2022-03-31,ind_prs24022022_1,NIFTY_MICROCAP_250,IN,FINOPB,Fino Payments Bank Ltd.
2022-02-24,2022-03-31,ind_prs24022022_1,NIFTY_MICROCAP_250,IN,FRETAIL,Future Retail Ltd.
2022-02-24,2022-03-31,ind_prs24022022_1,NIFTY_MICROCAP_250,IN,GHCL,GHCL Ltd.
2022-02-24,2022-03-31,ind_prs24022022_1,NIFTY_MICROCAP_250,IN,GLOBUSSPR,Globus Spirits Ltd.
2022-02-24,2022-03-31,ind_prs24022022_1,NIFTY_MICROCAP_250,IN,GREAVESCOT,Greaves Cotton Ltd.
2022-02-24,2022-03-31,ind_prs24022022_1,NIFTY_MICROCAP_250,IN,GREENLAM,Greenlam Industries Ltd.
2022-02-24,2022-03-31,ind_prs24022022_1,NIFTY_MICROCAP_250,IN,GTLINFRA,GTL Infrastructure Ltd.
2022-02-24,2022-03-31,ind_prs24022022_1,NIFTY_MICROCAP_250,IN,HEIDELBERG,HeidelbergCement India Ltd.
2022-02-24,2022-03-31,ind_prs24022022_1,NIFTY_MICROCAP_250,IN,IPL,India Pesticides Ltd.
2022-02-24,2022-03-31,ind_prs24022022_1,NIFTY_MICROCAP_250,IN,INGERRAND,Ingersoll Rand (India) Ltd.
2022-02-24,2022-03-31,ind_prs24022022_1,NIFTY_MICROCAP_250,IN,IOLCP,IOL Chem and Pharma Ltd.
2022-02-24,2022-03-31,ind_prs24022022_1,NIFTY_MICROCAP_250,IN,JINDALSAW,Jindal Saw Ltd.
2022-02-24,2022-03-31,ind_prs24022022_1,NIFTY_MICROCAP_250,IN,JKTYRE,JK Tyre & Industries Ltd.
2022-02-24,2022-03-31,ind_prs24022022_1,NIFTY_MICROCAP_250,IN,JCHAC,
2022-02-24,2022-03-31,ind_prs24022022_1,NIFTY_MICROCAP_250,IN,KSCL,Kaveri Seed Company Ltd.
2022-02-24,2022-03-31,ind_prs24022022_1,NIFTY_MICROCAP_250,IN,KENNAMET,Kennametal India Ltd.
2022-02-24,2022-03-31,ind_prs24022022_1,NIFTY_MICROCAP_250,IN,KRSNAA,Krsnaa Diagnostics Ltd.
2022-02-24,2022-03-31,ind_prs24022022_1,NIFTY_MICROCAP_250,IN,KSB,KSB Ltd.
2022-02-24,2022-03-31,ind_prs24022022_1,NIFTY_MICROCAP_250,IN,LAOPALA,La Opala RG Ltd.
2022-02-24,2022-03-31,ind_prs24022022_1,NIFTY_MICROCAP_250,IN,LEMONTREE,Lemon Tree Hotels Ltd.
2022-02-24,2022-03-31,ind_prs24022022_1,NIFTY_MICROCAP_250,IN,MFL,Meghmani Finechem Ltd.
2022-02-24,2022-03-31,ind_prs24022022_1,NIFTY_MICROCAP_250,IN,MOL,Meghmani Organics Ltd.
2022-02-24,2022-03-31,ind_prs24022022_1,NIFTY_MICROCAP_250,IN,MINDACORP,Minda Corporation Ltd.
2022-02-24,2022-03-31,ind_prs24022022_1,NIFTY_MICROCAP_250,IN,MIDHANI,Mishra Dhatu Nigam Ltd.
2022-02-24,2022-03-31,ind_prs24022022_1,NIFTY_MICROCAP_250,IN,NFL,National Fertilizers Ltd.
2022-02-24,2022-03-31,ind_prs24022022_1,NIFTY_MICROCAP_250,IN,NILKAMAL,Nilkamal Ltd.
2022-02-24,2022-03-31,ind_prs24022022_1,NIFTY_MICROCAP_250,IN,OPTIEMUS,Optiemus Infracom Ltd.
2022-02-24,2022-03-31,ind_prs24022022_1,NIFTY_MICROCAP_250,IN,PARAS,Paras Defence and Space Technologies Ltd.
2022-02-24,2022-03-31,ind_prs24022022_1,NIFTY_MICROCAP_250,IN,RATEGAIN,Rategain Travel Technologies Ltd.
2022-02-24,2022-03-31,ind_prs24022022_1,NIFTY_MICROCAP_250,IN,RESPONIND,Responsive Industries Ltd.
2022-02-24,2022-03-31,ind_prs24022022_1,NIFTY_MICROCAP_250,IN,ROLEXRINGS,Rolex Rings Ltd.
2022-02-24,2022-03-31,ind_prs24022022_1,NIFTY_MICROCAP_250,IN,SANSERA,Sansera Engineering Ltd.
2022-02-24,2022-03-31,ind_prs24022022_1,NIFTY_MICROCAP_250,IN,SCHNEIDER,Schneider Electric Infrastructure Ltd.
2022-02-24,2022-03-31,ind_prs24022022_1,NIFTY_MICROCAP_250,IN,SHARDACROP,Sharda Cropchem Ltd.
2022-02-24,2022-03-31,ind_prs24022022_1,NIFTY_MICROCAP_250,IN,SHAREINDIA,Share India Securities Ltd.
2022-02-24,2022-03-31,ind_prs24022022_1,NIFTY_MICROCAP_250,IN,SPANDANA,Spandana Sphoorty Financial Ltd.
2022-02-24,2022-03-31,ind_prs24022022_1,NIFTY_MICROCAP_250,IN,STARCEMENT,Star Cement Ltd.
2022-02-24,2022-03-31,ind_prs24022022_1,NIFTY_MICROCAP_250,IN,SUPRIYA,Supriya Lifescience Ltd.
2022-02-24,2022-03-31,ind_prs24022022_1,NIFTY_MICROCAP_250,IN,TARSONS,Tarsons Products Ltd.
2022-02-24,2022-03-31,ind_prs24022022_1,NIFTY_MICROCAP_250,IN,TASTYBITE,Tasty Bite Eatables Ltd.
2022-02-24,2022-03-31,ind_prs24022022_1,NIFTY_MICROCAP_250,IN,TATVA,Tatva Chintan Pharma Chem Ltd.
2022-02-24,2022-03-31,ind_prs24022022_1,NIFTY_MICROCAP_250,IN,TEGA,Tega Industries Ltd.
2022-02-24,2022-03-31,ind_prs24022022_1,NIFTY_MICROCAP_250,IN,UJJIVANSFB,Ujjivan Small Finance Bank Ltd.
2022-02-24,2022-03-31,ind_prs24022022_1,NIFTY_MICROCAP_250,IN,VALIANTORG,Valiant Organics Ltd.
2022-02-24,2022-03-31,ind_prs24022022_1,NIFTY_TOTAL_MARKET,OUT,ATFL,Agro Tech Foods Ltd.
2022-02-24,2022-03-31,ind_prs24022022_1,NIFTY_TOTAL_MARKET,OUT,BANCOINDIA,Banco Products (India) Ltd.
2022-02-24,2022-03-31,ind_prs24022022_1,NIFTY_TOTAL_MARKET,OUT,BFINVEST,BF Investment Ltd.
2022-02-24,2022-03-31,ind_prs24022022_1,NIFTY_TOTAL_MARKET,OUT,BLISSGVS,Bliss GVS Pharma Ltd.
2022-02-24,2022-03-31,ind_prs24022022_1,NIFTY_TOTAL_MARKET,OUT,BODALCHEM,Bodal Chemicals Ltd.
2022-02-24,2022-03-31,ind_prs24022022_1,NIFTY_TOTAL_MARKET,OUT,CAPACITE,Capacite Infraprojects Ltd.
2022-02-24,2022-03-31,ind_prs24022022_1,NIFTY_TOTAL_MARKET,OUT,CLNINDIA,Clariant Chemicals (India) Ltd.
2022-02-24,2022-03-31,ind_prs24022022_1,NIFTY_TOTAL_MARKET,OUT,DHAMPURSUG,Dhampur Sugar Mills Ltd.*
2022-02-24,2022-03-31,ind_prs24022022_1,NIFTY_TOTAL_MARKET,OUT,DREDGECORP,Dredging Corporation of India Ltd.
2022-02-24,2022-03-31,ind_prs24022022_1,NIFTY_TOTAL_MARKET,OUT,EXCELINDUS,Excel Industries Ltd.
2022-02-24,2022-03-31,ind_prs24022022_1,NIFTY_TOTAL_MARKET,OUT,FMGOETZE,Federal-Mogul Goetze (India) Ltd.
2022-02-24,2022-03-31,ind_prs24022022_1,NIFTY_TOTAL_MARKET,OUT,GMBREW,G.M. Breweries Ltd.
2022-02-24,2022-03-31,ind_prs24022022_1,NIFTY_TOTAL_MARKET,OUT,GILLETTE,Gillette India Ltd.
2022-02-24,2022-03-31,ind_prs24022022_1,NIFTY_TOTAL_MARKET,OUT,GIPCL,Gujarat Industries Power Co. Ltd.
2022-02-24,2022-03-31,ind_prs24022022_1,NIFTY_TOTAL_MARKET,OUT,HNDFDS,Hindustan Foods Ltd.
2022-02-24,2022-03-31,ind_prs24022022_1,NIFTY_TOTAL_MARKET,OUT,HUHTAMAKI,Huhtamaki India Ltd.
2022-02-24,2022-03-31,ind_prs24022022_1,NIFTY_TOTAL_MARKET,OUT,ICRA,ICRA Ltd.
2022-02-24,2022-03-31,ind_prs24022022_1,NIFTY_TOTAL_MARKET,OUT,ITDC,India Tourism Development Corporation Ltd.
2022-02-24,2022-03-31,ind_prs24022022_1,NIFTY_TOTAL_MARKET,OUT,INDIANHUME,Indian Hume Pipe Co. Ltd.
2022-02-24,2022-03-31,ind_prs24022022_1,NIFTY_TOTAL_MARKET,OUT,INSECTICID,Insecticides (I) Ltd.
2022-02-24,2022-03-31,ind_prs24022022_1,NIFTY_TOTAL_MARKET,OUT,ITDCEM,ITD Cementation India Ltd.
2022-02-24,2022-03-31,ind_prs24022022_1,NIFTY_TOTAL_MARKET,OUT,JKIL,J.Kumar Infraprojects Ltd.
2022-02-24,2022-03-31,ind_prs24022022_1,NIFTY_TOTAL_MARKET,OUT,JAGRAN,Jagran Prakashan Ltd.
2022-02-24,2022-03-31,ind_prs24022022_1,NIFTY_TOTAL_MARKET,OUT,KIRLOSBROS,Kirloskar Brothers Ltd.
2022-02-24,2022-03-31,ind_prs24022022_1,NIFTY_TOTAL_MARKET,OUT,LUMAXTECH,Lumax Auto Technologies Ltd.
2022-02-24,2022-03-31,ind_prs24022022_1,NIFTY_TOTAL_MARKET,OUT,MTNL,Mahanagar Telephone Nigam Ltd.
2022-02-24,2022-03-31,ind_prs24022022_1,NIFTY_TOTAL_MARKET,OUT,NOVARTIND,Novartis India Ltd.
2022-02-24,2022-03-31,ind_prs24022022_1,NIFTY_TOTAL_MARKET,OUT,OAL,Oriental Aromatics Ltd.
2022-02-24,2022-03-31,ind_prs24022022_1,NIFTY_TOTAL_MARKET,OUT,OCCL,Oriental Carbon & Chemicals Ltd.
2022-02-24,2022-03-31,ind_prs24022022_1,NIFTY_TOTAL_MARKET,OUT,PARAGMILK,Parag Milk Foods Ltd.
2022-02-24,2022-03-31,ind_prs24022022_1,NIFTY_TOTAL_MARKET,OUT,PCJEWELLER,PC Jeweller Ltd.
2022-02-24,2022-03-31,ind_prs24022022_1,NIFTY_TOTAL_MARKET,OUT,PNBGILTS,PNB Gilts Ltd.
2022-02-24,2022-03-31,ind_prs24022022_1,NIFTY_TOTAL_MARKET,OUT,PRAKASH,Prakash Industries Ltd.
2022-02-24,2022-03-31,ind_prs24022022_1,NIFTY_TOTAL_MARKET,OUT,PFS,PTC India Fin Serv Ltd.
2022-02-24,2022-03-31,ind_prs24022022_1,NIFTY_TOTAL_MARKET,OUT,PSB,Punjab & Sind Bank
2022-02-24,2022-03-31,ind_prs24022022_1,NIFTY_TOTAL_MARKET,OUT,QUICKHEAL,Quick Heal Technologies Ltd.
2022-02-24,2022-03-31,ind_prs24022022_1,NIFTY_TOTAL_MARKET,OUT,RAMCOSYS,Ramco Systems Ltd.
2022-02-24,2022-03-31,ind_prs24022022_1,NIFTY_TOTAL_MARKET,OUT,RANEHOLDIN,Rane Holdings Ltd.
2022-02-24,2022-03-31,ind_prs24022022_1,NIFTY_TOTAL_MARKET,OUT,SADBHAV,Sadbhav Engineering Ltd.
2022-02-24,2022-03-31,ind_prs24022022_1,NIFTY_TOTAL_MARKET,OUT,SATIA,Satia Industries Ltd.
2022-02-24,2022-03-31,ind_prs24022022_1,NIFTY_TOTAL_MARKET,OUT,SESHAPAPER,Seshasayee Paper & Boards Ltd.
2022-02-24,2022-03-31,ind_prs24022022_1,NIFTY_TOTAL_MARKET,OUT,SHANKARA,Shankara Building Products Ltd.
2022-02-24,2022-03-31,ind_prs24022022_1,NIFTY_TOTAL_MARKET,OUT,SHANTIGEAR,Shanthi Gears Ltd.
2022-02-24,2022-03-31,ind_prs24022022_1,NIFTY_TOTAL_MARKET,OUT,SHARDAMOTR,Sharda Motor Industries Ltd.
2022-02-24,2022-03-31,ind_prs24022022_1,NIFTY_TOTAL_MARKET,OUT,SMSPHARMA,SMS Pharmaceuticals Ltd.
2022-02-24,2022-03-31,ind_prs24022022_1,NIFTY_TOTAL_MARKET,OUT,SNOWMAN,Snowman Logistics Ltd.
2022-02-24,2022-03-31,ind_prs24022022_1,NIFTY_TOTAL_MARKET,OUT,SUNFLAG,Sunflag Iron & Steel Company Ltd.
2022-02-24,2022-03-31,ind_prs24022022_1,NIFTY_TOTAL_MARKET,OUT,TAKE,Take Solutions Ltd.
2022-02-24,2022-03-31,ind_prs24022022_1,NIFTY_TOTAL_MARKET,OUT,TNPL,Tamil Nadu Newsprint & Papers Ltd.
2022-02-24,2022-03-31,ind_prs24022022_1,NIFTY_TOTAL_MARKET,OUT,UJJIVAN,Ujjivan Financial Services Ltd.
2022-02-24,2022-03-31,ind_prs24022022_1,NIFTY_TOTAL_MARKET,OUT,VESUVIUS,Vesuvius India Ltd.
2022-02-24,2022-03-31,ind_prs24022022_1,NIFTY_TOTAL_MARKET,OUT,VINDHYATEL,Vindhya Telelinks Ltd.
2022-02-24,2022-03-31,ind_prs24022022_1,NIFTY_TOTAL_MARKET,OUT,WHEELS,Wheels India Ltd.
2022-02-24,2022-03-31,ind_prs24022022_1,NIFTY_TOTAL_MARKET,OUT,WONDERLA,Wonderla Holidays Ltd.
2022-02-24,2022-03-31,ind_prs24022022_1,NIFTY_TOTAL_MARKET,IN,ABSLAMC,Aditya Birla Sun Life AMC Ltd.
2022-02-24,2022-03-31,ind_prs24022022_1,NIFTY_TOTAL_MARKET,IN,AHLUCONT,Ahluwalia Contracts (India) Ltd.
2022-02-24,2022-03-31,ind_prs24022022_1,NIFTY_TOTAL_MARKET,IN,AMIORG,Ami Organics Ltd.
2022-02-24,2022-03-31,ind_prs24022022_1,NIFTY_TOTAL_MARKET,IN,ANANDRATHI,Anand Rathi Wealth Ltd.
2022-02-24,2022-03-31,ind_prs24022022_1,NIFTY_TOTAL_MARKET,IN,APOLLOPIPE,Apollo Pipes Ltd.
2022-02-24,2022-03-31,ind_prs24022022_1,NIFTY_TOTAL_MARKET,IN,APTUS,Aptus Value Housing Finance India Ltd.
2022-02-24,2022-03-31,ind_prs24022022_1,NIFTY_TOTAL_MARKET,IN,BESTAGRO,Best Agrolife Ltd.
2022-02-24,2022-03-31,ind_prs24022022_1,NIFTY_TOTAL_MARKET,IN,BCG,Brightcom Group Ltd.
2022-02-24,2022-03-31,ind_prs24022022_1,NIFTY_TOTAL_MARKET,IN,MAPMYINDIA,C.E. Info Systems Ltd.
2022-02-24,2022-03-31,ind_prs24022022_1,NIFTY_TOTAL_MARKET,IN,CARTRADE,Cartrade Tech Ltd.
2022-02-24,2022-03-31,ind_prs24022022_1,NIFTY_TOTAL_MARKET,IN,CHEMPLASTS,Chemplast Sanmar Ltd.
2022-02-24,2022-03-31,ind_prs24022022_1,NIFTY_TOTAL_MARKET,IN,CLEAN,Clean Science and Technology Ltd.
2022-02-24,2022-03-31,ind_prs24022022_1,NIFTY_TOTAL_MARKET,IN,CMSINFO,CMS Info Systems Ltd.
2022-02-24,2022-03-31,ind_prs24022022_1,NIFTY_TOTAL_MARKET,IN,DATAPATTNS,Data Patterns (India) Ltd.
2022-02-24,2022-03-31,ind_prs24022022_1,NIFTY_TOTAL_MARKET,IN,DEVYANI,Devyani International Ltd.
2022-02-24,2022-03-31,ind_prs24022022_1,NIFTY_TOTAL_MARKET,IN,DODLA,Dodla Dairy Ltd.
2022-02-24,2022-03-31,ind_prs24022022_1,NIFTY_TOTAL_MARKET,IN,FAIRCHEMOR,Fairchem Organics Ltd.
2022-02-24,2022-03-31,ind_prs24022022_1,NIFTY_TOTAL_MARKET,IN,FINOPB,Fino Payments Bank Ltd.
2022-02-24,2022-03-31,ind_prs24022022_1,NIFTY_TOTAL_MARKET,IN,NYKAA,FSN E-Commerce Ventures Ltd.
2022-02-24,2022-03-31,ind_prs24022022_1,NIFTY_TOTAL_MARKET,IN,GRINFRA,G R Infraprojects Ltd.
2022-02-24,2022-03-31,ind_prs24022022_1,NIFTY_TOTAL_MARKET,IN,GHCL,GHCL Ltd.
2022-02-24,2022-03-31,ind_prs24022022_1,NIFTY_TOTAL_MARKET,IN,GLS,Glenmark Life Sciences Ltd.
2022-02-24,2022-03-31,ind_prs24022022_1,NIFTY_TOTAL_MARKET,IN,GLOBUSSPR,Globus Spirits Ltd.
2022-02-24,2022-03-31,ind_prs24022022_1,NIFTY_TOTAL_MARKET,IN,GOCOLORS,Go Fashion (India) Ltd.
2022-02-24,2022-03-31,ind_prs24022022_1,NIFTY_TOTAL_MARKET,IN,GREENLAM,Greenlam Industries Ltd.
2022-02-24,2022-03-31,ind_prs24022022_1,NIFTY_TOTAL_MARKET,IN,GTLINFRA,GTL Infrastructure Ltd.
2022-02-24,2022-03-31,ind_prs24022022_1,NIFTY_TOTAL_MARKET,IN,IPL,India Pesticides Ltd.
2022-02-24,2022-03-31,ind_prs24022022_1,NIFTY_TOTAL_MARKET,IN,KENNAMET,Kennametal India Ltd.
2022-02-24,2022-03-31,ind_prs24022022_1,NIFTY_TOTAL_MARKET,IN,KIMS,Krishna Institute of Medical Sciences Ltd.
2022-02-24,2022-03-31,ind_prs24022022_1,NIFTY_TOTAL_MARKET,IN,KRSNAA,Krsnaa Diagnostics Ltd.
2022-02-24,2022-03-31,ind_prs24022022_1,NIFTY_TOTAL_MARKET,IN,LATENTVIEW,Latent View Analytics Ltd.
2022-02-24,2022-03-31,ind_prs24022022_1,NIFTY_TOTAL_MARKET,IN,MEDPLUS,Medplus Health Services Ltd.
2022-02-24,2022-03-31,ind_prs24022022_1,NIFTY_TOTAL_MARKET,IN,MFL,Meghmani Finechem Ltd.
2022-02-24,2022-03-31,ind_prs24022022_1,NIFTY_TOTAL_MARKET,IN,MOL,Meghmani Organics Ltd.
2022-02-24,2022-03-31,ind_prs24022022_1,NIFTY_TOTAL_MARKET,IN,METROBRAND,Metro Brands Ltd.
2022-02-24,2022-03-31,ind_prs24022022_1,NIFTY_TOTAL_MARKET,IN,NUVOCO,Nuvoco Vistas Corporation Ltd.
2022-02-24,2022-03-31,ind_prs24022022_1,NIFTY_TOTAL_MARKET,IN,PAYTM,One 97 Communications Ltd.
2022-02-24,2022-03-31,ind_prs24022022_1,NIFTY_TOTAL_MARKET,IN,OPTIEMUS,Optiemus Infracom Ltd.
2022-02-24,2022-03-31,ind_prs24022022_1,NIFTY_TOTAL_MARKET,IN,PARAS,Paras Defence and Space Technologies Ltd.
2022-02-24,2022-03-31,ind_prs24022022_1,NIFTY_TOTAL_MARKET,IN,POLICYBZR,PB Fintech Ltd.
2022-02-24,2022-03-31,ind_prs24022022_1,NIFTY_TOTAL_MARKET,IN,RATEGAIN,Rategain Travel Technologies Ltd.
2022-02-24,2022-03-31,ind_prs24022022_1,NIFTY_TOTAL_MARKET,IN,RESPONIND,Responsive Industries Ltd.
2022-02-24,2022-03-31,ind_prs24022022_1,NIFTY_TOTAL_MARKET,IN,ROLEXRINGS,Rolex Rings Ltd.
2022-02-24,2022-03-31,ind_prs24022022_1,NIFTY_TOTAL_MARKET,IN,SANSERA,Sansera Engineering Ltd.
2022-02-24,2022-03-31,ind_prs24022022_1,NIFTY_TOTAL_MARKET,IN,SAPPHIRE,Sapphire Foods India Ltd.
2022-02-24,2022-03-31,ind_prs24022022_1,NIFTY_TOTAL_MARKET,IN,SHAREINDIA,Share India Securities Ltd.
2022-02-24,2022-03-31,ind_prs24022022_1,NIFTY_TOTAL_MARKET,IN,SHYAMMETL,Shyam Metalics and Energy Ltd.
2022-02-24,2022-03-31,ind_prs24022022_1,NIFTY_TOTAL_MARKET,IN,STARHEALTH,Star Health and Allied Insurance Company Ltd.
2022-02-24,2022-03-31,ind_prs24022022_1,NIFTY_TOTAL_MARKET,IN,SUPRIYA,Supriya Lifescience Ltd.
2022-02-24,2022-03-31,ind_prs24022022_1,NIFTY_TOTAL_MARKET,IN,TARSONS,Tarsons Products Ltd.
2022-02-24,2022-03-31,ind_prs24022022_1,NIFTY_TOTAL_MARKET,IN,TATVA,Tatva Chintan Pharma Chem Ltd.
2022-02-24,2022-03-31,ind_prs24022022_1,NIFTY_TOTAL_MARKET,IN,TEGA,Tega Industries Ltd.
2022-02-24,2022-03-31,ind_prs24022022_1,NIFTY_TOTAL_MARKET,IN,VIJAYA,Vijaya Diagnostic Centre Ltd.
2022-02-24,2022-03-31,ind_prs24022022_1,NIFTY_TOTAL_MARKET,IN,ZOMATO,Zomato Ltd.
2024-04-24,2024-04-26,ind_prs24042024,NIFTY_MICROCAP_250,OUT,BCG,Brightcom Group Ltd.
2024-04-24,2024-04-26,ind_prs24042024,NIFTY_MICROCAP_250,IN,SPLPETRO,Supreme Petrochem Ltd.
2024-04-24,2024-04-26,ind_prs24042024,NIFTY_TOTAL_MARKET,OUT,BCG,Brightcom Group Ltd.
2024-04-24,2024-04-26,ind_prs24042024,NIFTY_TOTAL_MARKET,IN,SPLPETRO,Supreme Petrochem Ltd.
2024-04-24,2024-05-03,ind_prs24042024_1,NIFTY_MICROCAP_250,OUT,UJJIVAN,Ujjivan Financial Services Ltd.
2024-04-24,2024-05-03,ind_prs24042024_1,NIFTY_MICROCAP_250,IN,JUNIPER,Juniper Hotels Ltd.
2024-04-24,2024-05-03,ind_prs24042024_1,NIFTY_TOTAL_MARKET,OUT,UJJIVAN,Ujjivan Financial Services Ltd.
2024-04-24,2024-05-03,ind_prs24042024_1,NIFTY_TOTAL_MARKET,IN,JUNIPER,Juniper Hotels Ltd.
2018-05-24,2018-06-29,ind_prs24052018,NIFTY_500,OUT,ARVIND,Arvind Ltd.
2018-05-24,2018-06-29,ind_prs24052018,NIFTY_500,OUT,COX&KINGS,Cox & Kings Ltd.
2018-05-24,2018-06-29,ind_prs24052018,NIFTY_500,OUT,TATACOMM,Tata Communications Ltd.
2018-05-24,2018-06-29,ind_prs24052018,NIFTY_500,IN,FRETAIL,Future Retail Ltd.
2018-05-24,2018-06-29,ind_prs24052018,NIFTY_500,IN,KIOCL,KIOCL Ltd.
2018-05-24,2018-06-29,ind_prs24052018,NIFTY_500,IN,TIINDIA,Tube Investments of India Ltd.
2018-05-24,2018-06-29,ind_prs24052018,NIFTY_MIDCAP_150,OUT,ARVIND,Arvind Ltd.
2018-05-24,2018-06-29,ind_prs24052018,NIFTY_MIDCAP_150,OUT,TATACOMM,Tata Communications Ltd.
2018-05-24,2018-06-29,ind_prs24052018,NIFTY_MIDCAP_150,IN,FRETAIL,Future Retail Ltd.
2018-05-24,2018-06-29,ind_prs24052018,NIFTY_MIDCAP_150,IN,KIOCL,KIOCL Ltd.
2018-05-24,2018-06-29,ind_prs24052018,NIFTY_SMALLCAP_250,OUT,COX&KINGS,Cox & Kings Ltd.
2018-05-24,2018-06-29,ind_prs24052018,NIFTY_SMALLCAP_250,IN,TIINDIA,Tube Investments of India Ltd.
2022-05-24,2022-05-31,ind_prs24052022,NIFTY_500,OUT,JSLHISAR,Jindal Stainless (Hisar) Ltd.
2022-05-24,2022-05-31,ind_prs24052022,NIFTY_500,IN,TRIVENI,Triveni Engineering & Industries Ltd.
2022-05-24,2022-05-31,ind_prs24052022,NIFTY_SMALLCAP_250,OUT,JSLHISAR,Jindal Stainless (Hisar) Ltd.
2022-05-24,2022-05-31,ind_prs24052022,NIFTY_SMALLCAP_250,IN,TRIVENI,Triveni Engineering & Industries Ltd.
2022-05-24,2022-05-31,ind_prs24052022,NIFTY_MICROCAP_250,OUT,TRIVENI,Triveni Engineering & Industries Ltd.*
2022-05-24,2022-05-31,ind_prs24052022,NIFTY_MICROCAP_250,IN,GATEWAY,Gateway Distriparks Ltd.
2022-05-24,2022-05-31,ind_prs24052022,NIFTY_TOTAL_MARKET,OUT,JSLHISAR,Jindal Stainless (Hisar) Ltd.
2022-05-24,2022-05-31,ind_prs24052022,NIFTY_TOTAL_MARKET,IN,GATEWAY,Gateway Distriparks Ltd.
2015-08-24,2015-09-28,ind_prs24082015,NIFTY_NEXT_50,OUT,CROMPGREAV,Crompton Greaves Ltd.
2015-08-24,2015-09-28,ind_prs24082015,NIFTY_NEXT_50,IN,ASHOKLEY,Ashok Leyland Ltd.
2015-08-24,2015-09-28,ind_prs24082015,NIFTY_500,OUT,CROMPGREAV,Crompton Greaves Ltd.
2015-08-24,2015-09-28,ind_prs24082015,NIFTY_500,OUT,MAX,Max India Ltd.
2015-08-24,2015-09-28,ind_prs24082015,NIFTY_500,IN,ADLABS,Adlabs Entertainment Ltd.
2015-08-24,2015-09-28,ind_prs24082015,NIFTY_500,IN,EVEREADY,Eveready Industries India Ltd.
2019-02-25,2019-03-29,ind_prs25022019,NIFTY_50,OUT,HINDPETRO,Hindustan Petroleum Corporation Ltd.
2019-02-25,2019-03-29,ind_prs25022019,NIFTY_50,IN,BRITANNIA,Britannia Industries Ltd.
2019-02-25,2019-03-29,ind_prs25022019,NIFTY_NEXT_50,OUT,ABCAPITAL,Aditya Birla Capital Ltd.
2019-02-25,2019-03-29,ind_prs25022019,NIFTY_NEXT_50,OUT,BEL,Bharat Electronics Ltd.
2019-02-25,2019-03-29,ind_prs25022019,NIFTY_NEXT_50,OUT,BRITANNIA,Britannia Industries Ltd.
2019-02-25,2019-03-29,ind_prs25022019,NIFTY_NEXT_50,OUT,LICHSGFIN,LIC Housing Finance Ltd.
2019-02-25,2019-03-29,ind_prs25022019,NIFTY_NEXT_50,OUT,OIL,Oil India Ltd.
2019-02-25,2019-03-29,ind_prs25022019,NIFTY_NEXT_50,OUT,SUNTV,Sun TV Network Ltd.
2019-02-25,2019-03-29,ind_prs25022019,NIFTY_NEXT_50,IN,BAJAJHLDNG,Bajaj Holdings & Investment Ltd.
2019-02-25,2019-03-29,ind_prs25022019,NIFTY_NEXT_50,IN,DIVISLAB,Divi's Laboratories Ltd.
2019-02-25,2019-03-29,ind_prs25022019,NIFTY_NEXT_50,IN,HDFCAMC,HDFC Asset Management Company Ltd.
2019-02-25,2019-03-29,ind_prs25022019,NIFTY_NEXT_50,IN,HINDPETRO,Hindustan Petroleum Corporation Ltd.
2019-02-25,2019-03-29,ind_prs25022019,NIFTY_NEXT_50,IN,PAGEIND,Page Industries Ltd.
2019-02-25,2019-03-29,ind_prs25022019,NIFTY_NEXT_50,IN,UBL,United Breweries Ltd.
2019-02-25,2019-03-29,ind_prs25022019,NIFTY_500,OUT,8KMILES,8K Miles Soft Services Ltd.
2019-02-25,2019-03-29,ind_prs25022019,NIFTY_500,OUT,AARTIIND,Aarti Industries Ltd.
2019-02-25,2019-03-29,ind_prs25022019,NIFTY_500,OUT,DEN,Den Networks Ltd.
2019-02-25,2019-03-29,ind_prs25022019,NIFTY_500,OUT,DREDGECORP,Dredging Corporation of India Ltd.
2019-02-25,2019-03-29,ind_prs25022019,NIFTY_500,OUT,EROSMEDIA,Eros Intl Media Ltd.
2019-02-25,2019-03-29,ind_prs25022019,NIFTY_500,OUT,EVEREADY,Eveready Industries India Ltd.
2019-02-25,2019-03-29,ind_prs25022019,NIFTY_500,OUT,GREENPLY,Greenply Industries Ltd.
2019-02-25,2019-03-29,ind_prs25022019,NIFTY_500,OUT,GVKPIL,GVK Power & Infrastructures Ltd.
2019-02-25,2019-03-29,ind_prs25022019,NIFTY_500,OUT,HCL-INSYS,HCL Infosystems Ltd.
2019-02-25,2019-03-29,ind_prs25022019,NIFTY_500,OUT,HCC,Hindustan Construction Co. Ltd.
2019-02-25,2019-03-29,ind_prs25022019,NIFTY_500,OUT,IL&FSTRANS,IL&FS Transportation Networks Ltd.
2019-02-25,2019-03-29,ind_prs25022019,NIFTY_500,OUT,ICIL,Indo Count Industries Ltd.
2019-02-25,2019-03-29,ind_prs25022019,NIFTY_500,OUT,JKIL,J.Kumar Infraprojects Ltd.
2019-02-25,2019-03-29,ind_prs25022019,NIFTY_500,OUT,JPPOWER,Jaiprakash Power Ventures Ltd.
2019-02-25,2019-03-29,ind_prs25022019,NIFTY_500,OUT,JCHAC,Ltd.
2019-02-25,2019-03-29,ind_prs25022019,NIFTY_500,OUT,MANPASAND,Manpasand Beverages Ltd.
2019-02-25,2019-03-29,ind_prs25022019,NIFTY_500,OUT,MCLEODRUSS,McLeod Russel India Ltd.
2019-02-25,2019-03-29,ind_prs25022019,NIFTY_500,OUT,NAVKARCORP,Navkar Corporation Ltd.
2019-02-25,2019-03-29,ind_prs25022019,NIFTY_500,OUT,PFS,PTC India Fin Serv Ltd.
2019-02-25,2019-03-29,ind_prs25022019,NIFTY_500,OUT,RNAVAL,Reliance Naval and Engineering Ltd.
2019-02-25,2019-03-29,ind_prs25022019,NIFTY_500,OUT,SADBHIN,Sadbhav Infrastructure Project Ltd.
2019-02-25,2019-03-29,ind_prs25022019,NIFTY_500,OUT,TATASPONGE,Tata Sponge Iron Ltd.
2019-02-25,2019-03-29,ind_prs25022019,NIFTY_500,OUT,TEXRAIL,Texmaco Rail & Eng. Ltd.
2019-02-25,2019-03-29,ind_prs25022019,NIFTY_500,OUT,TVSSRICHAK,TVS Srichakra Ltd.
2019-02-25,2019-03-29,ind_prs25022019,NIFTY_500,OUT,UNICHEMLAB,Unichem Laboratories Ltd.
2019-02-25,2019-03-29,ind_prs25022019,NIFTY_500,IN,AAVAS,Aavas Financiers Ltd.
2019-02-25,2019-03-29,ind_prs25022019,NIFTY_500,IN,ASTRAZEN,AstraZenca Pharma India Ltd.
2019-02-25,2019-03-29,ind_prs25022019,NIFTY_500,IN,MAHABANK,Bank of Maharashtra.
2019-02-25,2019-03-29,ind_prs25022019,NIFTY_500,IN,CESC,CESC Ltd.
2019-02-25,2019-03-29,ind_prs25022019,NIFTY_500,IN,COX&KINGS,Cox & Kings Ltd.
2019-02-25,2019-03-29,ind_prs25022019,NIFTY_500,IN,DEEPAKNTR,Deepak Nitrite Ltd.
2019-02-25,2019-03-29,ind_prs25022019,NIFTY_500,IN,ESSELPACK,Essel Propack Ltd.
2019-02-25,2019-03-29,ind_prs25022019,NIFTY_500,IN,FINEORG,Fine Organic Industries Ltd.
2019-02-25,2019-03-29,ind_prs25022019,NIFTY_500,IN,HDFCAMC,HDFC Asset Management Company Ltd.
2019-02-25,2019-03-29,ind_prs25022019,NIFTY_500,IN,ICRA,ICRA Ltd.
2019-02-25,2019-03-29,ind_prs25022019,NIFTY_500,IN,IBULISL,Indiabulls Integrated Services Ltd.
2019-02-25,2019-03-29,ind_prs25022019,NIFTY_500,IN,INDOSTAR,IndoStar Capital Finance Ltd.
2019-02-25,2019-03-29,ind_prs25022019,NIFTY_500,IN,IRCON,IRCON International Ltd.
2019-02-25,2019-03-29,ind_prs25022019,NIFTY_500,IN,JAMNAAUTO,Jamna Auto Industries Ltd.
2019-02-25,2019-03-29,ind_prs25022019,NIFTY_500,IN,JKPAPER,JK Paper Ltd.
2019-02-25,2019-03-29,ind_prs25022019,NIFTY_500,IN,KEI,KEI Industries Ltd.
2019-02-25,2019-03-29,ind_prs25022019,NIFTY_500,IN,KIRLOSENG,Kirloskar Oil Eng Ltd.
2019-02-25,2019-03-29,ind_prs25022019,NIFTY_500,IN,MAHSCOOTER,Maharashtra Scooters Ltd.
2019-02-25,2019-03-29,ind_prs25022019,NIFTY_500,IN,MAHSEAMLES,Maharashtra Seamless Ltd.
2019-02-25,2019-03-29,ind_prs25022019,NIFTY_500,IN,ORIENTELEC,Orient Electric Ltd.
2019-02-25,2019-03-29,ind_prs25022019,NIFTY_500,IN,SHARDACROP,Sharda Cropchem Ltd.
2019-02-25,2019-03-29,ind_prs25022019,NIFTY_500,IN,SUPRAJIT,Suprajit Engineering Ltd.
2019-02-25,2019-03-29,ind_prs25022019,NIFTY_500,IN,TCNSBRANDS,TCNS Clothing Co. Ltd.
2019-02-25,2019-03-29,ind_prs25022019,NIFTY_500,IN,TRITURBINE,Triveni Turbine Ltd.
2019-02-25,2019-03-29,ind_prs25022019,NIFTY_500,IN,VSTIND,VST Industries Ltd.
2019-02-25,2019-03-29,ind_prs25022019,NIFTY_MIDCAP_150,OUT,AARTIIND,Aarti Industries Ltd.
2019-02-25,2019-03-29,ind_prs25022019,NIFTY_MIDCAP_150,OUT,AVANTIFEED,Avanti Feeds Ltd.
2019-02-25,2019-03-29,ind_prs25022019,NIFTY_MIDCAP_150,OUT,BAJAJHLDNG,Bajaj Holdings & Investment Ltd.
2019-02-25,2019-03-29,ind_prs25022019,NIFTY_MIDCAP_150,OUT,DIVISLAB,Divi's Laboratories Ltd.
2019-02-25,2019-03-29,ind_prs25022019,NIFTY_MIDCAP_150,OUT,GET&D,GE T&D India Ltd.
2019-02-25,2019-03-29,ind_prs25022019,NIFTY_MIDCAP_150,OUT,PAGEIND,Page Industries Ltd.
2019-02-25,2019-03-29,ind_prs25022019,NIFTY_MIDCAP_150,OUT,PCJEWELLER,PC Jeweller Ltd.
2019-02-25,2019-03-29,ind_prs25022019,NIFTY_MIDCAP_150,OUT,TV18BRDCST,TV18 Broadcast Ltd.
2019-02-25,2019-03-29,ind_prs25022019,NIFTY_MIDCAP_150,OUT,UBL,United Breweries Ltd.
2019-02-25,2019-03-29,ind_prs25022019,NIFTY_MIDCAP_150,OUT,VAKRANGEE,Vakrangee Ltd.
2019-02-25,2019-03-29,ind_prs25022019,NIFTY_MIDCAP_150,IN,ABCAPITAL,Aditya Birla Capital Ltd.
2019-02-25,2019-03-29,ind_prs25022019,NIFTY_MIDCAP_150,IN,ATUL,Atul Ltd.
2019-02-25,2019-03-29,ind_prs25022019,NIFTY_MIDCAP_150,IN,BEL,Bharat Electronics Ltd.
2019-02-25,2019-03-29,ind_prs25022019,NIFTY_MIDCAP_150,IN,ERIS,Eris Lifesciences Ltd.
2019-02-25,2019-03-29,ind_prs25022019,NIFTY_MIDCAP_150,IN,GUJFLUORO,Gujarat Fluorochemicals Ltd.
2019-02-25,2019-03-29,ind_prs25022019,NIFTY_MIDCAP_150,IN,IPCALAB,Ipca Laboratories Ltd.
2019-02-25,2019-03-29,ind_prs25022019,NIFTY_MIDCAP_150,IN,LICHSGFIN,LIC Housing Finance Ltd.
2019-02-25,2019-03-29,ind_prs25022019,NIFTY_MIDCAP_150,IN,OIL,Oil India Ltd.
2019-02-25,2019-03-29,ind_prs25022019,NIFTY_MIDCAP_150,IN,RELAXO,Relaxo Footwears Ltd.
2019-02-25,2019-03-29,ind_prs25022019,NIFTY_MIDCAP_150,IN,SUNTV,Sun TV Network Ltd.
2019-02-25,2019-03-29,ind_prs25022019,NIFTY_SMALLCAP_250,OUT,8KMILES,8K Miles Soft Services Ltd.
2019-02-25,2019-03-29,ind_prs25022019,NIFTY_SMALLCAP_250,OUT,ATUL,Atul Ltd.
2019-02-25,2019-03-29,ind_prs25022019,NIFTY_SMALLCAP_250,OUT,DEN,Den Networks Ltd.
2019-02-25,2019-03-29,ind_prs25022019,NIFTY_SMALLCAP_250,OUT,DREDGECORP,Dredging Corporation of India Ltd.
2019-02-25,2019-03-29,ind_prs25022019,NIFTY_SMALLCAP_250,OUT,ERIS,Eris Lifesciences Ltd.
2019-02-25,2019-03-29,ind_prs25022019,NIFTY_SMALLCAP_250,OUT,EROSMEDIA,Eros Intl Media Ltd.
2019-02-25,2019-03-29,ind_prs25022019,NIFTY_SMALLCAP_250,OUT,EVEREADY,Eveready Industries India Ltd.
2019-02-25,2019-03-29,ind_prs25022019,NIFTY_SMALLCAP_250,OUT,GREENPLY,Greenply Industries Ltd.
2019-02-25,2019-03-29,ind_prs25022019,NIFTY_SMALLCAP_250,OUT,GUJFLUORO,Gujarat Fluorochemicals Ltd.
2019-02-25,2019-03-29,ind_prs25022019,NIFTY_SMALLCAP_250,OUT,GVKPIL,GVK Power & Infrastructures Ltd.
2019-02-25,2019-03-29,ind_prs25022019,NIFTY_SMALLCAP_250,OUT,HCL-INSYS,HCL Infosystems Ltd.
2019-02-25,2019-03-29,ind_prs25022019,NIFTY_SMALLCAP_250,OUT,HCC,Hindustan Construction Co. Ltd.
2019-02-25,2019-03-29,ind_prs25022019,NIFTY_SMALLCAP_250,OUT,IL&FSTRANS,IL&FS Transportation Networks Ltd.
2019-02-25,2019-03-29,ind_prs25022019,NIFTY_SMALLCAP_250,OUT,ICIL,Indo Count Industries Ltd.
2019-02-25,2019-03-29,ind_prs25022019,NIFTY_SMALLCAP_250,OUT,IPCALAB,Ipca Laboratories Ltd.
2019-02-25,2019-03-29,ind_prs25022019,NIFTY_SMALLCAP_250,OUT,JKIL,J.Kumar Infraprojects Ltd.
2019-02-25,2019-03-29,ind_prs25022019,NIFTY_SMALLCAP_250,OUT,JPPOWER,Jaiprakash Power Ventures Ltd.
2019-02-25,2019-03-29,ind_prs25022019,NIFTY_SMALLCAP_250,OUT,JCHAC,Ltd.
2019-02-25,2019-03-29,ind_prs25022019,NIFTY_SMALLCAP_250,OUT,MANPASAND,Manpasand Beverages Ltd.
2019-02-25,2019-03-29,ind_prs25022019,NIFTY_SMALLCAP_250,OUT,MCLEODRUSS,McLeod Russel India Ltd.
2019-02-25,2019-03-29,ind_prs25022019,NIFTY_SMALLCAP_250,OUT,NAVKARCORP,Navkar Corporation Ltd.
2019-02-25,2019-03-29,ind_prs25022019,NIFTY_SMALLCAP_250,OUT,PFS,PTC India Fin Serv Ltd.
2019-02-25,2019-03-29,ind_prs25022019,NIFTY_SMALLCAP_250,OUT,RELAXO,Relaxo Footwears Ltd.
2019-02-25,2019-03-29,ind_prs25022019,NIFTY_SMALLCAP_250,OUT,RNAVAL,Reliance Naval and Engineering Ltd.
2019-02-25,2019-03-29,ind_prs25022019,NIFTY_SMALLCAP_250,OUT,SADBHIN,Sadbhav Infrastructure Project Ltd.
2019-02-25,2019-03-29,ind_prs25022019,NIFTY_SMALLCAP_250,OUT,TATASPONGE,Tata Sponge Iron Ltd.
2019-02-25,2019-03-29,ind_prs25022019,NIFTY_SMALLCAP_250,OUT,TEXRAIL,Texmaco Rail & Eng. Ltd.
2019-02-25,2019-03-29,ind_prs25022019,NIFTY_SMALLCAP_250,OUT,TVSSRICHAK,TVS Srichakra Ltd.
2019-02-25,2019-03-29,ind_prs25022019,NIFTY_SMALLCAP_250,OUT,UNICHEMLAB,Unichem Laboratories Ltd.
2019-02-25,2019-03-29,ind_prs25022019,NIFTY_SMALLCAP_250,IN,AAVAS,Aavas Financiers Ltd.
2019-02-25,2019-03-29,ind_prs25022019,NIFTY_SMALLCAP_250,IN,ASTRAZEN,AstraZenca Pharma India Ltd.
2019-02-25,2019-03-29,ind_prs25022019,NIFTY_SMALLCAP_250,IN,AVANTIFEED,Avanti Feeds Ltd.
2019-02-25,2019-03-29,ind_prs25022019,NIFTY_SMALLCAP_250,IN,MAHABANK,Bank of Maharashtra.
2019-02-25,2019-03-29,ind_prs25022019,NIFTY_SMALLCAP_250,IN,CESC,CESC Ltd.
2019-02-25,2019-03-29,ind_prs25022019,NIFTY_SMALLCAP_250,IN,COX&KINGS,Cox & Kings Ltd.
2019-02-25,2019-03-29,ind_prs25022019,NIFTY_SMALLCAP_250,IN,DEEPAKNTR,Deepak Nitrite Ltd.
2019-02-25,2019-03-29,ind_prs25022019,NIFTY_SMALLCAP_250,IN,ESSELPACK,Essel Propack Ltd.
2019-02-25,2019-03-29,ind_prs25022019,NIFTY_SMALLCAP_250,IN,FINEORG,Fine Organic Industries Ltd.
2019-02-25,2019-03-29,ind_prs25022019,NIFTY_SMALLCAP_250,IN,GET&D,GE T&D India Ltd.
2019-02-25,2019-03-29,ind_prs25022019,NIFTY_SMALLCAP_250,IN,ICRA,ICRA Ltd.
2019-02-25,2019-03-29,ind_prs25022019,NIFTY_SMALLCAP_250,IN,IBULISL,Indiabulls Integrated Services Ltd.
2019-02-25,2019-03-29,ind_prs25022019,NIFTY_SMALLCAP_250,IN,INDOSTAR,IndoStar Capital Finance Ltd.
2019-02-25,2019-03-29,ind_prs25022019,NIFTY_SMALLCAP_250,IN,IRCON,IRCON International Ltd.
2019-02-25,2019-03-29,ind_prs25022019,NIFTY_SMALLCAP_250,IN,JAMNAAUTO,Jamna Auto Industries Ltd.
2019-02-25,2019-03-29,ind_prs25022019,NIFTY_SMALLCAP_250,IN,JKPAPER,JK Paper Ltd.
2019-02-25,2019-03-29,ind_prs25022019,NIFTY_SMALLCAP_250,IN,KEI,KEI Industries Ltd.
2019-02-25,2019-03-29,ind_prs25022019,NIFTY_SMALLCAP_250,IN,KIRLOSENG,Kirloskar Oil Eng Ltd.
2019-02-25,2019-03-29,ind_prs25022019,NIFTY_SMALLCAP_250,IN,MAHSCOOTER,Maharashtra Scooters Ltd.
2019-02-25,2019-03-29,ind_prs25022019,NIFTY_SMALLCAP_250,IN,MAHSEAMLES,Maharashtra Seamless Ltd.
2019-02-25,2019-03-29,ind_prs25022019,NIFTY_SMALLCAP_250,IN,ORIENTELEC,Orient Electric Ltd.
2019-02-25,2019-03-29,ind_prs25022019,NIFTY_SMALLCAP_250,IN,PCJEWELLER,PC Jeweller Ltd.
2019-02-25,2019-03-29,ind_prs25022019,NIFTY_SMALLCAP_250,IN,SHARDACROP,Sharda Cropchem Ltd.
2019-02-25,2019-03-29,ind_prs25022019,NIFTY_SMALLCAP_250,IN,SUPRAJIT,Suprajit Engineering Ltd.
2019-02-25,2019-03-29,ind_prs25022019,NIFTY_SMALLCAP_250,IN,TCNSBRANDS,TCNS Clothing Co. Ltd.
2019-02-25,2019-03-29,ind_prs25022019,NIFTY_SMALLCAP_250,IN,TRITURBINE,Triveni Turbine Ltd.
2019-02-25,2019-03-29,ind_prs25022019,NIFTY_SMALLCAP_250,IN,TV18BRDCST,TV18 Broadcast Ltd.
2019-02-25,2019-03-29,ind_prs25022019,NIFTY_SMALLCAP_250,IN,VAKRANGEE,Vakrangee Ltd.
2019-02-25,2019-03-29,ind_prs25022019,NIFTY_SMALLCAP_250,IN,VSTIND,VST Industries Ltd.
2011-08-25,2011-10-10,ind_prs25082011,NIFTY_50,OUT,RELCAPITAL,Reliance Capital Ltd.
2011-08-25,2011-10-10,ind_prs25082011,NIFTY_50,IN,COALINDIA,Coal India Ltd.
2011-08-25,2011-10-10,ind_prs25082011,NIFTY_NEXT_50,OUT,COALINDIA,Coal India Ltd.
2011-08-25,2011-10-10,ind_prs25082011,NIFTY_NEXT_50,OUT,PATNI,Patni Computer Systems Ltd.
2011-08-25,2011-10-10,ind_prs25082011,NIFTY_NEXT_50,OUT,PUNJLLOYD,Punj Lloyd Ltd.
2011-08-25,2011-10-10,ind_prs25082011,NIFTY_NEXT_50,OUT,SYNDIBANK,Syndicate Bank
2011-08-25,2011-10-10,ind_prs25082011,NIFTY_NEXT_50,IN,BOSCHLTD,Bosch Ltd.
2011-08-25,2011-10-10,ind_prs25082011,NIFTY_NEXT_50,IN,DABUR,Dabur India Ltd.
2011-08-25,2011-10-10,ind_prs25082011,NIFTY_NEXT_50,IN,IDEA,Idea Cellular Ltd.
2011-08-25,2011-10-10,ind_prs25082011,NIFTY_NEXT_50,IN,RELCAPITAL,Reliance Capital Ltd.
2011-08-25,2011-10-10,ind_prs25082011,NIFTY_500,OUT,ADORWELD,Ador Welding Ltd.
2011-08-25,2011-10-10,ind_prs25082011,NIFTY_500,OUT,AFTEK,Aftek Ltd.
2011-08-25,2011-10-10,ind_prs25082011,NIFTY_500,OUT,AKSHOPTFBR,Aksh Optifibre Ltd.
2011-08-25,2011-10-10,ind_prs25082011,NIFTY_500,OUT,ANDHRSUGAR,Andhra Sugars Ltd.
2011-08-25,2011-10-10,ind_prs25082011,NIFTY_500,OUT,BLKASHYAP,B L Kashyap & Sons Ltd.
2011-08-25,2011-10-10,ind_prs25082011,NIFTY_500,OUT,COSMOFILMS,Cosmo Films Ltd.
2011-08-25,2011-10-10,ind_prs25082011,NIFTY_500,OUT,DSKULKARNI,D. S. Kulkarni Developers Ltd.
2011-08-25,2011-10-10,ind_prs25082011,NIFTY_500,OUT,EVERESTIND,Everest Industries Ltd.
2011-08-25,2011-10-10,ind_prs25082011,NIFTY_500,OUT,HERITGFOOD,Heritage Foods (India) Ltd.
2011-08-25,2011-10-10,ind_prs25082011,NIFTY_500,OUT,HIKAL,Hikal Ltd.
2011-08-25,2011-10-10,ind_prs25082011,NIFTY_500,OUT,KOUTONS,Koutons Retail India Ltd.
2011-08-25,2011-10-10,ind_prs25082011,NIFTY_500,OUT,NRBBEARING,NRB Bearings Ltd.
2011-08-25,2011-10-10,ind_prs25082011,NIFTY_500,OUT,PNBGILTS,PNB Gilts Ltd.
2011-08-25,2011-10-10,ind_prs25082011,NIFTY_500,OUT,PRICOL,Pricol Ltd.
2011-08-25,2011-10-10,ind_prs25082011,NIFTY_500,OUT,RICOAUTO,Rico Auto Industries Ltd.
2011-08-25,2011-10-10,ind_prs25082011,NIFTY_500,OUT,SAKHTISUG,Sakthi Sugars Ltd.
2011-08-25,2011-10-10,ind_prs25082011,NIFTY_500,OUT,SEAMECLTD,SEAMEC Ltd.
2011-08-25,2011-10-10,ind_prs25082011,NIFTY_500,OUT,TNPETRO,Tamilnadu Petroproducts Ltd.
2011-08-25,2011-10-10,ind_prs25082011,NIFTY_500,OUT,TFCILTD,Tourism Finance Corporation of India Ltd.
2011-08-25,2011-10-10,ind_prs25082011,NIFTY_500,OUT,TRIDENT,Trident Ltd.
2011-08-25,2011-10-10,ind_prs25082011,NIFTY_500,IN,AIAENG,AIA Engineering Ltd.
2011-08-25,2011-10-10,ind_prs25082011,NIFTY_500,IN,BFUTILITIE,BF Utilities Ltd.
2011-08-25,2011-10-10,ind_prs25082011,NIFTY_500,IN,CENTRALBK,Central Bank of India
2011-08-25,2011-10-10,ind_prs25082011,NIFTY_500,IN,DCB,Development Credit Bank Ltd.
2011-08-25,2011-10-10,ind_prs25082011,NIFTY_500,IN,DEWANHOUS,Dewan Housing Finance Corporation Ltd.
2011-08-25,2011-10-10,ind_prs25082011,NIFTY_500,IN,DHANBANK,Dhanlaxmi Bank Ltd.
2011-08-25,2011-10-10,ind_prs25082011,NIFTY_500,IN,ECLERX,eClerx Services Ltd.
2011-08-25,2011-10-10,ind_prs25082011,NIFTY_500,IN,GPPL,Gujarat Pipavav Port Ltd.
2011-08-25,2011-10-10,ind_prs25082011,NIFTY_500,IN,HFCL,Himachal Futuristic Communications Ltd.
2011-08-25,2011-10-10,ind_prs25082011,NIFTY_500,IN,IBPOW,Indiabulls Power Ltd.
2011-08-25,2011-10-10,ind_prs25082011,NIFTY_500,IN,INDIANB,Indian Bank
2011-08-25,2011-10-10,ind_prs25082011,NIFTY_500,IN,JUBILANT,Jubilant Life Sciences Ltd.
2011-08-25,2011-10-10,ind_prs25082011,NIFTY_500,IN,KSK,KSK Energy Ventures Ltd.
2011-08-25,2011-10-10,ind_prs25082011,NIFTY_500,IN,NETWORK18,Network18 Media & Investments Ltd.
2011-08-25,2011-10-10,ind_prs25082011,NIFTY_500,IN,PAGEIND,Page Industries Ltd.
2011-08-25,2011-10-10,ind_prs25082011,NIFTY_500,IN,PERSISTENT,Persistent Systems Ltd.
2011-08-25,2011-10-10,ind_prs25082011,NIFTY_500,IN,SKSMICRO,SKS Microfinance Ltd.
2011-08-25,2011-10-10,ind_prs25082011,NIFTY_500,IN,SBBJ,State Bank of Bikaner & Jaipur Ltd.
2011-08-25,2011-10-10,ind_prs25082011,NIFTY_500,IN,SBT,State Bank of Travancore
2011-08-25,2011-10-10,ind_prs25082011,NIFTY_500,IN,SUJANATOW,Sujana Towers Ltd.
2020-10-26,2020-11-02,ind_prs26102020,NIFTY_500,OUT,ALLCARGO,Allcargo Logistics Ltd.
2020-10-26,2020-11-02,ind_prs26102020,NIFTY_500,IN,NETWORK18,Network18 Media & Investments Ltd.
2020-10-26,2020-11-02,ind_prs26102020,NIFTY_SMALLCAP_250,OUT,ALLCARGO,Allcargo Logistics Ltd.
2020-10-26,2020-11-02,ind_prs26102020,NIFTY_SMALLCAP_250,IN,NETWORK18,Network18 Media & Investments Ltd.
2014-02-27,2014-03-28,ind_prs27022014,NIFTY_50,OUT,JPASSOCIAT,Jaiprakash Associates Ltd.
2014-02-27,2014-03-28,ind_prs27022014,NIFTY_50,OUT,RANBAXY,Ranbaxy Laboratories Ltd.
2014-02-27,2014-03-28,ind_prs27022014,NIFTY_50,IN,TECHM,Tech Mahindra Ltd.
2014-02-27,2014-03-28,ind_prs27022014,NIFTY_50,IN,MCDOWELL-N,United Spirits Ltd.
2014-02-27,2014-03-28,ind_prs27022014,NIFTY_NEXT_50,OUT,IDBI,IDBI Bank Ltd.
2014-02-27,2014-03-28,ind_prs27022014,NIFTY_NEXT_50,OUT,TECHM,Tech Mahindra Ltd.
2014-02-27,2014-03-28,ind_prs27022014,NIFTY_NEXT_50,OUT,MCDOWELL-N,United Spirits Ltd.
2014-02-27,2014-03-28,ind_prs27022014,NIFTY_NEXT_50,IN,INFRATEL,Bharti Infratel Ltd.
2014-02-27,2014-03-28,ind_prs27022014,NIFTY_NEXT_50,IN,INGVYSYABK,ING Vysya Bank Ltd.
2014-02-27,2014-03-28,ind_prs27022014,NIFTY_NEXT_50,IN,RANBAXY,Ranbaxy Laboratories Ltd.
2014-02-27,2014-03-28,ind_prs27022014,NIFTY_500,OUT,BRFL,Bombay Rayon Fashions Ltd.
2014-02-27,2014-03-28,ind_prs27022014,NIFTY_500,OUT,DRDATSONS,Dr. Datsons Labs Ltd.
2014-02-27,2014-03-28,ind_prs27022014,NIFTY_500,OUT,DYNAMATECH,Dynamatic Technologies Ltd.
2014-02-27,2014-03-28,ind_prs27022014,NIFTY_500,OUT,ESSAROIL,Essar Oil Ltd.
2014-02-27,2014-03-28,ind_prs27022014,NIFTY_500,OUT,INNOIND,Innoventive Industries Ltd.
2014-02-27,2014-03-28,ind_prs27022014,NIFTY_500,OUT,KGL,Karuturi Global Ltd.
2014-02-27,2014-03-28,ind_prs27022014,NIFTY_500,OUT,MTNL,Mahanagar Telephone Nigam Ltd.
2014-02-27,2014-03-28,ind_prs27022014,NIFTY_500,OUT,NDTV,NDTV Ltd.
2014-02-27,2014-03-28,ind_prs27022014,NIFTY_500,OUT,PSL,PSL Ltd.
2014-02-27,2014-03-28,ind_prs27022014,NIFTY_500,OUT,SHREEASHTA,Shree Ashtavinayak Cine Vision Ltd.
2014-02-27,2014-03-28,ind_prs27022014,NIFTY_500,OUT,TULIP,Tulip Telecom Ltd.
2014-02-27,2014-03-28,ind_prs27022014,NIFTY_500,OUT,UBHOLDINGS,United Breweries (Holdings) Ltd.
2014-02-27,2014-03-28,ind_prs27022014,NIFTY_500,OUT,ZODIACLOTH,Zodiac Clothing Co. Ltd.
2014-02-27,2014-03-28,ind_prs27022014,NIFTY_500,IN,BAJAJCORP,Bajaj Corp Ltd.
2014-02-27,2014-03-28,ind_prs27022014,NIFTY_500,IN,CARERATING,CARE Ltd.
2014-02-27,2014-03-28,ind_prs27022014,NIFTY_500,IN,IBULHSGFIN,Indiabulls Housing Finance Ltd.
2014-02-27,2014-03-28,ind_prs27022014,NIFTY_500,IN,INOXLEISUR,Inox Leisure Ltd.
2014-02-27,2014-03-28,ind_prs27022014,NIFTY_500,IN,JUSTDIAL,Justdial Ltd.
2014-02-27,2014-03-28,ind_prs27022014,NIFTY_500,IN,MAHINDUGIN,Mahindra Ugine Steel Co. Ltd.
2014-02-27,2014-03-28,ind_prs27022014,NIFTY_500,IN,NBCC,National Buildings Construction Corp. Ltd.
2014-02-27,2014-03-28,ind_prs27022014,NIFTY_500,IN,PIIND,PI Industries Ltd.
2014-02-27,2014-03-28,ind_prs27022014,NIFTY_500,IN,PFS,PTC India Fin Serv Ltd.
2014-02-27,2014-03-28,ind_prs27022014,NIFTY_500,IN,SONASTEER,Sona Koyo Steering Systems Ltd.
2014-02-27,2014-03-28,ind_prs27022014,NIFTY_500,IN,SPARC,Sun Pharma Advanced Research Company Ltd.
2014-02-27,2014-03-28,ind_prs27022014,NIFTY_500,IN,TRIDENT,Trident Ltd.
2014-02-27,2014-03-28,ind_prs27022014,NIFTY_500,IN,VAIBHAVGBL,Vaibhav Global Ltd.
2011-04-27,2011-05-03,ind_prs27042011,NIFTY_500,OUT,TRIVENI,Triveni Engineering & Industries Limited
2011-04-27,2011-05-03,ind_prs27042011,NIFTY_500,IN,PRESTIGE,Prestige Estates Projects Limited
2017-04-27,2017-05-26,ind_prs27042017,NIFTY_50,OUT,GRASIM,Grasim Industries Ltd.
2017-04-27,2017-05-26,ind_prs27042017,NIFTY_50,IN,VEDL,Vedanta Ltd.
2017-04-27,2017-05-26,ind_prs27042017,NIFTY_500,OUT,ABIRLANUVO,Aditya Birla Nuvo Ltd.
2017-04-27,2017-05-26,ind_prs27042017,NIFTY_500,OUT,GRASIM,Grasim Industries Ltd.
2017-04-27,2017-05-26,ind_prs27042017,NIFTY_500,OUT,TUBEINVEST,Tube Investments of India Ltd.
2017-04-27,2017-05-26,ind_prs27042017,NIFTY_500,IN,LAURUSLABS,Laurus Labs Ltd.
2017-04-27,2017-05-26,ind_prs27042017,NIFTY_500,IN,PNBHOUSING,PNB Housing Finance Ltd.
2017-04-27,2017-05-26,ind_prs27042017,NIFTY_500,IN,VBL,Varun Beverages Ltd.
2017-04-27,2017-05-26,ind_prs27042017,NIFTY_MIDCAP_150,OUT,ABIRLANUVO,Aditya Birla Nuvo Ltd.
2017-04-27,2017-05-26,ind_prs27042017,NIFTY_MIDCAP_150,OUT,SUNTV,Sun TV Network Ltd.
2017-04-27,2017-05-26,ind_prs27042017,NIFTY_MIDCAP_150,OUT,TUBEINVEST,Tube Investments of India Ltd.
2017-04-27,2017-05-26,ind_prs27042017,NIFTY_MIDCAP_150,IN,FRETAIL,Future Retail Ltd.
2017-04-27,2017-05-26,ind_prs27042017,NIFTY_MIDCAP_150,IN,MGL,Mahanagar Gas Ltd.
2017-04-27,2017-05-26,ind_prs27042017,NIFTY_MIDCAP_150,IN,PNBHOUSING,PNB Housing Finance Ltd.
2017-04-27,2017-05-26,ind_prs27042017,NIFTY_SMALLCAP_250,OUT,FRETAIL,Future Retail Ltd.
2017-04-27,2017-05-26,ind_prs27042017,NIFTY_SMALLCAP_250,OUT,MGL,Mahanagar Gas Ltd.
2017-04-27,2017-05-26,ind_prs27042017,NIFTY_SMALLCAP_250,IN,LAURUSLABS,Laurus Labs Ltd.
2017-04-27,2017-05-26,ind_prs27042017,NIFTY_SMALLCAP_250,IN,VBL,Varun Beverages Ltd.
2017-04-27,2017-05-26,ind_prs27042017,NIFTY_NEXT_50,OUT,VEDL,Vedanta Ltd.
2017-04-27,2017-05-26,ind_prs27042017,NIFTY_NEXT_50,IN,SUNTV,Sun TV Network Ltd.
2010-08-27,2010-08-31,ind_prs27082010,NIFTY_500,OUT,HARRMALAYA,Harrisons Malayalam Limited
2010-08-27,2010-08-31,ind_prs27082010,NIFTY_500,IN,GRASIM,Grasim Industries Limited
2013-08-27,2013-09-27,ind_prs27082013,NIFTY_50,OUT,RELINFRA,Reliance Infrastructure Ltd.
2013-08-27,2013-09-27,ind_prs27082013,NIFTY_50,IN,WIPRO,Wipro Ltd.
2013-08-27,2013-09-27,ind_prs27082013,NIFTY_NEXT_50,OUT,ASHOKLEY,Ashok Leyland Ltd.
2013-08-27,2013-09-27,ind_prs27082013,NIFTY_NEXT_50,OUT,INDHOTEL,Indian Hotels Co. Ltd.
2013-08-27,2013-09-27,ind_prs27082013,NIFTY_NEXT_50,IN,M&MFIN,Mahindra & Mahindra Financial Services Ltd.
2013-08-27,2013-09-27,ind_prs27082013,NIFTY_NEXT_50,IN,OIL,Oil India Ltd.
2013-08-27,2013-09-27,ind_prs27082013,NIFTY_500,OUT,20MICRONS,20 Microns Ltd
2013-08-27,2013-09-27,ind_prs27082013,NIFTY_500,OUT,3IINFOTECH,3i Infotech Ltd.
2013-08-27,2013-09-27,ind_prs27082013,NIFTY_500,OUT,ARSHIYA,Arshiya International Ltd.
2013-08-27,2013-09-27,ind_prs27082013,NIFTY_500,OUT,AUTOIND,Autoline Industries Ltd.
2013-08-27,2013-09-27,ind_prs27082013,NIFTY_500,OUT,BANARISUG,Bannari Amman Sugars Ltd.
2013-08-27,2013-09-27,ind_prs27082013,NIFTY_500,OUT,DISHTV,Dish TV India Ltd.
2013-08-27,2013-09-27,ind_prs27082013,NIFTY_500,OUT,GEODESIC,Geodesic Ltd.
2013-08-27,2013-09-27,ind_prs27082013,NIFTY_500,OUT,JETAIRWAYS,Jet Airways (India) Ltd.
2013-08-27,2013-09-27,ind_prs27082013,NIFTY_500,OUT,KEMROCK,Kemrock Industries and Exports Ltd.
2013-08-27,2013-09-27,ind_prs27082013,NIFTY_500,OUT,ONELIFECAP,Onelife Capital Advisors Ltd.
2013-08-27,2013-09-27,ind_prs27082013,NIFTY_500,OUT,RAMKY,Ramky Infra Ltd.
2013-08-27,2013-09-27,ind_prs27082013,NIFTY_500,OUT,SPARC,Sun Pharma Advanced Research Company Ltd.
2013-08-27,2013-09-27,ind_prs27082013,NIFTY_500,OUT,VARUNSHIP,Varun Shipping Co. Ltd.
2013-08-27,2013-09-27,ind_prs27082013,NIFTY_500,IN,ESSDEE,Ess Dee Aluminium Ltd.
2013-08-27,2013-09-27,ind_prs27082013,NIFTY_500,IN,JKLAKSHMI,JK Lakshmi Cement Ltd.
2013-08-27,2013-09-27,ind_prs27082013,NIFTY_500,IN,KSCL,Kaveri Seed Company Ltd.
2013-08-27,2013-09-27,ind_prs27082013,NIFTY_500,IN,KKCL,Kewal Kiran Clothing Ltd.
2013-08-27,2013-09-27,ind_prs27082013,NIFTY_500,IN,KOLTEPATIL,Kolte-Patil Developers Ltd.
2013-08-27,2013-09-27,ind_prs27082013,NIFTY_500,IN,MAGMA,Magma Fincorp Ltd.
2013-08-27,2013-09-27,ind_prs27082013,NIFTY_500,IN,MAHSCOOTER,Maharashtra Scooters Ltd.
2013-08-27,2013-09-27,ind_prs27082013,NIFTY_500,IN,MHRIL,Mahindra Holidays & Resorts India Ltd.
2013-08-27,2013-09-27,ind_prs27082013,NIFTY_500,IN,MANINDS,Man Industries (India) Ltd.
2013-08-27,2013-09-27,ind_prs27082013,NIFTY_500,IN,MMTC,MMTC Ltd.
2013-08-27,2013-09-27,ind_prs27082013,NIFTY_500,IN,MTEDUCARE,MT Educare Ltd.
2013-08-27,2013-09-27,ind_prs27082013,NIFTY_500,IN,RASOYPR,Rasoya Proteins Ltd.
2013-08-27,2013-09-27,ind_prs27082013,NIFTY_500,IN,VTL,Vardhman Textiles Ltd.
2024-08-27,2024-09-03,ind_prs27082024,NIFTY_MICROCAP_250,OUT,TCNSBRANDS,TCNS Clothing Co. Ltd.
2024-08-27,2024-09-03,ind_prs27082024,NIFTY_MICROCAP_250,IN,KSL,Kalyani Steels Ltd.
2024-08-27,2024-09-03,ind_prs27082024,NIFTY_TOTAL_MARKET,OUT,TCNSBRANDS,TCNS Clothing Co. Ltd.
2024-08-27,2024-09-03,ind_prs27082024,NIFTY_TOTAL_MARKET,IN,KSL,Kalyani Steels Ltd.
2024-02-28,2024-03-28,ind_prs28022024,NIFTY_50,OUT,UPL,UPL Ltd.
2024-02-28,2024-03-28,ind_prs28022024,NIFTY_50,IN,SHRIRAMFIN,Shriram Finance Ltd.
2024-02-28,2024-03-28,ind_prs28022024,NIFTY_NEXT_50,OUT,AWL,Adani Wilmar Ltd.
2024-02-28,2024-03-28,ind_prs28022024,NIFTY_NEXT_50,OUT,MUTHOOTFIN,Muthoot Finance Ltd.
2024-02-28,2024-03-28,ind_prs28022024,NIFTY_NEXT_50,OUT,PIIND,PI Industries Ltd.
2024-02-28,2024-03-28,ind_prs28022024,NIFTY_NEXT_50,OUT,PGHH,Procter & Gamble Hygiene & Health Care Ltd.
2024-02-28,2024-03-28,ind_prs28022024,NIFTY_NEXT_50,OUT,SHRIRAMFIN,Shriram Finance Ltd.
2024-02-28,2024-03-28,ind_prs28022024,NIFTY_NEXT_50,IN,ADANIPOWER,Adani Power Ltd.
2024-02-28,2024-03-28,ind_prs28022024,NIFTY_NEXT_50,IN,IRFC,Indian Railway Finance Corporation Ltd.
2024-02-28,2024-03-28,ind_prs28022024,NIFTY_NEXT_50,IN,JIOFIN,Jio Financial Services Ltd.
2024-02-28,2024-03-28,ind_prs28022024,NIFTY_NEXT_50,IN,PFC,Power Finance Corporation Ltd.
2024-02-28,2024-03-28,ind_prs28022024,NIFTY_NEXT_50,IN,RECLTD,REC Ltd.
2024-02-28,2024-03-28,ind_prs28022024,NIFTY_500,OUT,AARTIDRUGS,Aarti Drugs Ltd.
2024-02-28,2024-03-28,ind_prs28022024,NIFTY_500,OUT,BCG,Brightcom Group Ltd.
2024-02-28,2024-03-28,ind_prs28022024,NIFTY_500,OUT,DELTACORP,Delta Corp Ltd.
2024-02-28,2024-03-28,ind_prs28022024,NIFTY_500,OUT,EPIGRAL,Epigral Ltd.
2024-02-28,2024-03-28,ind_prs28022024,NIFTY_500,OUT,GRINFRA,G R Infraprojects Ltd.
2024-02-28,2024-03-28,ind_prs28022024,NIFTY_500,OUT,GALAXYSURF,Galaxy Surfactants Ltd.
2024-02-28,2024-03-28,ind_prs28022024,NIFTY_500,OUT,GOCOLORS,Go Fashion (India) Ltd.
2024-02-28,2024-03-28,ind_prs28022024,NIFTY_500,OUT,GUJALKALI,Gujarat Alkalies & Chemicals Ltd.
2024-02-28,2024-03-28,ind_prs28022024,NIFTY_500,OUT,HLEGLAS,HLE Glascoat Ltd.
2024-02-28,2024-03-28,ind_prs28022024,NIFTY_500,OUT,INFIBEAM,Infibeam Avenues Ltd.
2024-02-28,2024-03-28,ind_prs28022024,NIFTY_500,OUT,INGERRAND,Ingersoll Rand (India) Ltd.
2024-02-28,2024-03-28,ind_prs28022024,NIFTY_500,OUT,JAMNAAUTO,Jamna Auto Industries Ltd.
2024-02-28,2024-03-28,ind_prs28022024,NIFTY_500,OUT,LAXMIMACH,Lakshmi Machine Works Ltd.
2024-02-28,2024-03-28,ind_prs28022024,NIFTY_500,OUT,LUXIND,Lux Industries Ltd.
2024-02-28,2024-03-28,ind_prs28022024,NIFTY_500,OUT,NAZARA,Nazara Technologies Ltd.
2024-02-28,2024-03-28,ind_prs28022024,NIFTY_500,OUT,ORIENTELEC,Orient Electric Ltd.
2024-02-28,2024-03-28,ind_prs28022024,NIFTY_500,OUT,PFIZER,Pfizer Ltd.
2024-02-28,2024-03-28,ind_prs28022024,NIFTY_500,OUT,POLYPLEX,Polyplex Corporation Ltd.
2024-02-28,2024-03-28,ind_prs28022024,NIFTY_500,OUT,PGHL,Procter & Gamble Health Ltd.
2024-02-28,2024-03-28,ind_prs28022024,NIFTY_500,OUT,RAIN,Rain Industries Ltd
2024-02-28,2024-03-28,ind_prs28022024,NIFTY_500,OUT,RALLIS,Rallis India Ltd.
2024-02-28,2024-03-28,ind_prs28022024,NIFTY_500,OUT,RELAXO,Relaxo Footwears Ltd.
2024-02-28,2024-03-28,ind_prs28022024,NIFTY_500,OUT,ROSSARI,Rossari Biotech Ltd.
2024-02-28,2024-03-28,ind_prs28022024,NIFTY_500,OUT,SHARDACROP,Sharda Cropchem Ltd.
2024-02-28,2024-03-28,ind_prs28022024,NIFTY_500,OUT,SFL,Sheela Foam Ltd.
2024-02-28,2024-03-28,ind_prs28022024,NIFTY_500,OUT,SHOPERSTOP,Shoppers Stop Ltd.
2024-02-28,2024-03-28,ind_prs28022024,NIFTY_500,OUT,SUPRAJIT,Suprajit Engineering Ltd.
2024-02-28,2024-03-28,ind_prs28022024,NIFTY_500,OUT,SYMPHONY,Symphony Ltd.
2024-02-28,2024-03-28,ind_prs28022024,NIFTY_500,OUT,TEAMLEASE,Teamlease Services Ltd.
2024-02-28,2024-03-28,ind_prs28022024,NIFTY_500,OUT,TTKPRESTIG,TTK Prestige Ltd.
2024-02-28,2024-03-28,ind_prs28022024,NIFTY_500,OUT,VGUARD,V-Guard Industries Ltd.
2024-02-28,2024-03-28,ind_prs28022024,NIFTY_500,OUT,VINATIORGA,Vinati Organics Ltd.
2024-02-28,2024-03-28,ind_prs28022024,NIFTY_500,OUT,VMART,V-Mart Retail Ltd.
2024-02-28,2024-03-28,ind_prs28022024,NIFTY_500,OUT,ZYDUSWELL,Zydus Wellness Ltd.
2024-02-28,2024-03-28,ind_prs28022024,NIFTY_500,IN,ACE,Action Construction Equipment Ltd.
2024-02-28,2024-03-28,ind_prs28022024,NIFTY_500,IN,ANANDRATHI,Anand Rathi Wealth Ltd.
2024-02-28,2024-03-28,ind_prs28022024,NIFTY_500,IN,ASTRAZEN,AstraZenca Pharma India Ltd.
2024-02-28,2024-03-28,ind_prs28022024,NIFTY_500,IN,CAPLIPOINT,Caplin Point Laboratories Ltd.
2024-02-28,2024-03-28,ind_prs28022024,NIFTY_500,IN,CELLO,Cello World Ltd.
2024-02-28,2024-03-28,ind_prs28022024,NIFTY_500,IN,CHENNPETRO,Chennai Petroleum Corporation Ltd.
2024-02-28,2024-03-28,ind_prs28022024,NIFTY_500,IN,DOMS,DOMS Industries Ltd.
2024-02-28,2024-03-28,ind_prs28022024,NIFTY_500,IN,ELECON,Elecon Engineering Co. Ltd.
2024-02-28,2024-03-28,ind_prs28022024,NIFTY_500,IN,GRSE,Garden Reach Shipbuilders & Engineers Ltd.
2024-02-28,2024-03-28,ind_prs28022024,NIFTY_500,IN,GMDCLTD,Gujarat Mineral Development Corporation Ltd.
2024-02-28,2024-03-28,ind_prs28022024,NIFTY_500,IN,HAPPYFORGE,Happy Forgings Ltd.
2024-02-28,2024-03-28,ind_prs28022024,NIFTY_500,IN,HBLPOWER,HBL Power Systems Ltd.
2024-02-28,2024-03-28,ind_prs28022024,NIFTY_500,IN,HSCL,Himadri Speciality Chemical Ltd.
2024-02-28,2024-03-28,ind_prs28022024,NIFTY_500,IN,HONASA,Honasa Consumer Ltd.
2024-02-28,2024-03-28,ind_prs28022024,NIFTY_500,IN,IREDA,Indian Renewable Energy Development Agency Ltd.
2024-02-28,2024-03-28,ind_prs28022024,NIFTY_500,IN,INOXWIND,Inox Wind Ltd.
2024-02-28,2024-03-28,ind_prs28022024,NIFTY_500,IN,JAIBALAJI,Jai Balaji Industries Ltd.
2024-02-28,2024-03-28,ind_prs28022024,NIFTY_500,IN,J&KBANK,Jammu & Kashmir Bank Ltd.
2024-02-28,2024-03-28,ind_prs28022024,NIFTY_500,IN,JIOFIN,Jio Financial Services Ltd.
2024-02-28,2024-03-28,ind_prs28022024,NIFTY_500,IN,JSWINFRA,JSW Infrastructure Ltd.
2024-02-28,2024-03-28,ind_prs28022024,NIFTY_500,IN,JWL,Jupiter Wagons Ltd.
2024-02-28,2024-03-28,ind_prs28022024,NIFTY_500,IN,LLOYDSME,Lloyds Metals And Energy Ltd.
2024-02-28,2024-03-28,ind_prs28022024,NIFTY_500,IN,MAHSEAMLES,Maharashtra Seamless Ltd.
2024-02-28,2024-03-28,ind_prs28022024,NIFTY_500,IN,NUVAMA,Nuvama Wealth Management Ltd.
2024-02-28,2024-03-28,ind_prs28022024,NIFTY_500,IN,RRKABEL,R R Kabel Ltd.
2024-02-28,2024-03-28,ind_prs28022024,NIFTY_500,IN,RAILTEL,Railtel Corporation Of India Ltd.
2024-02-28,2024-03-28,ind_prs28022024,NIFTY_500,IN,RKFORGE,Ramkrishna Forgings Ltd.
2024-02-28,2024-03-28,ind_prs28022024,NIFTY_500,IN,SBFC,SBFC Finance Ltd.
2024-02-28,2024-03-28,ind_prs28022024,NIFTY_500,IN,SCHNEIDER,Schneider Electric Infrastructure Ltd.
2024-02-28,2024-03-28,ind_prs28022024,NIFTY_500,IN,SIGNATURE,Signatureglobal (India) Ltd.
2024-02-28,2024-03-28,ind_prs28022024,NIFTY_500,IN,TMB,Tamilnad Mercantile Bank Ltd.
2024-02-28,2024-03-28,ind_prs28022024,NIFTY_500,IN,TATATECH,Tata Technologies Ltd.
2024-02-28,2024-03-28,ind_prs28022024,NIFTY_500,IN,TITAGARH,Titagarh Rail Systems Ltd.
2024-02-28,2024-03-28,ind_prs28022024,NIFTY_500,IN,TVSSCS,TVS Supply Chain Solutions Ltd.
2024-02-28,2024-03-28,ind_prs28022024,NIFTY_MIDCAP_150,OUT,AARTIIND,Aarti Industries Ltd.
2024-02-28,2024-03-28,ind_prs28022024,NIFTY_MIDCAP_150,OUT,ADANIPOWER,Adani Power Ltd.
2024-02-28,2024-03-28,ind_prs28022024,NIFTY_MIDCAP_150,OUT,BLUEDART,Blue Dart Express Ltd.
2024-02-28,2024-03-28,ind_prs28022024,NIFTY_MIDCAP_150,OUT,CROMPTON,Crompton Greaves Consumer Electricals Ltd.
2024-02-28,2024-03-28,ind_prs28022024,NIFTY_MIDCAP_150,OUT,IRFC,Indian Railway Finance Corporation Ltd.
2024-02-28,2024-03-28,ind_prs28022024,NIFTY_MIDCAP_150,OUT,NAVINFLUOR,Navin Fluorine International Ltd.
2024-02-28,2024-03-28,ind_prs28022024,NIFTY_MIDCAP_150,OUT,PFIZER,Pfizer Ltd.
2024-02-28,2024-03-28,ind_prs28022024,NIFTY_MIDCAP_150,OUT,PFC,Power Finance Corporation Ltd.
2024-02-28,2024-03-28,ind_prs28022024,NIFTY_MIDCAP_150,OUT,RAJESHEXPO,Rajesh Exports Ltd.
2024-02-28,2024-03-28,ind_prs28022024,NIFTY_MIDCAP_150,OUT,RECLTD,REC Ltd.
2024-02-28,2024-03-28,ind_prs28022024,NIFTY_MIDCAP_150,OUT,RELAXO,Relaxo Footwears Ltd.
2024-02-28,2024-03-28,ind_prs28022024,NIFTY_MIDCAP_150,OUT,TRIDENT,Trident Ltd.
2024-02-28,2024-03-28,ind_prs28022024,NIFTY_MIDCAP_150,OUT,VINATIORGA,Vinati Organics Ltd.
2024-02-28,2024-03-28,ind_prs28022024,NIFTY_MIDCAP_150,OUT,WHIRLPOOL,Whirlpool of India Ltd.
2024-02-28,2024-03-28,ind_prs28022024,NIFTY_MIDCAP_150,IN,AWL,Adani Wilmar Ltd.
2024-02-28,2024-03-28,ind_prs28022024,NIFTY_MIDCAP_150,IN,IDBI,IDBI Bank Ltd.
2024-02-28,2024-03-28,ind_prs28022024,NIFTY_MIDCAP_150,IN,IREDA,Indian Renewable Energy Development Agency Ltd.
2024-02-28,2024-03-28,ind_prs28022024,NIFTY_MIDCAP_150,IN,JSWINFRA,JSW Infrastructure Ltd.
2024-02-28,2024-03-28,ind_prs28022024,NIFTY_MIDCAP_150,IN,KALYANKJIL,Kalyan Jewellers India Ltd.
2024-02-28,2024-03-28,ind_prs28022024,NIFTY_MIDCAP_150,IN,KEI,KEI Industries Ltd.
2024-02-28,2024-03-28,ind_prs28022024,NIFTY_MIDCAP_150,IN,LLOYDSME,Lloyds Metals And Energy Ltd.
2024-02-28,2024-03-28,ind_prs28022024,NIFTY_MIDCAP_150,IN,MUTHOOTFIN,Muthoot Finance Ltd.
2024-02-28,2024-03-28,ind_prs28022024,NIFTY_MIDCAP_150,IN,PIIND,PI Industries Ltd.
2024-02-28,2024-03-28,ind_prs28022024,NIFTY_MIDCAP_150,IN,PGHH,Procter & Gamble Hygiene & Health Care Ltd.
2024-02-28,2024-03-28,ind_prs28022024,NIFTY_MIDCAP_150,IN,SJVN,SJVN Ltd.
2024-02-28,2024-03-28,ind_prs28022024,NIFTY_MIDCAP_150,IN,SUZLON,Suzlon Energy Ltd.
2024-02-28,2024-03-28,ind_prs28022024,NIFTY_MIDCAP_150,IN,TATATECH,Tata Technologies Ltd.
2024-02-28,2024-03-28,ind_prs28022024,NIFTY_MIDCAP_150,IN,UPL,UPL Ltd.
2024-02-28,2024-03-28,ind_prs28022024,NIFTY_SMALLCAP_250,OUT,AARTIDRUGS,Aarti Drugs Ltd.
2024-02-28,2024-03-28,ind_prs28022024,NIFTY_SMALLCAP_250,OUT,BCG,Brightcom Group Ltd.
2024-02-28,2024-03-28,ind_prs28022024,NIFTY_SMALLCAP_250,OUT,DELTACORP,Delta Corp Ltd.
2024-02-28,2024-03-28,ind_prs28022024,NIFTY_SMALLCAP_250,OUT,EPIGRAL,Epigral Ltd.
2024-02-28,2024-03-28,ind_prs28022024,NIFTY_SMALLCAP_250,OUT,GRINFRA,G R Infraprojects Ltd.
2024-02-28,2024-03-28,ind_prs28022024,NIFTY_SMALLCAP_250,OUT,GALAXYSURF,Galaxy Surfactants Ltd.
2024-02-28,2024-03-28,ind_prs28022024,NIFTY_SMALLCAP_250,OUT,GOCOLORS,Go Fashion (India) Ltd.
2024-02-28,2024-03-28,ind_prs28022024,NIFTY_SMALLCAP_250,OUT,GUJALKALI,Gujarat Alkalies & Chemicals Ltd.
2024-02-28,2024-03-28,ind_prs28022024,NIFTY_SMALLCAP_250,OUT,HLEGLAS,HLE Glascoat Ltd.
2024-02-28,2024-03-28,ind_prs28022024,NIFTY_SMALLCAP_250,OUT,IDBI,IDBI Bank Ltd.
2024-02-28,2024-03-28,ind_prs28022024,NIFTY_SMALLCAP_250,OUT,INFIBEAM,Infibeam Avenues Ltd.
2024-02-28,2024-03-28,ind_prs28022024,NIFTY_SMALLCAP_250,OUT,INGERRAND,Ingersoll Rand (India) Ltd.
2024-02-28,2024-03-28,ind_prs28022024,NIFTY_SMALLCAP_250,OUT,JAMNAAUTO,Jamna Auto Industries Ltd.
2024-02-28,2024-03-28,ind_prs28022024,NIFTY_SMALLCAP_250,OUT,KALYANKJIL,Kalyan Jewellers India Ltd.
2024-02-28,2024-03-28,ind_prs28022024,NIFTY_SMALLCAP_250,OUT,KEI,KEI Industries Ltd.
2024-02-28,2024-03-28,ind_prs28022024,NIFTY_SMALLCAP_250,OUT,LAXMIMACH,Lakshmi Machine Works Ltd.
2024-02-28,2024-03-28,ind_prs28022024,NIFTY_SMALLCAP_250,OUT,LUXIND,Lux Industries Ltd.
2024-02-28,2024-03-28,ind_prs28022024,NIFTY_SMALLCAP_250,OUT,NAZARA,Nazara Technologies Ltd.
2024-02-28,2024-03-28,ind_prs28022024,NIFTY_SMALLCAP_250,OUT,ORIENTELEC,Orient Electric Ltd.
2024-02-28,2024-03-28,ind_prs28022024,NIFTY_SMALLCAP_250,OUT,POLYPLEX,Polyplex Corporation Ltd.
2024-02-28,2024-03-28,ind_prs28022024,NIFTY_SMALLCAP_250,OUT,PGHL,Procter & Gamble Health Ltd.
2024-02-28,2024-03-28,ind_prs28022024,NIFTY_SMALLCAP_250,OUT,RAIN,Rain Industries Ltd
2024-02-28,2024-03-28,ind_prs28022024,NIFTY_SMALLCAP_250,OUT,RALLIS,Rallis India Ltd.
2024-02-28,2024-03-28,ind_prs28022024,NIFTY_SMALLCAP_250,OUT,ROSSARI,Rossari Biotech Ltd.
2024-02-28,2024-03-28,ind_prs28022024,NIFTY_SMALLCAP_250,OUT,SHARDACROP,Sharda Cropchem Ltd.
2024-02-28,2024-03-28,ind_prs28022024,NIFTY_SMALLCAP_250,OUT,SFL,Sheela Foam Ltd.
2024-02-28,2024-03-28,ind_prs28022024,NIFTY_SMALLCAP_250,OUT,SHOPERSTOP,Shoppers Stop Ltd.
2024-02-28,2024-03-28,ind_prs28022024,NIFTY_SMALLCAP_250,OUT,SJVN,SJVN Ltd.
2024-02-28,2024-03-28,ind_prs28022024,NIFTY_SMALLCAP_250,OUT,SUPRAJIT,Suprajit Engineering Ltd.
2024-02-28,2024-03-28,ind_prs28022024,NIFTY_SMALLCAP_250,OUT,SUZLON,Suzlon Energy Ltd.
2024-02-28,2024-03-28,ind_prs28022024,NIFTY_SMALLCAP_250,OUT,SYMPHONY,Symphony Ltd.
2024-02-28,2024-03-28,ind_prs28022024,NIFTY_SMALLCAP_250,OUT,TEAMLEASE,Teamlease Services Ltd.
2024-02-28,2024-03-28,ind_prs28022024,NIFTY_SMALLCAP_250,OUT,TTKPRESTIG,TTK Prestige Ltd.
2024-02-28,2024-03-28,ind_prs28022024,NIFTY_SMALLCAP_250,OUT,VGUARD,V-Guard Industries Ltd.
2024-02-28,2024-03-28,ind_prs28022024,NIFTY_SMALLCAP_250,OUT,VMART,V-Mart Retail Ltd.
2024-02-28,2024-03-28,ind_prs28022024,NIFTY_SMALLCAP_250,OUT,ZYDUSWELL,Zydus Wellness Ltd.
2024-02-28,2024-03-28,ind_prs28022024,NIFTY_SMALLCAP_250,IN,AARTIIND,Aarti Industries Ltd.
2024-02-28,2024-03-28,ind_prs28022024,NIFTY_SMALLCAP_250,IN,ACE,Action Construction Equipment Ltd.
2024-02-28,2024-03-28,ind_prs28022024,NIFTY_SMALLCAP_250,IN,ANANDRATHI,Anand Rathi Wealth Ltd.
2024-02-28,2024-03-28,ind_prs28022024,NIFTY_SMALLCAP_250,IN,ASTRAZEN,AstraZenca Pharma India Ltd.
2024-02-28,2024-03-28,ind_prs28022024,NIFTY_SMALLCAP_250,IN,BLUEDART,Blue Dart Express Ltd.
2024-02-28,2024-03-28,ind_prs28022024,NIFTY_SMALLCAP_250,IN,CAPLIPOINT,Caplin Point Laboratories Ltd.
2024-02-28,2024-03-28,ind_prs28022024,NIFTY_SMALLCAP_250,IN,CELLO,Cello World Ltd.
2024-02-28,2024-03-28,ind_prs28022024,NIFTY_SMALLCAP_250,IN,CHENNPETRO,Chennai Petroleum Corporation Ltd.
2024-02-28,2024-03-28,ind_prs28022024,NIFTY_SMALLCAP_250,IN,CROMPTON,Crompton Greaves Consumer Electricals Ltd.
2024-02-28,2024-03-28,ind_prs28022024,NIFTY_SMALLCAP_250,IN,DOMS,DOMS Industries Ltd.
2024-02-28,2024-03-28,ind_prs28022024,NIFTY_SMALLCAP_250,IN,ELECON,Elecon Engineering Co. Ltd.
2024-02-28,2024-03-28,ind_prs28022024,NIFTY_SMALLCAP_250,IN,GRSE,Garden Reach Shipbuilders & Engineers Ltd.
2024-02-28,2024-03-28,ind_prs28022024,NIFTY_SMALLCAP_250,IN,GMDCLTD,Gujarat Mineral Development Corporation Ltd.
2024-02-28,2024-03-28,ind_prs28022024,NIFTY_SMALLCAP_250,IN,HAPPYFORGE,Happy Forgings Ltd.
2024-02-28,2024-03-28,ind_prs28022024,NIFTY_SMALLCAP_250,IN,HBLPOWER,HBL Power Systems Ltd.
2024-02-28,2024-03-28,ind_prs28022024,NIFTY_SMALLCAP_250,IN,HSCL,Himadri Speciality Chemical Ltd.
2024-02-28,2024-03-28,ind_prs28022024,NIFTY_SMALLCAP_250,IN,HONASA,Honasa Consumer Ltd.
2024-02-28,2024-03-28,ind_prs28022024,NIFTY_SMALLCAP_250,IN,INOXWIND,Inox Wind Ltd.
2024-02-28,2024-03-28,ind_prs28022024,NIFTY_SMALLCAP_250,IN,JAIBALAJI,Jai Balaji Industries Ltd.
2024-02-28,2024-03-28,ind_prs28022024,NIFTY_SMALLCAP_250,IN,J&KBANK,Jammu & Kashmir Bank Ltd.
2024-02-28,2024-03-28,ind_prs28022024,NIFTY_SMALLCAP_250,IN,JWL,Jupiter Wagons Ltd.
2024-02-28,2024-03-28,ind_prs28022024,NIFTY_SMALLCAP_250,IN,MAHSEAMLES,Maharashtra Seamless Ltd.
2024-02-28,2024-03-28,ind_prs28022024,NIFTY_SMALLCAP_250,IN,NAVINFLUOR,Navin Fluorine International Ltd.
2024-02-28,2024-03-28,ind_prs28022024,NIFTY_SMALLCAP_250,IN,NUVAMA,Nuvama Wealth Management Ltd.
2024-02-28,2024-03-28,ind_prs28022024,NIFTY_SMALLCAP_250,IN,RRKABEL,R R Kabel Ltd.
2024-02-28,2024-03-28,ind_prs28022024,NIFTY_SMALLCAP_250,IN,RAILTEL,Railtel Corporation Of India Ltd.
2024-02-28,2024-03-28,ind_prs28022024,NIFTY_SMALLCAP_250,IN,RAJESHEXPO,Rajesh Exports Ltd.
2024-02-28,2024-03-28,ind_prs28022024,NIFTY_SMALLCAP_250,IN,RKFORGE,Ramkrishna Forgings Ltd.
2024-02-28,2024-03-28,ind_prs28022024,NIFTY_SMALLCAP_250,IN,SBFC,SBFC Finance Ltd.
2024-02-28,2024-03-28,ind_prs28022024,NIFTY_SMALLCAP_250,IN,SCHNEIDER,Schneider Electric Infrastructure Ltd.
2024-02-28,2024-03-28,ind_prs28022024,NIFTY_SMALLCAP_250,IN,SIGNATURE,Signatureglobal (India) Ltd.
2024-02-28,2024-03-28,ind_prs28022024,NIFTY_SMALLCAP_250,IN,TMB,Tamilnad Mercantile Bank Ltd.
2024-02-28,2024-03-28,ind_prs28022024,NIFTY_SMALLCAP_250,IN,TITAGARH,Titagarh Rail Systems Ltd.
2024-02-28,2024-03-28,ind_prs28022024,NIFTY_SMALLCAP_250,IN,TRIDENT,Trident Ltd.
2024-02-28,2024-03-28,ind_prs28022024,NIFTY_SMALLCAP_250,IN,TVSSCS,TVS Supply Chain Solutions Ltd.
2024-02-28,2024-03-28,ind_prs28022024,NIFTY_SMALLCAP_250,IN,WHIRLPOOL,Whirlpool of India Ltd.
2024-02-28,2024-03-28,ind_prs28022024,NIFTY_MICROCAP_250,OUT,ACE,Action Construction Equipment Ltd.
2024-02-28,2024-03-28,ind_prs28022024,NIFTY_MICROCAP_250,OUT,ACLGATI,Allcargo Gati Ltd.
2024-02-28,2024-03-28,ind_prs28022024,NIFTY_MICROCAP_250,OUT,ANANDRATHI,Anand Rathi Wealth Ltd.
2024-02-28,2024-03-28,ind_prs28022024,NIFTY_MICROCAP_250,OUT,APCOTEXIND,Apcotex Industries Ltd.
2024-02-28,2024-03-28,ind_prs28022024,NIFTY_MICROCAP_250,OUT,APOLLOPIPE,Apollo Pipes Ltd.
2024-02-28,2024-03-28,ind_prs28022024,NIFTY_MICROCAP_250,OUT,ASTEC,Astec LifeSciences Ltd.
2024-02-28,2024-03-28,ind_prs28022024,NIFTY_MICROCAP_250,OUT,ASTRAZEN,AstraZenca Pharma India Ltd.
2024-02-28,2024-03-28,ind_prs28022024,NIFTY_MICROCAP_250,OUT,AUTOAXLES,Automotive Axles Ltd.
2024-02-28,2024-03-28,ind_prs28022024,NIFTY_MICROCAP_250,OUT,CAPLIPOINT,Caplin Point Laboratories Ltd.
2024-02-28,2024-03-28,ind_prs28022024,NIFTY_MICROCAP_250,OUT,CARYSIL,Carysil Ltd.
2024-02-28,2024-03-28,ind_prs28022024,NIFTY_MICROCAP_250,OUT,CHENNPETRO,Chennai Petroleum Corporation Ltd.
2024-02-28,2024-03-28,ind_prs28022024,NIFTY_MICROCAP_250,OUT,COSMOFIRST,Cosmo First Ltd.
2024-02-28,2024-03-28,ind_prs28022024,NIFTY_MICROCAP_250,OUT,DIVGIITTS,Divgi Torqtransfer Systems Ltd.
2024-02-28,2024-03-28,ind_prs28022024,NIFTY_MICROCAP_250,OUT,DOLLAR,Dollar Industries Ltd.
2024-02-28,2024-03-28,ind_prs28022024,NIFTY_MICROCAP_250,OUT,DWARKESH,Dwarikesh Sugar Industrial Ltd.
2024-02-28,2024-03-28,ind_prs28022024,NIFTY_MICROCAP_250,OUT,ELECON,Elecon Engineering Co. Ltd.
2024-02-28,2024-03-28,ind_prs28022024,NIFTY_MICROCAP_250,OUT,ESABINDIA,ESAB India Ltd.
2024-02-28,2024-03-28,ind_prs28022024,NIFTY_MICROCAP_250,OUT,FINOPB,Fino Payments Bank Ltd.
2024-02-28,2024-03-28,ind_prs28022024,NIFTY_MICROCAP_250,OUT,GRSE,Garden Reach Shipbuilders & Engineers Ltd.
2024-02-28,2024-03-28,ind_prs28022024,NIFTY_MICROCAP_250,OUT,GARFIBRES,Garware Technical Fibres Ltd.
2024-02-28,2024-03-28,ind_prs28022024,NIFTY_MICROCAP_250,OUT,GET&D,GE T&D India Ltd.
2024-02-28,2024-03-28,ind_prs28022024,NIFTY_MICROCAP_250,OUT,GREENLAM,Greenlam Industries Ltd.
2024-02-28,2024-03-28,ind_prs28022024,NIFTY_MICROCAP_250,OUT,GMDCLTD,Gujarat Mineral Development Corporation Ltd.
2024-02-28,2024-03-28,ind_prs28022024,NIFTY_MICROCAP_250,OUT,HARSHA,Harsha Engineers International Ltd.
2024-02-28,2024-03-28,ind_prs28022024,NIFTY_MICROCAP_250,OUT,HBLPOWER,HBL Power Systems Ltd.
2024-02-28,2024-03-28,ind_prs28022024,NIFTY_MICROCAP_250,OUT,HCG,Healthcare Global Enterprises Ltd.
2024-02-28,2024-03-28,ind_prs28022024,NIFTY_MICROCAP_250,OUT,HIL,HIL Ltd.
2024-02-28,2024-03-28,ind_prs28022024,NIFTY_MICROCAP_250,OUT,HSCL,Himadri Speciality Chemical Ltd.
2024-02-28,2024-03-28,ind_prs28022024,NIFTY_MICROCAP_250,OUT,HGS,Hinduja Global Solutions Ltd.
2024-02-28,2024-03-28,ind_prs28022024,NIFTY_MICROCAP_250,OUT,HNDFDS,Hindustan Foods Ltd.
2024-02-28,2024-03-28,ind_prs28022024,NIFTY_MICROCAP_250,OUT,INOXWIND,Inox Wind Ltd.
2024-02-28,2024-03-28,ind_prs28022024,NIFTY_MICROCAP_250,OUT,J&KBANK,Jammu & Kashmir Bank Ltd.
2024-02-28,2024-03-28,ind_prs28022024,NIFTY_MICROCAP_250,OUT,JINDALPOLY,Jindal Poly Films Ltd.
2024-02-28,2024-03-28,ind_prs28022024,NIFTY_MICROCAP_250,OUT,JWL,Jupiter Wagons Ltd.
2024-02-28,2024-03-28,ind_prs28022024,NIFTY_MICROCAP_250,OUT,KKCL,Kewal Kiran Clothing Ltd.
2024-02-28,2024-03-28,ind_prs28022024,NIFTY_MICROCAP_250,OUT,KIRIINDUS,Kiri Industries Ltd.
2024-02-28,2024-03-28,ind_prs28022024,NIFTY_MICROCAP_250,OUT,KIRLPNU,Kirloskar Pneumatic Company Ltd.
2024-02-28,2024-03-28,ind_prs28022024,NIFTY_MICROCAP_250,OUT,MAHSEAMLES,Maharashtra Seamless Ltd.
2024-02-28,2024-03-28,ind_prs28022024,NIFTY_MICROCAP_250,OUT,MAYURUNIQ,Mayur Uniquoters Ltd.
2024-02-28,2024-03-28,ind_prs28022024,NIFTY_MICROCAP_250,OUT,MOL,Meghmani Organics Ltd.
2024-02-28,2024-03-28,ind_prs28022024,NIFTY_MICROCAP_250,OUT,MOLDTKPAC,Mold-Tek Packaging Ltd.
2024-02-28,2024-03-28,ind_prs28022024,NIFTY_MICROCAP_250,OUT,NEOGEN,Neogen Chemicals Ltd.
2024-02-28,2024-03-28,ind_prs28022024,NIFTY_MICROCAP_250,OUT,PRIVISCL,Privi Speciality Chemicals Ltd.
2024-02-28,2024-03-28,ind_prs28022024,NIFTY_MICROCAP_250,OUT,PRUDENT,Prudent Corporate Advisory Services Ltd.
2024-02-28,2024-03-28,ind_prs28022024,NIFTY_MICROCAP_250,OUT,PTCIL,PTC Industries Ltd.
2024-02-28,2024-03-28,ind_prs28022024,NIFTY_MICROCAP_250,OUT,RAILTEL,Railtel Corporation Of India Ltd.
2024-02-28,2024-03-28,ind_prs28022024,NIFTY_MICROCAP_250,OUT,RAJRATAN,Rajratan Global Wire Ltd.
2024-02-28,2024-03-28,ind_prs28022024,NIFTY_MICROCAP_250,OUT,RKFORGE,Ramkrishna Forgings Ltd.
2024-02-28,2024-03-28,ind_prs28022024,NIFTY_MICROCAP_250,OUT,ROLEXRINGS,Rolex Rings Ltd.
2024-02-28,2024-03-28,ind_prs28022024,NIFTY_MICROCAP_250,OUT,RUPA,Rupa & Company Ltd.
2024-02-28,2024-03-28,ind_prs28022024,NIFTY_MICROCAP_250,OUT,SAKSOFT,Saksoft Ltd.
2024-02-28,2024-03-28,ind_prs28022024,NIFTY_MICROCAP_250,OUT,SBFC,SBFC Finance Ltd.
2024-02-28,2024-03-28,ind_prs28022024,NIFTY_MICROCAP_250,OUT,SCHNEIDER,Schneider Electric Infrastructure Ltd.
2024-02-28,2024-03-28,ind_prs28022024,NIFTY_MICROCAP_250,OUT,SHANTIGEAR,Shanthi Gears Ltd.
2024-02-28,2024-03-28,ind_prs28022024,NIFTY_MICROCAP_250,OUT,SIS,SIS Ltd.
2024-02-28,2024-03-28,ind_prs28022024,NIFTY_MICROCAP_250,OUT,SIYSIL,Siyaram Silk Mills Ltd.
2024-02-28,2024-03-28,ind_prs28022024,NIFTY_MICROCAP_250,OUT,SOMANYCERA,Somany Ceramics Ltd.
2024-02-28,2024-03-28,ind_prs28022024,NIFTY_MICROCAP_250,OUT,STYRENIX,Styrenix Performance Materials Ltd.
2024-02-28,2024-03-28,ind_prs28022024,NIFTY_MICROCAP_250,OUT,SUBEXLTD,Subex Ltd.
2024-02-28,2024-03-28,ind_prs28022024,NIFTY_MICROCAP_250,OUT,SPLPETRO,Supreme Petrochem Ltd.
2024-02-28,2024-03-28,ind_prs28022024,NIFTY_MICROCAP_250,OUT,TMB,Tamilnad Mercantile Bank Ltd.
2024-02-28,2024-03-28,ind_prs28022024,NIFTY_MICROCAP_250,OUT,TATVA,Tatva Chintan Pharma Chem Ltd.
2024-02-28,2024-03-28,ind_prs28022024,NIFTY_MICROCAP_250,OUT,TCIEXP,TCI Express Ltd.
2024-02-28,2024-03-28,ind_prs28022024,NIFTY_MICROCAP_250,OUT,TIIL,Technocraft Industries (India) Ltd.
2024-02-28,2024-03-28,ind_prs28022024,NIFTY_MICROCAP_250,OUT,THYROCARE,Thyrocare Technologies Ltd.
2024-02-28,2024-03-28,ind_prs28022024,NIFTY_MICROCAP_250,OUT,TITAGARH,Titagarh Rail Systems Ltd.
2024-02-28,2024-03-28,ind_prs28022024,NIFTY_MICROCAP_250,OUT,TCI,Transport Corporation of India Ltd.
2024-02-28,2024-03-28,ind_prs28022024,NIFTY_MICROCAP_250,OUT,TVSSCS,TVS Supply Chain Solutions Ltd.
2024-02-28,2024-03-28,ind_prs28022024,NIFTY_MICROCAP_250,OUT,UNICHEMLAB,Unichem Laboratories Ltd.
2024-02-28,2024-03-28,ind_prs28022024,NIFTY_MICROCAP_250,OUT,VESUVIUS,Vesuvius India Ltd.
2024-02-28,2024-03-28,ind_prs28022024,NIFTY_MICROCAP_250,IN,AARTIDRUGS,Aarti Drugs Ltd.
2024-02-28,2024-03-28,ind_prs28022024,NIFTY_MICROCAP_250,IN,ASKAUTOLTD,ASK Automotive Ltd.
2024-02-28,2024-03-28,ind_prs28022024,NIFTY_MICROCAP_250,IN,AZAD,Azad Engineering Ltd.
2024-02-28,2024-03-28,ind_prs28022024,NIFTY_MICROCAP_250,IN,BANCOINDIA,Banco Products (India) Ltd.
2024-02-28,2024-03-28,ind_prs28022024,NIFTY_MICROCAP_250,IN,BLUEJET,Blue Jet Healthcare Ltd.
2024-02-28,2024-03-28,ind_prs28022024,NIFTY_MICROCAP_250,IN,BCG,Brightcom Group Ltd.
2024-02-28,2024-03-28,ind_prs28022024,NIFTY_MICROCAP_250,IN,CYIENTDLM,Cyient DLM Ltd.
2024-02-28,2024-03-28,ind_prs28022024,NIFTY_MICROCAP_250,IN,DELTACORP,Delta Corp Ltd.
2024-02-28,2024-03-28,ind_prs28022024,NIFTY_MICROCAP_250,IN,DHANUKA,Dhanuka Agritech Ltd.
2024-02-28,2024-03-28,ind_prs28022024,NIFTY_MICROCAP_250,IN,EPIGRAL,Epigral Ltd.
2024-02-28,2024-03-28,ind_prs28022024,NIFTY_MICROCAP_250,IN,ESAFSFB,ESAF Small Finance Bank Ltd.
2024-02-28,2024-03-28,ind_prs28022024,NIFTY_MICROCAP_250,IN,FEDFINA,Fedbank Financial Services Ltd.
2024-02-28,2024-03-28,ind_prs28022024,NIFTY_MICROCAP_250,IN,FLAIR,Flair Writing Industries Ltd.
2024-02-28,2024-03-28,ind_prs28022024,NIFTY_MICROCAP_250,IN,GRINFRA,G R Infraprojects Ltd.
2024-02-28,2024-03-28,ind_prs28022024,NIFTY_MICROCAP_250,IN,GALAXYSURF,Galaxy Surfactants Ltd.
2024-02-28,2024-03-28,ind_prs28022024,NIFTY_MICROCAP_250,IN,GRWRHITECH,Garware Hi-Tech Films Ltd.
2024-02-28,2024-03-28,ind_prs28022024,NIFTY_MICROCAP_250,IN,GOCOLORS,Go Fashion (India) Ltd.
2024-02-28,2024-03-28,ind_prs28022024,NIFTY_MICROCAP_250,IN,GUJALKALI,Gujarat Alkalies & Chemicals Ltd.
2024-02-28,2024-03-28,ind_prs28022024,NIFTY_MICROCAP_250,IN,GULFOILLUB,Gulf Oil Lubricants India Ltd.
2024-02-28,2024-03-28,ind_prs28022024,NIFTY_MICROCAP_250,IN,HLEGLAS,HLE Glascoat Ltd.
2024-02-28,2024-03-28,ind_prs28022024,NIFTY_MICROCAP_250,IN,HMAAGRO,HMA Agro Industries Ltd.
2024-02-28,2024-03-28,ind_prs28022024,NIFTY_MICROCAP_250,IN,IDEAFORGE,Ideaforge Technology Ltd.
2024-02-28,2024-03-28,ind_prs28022024,NIFTY_MICROCAP_250,IN,IIFLSEC,IIFL Securities Ltd.
2024-02-28,2024-03-28,ind_prs28022024,NIFTY_MICROCAP_250,IN,IPL,India Pesticides Ltd.
2024-02-28,2024-03-28,ind_prs28022024,NIFTY_MICROCAP_250,IN,INDIASHLTR,India Shelter Finance Corporation Ltd.
2024-02-28,2024-03-28,ind_prs28022024,NIFTY_MICROCAP_250,IN,INFIBEAM,Infibeam Avenues Ltd.
2024-02-28,2024-03-28,ind_prs28022024,NIFTY_MICROCAP_250,IN,INGERRAND,Ingersoll Rand (India) Ltd.
2024-02-28,2024-03-28,ind_prs28022024,NIFTY_MICROCAP_250,IN,INOXINDIA,INOX India Ltd.
2024-02-28,2024-03-28,ind_prs28022024,NIFTY_MICROCAP_250,IN,JAMNAAUTO,Jamna Auto Industries Ltd.
2024-02-28,2024-03-28,ind_prs28022024,NIFTY_MICROCAP_250,IN,JSWHL,JSW Holdings Ltd.
2024-02-28,2024-03-28,ind_prs28022024,NIFTY_MICROCAP_250,IN,JLHL,Jupiter Life Line Hospitals Ltd.
2024-02-28,2024-03-28,ind_prs28022024,NIFTY_MICROCAP_250,IN,KESORAMIND,Kesoram Industries Ltd.
2024-02-28,2024-03-28,ind_prs28022024,NIFTY_MICROCAP_250,IN,KPIGREEN,KPI Green Energy Ltd.
2024-02-28,2024-03-28,ind_prs28022024,NIFTY_MICROCAP_250,IN,LUXIND,Lux Industries Ltd.
2024-02-28,2024-03-28,ind_prs28022024,NIFTY_MICROCAP_250,IN,MUTHOOTMF,Muthoot Microfin Ltd.
2024-02-28,2024-03-28,ind_prs28022024,NIFTY_MICROCAP_250,IN,NAZARA,Nazara Technologies Ltd.
2024-02-28,2024-03-28,ind_prs28022024,NIFTY_MICROCAP_250,IN,NETWEB,Netweb Technologies India Ltd.
2024-02-28,2024-03-28,ind_prs28022024,NIFTY_MICROCAP_250,IN,NIITMTS,NIIT Learning Systems Ltd.
2024-02-28,2024-03-28,ind_prs28022024,NIFTY_MICROCAP_250,IN,NUCLEUS,Nucleus Software Exports Ltd.
2024-02-28,2024-03-28,ind_prs28022024,NIFTY_MICROCAP_250,IN,ORIENTELEC,Orient Electric Ltd.
2024-02-28,2024-03-28,ind_prs28022024,NIFTY_MICROCAP_250,IN,ORISSAMINE,Orissa Min Dev Co Ltd.
2024-02-28,2024-03-28,ind_prs28022024,NIFTY_MICROCAP_250,IN,PATELENG,Patel Engineering Ltd.
2024-02-28,2024-03-28,ind_prs28022024,NIFTY_MICROCAP_250,IN,POLYPLEX,Polyplex Corporation Ltd.
2024-02-28,2024-03-28,ind_prs28022024,NIFTY_MICROCAP_250,IN,PURVA,Puravankara Ltd.
2024-02-28,2024-03-28,ind_prs28022024,NIFTY_MICROCAP_250,IN,RAIN,Rain Industries Ltd
2024-02-28,2024-03-28,ind_prs28022024,NIFTY_MICROCAP_250,IN,RALLIS,Rallis India Ltd.
2024-02-28,2024-03-28,ind_prs28022024,NIFTY_MICROCAP_250,IN,REDTAPE,Redtape Ltd.
2024-02-28,2024-03-28,ind_prs28022024,NIFTY_MICROCAP_250,IN,ROSSARI,Rossari Biotech Ltd.
2024-02-28,2024-03-28,ind_prs28022024,NIFTY_MICROCAP_250,IN,SAGCEM,Sagar Cements Ltd.
2024-02-28,2024-03-28,ind_prs28022024,NIFTY_MICROCAP_250,IN,KALAMANDIR,Sai Silks (Kalamandir) Ltd.
2024-02-28,2024-03-28,ind_prs28022024,NIFTY_MICROCAP_250,IN,SAMHI,Samhi Hotels Ltd.
2024-02-28,2024-03-28,ind_prs28022024,NIFTY_MICROCAP_250,IN,SANDUMA,Sandur Manganese & Iron Ores Ltd.
2024-02-28,2024-03-28,ind_prs28022024,NIFTY_MICROCAP_250,IN,SANGHIIND,Sanghi Industries Ltd.
2024-02-28,2024-03-28,ind_prs28022024,NIFTY_MICROCAP_250,IN,SANGHVIMOV,Sanghvi Movers Ltd.
2024-02-28,2024-03-28,ind_prs28022024,NIFTY_MICROCAP_250,IN,SENCO,Senco Gold Ltd.
2024-02-28,2024-03-28,ind_prs28022024,NIFTY_MICROCAP_250,IN,SHARDAMOTR,Sharda Motor Industries Ltd.
2024-02-28,2024-03-28,ind_prs28022024,NIFTY_MICROCAP_250,IN,SFL,Sheela Foam Ltd.
2024-02-28,2024-03-28,ind_prs28022024,NIFTY_MICROCAP_250,IN,SHOPERSTOP,Shoppers Stop Ltd.
2024-02-28,2024-03-28,ind_prs28022024,NIFTY_MICROCAP_250,IN,SINDHUTRAD,Sindhu Trade Links Ltd.
2024-02-28,2024-03-28,ind_prs28022024,NIFTY_MICROCAP_250,IN,SUNCLAY,Sundaram Clayton Ltd.
2024-02-28,2024-03-28,ind_prs28022024,NIFTY_MICROCAP_250,IN,SUPRAJIT,Suprajit Engineering Ltd.
2024-02-28,2024-03-28,ind_prs28022024,NIFTY_MICROCAP_250,IN,TARC,TARC Ltd.
2024-02-28,2024-03-28,ind_prs28022024,NIFTY_MICROCAP_250,IN,TEAMLEASE,Teamlease Services Ltd.
2024-02-28,2024-03-28,ind_prs28022024,NIFTY_MICROCAP_250,IN,TEXRAIL,Texmaco Rail & Eng. Ltd.
2024-02-28,2024-03-28,ind_prs28022024,NIFTY_MICROCAP_250,IN,TTKPRESTIG,TTK Prestige Ltd.
2024-02-28,2024-03-28,ind_prs28022024,NIFTY_MICROCAP_250,IN,UTKARSHBNK,Utkarsh Small Finance Bank Ltd.
2024-02-28,2024-03-28,ind_prs28022024,NIFTY_MICROCAP_250,IN,VGUARD,V-Guard Industries Ltd.
2024-02-28,2024-03-28,ind_prs28022024,NIFTY_MICROCAP_250,IN,VMART,V-Mart Retail Ltd.
2024-02-28,2024-03-28,ind_prs28022024,NIFTY_MICROCAP_250,IN,YATHARTH,Yatharth Hospital & Trauma Care Services Ltd.
2024-02-28,2024-03-28,ind_prs28022024,NIFTY_MICROCAP_250,IN,ZYDUSWELL,Zydus Wellness Ltd.
2024-02-28,2024-03-28,ind_prs28022024,NIFTY_TOTAL_MARKET,OUT,ACLGATI,Allcargo Gati Ltd.
2024-02-28,2024-03-28,ind_prs28022024,NIFTY_TOTAL_MARKET,OUT,APCOTEXIND,Apcotex Industries Ltd.
2024-02-28,2024-03-28,ind_prs28022024,NIFTY_TOTAL_MARKET,OUT,APOLLOPIPE,Apollo Pipes Ltd.
2024-02-28,2024-03-28,ind_prs28022024,NIFTY_TOTAL_MARKET,OUT,ASTEC,Astec LifeSciences Ltd.
2024-02-28,2024-03-28,ind_prs28022024,NIFTY_TOTAL_MARKET,OUT,AUTOAXLES,Automotive Axles Ltd.
2024-02-28,2024-03-28,ind_prs28022024,NIFTY_TOTAL_MARKET,OUT,CARYSIL,Carysil Ltd.
2024-02-28,2024-03-28,ind_prs28022024,NIFTY_TOTAL_MARKET,OUT,COSMOFIRST,Cosmo First Ltd.
2024-02-28,2024-03-28,ind_prs28022024,NIFTY_TOTAL_MARKET,OUT,DIVGIITTS,Divgi Torqtransfer Systems Ltd.
2024-02-28,2024-03-28,ind_prs28022024,NIFTY_TOTAL_MARKET,OUT,DOLLAR,Dollar Industries Ltd.
2024-02-28,2024-03-28,ind_prs28022024,NIFTY_TOTAL_MARKET,OUT,DWARKESH,Dwarikesh Sugar Industrial Ltd.
2024-02-28,2024-03-28,ind_prs28022024,NIFTY_TOTAL_MARKET,OUT,ESABINDIA,ESAB India Ltd.
2024-02-28,2024-03-28,ind_prs28022024,NIFTY_TOTAL_MARKET,OUT,FINOPB,Fino Payments Bank Ltd.
2024-02-28,2024-03-28,ind_prs28022024,NIFTY_TOTAL_MARKET,OUT,GARFIBRES,Garware Technical Fibres Ltd.
2024-02-28,2024-03-28,ind_prs28022024,NIFTY_TOTAL_MARKET,OUT,GET&D,GE T&D India Ltd.
2024-02-28,2024-03-28,ind_prs28022024,NIFTY_TOTAL_MARKET,OUT,GREENLAM,Greenlam Industries Ltd.
2024-02-28,2024-03-28,ind_prs28022024,NIFTY_TOTAL_MARKET,OUT,HARSHA,Harsha Engineers International Ltd.
2024-02-28,2024-03-28,ind_prs28022024,NIFTY_TOTAL_MARKET,OUT,HCG,Healthcare Global Enterprises Ltd.
2024-02-28,2024-03-28,ind_prs28022024,NIFTY_TOTAL_MARKET,OUT,HIL,HIL Ltd.
2024-02-28,2024-03-28,ind_prs28022024,NIFTY_TOTAL_MARKET,OUT,HGS,Hinduja Global Solutions Ltd.
2024-02-28,2024-03-28,ind_prs28022024,NIFTY_TOTAL_MARKET,OUT,HNDFDS,Hindustan Foods Ltd.
2024-02-28,2024-03-28,ind_prs28022024,NIFTY_TOTAL_MARKET,OUT,JINDALPOLY,Jindal Poly Films Ltd.
2024-02-28,2024-03-28,ind_prs28022024,NIFTY_TOTAL_MARKET,OUT,KKCL,Kewal Kiran Clothing Ltd.
2024-02-28,2024-03-28,ind_prs28022024,NIFTY_TOTAL_MARKET,OUT,KIRIINDUS,Kiri Industries Ltd.
2024-02-28,2024-03-28,ind_prs28022024,NIFTY_TOTAL_MARKET,OUT,KIRLPNU,Kirloskar Pneumatic Company Ltd.
2024-02-28,2024-03-28,ind_prs28022024,NIFTY_TOTAL_MARKET,OUT,LAXMIMACH,Lakshmi Machine Works Ltd.
2024-02-28,2024-03-28,ind_prs28022024,NIFTY_TOTAL_MARKET,OUT,MAYURUNIQ,Mayur Uniquoters Ltd.
2024-02-28,2024-03-28,ind_prs28022024,NIFTY_TOTAL_MARKET,OUT,MOL,Meghmani Organics Ltd.
2024-02-28,2024-03-28,ind_prs28022024,NIFTY_TOTAL_MARKET,OUT,MOLDTKPAC,Mold-Tek Packaging Ltd.
2024-02-28,2024-03-28,ind_prs28022024,NIFTY_TOTAL_MARKET,OUT,NEOGEN,Neogen Chemicals Ltd.
2024-02-28,2024-03-28,ind_prs28022024,NIFTY_TOTAL_MARKET,OUT,PFIZER,Pfizer Ltd.
2024-02-28,2024-03-28,ind_prs28022024,NIFTY_TOTAL_MARKET,OUT,PRIVISCL,Privi Speciality Chemicals Ltd.
2024-02-28,2024-03-28,ind_prs28022024,NIFTY_TOTAL_MARKET,OUT,PGHL,Procter & Gamble Health Ltd.
2024-02-28,2024-03-28,ind_prs28022024,NIFTY_TOTAL_MARKET,OUT,PRUDENT,Prudent Corporate Advisory Services Ltd.
2024-02-28,2024-03-28,ind_prs28022024,NIFTY_TOTAL_MARKET,OUT,PTCIL,PTC Industries Ltd.
2024-02-28,2024-03-28,ind_prs28022024,NIFTY_TOTAL_MARKET,OUT,RAJRATAN,Rajratan Global Wire Ltd.
2024-02-28,2024-03-28,ind_prs28022024,NIFTY_TOTAL_MARKET,OUT,RELAXO,Relaxo Footwears Ltd.
2024-02-28,2024-03-28,ind_prs28022024,NIFTY_TOTAL_MARKET,OUT,ROLEXRINGS,Rolex Rings Ltd.
2024-02-28,2024-03-28,ind_prs28022024,NIFTY_TOTAL_MARKET,OUT,RUPA,Rupa & Company Ltd.
2024-02-28,2024-03-28,ind_prs28022024,NIFTY_TOTAL_MARKET,OUT,SAKSOFT,Saksoft Ltd.
2024-02-28,2024-03-28,ind_prs28022024,NIFTY_TOTAL_MARKET,OUT,SHANTIGEAR,Shanthi Gears Ltd.
2024-02-28,2024-03-28,ind_prs28022024,NIFTY_TOTAL_MARKET,OUT,SHARDACROP,Sharda Cropchem Ltd.
2024-02-28,2024-03-28,ind_prs28022024,NIFTY_TOTAL_MARKET,OUT,SIS,SIS Ltd.
2024-02-28,2024-03-28,ind_prs28022024,NIFTY_TOTAL_MARKET,OUT,SIYSIL,Siyaram Silk Mills Ltd.
2024-02-28,2024-03-28,ind_prs28022024,NIFTY_TOTAL_MARKET,OUT,SOMANYCERA,Somany Ceramics Ltd.
2024-02-28,2024-03-28,ind_prs28022024,NIFTY_TOTAL_MARKET,OUT,STYRENIX,Styrenix Performance Materials Ltd.
2024-02-28,2024-03-28,ind_prs28022024,NIFTY_TOTAL_MARKET,OUT,SUBEXLTD,Subex Ltd.
2024-02-28,2024-03-28,ind_prs28022024,NIFTY_TOTAL_MARKET,OUT,SPLPETRO,Supreme Petrochem Ltd.
2024-02-28,2024-03-28,ind_prs28022024,NIFTY_TOTAL_MARKET,OUT,SYMPHONY,Symphony Ltd.
2024-02-28,2024-03-28,ind_prs28022024,NIFTY_TOTAL_MARKET,OUT,TATVA,Tatva Chintan Pharma Chem Ltd.
2024-02-28,2024-03-28,ind_prs28022024,NIFTY_TOTAL_MARKET,OUT,TCIEXP,TCI Express Ltd.
2024-02-28,2024-03-28,ind_prs28022024,NIFTY_TOTAL_MARKET,OUT,TIIL,Technocraft Industries (India) Ltd.
2024-02-28,2024-03-28,ind_prs28022024,NIFTY_TOTAL_MARKET,OUT,THYROCARE,Thyrocare Technologies Ltd.
2024-02-28,2024-03-28,ind_prs28022024,NIFTY_TOTAL_MARKET,OUT,TCI,Transport Corporation of India Ltd.
2024-02-28,2024-03-28,ind_prs28022024,NIFTY_TOTAL_MARKET,OUT,UNICHEMLAB,Unichem Laboratories Ltd.
2024-02-28,2024-03-28,ind_prs28022024,NIFTY_TOTAL_MARKET,OUT,VESUVIUS,Vesuvius India Ltd.
2024-02-28,2024-03-28,ind_prs28022024,NIFTY_TOTAL_MARKET,OUT,VINATIORGA,Vinati Organics Ltd.
2024-02-28,2024-03-28,ind_prs28022024,NIFTY_TOTAL_MARKET,IN,ASKAUTOLTD,ASK Automotive Ltd.
2024-02-28,2024-03-28,ind_prs28022024,NIFTY_TOTAL_MARKET,IN,AZAD,Azad Engineering Ltd.
2024-02-28,2024-03-28,ind_prs28022024,NIFTY_TOTAL_MARKET,IN,BANCOINDIA,Banco Products (India) Ltd.
2024-02-28,2024-03-28,ind_prs28022024,NIFTY_TOTAL_MARKET,IN,BLUEJET,Blue Jet Healthcare Ltd.
2024-02-28,2024-03-28,ind_prs28022024,NIFTY_TOTAL_MARKET,IN,CELLO,Cello World Ltd.
2024-02-28,2024-03-28,ind_prs28022024,NIFTY_TOTAL_MARKET,IN,CYIENTDLM,Cyient DLM Ltd.
2024-02-28,2024-03-28,ind_prs28022024,NIFTY_TOTAL_MARKET,IN,DHANUKA,Dhanuka Agritech Ltd.
2024-02-28,2024-03-28,ind_prs28022024,NIFTY_TOTAL_MARKET,IN,DOMS,DOMS Industries Ltd.
2024-02-28,2024-03-28,ind_prs28022024,NIFTY_TOTAL_MARKET,IN,ESAFSFB,ESAF Small Finance Bank Ltd.
2024-02-28,2024-03-28,ind_prs28022024,NIFTY_TOTAL_MARKET,IN,FEDFINA,Fedbank Financial Services Ltd.
2024-02-28,2024-03-28,ind_prs28022024,NIFTY_TOTAL_MARKET,IN,FLAIR,Flair Writing Industries Ltd.
2024-02-28,2024-03-28,ind_prs28022024,NIFTY_TOTAL_MARKET,IN,GRWRHITECH,Garware Hi-Tech Films Ltd.
2024-02-28,2024-03-28,ind_prs28022024,NIFTY_TOTAL_MARKET,IN,GULFOILLUB,Gulf Oil Lubricants India Ltd.
2024-02-28,2024-03-28,ind_prs28022024,NIFTY_TOTAL_MARKET,IN,HAPPYFORGE,Happy Forgings Ltd.
2024-02-28,2024-03-28,ind_prs28022024,NIFTY_TOTAL_MARKET,IN,HMAAGRO,HMA Agro Industries Ltd.
2024-02-28,2024-03-28,ind_prs28022024,NIFTY_TOTAL_MARKET,IN,HONASA,Honasa Consumer Ltd.
2024-02-28,2024-03-28,ind_prs28022024,NIFTY_TOTAL_MARKET,IN,IDEAFORGE,Ideaforge Technology Ltd.
2024-02-28,2024-03-28,ind_prs28022024,NIFTY_TOTAL_MARKET,IN,IIFLSEC,IIFL Securities Ltd.
2024-02-28,2024-03-28,ind_prs28022024,NIFTY_TOTAL_MARKET,IN,IPL,India Pesticides Ltd.
2024-02-28,2024-03-28,ind_prs28022024,NIFTY_TOTAL_MARKET,IN,INDIASHLTR,India Shelter Finance Corporation Ltd.
2024-02-28,2024-03-28,ind_prs28022024,NIFTY_TOTAL_MARKET,IN,IREDA,Indian Renewable Energy Development Agency Ltd.
2024-02-28,2024-03-28,ind_prs28022024,NIFTY_TOTAL_MARKET,IN,INOXINDIA,INOX India Ltd.
2024-02-28,2024-03-28,ind_prs28022024,NIFTY_TOTAL_MARKET,IN,JAIBALAJI,Jai Balaji Industries Ltd.
2024-02-28,2024-03-28,ind_prs28022024,NIFTY_TOTAL_MARKET,IN,JIOFIN,Jio Financial Services Ltd.
2024-02-28,2024-03-28,ind_prs28022024,NIFTY_TOTAL_MARKET,IN,JSWHL,JSW Holdings Ltd.
2024-02-28,2024-03-28,ind_prs28022024,NIFTY_TOTAL_MARKET,IN,JSWINFRA,JSW Infrastructure Ltd.
2024-02-28,2024-03-28,ind_prs28022024,NIFTY_TOTAL_MARKET,IN,JLHL,Jupiter Life Line Hospitals Ltd.
2024-02-28,2024-03-28,ind_prs28022024,NIFTY_TOTAL_MARKET,IN,KESORAMIND,Kesoram Industries Ltd.
2024-02-28,2024-03-28,ind_prs28022024,NIFTY_TOTAL_MARKET,IN,KPIGREEN,KPI Green Energy Ltd.
2024-02-28,2024-03-28,ind_prs28022024,NIFTY_TOTAL_MARKET,IN,LLOYDSME,Lloyds Metals And Energy Ltd.
2024-02-28,2024-03-28,ind_prs28022024,NIFTY_TOTAL_MARKET,IN,MUTHOOTMF,Muthoot Microfin Ltd.
2024-02-28,2024-03-28,ind_prs28022024,NIFTY_TOTAL_MARKET,IN,NETWEB,Netweb Technologies India Ltd.
2024-02-28,2024-03-28,ind_prs28022024,NIFTY_TOTAL_MARKET,IN,NIITMTS,NIIT Learning Systems Ltd.
2024-02-28,2024-03-28,ind_prs28022024,NIFTY_TOTAL_MARKET,IN,NUCLEUS,Nucleus Software Exports Ltd.
2024-02-28,2024-03-28,ind_prs28022024,NIFTY_TOTAL_MARKET,IN,NUVAMA,Nuvama Wealth Management Ltd.
2024-02-28,2024-03-28,ind_prs28022024,NIFTY_TOTAL_MARKET,IN,ORISSAMINE,Orissa Min Dev Co Ltd.
2024-02-28,2024-03-28,ind_prs28022024,NIFTY_TOTAL_MARKET,IN,PATELENG,Patel Engineering Ltd.
2024-02-28,2024-03-28,ind_prs28022024,NIFTY_TOTAL_MARKET,IN,PURVA,Puravankara Ltd.
2024-02-28,2024-03-28,ind_prs28022024,NIFTY_TOTAL_MARKET,IN,RRKABEL,R R Kabel Ltd.
2024-02-28,2024-03-28,ind_prs28022024,NIFTY_TOTAL_MARKET,IN,REDTAPE,Redtape Ltd.
2024-02-28,2024-03-28,ind_prs28022024,NIFTY_TOTAL_MARKET,IN,SAGCEM,Sagar Cements Ltd.
2024-02-28,2024-03-28,ind_prs28022024,NIFTY_TOTAL_MARKET,IN,KALAMANDIR,Sai Silks (Kalamandir) Ltd.
2024-02-28,2024-03-28,ind_prs28022024,NIFTY_TOTAL_MARKET,IN,SAMHI,Samhi Hotels Ltd.
2024-02-28,2024-03-28,ind_prs28022024,NIFTY_TOTAL_MARKET,IN,SANDUMA,Sandur Manganese & Iron Ores Ltd.
2024-02-28,2024-03-28,ind_prs28022024,NIFTY_TOTAL_MARKET,IN,SANGHIIND,Sanghi Industries Ltd.
2024-02-28,2024-03-28,ind_prs28022024,NIFTY_TOTAL_MARKET,IN,SANGHVIMOV,Sanghvi Movers Ltd.
2024-02-28,2024-03-28,ind_prs28022024,NIFTY_TOTAL_MARKET,IN,SENCO,Senco Gold Ltd.
2024-02-28,2024-03-28,ind_prs28022024,NIFTY_TOTAL_MARKET,IN,SHARDAMOTR,Sharda Motor Industries Ltd.
2024-02-28,2024-03-28,ind_prs28022024,NIFTY_TOTAL_MARKET,IN,SIGNATURE,Signatureglobal (India) Ltd.
2024-02-28,2024-03-28,ind_prs28022024,NIFTY_TOTAL_MARKET,IN,SINDHUTRAD,Sindhu Trade Links Ltd.
2024-02-28,2024-03-28,ind_prs28022024,NIFTY_TOTAL_MARKET,IN,SUNCLAY,Sundaram Clayton Ltd.
2024-02-28,2024-03-28,ind_prs28022024,NIFTY_TOTAL_MARKET,IN,TARC,TARC Ltd.
2024-02-28,2024-03-28,ind_prs28022024,NIFTY_TOTAL_MARKET,IN,TATATECH,Tata Technologies Ltd.
2024-02-28,2024-03-28,ind_prs28022024,NIFTY_TOTAL_MARKET,IN,TEXRAIL,Texmaco Rail & Eng. Ltd.
2024-02-28,2024-03-28,ind_prs28022024,NIFTY_TOTAL_MARKET,IN,UTKARSHBNK,Utkarsh Small Finance Bank Ltd.
2024-02-28,2024-03-28,ind_prs28022024,NIFTY_TOTAL_MARKET,IN,YATHARTH,Yatharth Hospital & Trauma Care Services Ltd.
2017-08-28,2017-09-29,ind_prs28082017,NIFTY_50,OUT,ACC,ACC Ltd.
2017-08-28,2017-09-29,ind_prs28082017,NIFTY_50,OUT,BANKBARODA,Bank of Baroda
2017-08-28,2017-09-29,ind_prs28082017,NIFTY_50,OUT,TATAPOWER,Tata Power Co. Ltd.
2017-08-28,2017-09-29,ind_prs28082017,NIFTY_50,OUT,TATAMTRDVR,Tata Motors Ltd DVR
2017-08-28,2017-09-29,ind_prs28082017,NIFTY_50,IN,BAJFINANCE,Bajaj Finance Ltd.
2017-08-28,2017-09-29,ind_prs28082017,NIFTY_50,IN,HINDPETRO,Hindustan Petroleum Corporation Ltd.
2017-08-28,2017-09-29,ind_prs28082017,NIFTY_50,IN,UPL,UPL Ltd.
2017-08-28,2017-09-29,ind_prs28082017,NIFTY_NEXT_50,OUT,BAJFINANCE,Bajaj Finance Ltd.
2017-08-28,2017-09-29,ind_prs28082017,NIFTY_NEXT_50,OUT,DIVISLAB,Divi's Laboratories Ltd.
2017-08-28,2017-09-29,ind_prs28082017,NIFTY_NEXT_50,OUT,HINDPETRO,Hindustan Petroleum Corporation Ltd.
2017-08-28,2017-09-29,ind_prs28082017,NIFTY_NEXT_50,OUT,UBL,United Breweries Ltd.
2017-08-28,2017-09-29,ind_prs28082017,NIFTY_NEXT_50,OUT,UPL,UPL Ltd.
2017-08-28,2017-09-29,ind_prs28082017,NIFTY_NEXT_50,IN,ACC,ACC Ltd.
2017-08-28,2017-09-29,ind_prs28082017,NIFTY_NEXT_50,IN,DMART,Avenue Supermarts Ltd.
2017-08-28,2017-09-29,ind_prs28082017,NIFTY_NEXT_50,IN,BANKBARODA,Bank of Baroda
2017-08-28,2017-09-29,ind_prs28082017,NIFTY_NEXT_50,IN,MRF,MRF Ltd.
2017-08-28,2017-09-29,ind_prs28082017,NIFTY_NEXT_50,IN,TATAPOWER,Tata Power Co. Ltd.
2017-08-28,2017-09-29,ind_prs28082017,NIFTY_500,OUT,AMTEKAUTO,Amtek Auto Ltd.
2017-08-28,2017-09-29,ind_prs28082017,NIFTY_500,OUT,ANANTRAJ,Anant Raj Ltd.
2017-08-28,2017-09-29,ind_prs28082017,NIFTY_500,OUT,ASAHIINDIA,Asahi India Glass Ltd.
2017-08-28,2017-09-29,ind_prs28082017,NIFTY_500,OUT,FDC,FDC Ltd.
2017-08-28,2017-09-29,ind_prs28082017,NIFTY_500,OUT,FMGOETZE,Federal-Mogul Goetze (India) Ltd.
2017-08-28,2017-09-29,ind_prs28082017,NIFTY_500,OUT,GRINDWELL,Grindwell Norton Ltd.
2017-08-28,2017-09-29,ind_prs28082017,NIFTY_500,OUT,HMVL,Hindustan Media Vent Ltd.
2017-08-28,2017-09-29,ind_prs28082017,NIFTY_500,OUT,HONAUT,Honeywell Automation India Ltd.
2017-08-28,2017-09-29,ind_prs28082017,NIFTY_500,OUT,JMTAUTOLTD,JMT Auto Ltd.
2017-08-28,2017-09-29,ind_prs28082017,NIFTY_500,OUT,KNRCON,KNR Constructions Ltd.
2017-08-28,2017-09-29,ind_prs28082017,NIFTY_500,OUT,NITINFIRE,Nitin Fire Protection Industries Ltd.
2017-08-28,2017-09-29,ind_prs28082017,NIFTY_500,OUT,ORISSAMINE,Orissa Min Dev Co Ltd.
2017-08-28,2017-09-29,ind_prs28082017,NIFTY_500,OUT,PUNJLLOYD,Punj Lloyd Ltd.
2017-08-28,2017-09-29,ind_prs28082017,NIFTY_500,OUT,RATNAMANI,Ratnamani Metals & Tubes Ltd.
2017-08-28,2017-09-29,ind_prs28082017,NIFTY_500,OUT,RELAXO,Relaxo Footwears Ltd.
2017-08-28,2017-09-29,ind_prs28082017,NIFTY_500,OUT,RELCAPITAL,Reliance Capital Ltd.
2017-08-28,2017-09-29,ind_prs28082017,NIFTY_500,OUT,RIIL,Reliance Industrial Infrastructure Ltd.
2017-08-28,2017-09-29,ind_prs28082017,NIFTY_500,OUT,ROLTA,Rolta India Ltd.
2017-08-28,2017-09-29,ind_prs28082017,NIFTY_500,OUT,RUCHISOYA,Ruchi Soya Industries Ltd.
2017-08-28,2017-09-29,ind_prs28082017,NIFTY_500,OUT,STCINDIA,State Trading Corporation of India Ltd.
2017-08-28,2017-09-29,ind_prs28082017,NIFTY_500,OUT,TIDEWATER,Tide Water Oil (India) Ltd.
2017-08-28,2017-09-29,ind_prs28082017,NIFTY_500,OUT,TRITURBINE,Triveni Turbine Ltd.
2017-08-28,2017-09-29,ind_prs28082017,NIFTY_500,OUT,VSTIND,VST Industries Ltd.
2017-08-28,2017-09-29,ind_prs28082017,NIFTY_500,OUT,WONDERLA,Wonderla Holidays Ltd.
2017-08-28,2017-09-29,ind_prs28082017,NIFTY_500,OUT,ZYDUSWELL,Zydus Wellness Ltd.
2017-08-28,2017-09-29,ind_prs28082017,NIFTY_500,IN,DMART,Avenue Supermarts Ltd.
2017-08-28,2017-09-29,ind_prs28082017,NIFTY_500,IN,BRFL,Bombay Rayon Fashions Ltd.
2017-08-28,2017-09-29,ind_prs28082017,NIFTY_500,IN,BRIGADE,Brigade Enterprises Ltd.
2017-08-28,2017-09-29,ind_prs28082017,NIFTY_500,IN,BSE,BSE Ltd.
2017-08-28,2017-09-29,ind_prs28082017,NIFTY_500,IN,FLFL,Future Lifestyle Fashions Ltd.
2017-08-28,2017-09-29,ind_prs28082017,NIFTY_500,IN,HERITGFOOD,Heritage Foods Ltd.
2017-08-28,2017-09-29,ind_prs28082017,NIFTY_500,IN,IFBIND,IFB Industries Ltd.
2017-08-28,2017-09-29,ind_prs28082017,NIFTY_500,IN,ITDC,India Tourism Development Corporation Ltd.
2017-08-28,2017-09-29,ind_prs28082017,NIFTY_500,IN,IBVENTURES,Indiabulls Ventures Ltd.
2017-08-28,2017-09-29,ind_prs28082017,NIFTY_500,IN,INGERRAND,Ingersoll Rand (India) Ltd.
2017-08-28,2017-09-29,ind_prs28082017,NIFTY_500,IN,ITI,ITI Ltd.
2017-08-28,2017-09-29,ind_prs28082017,NIFTY_500,IN,JPPOWER,Jaiprakash Power Ventures Ltd.
2017-08-28,2017-09-29,ind_prs28082017,NIFTY_500,IN,JINDALSAW,Jindal Saw Ltd.
2017-08-28,2017-09-29,ind_prs28082017,NIFTY_500,IN,JSLHISAR,Jindal Stainless (Hisar) Ltd.
2017-08-28,2017-09-29,ind_prs28082017,NIFTY_500,IN,JSL,Jindal Stainless Ltd.
2017-08-28,2017-09-29,ind_prs28082017,NIFTY_500,IN,LINDEINDIA,Linde India Ltd.
2017-08-28,2017-09-29,ind_prs28082017,NIFTY_500,IN,MFSL,Max Financial Services Ltd.
2017-08-28,2017-09-29,ind_prs28082017,NIFTY_500,IN,NFL,National Fertilizers Ltd.
2017-08-28,2017-09-29,ind_prs28082017,NIFTY_500,IN,RUPA,Rupa & Company Ltd.
2017-08-28,2017-09-29,ind_prs28082017,NIFTY_500,IN,SHOPERSTOP,Shoppers Stop Ltd.
2017-08-28,2017-09-29,ind_prs28082017,NIFTY_500,IN,SUPRAJIT,Suprajit Engineering Ltd.
2017-08-28,2017-09-29,ind_prs28082017,NIFTY_500,IN,SUPPETRO,Supreme Petrochem Ltd.
2017-08-28,2017-09-29,ind_prs28082017,NIFTY_500,IN,TIMETECHNO,Time Technoplast Ltd.
2017-08-28,2017-09-29,ind_prs28082017,NIFTY_500,IN,UNITEDBNK,United Bank of India
2017-08-28,2017-09-29,ind_prs28082017,NIFTY_500,IN,VESUVIUS,Vesuvius India Ltd.
2017-08-28,2017-09-29,ind_prs28082017,NIFTY_MIDCAP_150,OUT,BAJAJCORP,Bajaj Corp Ltd.
2017-08-28,2017-09-29,ind_prs28082017,NIFTY_MIDCAP_150,OUT,CYIENT,Cyient Ltd.
2017-08-28,2017-09-29,ind_prs28082017,NIFTY_MIDCAP_150,OUT,ECLERX,eClerx Services Ltd.
2017-08-28,2017-09-29,ind_prs28082017,NIFTY_MIDCAP_150,OUT,GESHIP,Great Eastern Shipping Co. Ltd.
2017-08-28,2017-09-29,ind_prs28082017,NIFTY_MIDCAP_150,OUT,HINDCOPPER,Hindustan Copper Ltd.
2017-08-28,2017-09-29,ind_prs28082017,NIFTY_MIDCAP_150,OUT,HONAUT,Honeywell Automation India Ltd.
2017-08-28,2017-09-29,ind_prs28082017,NIFTY_MIDCAP_150,OUT,JAGRAN,Jagran Prakashan Ltd.
2017-08-28,2017-09-29,ind_prs28082017,NIFTY_MIDCAP_150,OUT,MRF,MRF Ltd.
2017-08-28,2017-09-29,ind_prs28082017,NIFTY_MIDCAP_150,OUT,RELAXO,Relaxo Footwears Ltd.
2017-08-28,2017-09-29,ind_prs28082017,NIFTY_MIDCAP_150,OUT,RELCAPITAL,Reliance Capital Ltd.
2017-08-28,2017-09-29,ind_prs28082017,NIFTY_MIDCAP_150,IN,ADANITRANS,Adani Transmission Ltd.
2017-08-28,2017-09-29,ind_prs28082017,NIFTY_MIDCAP_150,IN,DIVISLAB,Divi's Laboratories Ltd.
2017-08-28,2017-09-29,ind_prs28082017,NIFTY_MIDCAP_150,IN,FINCABLES,Finolex Cables Ltd.
2017-08-28,2017-09-29,ind_prs28082017,NIFTY_MIDCAP_150,IN,JMFINANCIL,JM Financial Ltd.
2017-08-28,2017-09-29,ind_prs28082017,NIFTY_MIDCAP_150,IN,MFSL,Max Financial Services Ltd.
2017-08-28,2017-09-29,ind_prs28082017,NIFTY_MIDCAP_150,IN,SUNDRMFAST,Sundram Fasteners Ltd.
2017-08-28,2017-09-29,ind_prs28082017,NIFTY_MIDCAP_150,IN,UBL,United Breweries Ltd.
2017-08-28,2017-09-29,ind_prs28082017,NIFTY_MIDCAP_150,IN,VBL,Varun Beverages Ltd.
2017-08-28,2017-09-29,ind_prs28082017,NIFTY_MIDCAP_150,IN,VGUARD,V-Guard Industries Ltd.
2017-08-28,2017-09-29,ind_prs28082017,NIFTY_MIDCAP_150,IN,VIJAYABANK,Vijaya Bank
2017-08-28,2017-09-29,ind_prs28082017,NIFTY_SMALLCAP_250,OUT,ADANITRANS,Adani Transmission Ltd.
2017-08-28,2017-09-29,ind_prs28082017,NIFTY_SMALLCAP_250,OUT,AMTEKAUTO,Amtek Auto Ltd.
2017-08-28,2017-09-29,ind_prs28082017,NIFTY_SMALLCAP_250,OUT,ANANTRAJ,Anant Raj Ltd.
2017-08-28,2017-09-29,ind_prs28082017,NIFTY_SMALLCAP_250,OUT,ASAHIINDIA,Asahi India Glass Ltd.
2017-08-28,2017-09-29,ind_prs28082017,NIFTY_SMALLCAP_250,OUT,FDC,FDC Ltd.
2017-08-28,2017-09-29,ind_prs28082017,NIFTY_SMALLCAP_250,OUT,FMGOETZE,Federal-Mogul Goetze (India) Ltd.
2017-08-28,2017-09-29,ind_prs28082017,NIFTY_SMALLCAP_250,OUT,FINCABLES,Finolex Cables Ltd.
2017-08-28,2017-09-29,ind_prs28082017,NIFTY_SMALLCAP_250,OUT,GRINDWELL,Grindwell Norton Ltd.
2017-08-28,2017-09-29,ind_prs28082017,NIFTY_SMALLCAP_250,OUT,HMVL,Hindustan Media Vent Ltd.
2017-08-28,2017-09-29,ind_prs28082017,NIFTY_SMALLCAP_250,OUT,JMFINANCIL,JM Financial Ltd.
2017-08-28,2017-09-29,ind_prs28082017,NIFTY_SMALLCAP_250,OUT,JMTAUTOLTD,JMT Auto Ltd.
2017-08-28,2017-09-29,ind_prs28082017,NIFTY_SMALLCAP_250,OUT,KNRCON,KNR Constructions Ltd.
2017-08-28,2017-09-29,ind_prs28082017,NIFTY_SMALLCAP_250,OUT,NITINFIRE,Nitin Fire Protection Industries Ltd.
2017-08-28,2017-09-29,ind_prs28082017,NIFTY_SMALLCAP_250,OUT,ORISSAMINE,Orissa Min Dev Co Ltd.
2017-08-28,2017-09-29,ind_prs28082017,NIFTY_SMALLCAP_250,OUT,PUNJLLOYD,Punj Lloyd Ltd.
2017-08-28,2017-09-29,ind_prs28082017,NIFTY_SMALLCAP_250,OUT,RATNAMANI,Ratnamani Metals & Tubes Ltd.
2017-08-28,2017-09-29,ind_prs28082017,NIFTY_SMALLCAP_250,OUT,RIIL,Reliance Industrial Infrastructure Ltd.
2017-08-28,2017-09-29,ind_prs28082017,NIFTY_SMALLCAP_250,OUT,ROLTA,Rolta India Ltd.
2017-08-28,2017-09-29,ind_prs28082017,NIFTY_SMALLCAP_250,OUT,RUCHISOYA,Ruchi Soya Industries Ltd.
2017-08-28,2017-09-29,ind_prs28082017,NIFTY_SMALLCAP_250,OUT,STCINDIA,State Trading Corporation of India Ltd.
2017-08-28,2017-09-29,ind_prs28082017,NIFTY_SMALLCAP_250,OUT,SUNDRMFAST,Sundram Fasteners Ltd.
2017-08-28,2017-09-29,ind_prs28082017,NIFTY_SMALLCAP_250,OUT,TIDEWATER,Tide Water Oil (India) Ltd.
2017-08-28,2017-09-29,ind_prs28082017,NIFTY_SMALLCAP_250,OUT,TRITURBINE,Triveni Turbine Ltd.
2017-08-28,2017-09-29,ind_prs28082017,NIFTY_SMALLCAP_250,OUT,VBL,Varun Beverages Ltd.
2017-08-28,2017-09-29,ind_prs28082017,NIFTY_SMALLCAP_250,OUT,VGUARD,V-Guard Industries Ltd.
2017-08-28,2017-09-29,ind_prs28082017,NIFTY_SMALLCAP_250,OUT,VIJAYABANK,Vijaya Bank
2017-08-28,2017-09-29,ind_prs28082017,NIFTY_SMALLCAP_250,OUT,VSTIND,VST Industries Ltd.
2017-08-28,2017-09-29,ind_prs28082017,NIFTY_SMALLCAP_250,OUT,WONDERLA,Wonderla Holidays Ltd.
2017-08-28,2017-09-29,ind_prs28082017,NIFTY_SMALLCAP_250,OUT,ZYDUSWELL,Zydus Wellness Ltd.
2017-08-28,2017-09-29,ind_prs28082017,NIFTY_SMALLCAP_250,IN,BAJAJCORP,Bajaj Corp Ltd.
2017-08-28,2017-09-29,ind_prs28082017,NIFTY_SMALLCAP_250,IN,BRFL,Bombay Rayon Fashions Ltd.
2017-08-28,2017-09-29,ind_prs28082017,NIFTY_SMALLCAP_250,IN,BRIGADE,Brigade Enterprises Ltd.
2017-08-28,2017-09-29,ind_prs28082017,NIFTY_SMALLCAP_250,IN,BSE,BSE Ltd.
2017-08-28,2017-09-29,ind_prs28082017,NIFTY_SMALLCAP_250,IN,CYIENT,Cyient Ltd.
2017-08-28,2017-09-29,ind_prs28082017,NIFTY_SMALLCAP_250,IN,ECLERX,eClerx Services Ltd.
2017-08-28,2017-09-29,ind_prs28082017,NIFTY_SMALLCAP_250,IN,FLFL,Future Lifestyle Fashions Ltd.
2017-08-28,2017-09-29,ind_prs28082017,NIFTY_SMALLCAP_250,IN,GESHIP,Great Eastern Shipping Co. Ltd.
2017-08-28,2017-09-29,ind_prs28082017,NIFTY_SMALLCAP_250,IN,HERITGFOOD,Heritage Foods Ltd.
2017-08-28,2017-09-29,ind_prs28082017,NIFTY_SMALLCAP_250,IN,HINDCOPPER,Hindustan Copper Ltd.
2017-08-28,2017-09-29,ind_prs28082017,NIFTY_SMALLCAP_250,IN,IFBIND,IFB Industries Ltd.
2017-08-28,2017-09-29,ind_prs28082017,NIFTY_SMALLCAP_250,IN,ITDC,India Tourism Development Corporation Ltd.
2017-08-28,2017-09-29,ind_prs28082017,NIFTY_SMALLCAP_250,IN,IBVENTURES,Indiabulls Ventures Ltd.
2017-08-28,2017-09-29,ind_prs28082017,NIFTY_SMALLCAP_250,IN,INGERRAND,Ingersoll Rand (India) Ltd.
2017-08-28,2017-09-29,ind_prs28082017,NIFTY_SMALLCAP_250,IN,ITI,ITI Ltd.
2017-08-28,2017-09-29,ind_prs28082017,NIFTY_SMALLCAP_250,IN,JAGRAN,Jagran Prakashan Ltd.
2017-08-28,2017-09-29,ind_prs28082017,NIFTY_SMALLCAP_250,IN,JPPOWER,Jaiprakash Power Ventures Ltd.
2017-08-28,2017-09-29,ind_prs28082017,NIFTY_SMALLCAP_250,IN,JINDALSAW,Jindal Saw Ltd.
2017-08-28,2017-09-29,ind_prs28082017,NIFTY_SMALLCAP_250,IN,JSLHISAR,Jindal Stainless (Hisar) Ltd.
2017-08-28,2017-09-29,ind_prs28082017,NIFTY_SMALLCAP_250,IN,JSL,Jindal Stainless Ltd.
2017-08-28,2017-09-29,ind_prs28082017,NIFTY_SMALLCAP_250,IN,LINDEINDIA,Linde India Ltd.
2017-08-28,2017-09-29,ind_prs28082017,NIFTY_SMALLCAP_250,IN,NFL,National Fertilizers Ltd.
2017-08-28,2017-09-29,ind_prs28082017,NIFTY_SMALLCAP_250,IN,RUPA,Rupa & Company Ltd.
2017-08-28,2017-09-29,ind_prs28082017,NIFTY_SMALLCAP_250,IN,SHOPERSTOP,Shoppers Stop Ltd.
2017-08-28,2017-09-29,ind_prs28082017,NIFTY_SMALLCAP_250,IN,SUPRAJIT,Suprajit Engineering Ltd.
2017-08-28,2017-09-29,ind_prs28082017,NIFTY_SMALLCAP_250,IN,SUPPETRO,Supreme Petrochem Ltd.
2017-08-28,2017-09-29,ind_prs28082017,NIFTY_SMALLCAP_250,IN,TIMETECHNO,Time Technoplast Ltd.
2017-08-28,2017-09-29,ind_prs28082017,NIFTY_SMALLCAP_250,IN,UNITEDBNK,United Bank of India
2017-08-28,2017-09-29,ind_prs28082017,NIFTY_SMALLCAP_250,IN,VESUVIUS,Vesuvius India Ltd.
2018-08-28,2018-09-28,ind_prs28082018,NIFTY_50,OUT,LUPIN,Lupin Ltd.
2018-08-28,2018-09-28,ind_prs28082018,NIFTY_50,IN,JSWSTEEL,JSW Steel Ltd.
2018-08-28,2018-09-28,ind_prs28082018,NIFTY_NEXT_50,OUT,CUMMINSIND,Cummins India Ltd.
2018-08-28,2018-09-28,ind_prs28082018,NIFTY_NEXT_50,OUT,EMAMILTD,Emami Ltd.
2018-08-28,2018-09-28,ind_prs28082018,NIFTY_NEXT_50,OUT,JSWSTEEL,JSW Steel Ltd.
2018-08-28,2018-09-28,ind_prs28082018,NIFTY_NEXT_50,OUT,PFC,Power Finance Corporation Ltd.
2018-08-28,2018-09-28,ind_prs28082018,NIFTY_NEXT_50,OUT,PNB,Punjab National Bank
2018-08-28,2018-09-28,ind_prs28082018,NIFTY_NEXT_50,OUT,RECLTD,Rural Electrification Corporation Ltd.
2018-08-28,2018-09-28,ind_prs28082018,NIFTY_NEXT_50,IN,BANDHANBNK,Bandhan Bank Ltd.
2018-08-28,2018-09-28,ind_prs28082018,NIFTY_NEXT_50,IN,BIOCON,Biocon Ltd.
2018-08-28,2018-09-28,ind_prs28082018,NIFTY_NEXT_50,IN,HDFCLIFE,HDFC Standard Life Insurance Company Ltd.
2018-08-28,2018-09-28,ind_prs28082018,NIFTY_NEXT_50,IN,ICICIGI,ICICI Lombard General Insurance Company Ltd.
2018-08-28,2018-09-28,ind_prs28082018,NIFTY_NEXT_50,IN,LUPIN,Lupin Ltd.
2018-08-28,2018-09-28,ind_prs28082018,NIFTY_NEXT_50,IN,NIACL,The New India Assurance Company Ltd.
2018-08-28,2018-09-28,ind_prs28082018,NIFTY_500,OUT,ABAN,Aban Offshore Ltd.
2018-08-28,2018-09-28,ind_prs28082018,NIFTY_500,OUT,ASAHIINDIA,Asahi India Glass Ltd.
2018-08-28,2018-09-28,ind_prs28082018,NIFTY_500,OUT,BAJAJHIND,Bajaj Hindusthan Sugar Ltd.
2018-08-28,2018-09-28,ind_prs28082018,NIFTY_500,OUT,BALLARPUR,Ballarpur Industries Ltd.
2018-08-28,2018-09-28,ind_prs28082018,NIFTY_500,OUT,BFUTILITIE,BF Utilities Ltd.
2018-08-28,2018-09-28,ind_prs28082018,NIFTY_500,OUT,BGRENERGY,BGR Energy Systems Ltd
2018-08-28,2018-09-28,ind_prs28082018,NIFTY_500,OUT,BHUSANSTL,Bhushan Steel Ltd.
2018-08-28,2018-09-28,ind_prs28082018,NIFTY_500,OUT,BRFL,Bombay Rayon Fashions Ltd.
2018-08-28,2018-09-28,ind_prs28082018,NIFTY_500,OUT,DBREALTY,D B Realty Ltd.
2018-08-28,2018-09-28,ind_prs28082018,NIFTY_500,OUT,GATI,Gati Ltd.
2018-08-28,2018-09-28,ind_prs28082018,NIFTY_500,OUT,HDIL,Housing Development and Infrastructure Ltd.
2018-08-28,2018-09-28,ind_prs28082018,NIFTY_500,OUT,JBFIND,JBF Industries Ltd.
2018-08-28,2018-09-28,ind_prs28082018,NIFTY_500,OUT,JINDALPOLY,Jindal Poly Films Ltd.
2018-08-28,2018-09-28,ind_prs28082018,NIFTY_500,OUT,KESORAMIND,Kesoram Industries Ltd.
2018-08-28,2018-09-28,ind_prs28082018,NIFTY_500,OUT,KITEX,Kitex Garments Ltd.
2018-08-28,2018-09-28,ind_prs28082018,NIFTY_500,OUT,KWALITY,Kwality Ltd.
2018-08-28,2018-09-28,ind_prs28082018,NIFTY_500,OUT,MTNL,Mahanagar Telephone Nigam Ltd.
2018-08-28,2018-09-28,ind_prs28082018,NIFTY_500,OUT,MARKSANS,Marksans Pharma Ltd.
2018-08-28,2018-09-28,ind_prs28082018,NIFTY_500,OUT,RAMCOSYS,Ramco Systems Ltd.
2018-08-28,2018-09-28,ind_prs28082018,NIFTY_500,OUT,RTNPOWER,RattanIndia Power Ltd.
2018-08-28,2018-09-28,ind_prs28082018,NIFTY_500,OUT,RELIGARE,Religare Enterprises Ltd.
2018-08-28,2018-09-28,ind_prs28082018,NIFTY_500,OUT,SFL,Sheela Foam Ltd.
2018-08-28,2018-09-28,ind_prs28082018,NIFTY_500,OUT,SMLISUZU,SML Isuzu Ltd.
2018-08-28,2018-09-28,ind_prs28082018,NIFTY_500,OUT,UNITECH,Unitech Ltd.
2018-08-28,2018-09-28,ind_prs28082018,NIFTY_500,OUT,ZEELEARN,Zee Learn Ltd.
2018-08-28,2018-09-28,ind_prs28082018,NIFTY_500,IN,BANDHANBNK,Bandhan Bank Ltd.
2018-08-28,2018-09-28,ind_prs28082018,NIFTY_500,IN,ELGIEQUIP,Elgi Equipments Ltd.
2018-08-28,2018-09-28,ind_prs28082018,NIFTY_500,IN,EXCELCROP,Excel Crop Care Ltd.
2018-08-28,2018-09-28,ind_prs28082018,NIFTY_500,IN,FDC,FDC Ltd.
2018-08-28,2018-09-28,ind_prs28082018,NIFTY_500,IN,GALAXYSURF,Galaxy Surfactants Ltd.
2018-08-28,2018-09-28,ind_prs28082018,NIFTY_500,IN,GAYAPROJ,Gayatri Projects Ltd.
2018-08-28,2018-09-28,ind_prs28082018,NIFTY_500,IN,GRINDWELL,Grindwell Norton Ltd.
2018-08-28,2018-09-28,ind_prs28082018,NIFTY_500,IN,HDFCLIFE,HDFC Standard Life Insurance Company Ltd.
2018-08-28,2018-09-28,ind_prs28082018,NIFTY_500,IN,HAL,Hindustan Aeronautics Ltd.
2018-08-28,2018-09-28,ind_prs28082018,NIFTY_500,IN,ISEC,ICICI Securities Ltd.
2018-08-28,2018-09-28,ind_prs28082018,NIFTY_500,IN,LEMONTREE,Lemon Tree Hotels Ltd.
2018-08-28,2018-09-28,ind_prs28082018,NIFTY_500,IN,LINDEINDIA,Linde India Ltd.
2018-08-28,2018-09-28,ind_prs28082018,NIFTY_500,IN,LUXIND,Lux Industries Ltd.
2018-08-28,2018-09-28,ind_prs28082018,NIFTY_500,IN,MAHLOG,Mahindra Logistics Ltd.
2018-08-28,2018-09-28,ind_prs28082018,NIFTY_500,IN,MONSANTO,Monsanto India Ltd.
2018-08-28,2018-09-28,ind_prs28082018,NIFTY_500,IN,PHILIPCARB,Phillips Carbon Black Ltd.
2018-08-28,2018-09-28,ind_prs28082018,NIFTY_500,IN,RNAM,Reliance Nippon Life Asset Management Ltd.
2018-08-28,2018-09-28,ind_prs28082018,NIFTY_500,IN,STAR,Strides Pharma Science Ltd.
2018-08-28,2018-09-28,ind_prs28082018,NIFTY_500,IN,SUNDARMFIN,Sundaram Finance Ltd.
2018-08-28,2018-09-28,ind_prs28082018,NIFTY_500,IN,TEAMLEASE,Teamlease Services Ltd.
2018-08-28,2018-09-28,ind_prs28082018,NIFTY_500,IN,NIACL,The New India Assurance Company Ltd.
2018-08-28,2018-09-28,ind_prs28082018,NIFTY_500,IN,VENKEYS,Venky's (India) Ltd.
2018-08-28,2018-09-28,ind_prs28082018,NIFTY_500,IN,VMART,V-Mart Retail Ltd.
2018-08-28,2018-09-28,ind_prs28082018,NIFTY_500,IN,ZENSARTECH,Zensar Technolgies Ltd.
2018-08-28,2018-09-28,ind_prs28082018,NIFTY_500,IN,ZYDUSWELL,Zydus Wellness Ltd.
2018-08-28,2018-09-28,ind_prs28082018,NIFTY_MIDCAP_150,OUT,AKZOINDIA,Akzo Nobel India Ltd.
2018-08-28,2018-09-28,ind_prs28082018,NIFTY_MIDCAP_150,OUT,BIOCON,Biocon Ltd.
2018-08-28,2018-09-28,ind_prs28082018,NIFTY_MIDCAP_150,OUT,GUJFLUORO,Gujarat Fluorochemicals Ltd.
2018-08-28,2018-09-28,ind_prs28082018,NIFTY_MIDCAP_150,OUT,ICICIGI,ICICI Lombard General Insurance Company Ltd.
2018-08-28,2018-09-28,ind_prs28082018,NIFTY_MIDCAP_150,OUT,IDFC,IDFC Ltd.
2018-08-28,2018-09-28,ind_prs28082018,NIFTY_MIDCAP_150,OUT,IBREALEST,Indiabulls Real Estate Ltd.
2018-08-28,2018-09-28,ind_prs28082018,NIFTY_MIDCAP_150,OUT,IRB,IRB Infrastructure Developers Ltd.
2018-08-28,2018-09-28,ind_prs28082018,NIFTY_MIDCAP_150,OUT,KAJARIACER,Kajaria Ceramics Ltd.
2018-08-28,2018-09-28,ind_prs28082018,NIFTY_MIDCAP_150,OUT,KARURVYSYA,Karur Vysya Bank Ltd.
2018-08-28,2018-09-28,ind_prs28082018,NIFTY_MIDCAP_150,OUT,SCHAEFFLER,Schaeffler India Ltd.
2018-08-28,2018-09-28,ind_prs28082018,NIFTY_MIDCAP_150,OUT,SUZLON,Suzlon Energy Ltd.
2018-08-28,2018-09-28,ind_prs28082018,NIFTY_MIDCAP_150,OUT,TTKPRESTIG,TTK Prestige Ltd.
2018-08-28,2018-09-28,ind_prs28082018,NIFTY_MIDCAP_150,OUT,WOCKPHARMA,Wockhardt Ltd.
2018-08-28,2018-09-28,ind_prs28082018,NIFTY_MIDCAP_150,IN,ASTRAL,Astral Poly Technik Ltd.
2018-08-28,2018-09-28,ind_prs28082018,NIFTY_MIDCAP_150,IN,CUMMINSIND,Cummins India Ltd.
2018-08-28,2018-09-28,ind_prs28082018,NIFTY_MIDCAP_150,IN,EMAMILTD,Emami Ltd.
2018-08-28,2018-09-28,ind_prs28082018,NIFTY_MIDCAP_150,IN,ESCORTS,Escorts Ltd.
2018-08-28,2018-09-28,ind_prs28082018,NIFTY_MIDCAP_150,IN,GRAPHITE,Graphite India Ltd.
2018-08-28,2018-09-28,ind_prs28082018,NIFTY_MIDCAP_150,IN,HEG,H.E.G. Ltd.
2018-08-28,2018-09-28,ind_prs28082018,NIFTY_MIDCAP_150,IN,HAL,Hindustan Aeronautics Ltd.
2018-08-28,2018-09-28,ind_prs28082018,NIFTY_MIDCAP_150,IN,ISEC,ICICI Securities Ltd.
2018-08-28,2018-09-28,ind_prs28082018,NIFTY_MIDCAP_150,IN,PFC,Power Finance Corporation Ltd.
2018-08-28,2018-09-28,ind_prs28082018,NIFTY_MIDCAP_150,IN,PNB,Punjab National Bank
2018-08-28,2018-09-28,ind_prs28082018,NIFTY_MIDCAP_150,IN,RNAM,Reliance Nippon Life Asset Management Ltd.
2018-08-28,2018-09-28,ind_prs28082018,NIFTY_MIDCAP_150,IN,RECLTD,Rural Electrification Corporation Ltd.
2018-08-28,2018-09-28,ind_prs28082018,NIFTY_MIDCAP_150,IN,SUNDARMFIN,Sundaram Finance Ltd.
2018-08-28,2018-09-28,ind_prs28082018,NIFTY_SMALLCAP_250,OUT,ABAN,Aban Offshore Ltd.
2018-08-28,2018-09-28,ind_prs28082018,NIFTY_SMALLCAP_250,OUT,ASAHIINDIA,Asahi India Glass Ltd.
2018-08-28,2018-09-28,ind_prs28082018,NIFTY_SMALLCAP_250,OUT,ASTRAL,Astral Poly Technik Ltd.
2018-08-28,2018-09-28,ind_prs28082018,NIFTY_SMALLCAP_250,OUT,BAJAJHIND,Bajaj Hindusthan Sugar Ltd.
2018-08-28,2018-09-28,ind_prs28082018,NIFTY_SMALLCAP_250,OUT,BALLARPUR,Ballarpur Industries Ltd.
2018-08-28,2018-09-28,ind_prs28082018,NIFTY_SMALLCAP_250,OUT,BFUTILITIE,BF Utilities Ltd.
2018-08-28,2018-09-28,ind_prs28082018,NIFTY_SMALLCAP_250,OUT,BGRENERGY,BGR Energy Systems Ltd
2018-08-28,2018-09-28,ind_prs28082018,NIFTY_SMALLCAP_250,OUT,BHUSANSTL,Bhushan Steel Ltd.
2018-08-28,2018-09-28,ind_prs28082018,NIFTY_SMALLCAP_250,OUT,BRFL,Bombay Rayon Fashions Ltd.
2018-08-28,2018-09-28,ind_prs28082018,NIFTY_SMALLCAP_250,OUT,DBREALTY,D B Realty Ltd.
2018-08-28,2018-09-28,ind_prs28082018,NIFTY_SMALLCAP_250,OUT,ESCORTS,Escorts Ltd.
2018-08-28,2018-09-28,ind_prs28082018,NIFTY_SMALLCAP_250,OUT,GATI,Gati Ltd.
2018-08-28,2018-09-28,ind_prs28082018,NIFTY_SMALLCAP_250,OUT,GRAPHITE,Graphite India Ltd.
2018-08-28,2018-09-28,ind_prs28082018,NIFTY_SMALLCAP_250,OUT,HEG,H.E.G. Ltd.
2018-08-28,2018-09-28,ind_prs28082018,NIFTY_SMALLCAP_250,OUT,HDIL,Housing Development and Infrastructure Ltd.
2018-08-28,2018-09-28,ind_prs28082018,NIFTY_SMALLCAP_250,OUT,JBFIND,JBF Industries Ltd.
2018-08-28,2018-09-28,ind_prs28082018,NIFTY_SMALLCAP_250,OUT,JINDALPOLY,Jindal Poly Films Ltd.
2018-08-28,2018-09-28,ind_prs28082018,NIFTY_SMALLCAP_250,OUT,KESORAMIND,Kesoram Industries Ltd.
2018-08-28,2018-09-28,ind_prs28082018,NIFTY_SMALLCAP_250,OUT,KITEX,Kitex Garments Ltd.
2018-08-28,2018-09-28,ind_prs28082018,NIFTY_SMALLCAP_250,OUT,KWALITY,Kwality Ltd.
2018-08-28,2018-09-28,ind_prs28082018,NIFTY_SMALLCAP_250,OUT,MTNL,Mahanagar Telephone Nigam Ltd.
2018-08-28,2018-09-28,ind_prs28082018,NIFTY_SMALLCAP_250,OUT,MARKSANS,Marksans Pharma Ltd.
2018-08-28,2018-09-28,ind_prs28082018,NIFTY_SMALLCAP_250,OUT,RAMCOSYS,Ramco Systems Ltd.
2018-08-28,2018-09-28,ind_prs28082018,NIFTY_SMALLCAP_250,OUT,RTNPOWER,RattanIndia Power Ltd.
2018-08-28,2018-09-28,ind_prs28082018,NIFTY_SMALLCAP_250,OUT,RELIGARE,Religare Enterprises Ltd.
2018-08-28,2018-09-28,ind_prs28082018,NIFTY_SMALLCAP_250,OUT,SFL,Sheela Foam Ltd.
2018-08-28,2018-09-28,ind_prs28082018,NIFTY_SMALLCAP_250,OUT,SMLISUZU,SML Isuzu Ltd.
2018-08-28,2018-09-28,ind_prs28082018,NIFTY_SMALLCAP_250,OUT,UNITECH,Unitech Ltd.
2018-08-28,2018-09-28,ind_prs28082018,NIFTY_SMALLCAP_250,OUT,ZEELEARN,Zee Learn Ltd.
2018-08-28,2018-09-28,ind_prs28082018,NIFTY_SMALLCAP_250,IN,AKZOINDIA,Akzo Nobel India Ltd.
2018-08-28,2018-09-28,ind_prs28082018,NIFTY_SMALLCAP_250,IN,ELGIEQUIP,Elgi Equipments Ltd.
2018-08-28,2018-09-28,ind_prs28082018,NIFTY_SMALLCAP_250,IN,EXCELCROP,Excel Crop Care Ltd.
2018-08-28,2018-09-28,ind_prs28082018,NIFTY_SMALLCAP_250,IN,FDC,FDC Ltd.
2018-08-28,2018-09-28,ind_prs28082018,NIFTY_SMALLCAP_250,IN,GALAXYSURF,Galaxy Surfactants Ltd.
2018-08-28,2018-09-28,ind_prs28082018,NIFTY_SMALLCAP_250,IN,GAYAPROJ,Gayatri Projects Ltd.
2018-08-28,2018-09-28,ind_prs28082018,NIFTY_SMALLCAP_250,IN,GRINDWELL,Grindwell Norton Ltd.
2018-08-28,2018-09-28,ind_prs28082018,NIFTY_SMALLCAP_250,IN,GUJFLUORO,Gujarat Fluorochemicals Ltd.
2018-08-28,2018-09-28,ind_prs28082018,NIFTY_SMALLCAP_250,IN,IDFC,IDFC Ltd.
2018-08-28,2018-09-28,ind_prs28082018,NIFTY_SMALLCAP_250,IN,IBREALEST,Indiabulls Real Estate Ltd.
2018-08-28,2018-09-28,ind_prs28082018,NIFTY_SMALLCAP_250,IN,IRB,IRB Infrastructure Developers Ltd.
2018-08-28,2018-09-28,ind_prs28082018,NIFTY_SMALLCAP_250,IN,KAJARIACER,Kajaria Ceramics Ltd.
2018-08-28,2018-09-28,ind_prs28082018,NIFTY_SMALLCAP_250,IN,KARURVYSYA,Karur Vysya Bank Ltd.
2018-08-28,2018-09-28,ind_prs28082018,NIFTY_SMALLCAP_250,IN,LEMONTREE,Lemon Tree Hotels Ltd.
2018-08-28,2018-09-28,ind_prs28082018,NIFTY_SMALLCAP_250,IN,LINDEINDIA,Linde India Ltd.
2018-08-28,2018-09-28,ind_prs28082018,NIFTY_SMALLCAP_250,IN,LUXIND,Lux Industries Ltd.
2018-08-28,2018-09-28,ind_prs28082018,NIFTY_SMALLCAP_250,IN,MAHLOG,Mahindra Logistics Ltd.
2018-08-28,2018-09-28,ind_prs28082018,NIFTY_SMALLCAP_250,IN,MONSANTO,Monsanto India Ltd.
2018-08-28,2018-09-28,ind_prs28082018,NIFTY_SMALLCAP_250,IN,PHILIPCARB,Phillips Carbon Black Ltd.
2018-08-28,2018-09-28,ind_prs28082018,NIFTY_SMALLCAP_250,IN,SCHAEFFLER,Schaeffler India Ltd.
2018-08-28,2018-09-28,ind_prs28082018,NIFTY_SMALLCAP_250,IN,STAR,Strides Pharma Science Ltd.
2018-08-28,2018-09-28,ind_prs28082018,NIFTY_SMALLCAP_250,IN,SUZLON,Suzlon Energy Ltd.
2018-08-28,2018-09-28,ind_prs28082018,NIFTY_SMALLCAP_250,IN,TEAMLEASE,Teamlease Services Ltd.
2018-08-28,2018-09-28,ind_prs28082018,NIFTY_SMALLCAP_250,IN,TTKPRESTIG,TTK Prestige Ltd.
2018-08-28,2018-09-28,ind_prs28082018,NIFTY_SMALLCAP_250,IN,VENKEYS,Venky's (India) Ltd.
2018-08-28,2018-09-28,ind_prs28082018,NIFTY_SMALLCAP_250,IN,VMART,V-Mart Retail Ltd.
2018-08-28,2018-09-28,ind_prs28082018,NIFTY_SMALLCAP_250,IN,WOCKPHARMA,Wockhardt Ltd.
2018-08-28,2018-09-28,ind_prs28082018,NIFTY_SMALLCAP_250,IN,ZENSARTECH,Zensar Technolgies Ltd.
2018-08-28,2018-09-28,ind_prs28082018,NIFTY_SMALLCAP_250,IN,ZYDUSWELL,Zydus Wellness Ltd.
2019-08-28,2019-09-27,ind_prs28082019,NIFTY_50,OUT,IBULHSGFIN,Indiabulls Housing Finance Ltd.
2019-08-28,2019-09-27,ind_prs28082019,NIFTY_50,IN,NESTLEIND,Nestle India Ltd.
2019-08-28,2019-09-27,ind_prs28082019,NIFTY_NEXT_50,OUT,ABB,ABB India Ltd.*
2019-08-28,2019-09-27,ind_prs28082019,NIFTY_NEXT_50,OUT,BHEL,Bharat Heavy Electricals Ltd.
2019-08-28,2019-09-27,ind_prs28082019,NIFTY_NEXT_50,OUT,MRF,MRF Ltd.
2019-08-28,2019-09-27,ind_prs28082019,NIFTY_NEXT_50,OUT,SAIL,Steel Authority of India Ltd.
2019-08-28,2019-09-27,ind_prs28082019,NIFTY_NEXT_50,IN,BERGEPAINT,Berger Paints India Ltd.
2019-08-28,2019-09-27,ind_prs28082019,NIFTY_NEXT_50,IN,IBULHSGFIN,Indiabulls Housing Finance Ltd.
2019-08-28,2019-09-27,ind_prs28082019,NIFTY_NEXT_50,IN,PFC,Power Finance Corporation Ltd.
2019-08-28,2019-09-27,ind_prs28082019,NIFTY_NEXT_50,IN,PNB,Punjab National Bank
2019-08-28,2019-09-27,ind_prs28082019,NIFTY_500,OUT,ABB,ABB India Ltd.*
2019-08-28,2019-09-27,ind_prs28082019,NIFTY_500,OUT,DEEPAKFERT,Deepak Fertilisers & Petrochemicals Corp. Ltd.
2019-08-28,2019-09-27,ind_prs28082019,NIFTY_500,OUT,GDL,Gateway Distriparks Ltd.
2019-08-28,2019-09-27,ind_prs28082019,NIFTY_500,OUT,GSKCONS,GlaxoSmithkline Consumer Healthcare Ltd.*
2019-08-28,2019-09-27,ind_prs28082019,NIFTY_500,OUT,GRUH,Gruh Finance Ltd.*
2019-08-28,2019-09-27,ind_prs28082019,NIFTY_500,OUT,INDOCO,Indoco Remedies Ltd.
2019-08-28,2019-09-27,ind_prs28082019,NIFTY_500,OUT,INOXWIND,Inox Wind Ltd.
2019-08-28,2019-09-27,ind_prs28082019,NIFTY_500,OUT,JPASSOCIAT,Jaiprakash Associates Ltd.
2019-08-28,2019-09-27,ind_prs28082019,NIFTY_500,OUT,KIOCL,KIOCL Ltd.
2019-08-28,2019-09-27,ind_prs28082019,NIFTY_500,OUT,RKFORGE,Ramkrishna Forgings Ltd.
2019-08-28,2019-09-27,ind_prs28082019,NIFTY_500,OUT,RCOM,Reliance Communications Ltd.
2019-08-28,2019-09-27,ind_prs28082019,NIFTY_500,OUT,RHFL,Reliance Home Finance Ltd.
2019-08-28,2019-09-27,ind_prs28082019,NIFTY_500,OUT,RUPA,Rupa & Company Ltd.
2019-08-28,2019-09-27,ind_prs28082019,NIFTY_500,OUT,SHANKARA,Shankara Building Products Ltd.
2019-08-28,2019-09-27,ind_prs28082019,NIFTY_500,OUT,SHARDACROP,Sharda Cropchem Ltd.
2019-08-28,2019-09-27,ind_prs28082019,NIFTY_500,OUT,SCI,Shipping Corporation of India Ltd.
2019-08-28,2019-09-27,ind_prs28082019,NIFTY_500,OUT,SPTL,Sintex Plastics Technology Ltd.
2019-08-28,2019-09-27,ind_prs28082019,NIFTY_500,OUT,SREINFRA,SREI Infrastructure Finance Ltd.
2019-08-28,2019-09-27,ind_prs28082019,NIFTY_500,OUT,TNPL,Tamil Nadu Newsprint & Papers Ltd.
2019-08-28,2019-09-27,ind_prs28082019,NIFTY_500,OUT,TATACOFFEE,Tata Coffee Ltd.
2019-08-28,2019-09-27,ind_prs28082019,NIFTY_500,OUT,TRITURBINE,Triveni Turbine Ltd.
2019-08-28,2019-09-27,ind_prs28082019,NIFTY_500,IN,ABBOTINDIA,Abbott India Ltd.
2019-08-28,2019-09-27,ind_prs28082019,NIFTY_500,IN,ADANIGAS,Adani Gas Ltd.
2019-08-28,2019-09-27,ind_prs28082019,NIFTY_500,IN,AMBER,Amber Enterprises India Ltd.
2019-08-28,2019-09-27,ind_prs28082019,NIFTY_500,IN,ARVINDFASN,Arvind Fashions Ltd.
2019-08-28,2019-09-27,ind_prs28082019,NIFTY_500,IN,BAYERCROP,Bayer Cropscience Ltd.
2019-08-28,2019-09-27,ind_prs28082019,NIFTY_500,IN,BSOFT,Birlasoft Ltd.
2019-08-28,2019-09-27,ind_prs28082019,NIFTY_500,IN,CGCL,Capri Global Capital Ltd.
2019-08-28,2019-09-27,ind_prs28082019,NIFTY_500,IN,DEN,Den Networks Ltd.
2019-08-28,2019-09-27,ind_prs28082019,NIFTY_500,IN,FMGOETZE,Federal-Mogul Goetze (India) Ltd.
2019-08-28,2019-09-27,ind_prs28082019,NIFTY_500,IN,GARFIBRES,Garware Technical Fibres Ltd.
2019-08-28,2019-09-27,ind_prs28082019,NIFTY_500,IN,JCHAC,Johnson Controls - Hitachi Air Conditioning India
2019-08-28,2019-09-27,ind_prs28082019,NIFTY_500,IN,KPITTECH,KPIT Technologies Ltd.
2019-08-28,2019-09-27,ind_prs28082019,NIFTY_500,IN,METROPOLIS,Metropolis Healthcare Ltd.
2019-08-28,2019-09-27,ind_prs28082019,NIFTY_500,IN,MCX,Multi Commodity Exchange of India Ltd.
2019-08-28,2019-09-27,ind_prs28082019,NIFTY_500,IN,NESTLEIND,Nestle India Ltd.
2019-08-28,2019-09-27,ind_prs28082019,NIFTY_500,IN,ORIENTREF,Orient Refractories Ltd.
2019-08-28,2019-09-27,ind_prs28082019,NIFTY_500,IN,POLYCAB,Polycab India Ltd.
2019-08-28,2019-09-27,ind_prs28082019,NIFTY_500,IN,RVNL,Rail Vikas Nigam Ltd.
2019-08-28,2019-09-27,ind_prs28082019,NIFTY_500,IN,RATNAMANI,Ratnamani Metals & Tubes Ltd.
2019-08-28,2019-09-27,ind_prs28082019,NIFTY_500,IN,TCIEXP,TCI Express Ltd.
2019-08-28,2019-09-27,ind_prs28082019,NIFTY_500,IN,TECHNOE,Techno Electric & Engineering Company Ltd.
2019-08-28,2019-09-27,ind_prs28082019,NIFTY_MIDCAP_150,OUT,BERGEPAINT,Berger Paints India Ltd.
2019-08-28,2019-09-27,ind_prs28082019,NIFTY_MIDCAP_150,OUT,DHFL,Dewan Housing Finance Corporation Ltd.
2019-08-28,2019-09-27,ind_prs28082019,NIFTY_MIDCAP_150,OUT,DBL,Dilip Buildcon Ltd.
2019-08-28,2019-09-27,ind_prs28082019,NIFTY_MIDCAP_150,OUT,DISHTV,Dish TV India Ltd.
2019-08-28,2019-09-27,ind_prs28082019,NIFTY_MIDCAP_150,OUT,FINCABLES,Finolex Cables Ltd.
2019-08-28,2019-09-27,ind_prs28082019,NIFTY_MIDCAP_150,OUT,GSKCONS,GlaxoSmithkline Consumer Healthcare Ltd.*
2019-08-28,2019-09-27,ind_prs28082019,NIFTY_MIDCAP_150,OUT,GRUH,Gruh Finance Ltd.*
2019-08-28,2019-09-27,ind_prs28082019,NIFTY_MIDCAP_150,OUT,JMFINANCIL,JM Financial Ltd.
2019-08-28,2019-09-27,ind_prs28082019,NIFTY_MIDCAP_150,OUT,KIOCL,KIOCL Ltd.
2019-08-28,2019-09-27,ind_prs28082019,NIFTY_MIDCAP_150,OUT,PFC,Power Finance Corporation Ltd.
2019-08-28,2019-09-27,ind_prs28082019,NIFTY_MIDCAP_150,OUT,PNB,Punjab National Bank
2019-08-28,2019-09-27,ind_prs28082019,NIFTY_MIDCAP_150,OUT,RELCAPITAL,Reliance Capital Ltd.
2019-08-28,2019-09-27,ind_prs28082019,NIFTY_MIDCAP_150,OUT,RELINFRA,Reliance Infrastructure Ltd.
2019-08-28,2019-09-27,ind_prs28082019,NIFTY_MIDCAP_150,OUT,RPOWER,Reliance Power Ltd.
2019-08-28,2019-09-27,ind_prs28082019,NIFTY_MIDCAP_150,OUT,SPARC,Sun Pharma Advanced Research Company Ltd.
2019-08-28,2019-09-27,ind_prs28082019,NIFTY_MIDCAP_150,IN,AAVAS,Aavas Financiers Ltd.
2019-08-28,2019-09-27,ind_prs28082019,NIFTY_MIDCAP_150,IN,ABBOTINDIA,Abbott India Ltd.
2019-08-28,2019-09-27,ind_prs28082019,NIFTY_MIDCAP_150,IN,ADANIGAS,Adani Gas Ltd.
2019-08-28,2019-09-27,ind_prs28082019,NIFTY_MIDCAP_150,IN,ALBK,Allahabad Bank
2019-08-28,2019-09-27,ind_prs28082019,NIFTY_MIDCAP_150,IN,BAYERCROP,Bayer Cropscience Ltd.
2019-08-28,2019-09-27,ind_prs28082019,NIFTY_MIDCAP_150,IN,BHEL,Bharat Heavy Electricals Ltd.
2019-08-28,2019-09-27,ind_prs28082019,NIFTY_MIDCAP_150,IN,CESC,CESC Ltd.
2019-08-28,2019-09-27,ind_prs28082019,NIFTY_MIDCAP_150,IN,CORPBANK,Corporation Bank
2019-08-28,2019-09-27,ind_prs28082019,NIFTY_MIDCAP_150,IN,FORTIS,Fortis Healthcare Ltd.
2019-08-28,2019-09-27,ind_prs28082019,NIFTY_MIDCAP_150,IN,IOB,Indian Overseas Bank
2019-08-28,2019-09-27,ind_prs28082019,NIFTY_MIDCAP_150,IN,MRF,MRF Ltd.
2019-08-28,2019-09-27,ind_prs28082019,NIFTY_MIDCAP_150,IN,ORIENTBANK,Oriental Bank of Commerce
2019-08-28,2019-09-27,ind_prs28082019,NIFTY_MIDCAP_150,IN,SAIL,Steel Authority of India Ltd.
2019-08-28,2019-09-27,ind_prs28082019,NIFTY_MIDCAP_150,IN,UCOBANK,UCO Bank
2019-08-28,2019-09-27,ind_prs28082019,NIFTY_MIDCAP_150,IN,VINATIORGA,Vinati Organics Ltd.
2019-08-28,2019-09-27,ind_prs28082019,NIFTY_SMALLCAP_250,OUT,AAVAS,Aavas Financiers Ltd.
2019-08-28,2019-09-27,ind_prs28082019,NIFTY_SMALLCAP_250,OUT,ALBK,Allahabad Bank
2019-08-28,2019-09-27,ind_prs28082019,NIFTY_SMALLCAP_250,OUT,CESC,CESC Ltd.
2019-08-28,2019-09-27,ind_prs28082019,NIFTY_SMALLCAP_250,OUT,CORPBANK,Corporation Bank
2019-08-28,2019-09-27,ind_prs28082019,NIFTY_SMALLCAP_250,OUT,DEEPAKFERT,Deepak Fertilisers & Petrochemicals Corp. Ltd.
2019-08-28,2019-09-27,ind_prs28082019,NIFTY_SMALLCAP_250,OUT,FORTIS,Fortis Healthcare Ltd.
2019-08-28,2019-09-27,ind_prs28082019,NIFTY_SMALLCAP_250,OUT,GDL,Gateway Distriparks Ltd.
2019-08-28,2019-09-27,ind_prs28082019,NIFTY_SMALLCAP_250,OUT,IOB,Indian Overseas Bank
2019-08-28,2019-09-27,ind_prs28082019,NIFTY_SMALLCAP_250,OUT,INDOCO,Indoco Remedies Ltd.
2019-08-28,2019-09-27,ind_prs28082019,NIFTY_SMALLCAP_250,OUT,INOXWIND,Inox Wind Ltd.
2019-08-28,2019-09-27,ind_prs28082019,NIFTY_SMALLCAP_250,OUT,JPASSOCIAT,Jaiprakash Associates Ltd.
2019-08-28,2019-09-27,ind_prs28082019,NIFTY_SMALLCAP_250,OUT,ORIENTBANK,Oriental Bank of Commerce
2019-08-28,2019-09-27,ind_prs28082019,NIFTY_SMALLCAP_250,OUT,RKFORGE,Ramkrishna Forgings Ltd.
2019-08-28,2019-09-27,ind_prs28082019,NIFTY_SMALLCAP_250,OUT,RCOM,Reliance Communications Ltd.
2019-08-28,2019-09-27,ind_prs28082019,NIFTY_SMALLCAP_250,OUT,RHFL,Reliance Home Finance Ltd.
2019-08-28,2019-09-27,ind_prs28082019,NIFTY_SMALLCAP_250,OUT,RUPA,Rupa & Company Ltd.
2019-08-28,2019-09-27,ind_prs28082019,NIFTY_SMALLCAP_250,OUT,SHANKARA,Shankara Building Products Ltd.
2019-08-28,2019-09-27,ind_prs28082019,NIFTY_SMALLCAP_250,OUT,SHARDACROP,Sharda Cropchem Ltd.
2019-08-28,2019-09-27,ind_prs28082019,NIFTY_SMALLCAP_250,OUT,SCI,Shipping Corporation of India Ltd.
2019-08-28,2019-09-27,ind_prs28082019,NIFTY_SMALLCAP_250,OUT,SPTL,Sintex Plastics Technology Ltd.
2019-08-28,2019-09-27,ind_prs28082019,NIFTY_SMALLCAP_250,OUT,SREINFRA,SREI Infrastructure Finance Ltd.
2019-08-28,2019-09-27,ind_prs28082019,NIFTY_SMALLCAP_250,OUT,TNPL,Tamil Nadu Newsprint & Papers Ltd.
2019-08-28,2019-09-27,ind_prs28082019,NIFTY_SMALLCAP_250,OUT,TATACOFFEE,Tata Coffee Ltd.
2019-08-28,2019-09-27,ind_prs28082019,NIFTY_SMALLCAP_250,OUT,TRITURBINE,Triveni Turbine Ltd.
2019-08-28,2019-09-27,ind_prs28082019,NIFTY_SMALLCAP_250,OUT,UCOBANK,UCO Bank
2019-08-28,2019-09-27,ind_prs28082019,NIFTY_SMALLCAP_250,OUT,VINATIORGA,Vinati Organics Ltd.
2019-08-28,2019-09-27,ind_prs28082019,NIFTY_SMALLCAP_250,IN,AMBER,Amber Enterprises India Ltd.
2019-08-28,2019-09-27,ind_prs28082019,NIFTY_SMALLCAP_250,IN,ARVINDFASN,Arvind Fashions Ltd.
2019-08-28,2019-09-27,ind_prs28082019,NIFTY_SMALLCAP_250,IN,BSOFT,Birlasoft Ltd.
2019-08-28,2019-09-27,ind_prs28082019,NIFTY_SMALLCAP_250,IN,CGCL,Capri Global Capital Ltd.
2019-08-28,2019-09-27,ind_prs28082019,NIFTY_SMALLCAP_250,IN,DEN,Den Networks Ltd.
2019-08-28,2019-09-27,ind_prs28082019,NIFTY_SMALLCAP_250,IN,DHFL,Dewan Housing Finance Corporation Ltd.
2019-08-28,2019-09-27,ind_prs28082019,NIFTY_SMALLCAP_250,IN,DBL,Dilip Buildcon Ltd.
2019-08-28,2019-09-27,ind_prs28082019,NIFTY_SMALLCAP_250,IN,DISHTV,Dish TV India Ltd.
2019-08-28,2019-09-27,ind_prs28082019,NIFTY_SMALLCAP_250,IN,FMGOETZE,Federal-Mogul Goetze (India) Ltd.
2019-08-28,2019-09-27,ind_prs28082019,NIFTY_SMALLCAP_250,IN,FINCABLES,Finolex Cables Ltd.
2019-08-28,2019-09-27,ind_prs28082019,NIFTY_SMALLCAP_250,IN,GARFIBRES,Garware Technical Fibres Ltd.
2019-08-28,2019-09-27,ind_prs28082019,NIFTY_SMALLCAP_250,IN,JMFINANCIL,JM Financial Ltd.
2019-08-28,2019-09-27,ind_prs28082019,NIFTY_SMALLCAP_250,IN,JCHAC,Johnson Controls - Hitachi Air Conditioning India
2019-08-28,2019-09-27,ind_prs28082019,NIFTY_SMALLCAP_250,IN,KPITTECH,KPIT Technologies Ltd.
2019-08-28,2019-09-27,ind_prs28082019,NIFTY_SMALLCAP_250,IN,METROPOLIS,Metropolis Healthcare Ltd.
2019-08-28,2019-09-27,ind_prs28082019,NIFTY_SMALLCAP_250,IN,MCX,Multi Commodity Exchange of India Ltd.
2019-08-28,2019-09-27,ind_prs28082019,NIFTY_SMALLCAP_250,IN,ORIENTREF,Orient Refractories Ltd.
2019-08-28,2019-09-27,ind_prs28082019,NIFTY_SMALLCAP_250,IN,POLYCAB,Polycab India Ltd.
2019-08-28,2019-09-27,ind_prs28082019,NIFTY_SMALLCAP_250,IN,RVNL,Rail Vikas Nigam Ltd.
2019-08-28,2019-09-27,ind_prs28082019,NIFTY_SMALLCAP_250,IN,RATNAMANI,Ratnamani Metals & Tubes Ltd.
2019-08-28,2019-09-27,ind_prs28082019,NIFTY_SMALLCAP_250,IN,RELCAPITAL,Reliance Capital Ltd.
2019-08-28,2019-09-27,ind_prs28082019,NIFTY_SMALLCAP_250,IN,RELINFRA,Reliance Infrastructure Ltd.
2019-08-28,2019-09-27,ind_prs28082019,NIFTY_SMALLCAP_250,IN,RPOWER,Reliance Power Ltd.
2019-08-28,2019-09-27,ind_prs28082019,NIFTY_SMALLCAP_250,IN,SPARC,Sun Pharma Advanced Research Company Ltd.
2019-08-28,2019-09-27,ind_prs28082019,NIFTY_SMALLCAP_250,IN,TCIEXP,TCI Express Ltd.
2019-08-28,2019-09-27,ind_prs28082019,NIFTY_SMALLCAP_250,IN,TECHNOE,Techno Electric & Engineering Company Ltd.
2012-02-29,2012-03-09,ind_prs29022012,NIFTY_500,OUT,UTVSOF,UTV Software Communications Limited
2012-02-29,2012-03-09,ind_prs29022012,NIFTY_500,OUT,CAROLINFO,Carol Info Services Limited
2012-02-29,2012-03-09,ind_prs29022012,NIFTY_500,IN,IBREALEST,Indiabulls Real Estate Limited
2012-02-29,2012-03-09,ind_prs29022012,NIFTY_500,IN,L&TFH,L&T Finance Holdings Limited
2015-04-29,2015-05-29,ind_prs29042015,NIFTY_50,OUT,IDFC,IDFC Ltd.
2015-04-29,2015-05-29,ind_prs29042015,NIFTY_50,IN,BOSCHLTD,Bosch Ltd.
2015-04-29,2015-05-29,ind_prs29042015,NIFTY_NEXT_50,OUT,ADANIENT,Adani Enterprises Ltd.
2015-04-29,2015-05-29,ind_prs29042015,NIFTY_NEXT_50,OUT,BOSCHLTD,Bosch Ltd.
2015-04-29,2015-05-29,ind_prs29042015,NIFTY_NEXT_50,IN,BRITANNIA,Britannia Industries Ltd.
2015-04-29,2015-05-29,ind_prs29042015,NIFTY_NEXT_50,IN,MRF,MRF Ltd.
2015-04-29,2015-05-29,ind_prs29042015,NIFTY_500,OUT,ADANIENT,Adani Enterprises Ltd.
2015-04-29,2015-05-29,ind_prs29042015,NIFTY_500,OUT,IDFC,IDFC Ltd.
2015-04-29,2015-05-29,ind_prs29042015,NIFTY_500,IN,NATCOPHARM,NATCO Pharma Ltd.
2015-04-29,2015-05-29,ind_prs29042015,NIFTY_500,IN,VIVIDHA,Visagar Polytex Ltd.
2017-08-29,2017-09-29,ind_prs29082017,NIFTY_500,OUT,RELCAPITAL,Reliance Capital Ltd.
2017-08-29,2017-09-29,ind_prs29082017,NIFTY_500,IN,MFSL,Max Financial Services Ltd.
2017-08-29,2017-09-29,ind_prs29082017,NIFTY_MIDCAP_150,OUT,RELCAPITAL,Reliance Capital Ltd.
2017-08-29,2017-09-29,ind_prs29082017,NIFTY_MIDCAP_150,IN,MFSL,Max Financial Services Ltd.
2013-10-29,2013-11-01,ind_prs29102013,NIFTY_500,OUT,MARICO,Marico Ltd.
2013-10-29,2013-11-01,ind_prs29102013,NIFTY_500,IN,NDTV,NDTV Ltd.
2024-01-30,2024-02-06,ind_prs30012024,NIFTY_MICROCAP_250,OUT,TATAMETALI,Tata Metaliks Ltd.
2024-01-30,2024-02-06,ind_prs30012024,NIFTY_MICROCAP_250,IN,BASF,BASF India Ltd.
2024-01-30,2024-02-06,ind_prs30012024,NIFTY_TOTAL_MARKET,OUT,TATAMETALI,Tata Metaliks Ltd.
2024-01-30,2024-02-06,ind_prs30012024,NIFTY_TOTAL_MARKET,IN,BASF,BASF India Ltd.
2018-08-31,2018-09-28,ind_prs31082018,NIFTY_500,OUT,KPIT,KPIT Technologies Ltd.
2018-08-31,2018-09-28,ind_prs31082018,NIFTY_500,IN,SHILPAMED,Shilpa Medicare Ltd.
2018-08-31,2018-09-28,ind_prs31082018,NIFTY_SMALLCAP_250,OUT,KPIT,KPIT Technologies Ltd.
2018-08-31,2018-09-28,ind_prs31082018,NIFTY_SMALLCAP_250,IN,SHILPAMED,Shilpa Medicare Ltd.
