index,symbol,current_symbol,from_date,to_date,caveat
NIFTY_50,ABB,ABB,2010-01-01,2010-09-30,
NIFTY_50,ACC,ACC,2010-01-01,2017-09-28,
NIFTY_50,AMBUJACEM,AMBUJACEM,2010-01-01,2018-04-01,
NIFTY_50,AXISBANK,AXISBANK,2010-01-01,,
NIFTY_50,BHARTIARTL,BHARTIARTL,2010-01-01,,
NIFTY_50,BHEL,BHEL,2010-01-01,2017-03-30,
NIFTY_50,BPCL,BPCL,2010-01-01,2025-03-27,
NIFTY_50,CAIRN,CAIRN,2010-01-01,2016-03-31,
NIFTY_50,CIPLA,CIPLA,2010-01-01,,
NIFTY_50,DLF,DLF,2010-01-01,2015-03-26,
NIFTY_50,GAIL,GAIL,2010-01-01,2021-03-30,
NIFTY_50,GRASIM,GRASIM,2010-01-01,2010-04-07,
NIFTY_50,HCLTECH,HCLTECH,2010-01-01,,
NIFTY_50,HDFC,HDFC,2010-01-01,2023-07-12,
NIFTY_50,HDFCBANK,HDFCBANK,2010-01-01,,
NIFTY_50,HEROMOTOCO,HEROMOTOCO,2010-01-01,2025-09-29,
NIFTY_50,HINDALCO,HINDALCO,2010-01-01,,
NIFTY_50,HINDUNILVR,HINDUNILVR,2010-01-01,,
NIFTY_50,ICICIBANK,ICICIBANK,2010-01-01,,
NIFTY_50,IDEA,IDEA,2010-01-01,2010-09-30,
NIFTY_50,IDFC,IDFC,2010-01-01,2015-05-28,
NIFTY_50,INFY,INFY,2010-01-01,,
NIFTY_50,ITC,ITC,2010-01-01,,
NIFTY_50,JINDALSTEL,JINDALSTEL,2010-01-01,2015-03-26,
NIFTY_50,JPASSOCIAT,JPASSOCIAT,2010-01-01,2014-03-27,
NIFTY_50,LT,LT,2010-01-01,,
NIFTY_50,M&M,M&M,2010-01-01,,
NIFTY_50,MARUTI,MARUTI,2010-01-01,,
NIFTY_50,NTPC,NTPC,2010-01-01,,
NIFTY_50,ONGC,ONGC,2010-01-01,,
NIFTY_50,PNB,PNB,2010-01-01,2016-03-31,
NIFTY_50,POWERGRID,POWERGRID,2010-01-01,,
NIFTY_50,RANBAXY,RANBAXY,2010-01-01,2014-03-27,
NIFTY_50,RCOM,RCOM,2010-01-01,2012-04-26,
NIFTY_50,RELCAPITAL,RELCAPITAL,2010-01-01,2011-10-09,
NIFTY_50,RELIANCE,RELIANCE,2010-01-01,,
NIFTY_50,RELINFRA,RELINFRA,2010-01-01,2013-09-26,
NIFTY_50,RPOWER,RPOWER,2010-01-01,2012-04-26,
NIFTY_50,SAIL,SAIL,2010-01-01,2012-09-27,
NIFTY_50,SBIN,SBIN,2010-01-01,,
NIFTY_50,SIEMENS,SIEMENS,2010-01-01,2013-03-31,
NIFTY_50,STER,STER,2010-01-01,2012-09-27,
NIFTY_50,SUNPHARMA,SUNPHARMA,2010-01-01,,
NIFTY_50,SUZLON,SUZLON,2010-01-01,2011-03-24,
NIFTY_50,TATAPOWER,TATAPOWER,2010-01-01,2017-09-28,
NIFTY_50,TATASTEEL,TATASTEEL,2010-01-01,,
NIFTY_50,TCS,TCS,2010-01-01,,
NIFTY_50,TMPV,TMPV,2010-01-01,,
NIFTY_50,UNITECH,UNITECH,2010-01-01,2010-09-30,
NIFTY_50,WIPRO,WIPRO,2010-01-01,2013-03-31,
NIFTY_50,KOTAKBANK,KOTAKBANK,2010-04-08,,
NIFTY_50,BAJAJ-AUTO,BAJAJ-AUTO,2010-10-01,,
NIFTY_50,DRREDDY,DRREDDY,2010-10-01,,
NIFTY_50,SESAGOA,VEDL,2010-10-01,2014-03-27,
NIFTY_50,GRASIM,GRASIM,2011-03-25,2017-05-25,
NIFTY_50,COALINDIA,COALINDIA,2011-10-10,,
NIFTY_50,ASIANPAINT,ASIANPAINT,2012-04-27,,
NIFTY_50,BANKBARODA,BANKBARODA,2012-04-27,2017-09-28,
NIFTY_50,LUPIN,LUPIN,2012-09-28,2018-09-27,
NIFTY_50,ULTRACEMCO,ULTRACEMCO,2012-09-28,,
NIFTY_50,INDUSINDBK,INDUSINDBK,2013-04-01,2025-09-29,
NIFTY_50,NMDC,NMDC,2013-04-01,2015-09-27,
NIFTY_50,WIPRO,WIPRO,2013-09-27,2026-09-29,
NIFTY_50,MCDOWELL-N,UNITDSPR,2014-03-28,2014-09-18,
NIFTY_50,SSLT,VEDL,2014-03-28,2015-05-28,
NIFTY_50,TECHM,TECHM,2014-03-28,,
NIFTY_50,ZEEL,ZEEL,2014-09-19,2020-09-24,
NIFTY_50,IDEA,IDEA,2015-03-27,2017-03-30,
NIFTY_50,YESBANK,YESBANK,2015-03-27,2020-03-18,
NIFTY_50,BOSCHLTD,BOSCHLTD,2015-05-29,2018-04-01,
NIFTY_50,VEDL,VEDL,2015-05-29,2016-03-31,
NIFTY_50,ADANIPORTS,ADANIPORTS,2015-09-28,,
NIFTY_50,AUROPHARMA,AUROPHARMA,2016-04-01,2018-04-01,
NIFTY_50,EICHERMOT,EICHERMOT,2016-04-01,,
NIFTY_50,INFRATEL,INDUSTOWER,2016-04-01,2020-09-24,
NIFTY_50,TATAMTRDVR,TATAMTRDVR,2016-04-01,2017-09-28,
NIFTY_50,IBULHSGFIN,SAMMAANCAP,2017-03-31,2019-09-26,
NIFTY_50,IOC,IOC,2017-03-31,2022-03-30,
NIFTY_50,VEDL,VEDL,2017-05-26,2020-07-30,
NIFTY_50,BAJFINANCE,BAJFINANCE,2017-09-29,,
NIFTY_50,HINDPETRO,HINDPETRO,2017-09-29,2019-03-28,
NIFTY_50,UPL,UPL,2017-09-29,2024-03-27,
NIFTY_50,BAJAJFINSV,BAJAJFINSV,2018-04-02,,
NIFTY_50,GRASIM,GRASIM,2018-04-02,,
NIFTY_50,TITAN,TITAN,2018-04-02,,
NIFTY_50,JSWSTEEL,JSWSTEEL,2018-09-28,,
NIFTY_50,BRITANNIA,BRITANNIA,2019-03-29,2025-03-27,
NIFTY_50,NESTLEIND,NESTLEIND,2019-09-27,,
NIFTY_50,SHREECEM,SHREECEM,2020-03-19,2022-09-29,
NIFTY_50,HDFCLIFE,HDFCLIFE,2020-07-31,,
NIFTY_50,DIVISLAB,DIVISLAB,2020-09-25,2024-09-29,
NIFTY_50,SBILIFE,SBILIFE,2020-09-25,,
NIFTY_50,TATACONSUM,TATACONSUM,2021-03-31,,
NIFTY_50,APOLLOHOSP,APOLLOHOSP,2022-03-31,,
NIFTY_50,ADANIENT,ADANIENT,2022-09-30,,
NIFTY_50,LTIM,LTM,2023-07-13,2024-09-29,
NIFTY_50,SHRIRAMFIN,SHRIRAMFIN,2024-03-28,,
NIFTY_50,BEL,BEL,2024-09-30,,
NIFTY_50,TRENT,TRENT,2024-09-30,,
NIFTY_50,JIOFIN,JIOFIN,2025-03-28,,
NIFTY_50,ZOMATO,ETERNAL,2025-03-28,2025-09-29,
NIFTY_50,ETERNAL,ETERNAL,2025-09-30,,
NIFTY_50,INDIGO,INDIGO,2025-09-30,,
NIFTY_50,MAXHEALTH,MAXHEALTH,2025-09-30,,
NIFTY_50,BSE,BSE,2026-09-30,,
NIFTY_500,3IINFOTECH,3IINFOTECH,2010-01-01,2012-09-27,
NIFTY_500,3MINDIA,3MINDIA,2010-01-01,2026-09-29,
NIFTY_500,AARTIIND,AARTIIND,2010-01-01,2019-03-28,
NIFTY_500,ABAN,ABAN,2010-01-01,2018-09-27,
NIFTY_500,ABB,ABB,2010-01-01,2019-09-26,
NIFTY_500,ABGSHIP,ABGSHIP,2010-01-01,2016-09-29,
NIFTY_500,ABIRLANUVO,ABIRLANUVO,2010-01-01,2015-10-18,
NIFTY_500,ACC,ACC,2010-01-01,,
NIFTY_500,ADANIENT,ADANIENT,2010-01-01,2015-05-28,
NIFTY_500,ADANIPORTS,ADANIPORTS,2010-01-01,,
NIFTY_500,ADORWELD,ADOR,2010-01-01,2011-10-09,
NIFTY_500,ADVANTA,ADVANTA,2010-01-01,2016-04-28,
NIFTY_500,AFTEK,AFTEK,2010-01-01,2011-10-09,
NIFTY_500,AGCNET,AGCNET,2010-01-01,2011-03-24,
NIFTY_500,AJANTPHARM,AJANTPHARM,2010-01-01,2011-03-24,
NIFTY_500,AKSHOPTFBR,AKSHOPTFBR,2010-01-01,2011-10-09,
NIFTY_500,AKZOINDIA,JSWDULUX,2010-01-01,2021-09-29,
NIFTY_500,ALBK,ALBK,2010-01-01,2019-12-26,
NIFTY_500,ALEMBICLTD,ALEMBICLTD,2010-01-01,2011-04-10,
NIFTY_500,ALLCARGO,ALLCARGO,2010-01-01,2020-11-01,
NIFTY_500,ALOKTEXT,ALOKTEXT,2010-01-01,2017-03-30,
NIFTY_500,AMARAJABAT,ARE&M,2010-01-01,2024-03-27,
NIFTY_500,AMBUJACEM,AMBUJACEM,2010-01-01,,
NIFTY_500,AMTEKAUTO,AMTEKAUTO,2010-01-01,2017-09-28,
NIFTY_500,ANANTRAJ,ANANTRAJ,2010-01-01,2017-09-28,
NIFTY_500,ANDHRABANK,ANDHRABANK,2010-01-01,2019-12-26,
NIFTY_500,ANDHRSUGAR,ANDHRSUGAR,2010-01-01,2011-10-09,
NIFTY_500,ANSALAPI,ANSALAPI,2010-01-01,2015-09-27,
NIFTY_500,APOLLOHOSP,APOLLOHOSP,2010-01-01,,
NIFTY_500,APOLLOTYRE,APOLLOTYRE,2010-01-01,,
NIFTY_500,APTECHT,APTECHT,2010-01-01,2014-09-18,
NIFTY_500,AREVAT&D,GVT&D,2010-01-01,2011-12-13,
NIFTY_500,ARVIND,ARVIND,2010-01-01,2015-02-01,
NIFTY_500,ASAHIINDIA,ASAHIINDIA,2010-01-01,2016-03-31,
NIFTY_500,ASHOKLEY,ASHOKLEY,2010-01-01,,
NIFTY_500,ASIANPAINT,ASIANPAINT,2010-01-01,,
NIFTY_500,ASTRAZEN,ASTRAZEN,2010-01-01,2018-04-01,
NIFTY_500,ATFL,ATFL,2010-01-01,2016-03-31,
NIFTY_500,ATUL,ATUL,2010-01-01,,
NIFTY_500,AUROPHARMA,AUROPHARMA,2010-01-01,,
NIFTY_500,AUTOAXLES,AUTOAXLES,2010-01-01,2016-03-31,
NIFTY_500,AXISBANK,AXISBANK,2010-01-01,,
NIFTY_500,BAJAJ-AUTO,BAJAJ-AUTO,2010-01-01,,
NIFTY_500,BAJAJFINSV,BAJAJFINSV,2010-01-01,,
NIFTY_500,BAJAJHIND,BAJAJHIND,2010-01-01,2018-09-27,
NIFTY_500,BAJAJHLDNG,BAJAJHLDNG,2010-01-01,,
NIFTY_500,BAJFINANCE,BAJFINANCE,2010-01-01,,
NIFTY_500,BALAJITELE,BALAJITELE,2010-01-01,2012-04-26,
NIFTY_500,BALLARPUR,BALLARPUR,2010-01-01,2018-09-27,
NIFTY_500,BALMLAWRIE,BALMLAWRIE,2010-01-01,2021-09-29,
NIFTY_500,BALRAMCHIN,BALRAMCHIN,2010-01-01,,
NIFTY_500,BANARISUG,BANARISUG,2010-01-01,2013-09-26,
NIFTY_500,BANKBARODA,BANKBARODA,2010-01-01,,
NIFTY_500,BANKINDIA,BANKINDIA,2010-01-01,,
NIFTY_500,BASF,BASF,2010-01-01,2023-09-28,
NIFTY_500,BATAINDIA,BATAINDIA,2010-01-01,,
NIFTY_500,BEL,BEL,2010-01-01,,
NIFTY_500,BEML,BEML,2010-01-01,2022-04-11,
NIFTY_500,BEPL,BEPL,2010-01-01,2013-03-31,
NIFTY_500,BERGEPAINT,BERGEPAINT,2010-01-01,,
NIFTY_500,BHARATFORG,BHARATFORG,2010-01-01,,
NIFTY_500,BHARTIARTL,BHARTIARTL,2010-01-01,,
NIFTY_500,BHEL,BHEL,2010-01-01,,
NIFTY_500,BHUSANSTL,TATASTLBSL,2010-01-01,2018-09-27,
NIFTY_500,BINDALAGRO,OSWALGREEN,2010-01-01,2016-03-31,
NIFTY_500,BIOCON,BIOCON,2010-01-01,,
NIFTY_500,BIRLACORPN,BIRLACORPN,2010-01-01,2025-03-27,
NIFTY_500,BLKASHYAP,BLKASHYAP,2010-01-01,2011-10-09,
NIFTY_500,BLUEDART,BLUEDART,2010-01-01,2026-09-29,
NIFTY_500,BLUESTARCO,BLUESTARCO,2010-01-01,,
NIFTY_500,BOMDYEING,BOMDYEING,2010-01-01,2021-03-30,
NIFTY_500,BOSCHLTD,BOSCHLTD,2010-01-01,,
NIFTY_500,BPCL,BPCL,2010-01-01,,
NIFTY_500,BRFL,BRFL,2010-01-01,2014-03-27,
NIFTY_500,BRITANNIA,BRITANNIA,2010-01-01,,
NIFTY_500,CADILAHC,ZYDUSLIFE,2010-01-01,2022-03-30,
NIFTY_500,CAIRN,CAIRN,2010-01-01,2016-11-14,
NIFTY_500,CANBK,CANBK,2010-01-01,,
NIFTY_500,CANFINHOME,CANFINHOME,2010-01-01,,
NIFTY_500,CAPF,CAPF,2010-01-01,2018-12-27,
NIFTY_500,CARBORUNIV,CARBORUNIV,2010-01-01,2016-03-31,
NIFTY_500,CAROLINFO,CAROLINFO,2010-01-01,2012-03-08,
NIFTY_500,CASTEXTECH,CASTEXTECH,2010-01-01,2016-09-29,
NIFTY_500,CASTROL,CASTROL,2010-01-01,2014-02-27,
NIFTY_500,CENTENKA,CENTENKA,2010-01-01,2016-03-31,
NIFTY_500,CENTURYPLY,CENTURYPLY,2010-01-01,2013-07-16,
NIFTY_500,CENTURYTEX,ABREL,2010-01-01,2018-12-27,
NIFTY_500,CESC,CESC,2010-01-01,2018-02-04,
NIFTY_500,CHAMBLFERT,CHAMBLFERT,2010-01-01,,
NIFTY_500,CHEMPLAST,CHEMPLAST,2010-01-01,2012-06-17,
NIFTY_500,CHENNPETRO,CHENNPETRO,2010-01-01,2021-03-30,
NIFTY_500,CHOLAFIN,CHOLAFIN,2010-01-01,,
NIFTY_500,CIPLA,CIPLA,2010-01-01,,
NIFTY_500,CLNINDIA,CLNINDIA,2010-01-01,2016-09-29,
NIFTY_500,CMC,CMC,2010-01-01,2015-03-23,
NIFTY_500,COLPAL,COLPAL,2010-01-01,,
NIFTY_500,CONCOR,CONCOR,2010-01-01,,
NIFTY_500,COROMANDEL,COROMANDEL,2010-01-01,,
NIFTY_500,CORPBANK,CORPBANK,2010-01-01,2018-04-01,
NIFTY_500,COSMOFILMS,COSMOFIRST,2010-01-01,2011-10-09,
NIFTY_500,CRISIL,CRISIL,2010-01-01,,
NIFTY_500,CROMPGREAV,CGPOWER,2010-01-01,2015-09-27,
NIFTY_500,CUB,CUB,2010-01-01,,
NIFTY_500,CUMMINSIND,CUMMINSIND,2010-01-01,,
NIFTY_500,CYIENT,CYIENT,2010-01-01,,
NIFTY_500,DABUR,DABUR,2010-01-01,,
NIFTY_500,DALMIACEM,DALMIASUG,2010-01-01,2010-09-23,
NIFTY_500,DCHL,DCHL,2010-01-01,2013-01-22,
NIFTY_500,DCMSHRIRAM,DCMSHRIRAM,2010-01-01,2024-09-29,
NIFTY_500,DCW,DCW,2010-01-01,2015-03-26,
NIFTY_500,DEEPAKFERT,DEEPAKFERT,2010-01-01,2019-09-26,
NIFTY_500,DENABANK,DENABANK,2010-01-01,2019-01-27,
NIFTY_500,DHAMPURSUG,DHAMPURSUG,2010-01-01,2012-04-26,
NIFTY_500,DISHMAN,DISHMAN,2010-01-01,2017-01-22,
NIFTY_500,DIVISLAB,DIVISLAB,2010-01-01,,
NIFTY_500,DLF,DLF,2010-01-01,,
NIFTY_500,DREDGECORP,DREDGECORP,2010-01-01,2019-03-28,
NIFTY_500,DRREDDY,DRREDDY,2010-01-01,,
NIFTY_500,DSKULKARNI,DSKULKARNI,2010-01-01,2011-10-09,
NIFTY_500,DWARKESH,DWARKESH,2010-01-01,2011-03-24,
NIFTY_500,DYNAMATECH,DYNAMATECH,2010-01-01,2014-03-27,
NIFTY_500,EDELWEISS,EDELWEISS,2010-01-01,2023-04-27,
NIFTY_500,EDUCOMP,EDUCOMP,2010-01-01,2015-03-26,
NIFTY_500,EICHERMOT,EICHERMOT,2010-01-01,,
NIFTY_500,EIDPARRY,EIDPARRY,2010-01-01,,
NIFTY_500,EIHOTEL,EIHOTEL,2010-01-01,,
NIFTY_500,EKC,EKC,2010-01-01,2012-09-27,
NIFTY_500,ELDERPHARM,ELDERPHARM,2010-01-01,2015-03-26,
NIFTY_500,ELECTCAST,ELECTCAST,2010-01-01,2016-09-29,
NIFTY_500,ELGIEQUIP,ELGIEQUIP,2010-01-01,2016-09-29,
NIFTY_500,ENGINERSIN,ENGINERSIN,2010-01-01,,
NIFTY_500,ENIL,ENIL,2010-01-01,2016-03-31,
NIFTY_500,ERAINFRA,ERAINFRA,2010-01-01,2014-09-18,
NIFTY_500,ESABINDIA,ESABINDIA,2010-01-01,2016-03-31,
NIFTY_500,ESCORTS,ESCORTS,2010-01-01,,
NIFTY_500,ESSAROIL,ESSAROIL,2010-01-01,2014-03-27,
NIFTY_500,ESSARSHIP,ESSARSHIP,2010-01-01,2011-05-17,
NIFTY_500,ESSELPACK,EPL,2010-01-01,2018-04-01,
NIFTY_500,EVERESTIND,EVERESTIND,2010-01-01,2011-10-09,
NIFTY_500,EXIDEIND,EXIDEIND,2010-01-01,,
NIFTY_500,FDC,FDC,2010-01-01,2017-09-28,
NIFTY_500,FEDERALBNK,FEDERALBNK,2010-01-01,,
NIFTY_500,FINANTECH,63MOONS,2010-01-01,2016-09-29,
NIFTY_500,FINCABLES,FINCABLES,2010-01-01,,
NIFTY_500,FINPIPE,FINPIPE,2010-01-01,2026-03-29,
NIFTY_500,FIRSTLEASE,FIRSTLEASE,2010-01-01,2012-09-27,
NIFTY_500,FKONCO,FKONCO,2010-01-01,2013-11-14,
NIFTY_500,FMGOETZE,FMGOETZE,2010-01-01,2016-03-31,
NIFTY_500,FORTIS,FORTIS,2010-01-01,2018-02-04,
NIFTY_500,FSL,FSL,2010-01-01,,
NIFTY_500,GAEL,GAEL,2010-01-01,2012-09-27,
NIFTY_500,GAIL,GAIL,2010-01-01,,
NIFTY_500,GAMMONIND,GAMMONIND,2010-01-01,2015-09-27,
NIFTY_500,GARDENSILK,GARDENSILK,2010-01-01,2012-09-27,
NIFTY_500,GDL,GDL,2010-01-01,2019-09-26,
NIFTY_500,GEOJITBNPP,GEOJITFSL,2010-01-01,2016-03-31,
NIFTY_500,GEOMETRIC,GEOMETRIC,2010-01-01,2016-03-31,
NIFTY_500,GEPIL,GVPIL,2010-01-01,2021-09-29,
NIFTY_500,GESHIP,GESHIP,2010-01-01,,
NIFTY_500,GHCL,GHCL,2010-01-01,2016-03-31,
NIFTY_500,GILLETTE,GILLETTE,2010-01-01,2022-03-30,
NIFTY_500,GIPCL,GIPCL,2010-01-01,2016-03-31,
NIFTY_500,GITANJALI,GITANJALI,2010-01-01,2016-03-31,
NIFTY_500,GLAXO,GLAXO,2010-01-01,,
NIFTY_500,GLENMARK,GLENMARK,2010-01-01,,
NIFTY_500,GMDCLTD,GMDCLTD,2010-01-01,2021-03-30,
NIFTY_500,GMRINFRA,GMRAIRPORT,2010-01-01,2021-10-28,
NIFTY_500,GNFC,GNFC,2010-01-01,2016-03-31,
NIFTY_500,GODFRYPHLP,GODFRYPHLP,2010-01-01,,
NIFTY_500,GODREJCP,GODREJCP,2010-01-01,,
NIFTY_500,GODREJIND,GODREJIND,2010-01-01,,
NIFTY_500,GOKEX,GOKEX,2010-01-01,2011-03-24,
NIFTY_500,GRAPHITE,GRAPHITE,2010-01-01,2016-03-31,
NIFTY_500,GRASIM,GRASIM,2010-01-01,2010-05-25,
NIFTY_500,GREAVESCOT,GREAVESCOT,2010-01-01,2022-03-30,
NIFTY_500,GSFC,GSFC,2010-01-01,2025-03-27,
NIFTY_500,GSKCONS,GSKCONS,2010-01-01,2019-09-26,
NIFTY_500,GSPL,GSPL,2010-01-01,2026-05-11,
NIFTY_500,GTL,GTL,2010-01-01,2013-03-31,
NIFTY_500,GTLINFRA,GTLINFRA,2010-01-01,2012-09-27,
NIFTY_500,GTOFFSHORE,GTOFFSHORE,2010-01-01,2014-09-18,
NIFTY_500,GUJALKALI,GUJALKALI,2010-01-01,2016-03-31,
NIFTY_500,GUJFLUORO,GUJFLUORO,2010-01-01,2019-06-27,
NIFTY_500,GUJNRECOKE,GUJNRECOKE,2010-01-01,2015-09-27,
NIFTY_500,GUJRATGAS,GUJRATGAS,2010-01-01,2015-02-01,
NIFTY_500,GVKPIL,GVKPIL,2010-01-01,2019-03-28,
NIFTY_500,HARRMALAYA,HARRMALAYA,2010-01-01,2010-08-30,
NIFTY_500,HAVELLS,HAVELLS,2010-01-01,,
NIFTY_500,HCC,HCC,2010-01-01,2019-03-28,
NIFTY_500,HCL-INSYS,HCL-INSYS,2010-01-01,2019-03-28,
NIFTY_500,HCLTECH,HCLTECH,2010-01-01,,
NIFTY_500,HDFC,HDFC,2010-01-01,2023-07-12,
NIFTY_500,HDFCBANK,HDFCBANK,2010-01-01,,
NIFTY_500,HDIL,HDIL,2010-01-01,2018-09-27,
NIFTY_500,HEG,HEGAM,2010-01-01,2016-03-31,
NIFTY_500,HERITGFOOD,HERITGFOOD,2010-01-01,2011-10-09,
NIFTY_500,HEROMOTOCO,HEROMOTOCO,2010-01-01,,
NIFTY_500,HEXAWARE,HEXAWARE,2010-01-01,2020-09-24,
NIFTY_500,HIKAL,HIKAL,2010-01-01,2011-10-09,
NIFTY_500,HIMACHLFUT,HIMACHLFUT,2010-01-01,2011-02-07,
NIFTY_500,HIMATSEIDE,HIMATSEIDE,2010-01-01,2020-09-24,
NIFTY_500,HINDALCO,HINDALCO,2010-01-01,,
NIFTY_500,HINDMOTOR,HINDMOTOR,2010-01-01,2011-01-19,
NIFTY_500,HINDOILEXP,HINDOILEXP,2010-01-01,2015-09-27,
NIFTY_500,HINDPETRO,HINDPETRO,2010-01-01,,
NIFTY_500,HINDUNILVR,HINDUNILVR,2010-01-01,,
NIFTY_500,HINDZINC,HINDZINC,2010-01-01,,
NIFTY_500,HINVDIR,HINVDIR,2010-01-01,2010-07-07,
NIFTY_500,HMT,HMT,2010-01-01,2011-03-24,
NIFTY_500,HONAUT,HONAUT,2010-01-01,2017-09-28,
NIFTY_500,HOTELEELA,HOTELEELA,2010-01-01,2015-09-27,
NIFTY_500,HSIL,AGI,2010-01-01,2018-12-27,
NIFTY_500,HTMEDIA,HTMEDIA,2010-01-01,2018-06-28,
NIFTY_500,HUBTOWN,HUBTOWN,2010-01-01,2015-03-26,
NIFTY_500,IBREALEST,EMBDL,2010-01-01,2011-04-20,
NIFTY_500,IBVENTURES,DHANI,2010-01-01,2016-03-31,
NIFTY_500,ICICIBANK,ICICIBANK,2010-01-01,,
NIFTY_500,IDBI,IDBI,2010-01-01,,
NIFTY_500,IDEA,IDEA,2010-01-01,,
NIFTY_500,IDFC,IDFC,2010-01-01,2015-05-28,
NIFTY_500,IFCI,IFCI,2010-01-01,2020-09-24,
NIFTY_500,IGL,IGL,2010-01-01,,
NIFTY_500,IIFL,IIFL,2010-01-01,2017-06-22,
NIFTY_500,INDHOTEL,INDHOTEL,2010-01-01,,
NIFTY_500,INDIABULLS,INDIABULLS,2010-01-01,2013-03-18,
NIFTY_500,INDIACEM,INDIACEM,2010-01-01,,
NIFTY_500,INDIAGLYCO,INDIAGLYCO,2010-01-01,2014-09-18,
NIFTY_500,INDORAMA,INDORAMA,2010-01-01,2013-03-31,
NIFTY_500,INDRAMEDCO,INDRAMEDCO,2010-01-01,2014-09-18,
NIFTY_500,INDSWFTLAB,INDSWFTLAB,2010-01-01,2013-03-31,
NIFTY_500,INDUSINDBK,INDUSINDBK,2010-01-01,,
NIFTY_500,INFY,INFY,2010-01-01,,
NIFTY_500,INGERRAND,INGERRAND,2010-01-01,2017-03-30,
NIFTY_500,INGVYSYABK,INGVYSYABK,2010-01-01,2015-02-01,
NIFTY_500,INOXLEISUR,INOXLEISUR,2010-01-01,2012-04-26,
NIFTY_500,IOB,IOB,2010-01-01,,
NIFTY_500,IOC,IOC,2010-01-01,,
NIFTY_500,IPCALAB,IPCALAB,2010-01-01,,
NIFTY_500,IRB,IRB,2010-01-01,,
NIFTY_500,ITC,ITC,2010-01-01,,
NIFTY_500,IVRCLINFRA,IVRCLINFRA,2010-01-01,2016-03-31,
NIFTY_500,J&KBANK,J&KBANK,2010-01-01,2021-03-30,
NIFTY_500,JAGRAN,JAGRAN,2010-01-01,2021-03-30,
NIFTY_500,JAICORPLTD,JAICORPLTD,2010-01-01,2021-03-30,
NIFTY_500,JAYSREETEA,JAYSREETEA,2010-01-01,2012-09-27,
NIFTY_500,JBCHEPHARM,JBCHEPHARM,2010-01-01,2026-07-16,
NIFTY_500,JETAIRWAYS,JETAIRWAYS,2010-01-01,2013-09-26,
NIFTY_500,JINDALPOLY,JINDALPOLY,2010-01-01,2013-07-16,
NIFTY_500,JINDALSAW,JINDALSAW,2010-01-01,2011-11-21,
NIFTY_500,JINDALSTEL,JINDALSTEL,2010-01-01,,
NIFTY_500,JISLJALEQS,JISLJALEQS,2010-01-01,2020-06-25,
NIFTY_500,JKIL,JKIL,2010-01-01,2019-03-28,
NIFTY_500,JMFINANCIL,JMFINANCIL,2010-01-01,,
NIFTY_500,JPASSOCIAT,JPASSOCIAT,2010-01-01,2019-09-26,
NIFTY_500,JSL,JSL,2010-01-01,2015-06-14,
NIFTY_500,JSWISPAT,JSWISPAT,2010-01-01,2013-06-10,
NIFTY_500,JSWSTEEL,JSWSTEEL,2010-01-01,,
NIFTY_500,JUBILANT,JUBLPHARMA,2010-01-01,2010-11-24,
NIFTY_500,JYOTISTRUC,JYOTISTRUC,2010-01-01,2016-03-31,
NIFTY_500,KAJARIACER,KAJARIACER,2010-01-01,,
NIFTY_500,KANSAINER,KANSAINER,2010-01-01,2025-09-29,
NIFTY_500,KARURVYSYA,KARURVYSYA,2010-01-01,,
NIFTY_500,KCP,KCP,2010-01-01,2016-03-31,
NIFTY_500,KEC,KEC,2010-01-01,,
NIFTY_500,KESORAMIND,KESORAMIND,2010-01-01,2015-09-27,
NIFTY_500,KIRLOSBROS,KIRLOSBROS,2010-01-01,2010-03-08,
NIFTY_500,KIRLOSOIL,KIRLOSOIL,2010-01-01,2010-04-20,
NIFTY_500,KOTAKBANK,KOTAKBANK,2010-01-01,,
NIFTY_500,KOUTONS,KOUTONS,2010-01-01,2011-10-09,
NIFTY_500,KPIL,KPIL,2010-01-01,,
NIFTY_500,KPIT,KPIT,2010-01-01,2018-09-27,
NIFTY_500,KSBPUMPS,KSB,2010-01-01,2016-03-31,
NIFTY_500,KSOILS,KSOILS,2010-01-01,2013-06-20,
NIFTY_500,KTKBANK,KTKBANK,2010-01-01,2021-03-30,
NIFTY_500,LAKSHMIEFL,LAKSHMIEFL,2010-01-01,2012-04-26,
NIFTY_500,LAKSHVILAS,LAKSHVILAS,2010-01-01,2020-06-25,
NIFTY_500,LAXMIMACH,LMW,2010-01-01,2024-03-27,
NIFTY_500,LICHSGFIN,LICHSGFIN,2010-01-01,,
NIFTY_500,LINDEINDIA,LINDEINDIA,2010-01-01,2016-03-31,
NIFTY_500,LITL,LITL,2010-01-01,2017-03-30,
NIFTY_500,LT,LT,2010-01-01,,
NIFTY_500,LUPIN,LUPIN,2010-01-01,,
NIFTY_500,M&M,M&M,2010-01-01,,
NIFTY_500,M&MFIN,M&MFIN,2010-01-01,,
NIFTY_500,MAHINDUGIN,MAHINDUGIN,2010-01-01,2011-03-24,
NIFTY_500,MAHLIFE,MAHLIFE,2010-01-01,2017-03-30,
NIFTY_500,MAHSEAMLES,MAHSEAMLES,2010-01-01,2016-03-31,
NIFTY_500,MARICO,MARICO,2010-01-01,2013-10-31,
NIFTY_500,MARUTI,MARUTI,2010-01-01,,
NIFTY_500,MASTEK,MASTEK,2010-01-01,2015-03-23,
NIFTY_500,MAX,MFSL,2010-01-01,2015-09-27,
NIFTY_500,MCDOWELL-N,UNITDSPR,2010-01-01,2014-09-18,
NIFTY_500,MCLEODRUSS,MCLEODRUSS,2010-01-01,2019-03-28,
NIFTY_500,MERCATOR,MERCATOR,2010-01-01,2016-03-31,
NIFTY_500,MID-DAY,MID-DAY,2010-01-01,2011-01-19,
NIFTY_500,MINDTREE,MINDTREE,2010-01-01,2022-09-29,
NIFTY_500,MIRCELECTR,ONIDA,2010-01-01,2012-09-27,
NIFTY_500,MIRZAINT,MIRZAINT,2010-01-01,2011-03-24,
NIFTY_500,MONNETISPA,MONNETISPA,2010-01-01,2015-09-27,
NIFTY_500,MONSANTO,MONSANTO,2010-01-01,2018-04-01,
NIFTY_500,MOSERBAER,MOSERBAER,2010-01-01,2012-09-27,
NIFTY_500,MOTHERSUMI,MOTHERSON,2010-01-01,2021-06-29,
NIFTY_500,MOTILALOFS,MOTILALOFS,2010-01-01,,
NIFTY_500,MPHASIS,MPHASIS,2010-01-01,,
NIFTY_500,MRF,MRF,2010-01-01,,
NIFTY_500,MRPL,MRPL,2010-01-01,,
NIFTY_500,MTNL,MTNL,2010-01-01,2014-03-27,
NIFTY_500,MUNJALSHOW,MUNJALSHOW,2010-01-01,2011-03-24,
NIFTY_500,NAGARFERT,NAGARFERT,2010-01-01,2011-08-28,
NIFTY_500,NATIONALUM,NATIONALUM,2010-01-01,,
NIFTY_500,NAUKRI,NAUKRI,2010-01-01,,
NIFTY_500,NAVNETEDUL,NAVNETEDUL,2010-01-01,2016-03-31,
NIFTY_500,NBVENTURES,NAVA,2010-01-01,2016-03-31,
NIFTY_500,NCC,NCC,2010-01-01,,
NIFTY_500,NDTV,NDTV,2010-01-01,2012-04-26,
NIFTY_500,NELCO,NELCO,2010-01-01,2012-04-26,
NIFTY_500,NFL,NFL,2010-01-01,2012-04-26,
NIFTY_500,NIITLTD,NIITLTD,2010-01-01,2016-03-31,
NIFTY_500,NILKAMAL,NILKAMAL,2010-01-01,2013-03-31,
NIFTY_500,NIRMA,NIRMA,2010-01-01,2011-03-23,
NIFTY_500,NLCINDIA,NLCINDIA,2010-01-01,,
NIFTY_500,NMDC,NMDC,2010-01-01,2022-08-07,
NIFTY_500,NOIDATOLL,NOIDATOLL,2010-01-01,2016-03-31,
NIFTY_500,NRBBEARING,NRBBEARING,2010-01-01,2011-10-09,
NIFTY_500,NTPC,NTPC,2010-01-01,,
NIFTY_500,OFSS,OFSS,2010-01-01,,
NIFTY_500,OMAXE,OMAXE,2010-01-01,2021-03-30,
NIFTY_500,ONGC,ONGC,2010-01-01,,
NIFTY_500,ORCHIDCHEM,ORCHIDPHAR,2010-01-01,2015-09-27,
NIFTY_500,ORIENTBANK,ORIENTBANK,2010-01-01,2019-12-26,
NIFTY_500,ORIENTHOT,ORIENTHOT,2010-01-01,2013-03-31,
NIFTY_500,ORIENTPPR,ORIENTPPR,2010-01-01,2013-03-06,
NIFTY_500,PANACEABIO,PANACEABIO,2010-01-01,2012-04-26,
NIFTY_500,PANTALOONR,FEL,2010-01-01,2010-09-16,
NIFTY_500,PAPERPROD,HUHTAMAKI,2010-01-01,2012-04-26,
NIFTY_500,PARSVNATH,PARSVNATH,2010-01-01,2016-09-29,
NIFTY_500,PATELENG,PATELENG,2010-01-01,2016-03-31,
NIFTY_500,PATNI,PATNI,2010-01-01,2012-05-20,
NIFTY_500,PEL,PIRAMALFIN,2010-01-01,2022-08-07,ALIAS_INFERRED_MERGER_SUCCESSOR;INFERRED_MERGER_SUCCESSOR
NIFTY_500,PETRONET,PETRONET,2010-01-01,,
NIFTY_500,PFC,PFC,2010-01-01,,
NIFTY_500,PFIZER,PFIZER,2010-01-01,2024-03-27,
NIFTY_500,PGHH,PGHH,2010-01-01,2025-03-27,
NIFTY_500,PGHL,PGHL,2010-01-01,2023-03-30,
NIFTY_500,PHOENIXLTD,PHOENIXLTD,2010-01-01,,
NIFTY_500,PIDILITIND,PIDILITIND,2010-01-01,,
NIFTY_500,PNB,PNB,2010-01-01,,
NIFTY_500,PNBGILTS,PNBGILTS,2010-01-01,2011-10-09,
NIFTY_500,POLARIS,POLARIS,2010-01-01,2014-09-18,
NIFTY_500,POWERGRID,POWERGRID,2010-01-01,,
NIFTY_500,PRAJIND,PRAJIND,2010-01-01,2021-03-30,
NIFTY_500,PRICOL,PRICOL,2010-01-01,2011-10-09,
NIFTY_500,PRISMCEM,PRSMJOHNSN,2010-01-01,2018-06-28,
NIFTY_500,PROVOGUE,PROVOGUE,2010-01-01,2012-03-06,WEB_SECONDARY_2012-03-07
NIFTY_500,PSL,PSL,2010-01-01,2014-03-27,
NIFTY_500,PTC,PTC,2010-01-01,2021-03-30,
NIFTY_500,PUNJLLOYD,PUNJLLOYD,2010-01-01,2017-09-28,
NIFTY_500,PURVA,PURVA,2010-01-01,2016-09-29,
NIFTY_500,RADICO,RADICO,2010-01-01,,
NIFTY_500,RAJESHEXPO,RAJESHEXPO,2010-01-01,2025-03-27,
NIFTY_500,RALLIS,RALLIS,2010-01-01,2024-03-27,
NIFTY_500,RAMCOCEM,RAMCOCEM,2010-01-01,,
NIFTY_500,RAMCOIND,RAMCOIND,2010-01-01,2015-09-27,
NIFTY_500,RAMCOSYS,RAMCOSYS,2010-01-01,2011-03-24,
NIFTY_500,RANBAXY,RANBAXY,2010-01-01,2014-11-27,
NIFTY_500,RAYMOND,RAYMOND,2010-01-01,2021-09-29,
NIFTY_500,RCF,RCF,2010-01-01,2026-03-29,
NIFTY_500,RCOM,RCOM,2010-01-01,2019-09-26,
NIFTY_500,RECLTD,RECLTD,2010-01-01,,
NIFTY_500,REDINGTON,REDINGTON,2010-01-01,,
NIFTY_500,REIAGROLTD,REIAGROLTD,2010-01-01,2015-03-26,
NIFTY_500,RELCAPITAL,RELCAPITAL,2010-01-01,2017-09-28,
NIFTY_500,RELIANCE,RELIANCE,2010-01-01,,
NIFTY_500,RELIGARE,RELIGARE,2010-01-01,2016-03-31,
NIFTY_500,RELINFRA,RELINFRA,2010-01-01,2020-06-25,
NIFTY_500,RENUKA,RENUKA,2010-01-01,2020-09-24,
NIFTY_500,RICOAUTO,RICOAUTO,2010-01-01,2011-10-09,
NIFTY_500,RIIL,RIIL,2010-01-01,2017-09-28,
NIFTY_500,RNRL,RNRL,2010-01-01,2010-10-06,
NIFTY_500,ROLTA,ROLTA,2010-01-01,2017-09-28,
NIFTY_500,RPOWER,RPOWER,2010-01-01,2020-06-25,
NIFTY_500,RUCHISOYA,RUCHISOYA,2010-01-01,2017-09-28,
NIFTY_500,SAIL,SAIL,2010-01-01,,
NIFTY_500,SAKHTISUG,SAKHTISUG,2010-01-01,2011-10-09,
NIFTY_500,SANOFI,SANOFI,2010-01-01,2025-03-27,
NIFTY_500,SAREGAMA,SAREGAMA,2010-01-01,2011-03-24,
NIFTY_500,SBIN,SBIN,2010-01-01,,
NIFTY_500,SCHAEFFLER,SCHAEFFLER,2010-01-01,,
NIFTY_500,SCI,SCI,2010-01-01,2019-09-26,
NIFTY_500,SEAMECLTD,SEAMECLTD,2010-01-01,2011-10-09,
NIFTY_500,SESAGOA,VEDL,2010-01-01,2013-10-31,
NIFTY_500,SHANTIGEAR,SHANTIGEAR,2010-01-01,2016-03-31,
NIFTY_500,SHASUNPHAR,SHASUNPHAR,2010-01-01,2015-03-23,
NIFTY_500,SHOPERSTOP,SHOPERSTOP,2010-01-01,2017-03-30,
NIFTY_500,SHREECEM,SHREECEM,2010-01-01,,
NIFTY_500,SHRENUJ,SHRENUJ,2010-01-01,2016-03-31,
NIFTY_500,SIEMENS,SIEMENS,2010-01-01,,
NIFTY_500,SIMPLEXINF,SIMPLEXINF,2010-01-01,2017-03-30,
NIFTY_500,SINTEX,SINTEX,2010-01-01,2017-03-30,
NIFTY_500,SKFINDIA,SKFINDIA,2010-01-01,2025-12-30,
NIFTY_500,SKUMARSYNF,SKUMARSYNF,2010-01-01,2014-09-18,
NIFTY_500,SOBHA,SOBHA,2010-01-01,,
NIFTY_500,SONASTEER,SONASTEER,2010-01-01,2013-03-31,
NIFTY_500,SONATSOFTW,SONATSOFTW,2010-01-01,2026-09-29,
NIFTY_500,SOUTHBANK,SOUTHBANK,2010-01-01,2021-03-30,
NIFTY_500,SREINFRA,SREINFRA,2010-01-01,2019-09-26,
NIFTY_500,SRF,SRF,2010-01-01,,
NIFTY_500,SRTRANSFIN,SHRIRAMFIN,2010-01-01,2022-12-29,
NIFTY_500,STAR,STAR,2010-01-01,2018-02-04,
NIFTY_500,STCINDIA,STCINDIA,2010-01-01,2012-04-26,
NIFTY_500,STER,STER,2010-01-01,2012-09-27,
NIFTY_500,STERLINBIO,STERLINBIO,2010-01-01,2013-03-31,
NIFTY_500,STRTECH,STLTECH,2010-01-01,2016-01-17,
NIFTY_500,SUNDARMFIN,SUNDARMFIN,2010-01-01,2017-11-12,
NIFTY_500,SUNDRMFAST,SUNDRMFAST,2010-01-01,2025-03-27,
NIFTY_500,SUNPHARMA,SUNPHARMA,2010-01-01,,
NIFTY_500,SUNTV,SUNTV,2010-01-01,,
NIFTY_500,SUPPETRO,SUPPETRO,2010-01-01,2016-03-31,
NIFTY_500,SUPREMEIND,SUPREMEIND,2010-01-01,,
NIFTY_500,SURYAROSNI,SURYAROSNI,2010-01-01,2012-04-26,
NIFTY_500,SUZLON,SUZLON,2010-01-01,,
NIFTY_500,SWARAJENG,SWARAJENG,2010-01-01,2016-03-31,
NIFTY_500,SYNDIBANK,SYNDIBANK,2010-01-01,2019-12-26,
NIFTY_500,TAJGVK,TAJGVK,2010-01-01,2012-09-27,
NIFTY_500,TATACHEM,TATACHEM,2010-01-01,2019-12-26,
NIFTY_500,TATACOFFEE,TATACOFFEE,2010-01-01,2019-09-26,
NIFTY_500,TATACOMM,TATACOMM,2010-01-01,2018-06-28,
NIFTY_500,TATAELXSI,TATAELXSI,2010-01-01,,
NIFTY_500,TATAGLOBAL,TATACONSUM,2010-01-01,2020-03-18,
NIFTY_500,TATAINVEST,TATAINVEST,2010-01-01,2016-03-31,
NIFTY_500,TATAMETALI,TATAMETALI,2010-01-01,2012-04-26,
NIFTY_500,TATAPOWER,TATAPOWER,2010-01-01,,
NIFTY_500,TATASPONGE,TATASTLLP,2010-01-01,2019-03-28,
NIFTY_500,TATASTEEL,TATASTEEL,2010-01-01,,
NIFTY_500,TCS,TCS,2010-01-01,,
NIFTY_500,TECHM,TECHM,2010-01-01,,
NIFTY_500,TFCILTD,TFCILTD,2010-01-01,2011-10-09,
NIFTY_500,THERMAX,THERMAX,2010-01-01,,
NIFTY_500,THOMASCOOK,THOMASCOOK,2010-01-01,2019-09-26,
NIFTY_500,TITAN,TITAN,2010-01-01,,
NIFTY_500,TMPV,TMPV,2010-01-01,,
NIFTY_500,TNPETRO,TNPETRO,2010-01-01,2011-10-09,
NIFTY_500,TNPL,TNPL,2010-01-01,2019-09-26,
NIFTY_500,TORNTPHARM,TORNTPHARM,2010-01-01,,
NIFTY_500,TORNTPOWER,TORNTPOWER,2010-01-01,,
NIFTY_500,TRENT,TRENT,2010-01-01,,
NIFTY_500,TRIDENT,TRIDENT,2010-01-01,2011-10-09,
NIFTY_500,TRIVENI,TRIVENI,2010-01-01,2011-05-02,
NIFTY_500,TUBEINVEST,TUBEINVEST,2010-01-01,2017-05-25,
NIFTY_500,TULIP,TULIP,2010-01-01,2014-03-27,
NIFTY_500,TV-18,TV-18,2010-01-01,2011-06-20,
NIFTY_500,TV18BRDCST,TV18BRDCST,2010-01-01,2024-10-15,
NIFTY_500,TVSMOTOR,TVSMOTOR,2010-01-01,,
NIFTY_500,TVTODAY,TVTODAY,2010-01-01,2012-09-27,
NIFTY_500,UBHOLDINGS,UBHOLDINGS,2010-01-01,2014-03-27,
NIFTY_500,UBL,UBL,2010-01-01,,
NIFTY_500,UCOBANK,UCOBANK,2010-01-01,2022-09-29,
NIFTY_500,UFLEX,UFLEX,2010-01-01,2023-09-28,
NIFTY_500,ULTRACEMCO,ULTRACEMCO,2010-01-01,,
NIFTY_500,UNICHEMLAB,UNICHEMLAB,2010-01-01,2019-03-28,
NIFTY_500,UNIONBANK,UNIONBANK,2010-01-01,,
NIFTY_500,UNITECH,UNITECH,2010-01-01,2018-09-27,
NIFTY_500,UNITY,UNITY,2010-01-01,2013-03-31,
NIFTY_500,UNMAPPED:Asian Electronics Ltd.,UNMAPPED:Asian Electronics Ltd.,2010-01-01,2011-03-24,UNMAPPED_NAME_ONLY_NOTICE
NIFTY_500,UNMAPPED:Asian Hotels Ltd.,UNMAPPED:Asian Hotels Ltd.,2010-01-01,2010-02-23,UNMAPPED_NAME_ONLY_NOTICE
NIFTY_500,UNMAPPED:BPL Ltd.,UNMAPPED:BPL Ltd.,2010-01-01,2011-03-24,UNMAPPED_NAME_ONLY_NOTICE
NIFTY_500,UNMAPPED:Consolidated Finvest & Holdings Ltd.,UNMAPPED:Consolidated Finvest & Holdings Ltd.,2010-01-01,2010-04-07,UNMAPPED_NAME_ONLY_NOTICE
NIFTY_500,UNMAPPED:Donear Industries Ltd.,UNMAPPED:Donear Industries Ltd.,2010-01-01,2010-04-07,UNMAPPED_NAME_ONLY_NOTICE
NIFTY_500,UNMAPPED:House of Pearl Fashions Ltd.,UNMAPPED:House of Pearl Fashions Ltd.,2010-01-01,2011-03-24,UNMAPPED_NAME_ONLY_NOTICE
NIFTY_500,UNMAPPED:Kohinoor Foods Ltd.,UNMAPPED:Kohinoor Foods Ltd.,2010-01-01,2011-03-24,UNMAPPED_NAME_ONLY_NOTICE
NIFTY_500,UNMAPPED:Micro Inks Limited,UNMAPPED:Micro Inks Limited,2010-01-01,2010-04-05,UNMAPPED_NAME_ONLY_NOTICE
NIFTY_500,UNMAPPED:Mukta Arts Ltd.,UNMAPPED:Mukta Arts Ltd.,2010-01-01,2010-04-07,UNMAPPED_NAME_ONLY_NOTICE
NIFTY_500,UNMAPPED:Omax Autos Ltd.,UNMAPPED:Omax Autos Ltd.,2010-01-01,2011-03-24,UNMAPPED_NAME_ONLY_NOTICE
NIFTY_500,UNMAPPED:PVP Ventures Ltd.,UNMAPPED:PVP Ventures Ltd.,2010-01-01,2011-03-24,UNMAPPED_NAME_ONLY_NOTICE
NIFTY_500,UNMAPPED:Sirpur Paper Mills Ltd.,UNMAPPED:Sirpur Paper Mills Ltd.,2010-01-01,2010-04-07,UNMAPPED_NAME_ONLY_NOTICE
NIFTY_500,UNMAPPED:Smartlink Network Systems Ltd.,UNMAPPED:Smartlink Network Systems Ltd.,2010-01-01,2010-04-07,UNMAPPED_NAME_ONLY_NOTICE
NIFTY_500,UNMAPPED:Vishal Retail Ltd.,UNMAPPED:Vishal Retail Ltd.,2010-01-01,2011-03-24,UNMAPPED_NAME_ONLY_NOTICE
NIFTY_500,UPL,UPL,2010-01-01,,
NIFTY_500,USHAMART,USHAMART,2010-01-01,2016-03-31,
NIFTY_500,UTTAMSTL,UTTAMSTL,2010-01-01,2016-03-31,
NIFTY_500,UTVSOF,UTVSOF,2010-01-01,2012-03-08,
NIFTY_500,VARUNSHIP,VARUNSHIP,2010-01-01,2013-09-26,
NIFTY_500,VENKEYS,VENKEYS,2010-01-01,2015-03-26,
NIFTY_500,VESUVIUS,VESUVIUS,2010-01-01,2016-03-31,
NIFTY_500,VIDEOIND,VIDEOIND,2010-01-01,2018-04-01,
NIFTY_500,VIJAYABANK,VIJAYABANK,2010-01-01,2019-01-27,
NIFTY_500,VIPIND,VIPIND,2010-01-01,2025-03-27,
NIFTY_500,VOLTAS,VOLTAS,2010-01-01,,
NIFTY_500,VSTIND,VSTIND,2010-01-01,2017-09-28,
NIFTY_500,VTL,VTL,2010-01-01,2011-03-28,
NIFTY_500,WELCORP,WELCORP,2010-01-01,2013-11-14,
NIFTY_500,WIPRO,WIPRO,2010-01-01,2013-03-31,
NIFTY_500,WOCKPHARMA,WOCKPHARMA,2010-01-01,2012-04-26,
NIFTY_500,WSTCSTPAPR,WSTCSTPAPR,2010-01-01,2014-09-18,
NIFTY_500,WYETH,WYETH,2010-01-01,2014-05-11,
NIFTY_500,YESBANK,YESBANK,2010-01-01,2020-03-18,
NIFTY_500,ZEEL,ZEEL,2010-01-01,2010-10-06,
NIFTY_500,ZEENEWS,ZEENEWS,2010-01-01,2010-04-20,
NIFTY_500,ZENSARTECH,ZENSARTECH,2010-01-01,2018-04-01,
NIFTY_500,ZODIACLOTH,ZODIACLOTH,2010-01-01,2014-03-27,
NIFTY_500,PENINLAND,PENINLAND,2010-02-24,2016-03-31,
NIFTY_500,BRIGADE,BRIGADE,2010-03-09,2017-03-30,
NIFTY_500,NHPC,NHPC,2010-04-06,,
NIFTY_500,BANCOINDIA,BANCOINDIA,2010-04-08,2013-03-31,
NIFTY_500,BINANICEM,BINANICEM,2010-04-08,2011-05-22,
NIFTY_500,GAMMNINFRA,GAMMNINFRA,2010-04-08,2016-03-31,
NIFTY_500,JINDALSWHL,JSWHL,2010-04-08,2013-08-06,
NIFTY_500,KGL,KGL,2010-04-08,2014-03-27,
NIFTY_500,ADANIPOWER,ADANIPOWER,2010-04-21,2014-09-18,
NIFTY_500,OIL,OIL,2010-04-21,,
NIFTY_500,JSWENERGY,JSWENERGY,2010-05-26,,
NIFTY_500,TINPLATE,TINPLATE,2010-07-08,2014-09-18,
NIFTY_500,GRASIM,GRASIM,2010-08-31,2017-05-25,
NIFTY_500,JPINFRATEC,JPINFRATEC,2010-09-17,2017-03-30,
NIFTY_500,DBREALTY,DBREALTY,2010-09-24,2018-09-27,
NIFTY_500,JPPOWER,JPPOWER,2010-10-07,2017-03-30,
NIFTY_500,JUBLFOOD,JUBLFOOD,2010-10-07,,
NIFTY_500,SUNTECK,SUNTECK,2010-11-25,2024-09-29,
NIFTY_500,HATHWAY,HATHWAY,2011-01-20,2019-12-26,
NIFTY_500,SHREEASHTA,SHREEASHTA,2011-01-20,2014-03-27,
NIFTY_500,RELMEDIA,RELMEDIA,2011-02-08,2012-09-27,
NIFTY_500,ORBITCORP,ORBITCORP,2011-03-24,2014-09-18,
NIFTY_500,ADSL,ADSL,2011-03-25,2012-04-26,
NIFTY_500,BAJAJELEC,BAJAJELEC,2011-03-25,2023-04-27,
NIFTY_500,BGRENERGY,BGRENERGY,2011-03-25,2015-09-27,
NIFTY_500,COREPROTEC,COREEDUTEC,2011-03-25,2011-10-09,
NIFTY_500,COX&KINGS,COX&KINGS,2011-03-25,2018-06-28,
NIFTY_500,DELTACORP,DELTACORP,2011-03-25,2024-03-27,
NIFTY_500,EMAMILTD,EMAMILTD,2011-03-25,,
NIFTY_500,JKTYRE,JKTYRE,2011-03-25,2022-03-30,
NIFTY_500,KEMROCK,KEMROCK,2011-03-25,2013-09-26,
NIFTY_500,OPTOCIRCUI,OPTOCIRCUI,2011-03-25,2016-03-31,
NIFTY_500,ORISSAMINE,ORISSAMINE,2011-03-25,2017-09-28,
NIFTY_500,PANTALOONR,FEL,2011-03-25,2013-04-16,
NIFTY_500,PIPAVAVYD,RNAVAL,2011-03-25,2011-10-09,
NIFTY_500,SADBHAV,SADBHAV,2011-03-25,2020-09-24,
NIFTY_500,WHIRLPOOL,WHIRLPOOL,2011-03-25,,
NIFTY_500,ZEEL,ZEEL,2011-03-25,,
NIFTY_500,ZYDUSWELL,ZYDUSWELL,2011-03-25,2017-09-28,
NIFTY_500,GODREJPROP,GODREJPROP,2011-03-29,,
NIFTY_500,COALINDIA,COALINDIA,2011-04-11,,
NIFTY_500,OBEROIRLTY,OBEROIRLTY,2011-04-21,,
NIFTY_500,PRESTIGE,PRESTIGE,2011-05-03,,
NIFTY_500,ARSSINFRA,ARSSINFRA,2011-05-18,2012-09-27,
NIFTY_500,IL&FSENGG,IL&FSENGG,2011-05-23,2015-03-26,
NIFTY_500,IBREALEST,EMBDL,2011-06-21,2011-12-06,
NIFTY_500,DISHTV,DISHTV,2011-08-29,2013-09-26,
NIFTY_500,AIAENG,AIAENG,2011-10-10,,
NIFTY_500,BFUTILITIE,BFUTILITIE,2011-10-10,2018-09-27,
NIFTY_500,CENTRALBK,CENTRALBK,2011-10-10,,
NIFTY_500,COREEDUTEC,COREEDUTEC,2011-10-10,2014-09-18,
NIFTY_500,DCB,DCBBANK,2011-10-10,2014-02-27,
NIFTY_500,DEWANHOUS,DHFL,2011-10-10,2012-06-17,
NIFTY_500,DHANBANK,DHANBANK,2011-10-10,2016-03-31,
NIFTY_500,ECLERX,ECLERX,2011-10-10,,
NIFTY_500,GPPL,GPPL,2011-10-10,2025-09-29,
NIFTY_500,HFCL,HFCL,2011-10-10,,
NIFTY_500,IBPOW,RTNPOWER,2011-10-10,2014-11-27,
NIFTY_500,INDIANB,INDIANB,2011-10-10,,
NIFTY_500,JUBILANT,JUBLPHARMA,2011-10-10,2020-09-24,
NIFTY_500,KSK,KSK,2011-10-10,2016-09-29,
NIFTY_500,NETWORK18,NETWORK18,2011-10-10,2020-06-25,
NIFTY_500,PAGEIND,PAGEIND,2011-10-10,,
NIFTY_500,PERSISTENT,PERSISTENT,2011-10-10,,
NIFTY_500,PIPAVAVDOC,RNAVAL,2011-10-10,2016-03-31,
NIFTY_500,SBBJ,SBBJ,2011-10-10,2017-03-30,
NIFTY_500,SBT,SBT,2011-10-10,2016-03-31,
NIFTY_500,SKSMICRO,BHARATFIN,2011-10-10,2016-09-29,
NIFTY_500,SUJANATOW,SUJANATOW,2011-10-10,2013-08-06,
NIFTY_500,FUTUREVENT,FUTUREVENT,2011-11-22,2013-06-10,
NIFTY_500,JAIBALAJI,JAIBALAJI,2011-12-07,2013-03-31,
NIFTY_500,MVL,MVL,2011-12-14,2013-03-31,
NIFTY_500,JINDALSAW,JINDALSAW,2012-03-07,2016-04-28,WEB_SECONDARY_2012-03-07
NIFTY_500,IBREALEST,EMBDL,2012-03-09,2023-09-28,
NIFTY_500,L&TFH,LTF,2012-03-09,2024-08-29,
NIFTY_500,ALSTOMT&D,GVT&D,2012-04-27,2016-09-29,
NIFTY_500,ARSHIYA,ARSHIYA,2012-04-27,2013-09-26,
NIFTY_500,EROSMEDIA,EROSMEDIA,2012-04-27,2019-03-28,
NIFTY_500,ICRA,ICRA,2012-04-27,2018-04-01,
NIFTY_500,ICSA,ICSA,2012-04-27,2012-09-27,
NIFTY_500,KWALITY,KWALITY,2012-04-27,2013-03-31,
NIFTY_500,LOVABLE,LOVABLE,2012-04-27,2015-03-26,
NIFTY_500,MUTHOOTFIN,MUTHOOTFIN,2012-04-27,,
NIFTY_500,PRAKASH,PRAKASH,2012-04-27,2016-03-31,
NIFTY_500,RAMKY,RAMKY,2012-04-27,2013-09-26,
NIFTY_500,TDPOWERSYS,TDPOWERSYS,2012-04-27,2016-03-31,
NIFTY_500,TECHNO,TECHNO,2012-04-27,2018-08-07,
NIFTY_500,TREEHOUSE,TREEHOUSE,2012-04-27,2016-09-29,
NIFTY_500,WABCOINDIA,ZFCVINDIA,2012-04-27,2022-04-06,
NIFTY_500,SEINV,SEINV,2012-05-21,2016-03-31,
NIFTY_500,DHFL,DHFL,2012-06-18,2020-06-25,
NIFTY_500,MANINFRA,MANINFRA,2012-06-18,2014-09-18,
NIFTY_500,AUTOIND,AUTOIND,2012-09-28,2013-09-26,
NIFTY_500,BALKRISIND,BALKRISIND,2012-09-28,2015-03-23,
NIFTY_500,BBTC,BBTC,2012-09-28,2026-09-29,
NIFTY_500,FLEXITUFF,FLEXITUFF,2012-09-28,2016-03-31,
NIFTY_500,GATI,ACLGATI,2012-09-28,2018-09-27,
NIFTY_500,INNOIND,INNOIND,2012-09-28,2014-03-27,
NIFTY_500,JBFIND,JBFIND,2012-09-28,2018-09-27,
NIFTY_500,MANDHANA,MANDHANA,2012-09-28,2015-12-13,
NIFTY_500,MANGCHEFER,MANGCHEFER,2012-09-28,2015-09-27,
NIFTY_500,PFOCUS,PFOCUS,2012-09-28,2015-03-26,
NIFTY_500,SHLAKSHMI,SHLAKSHMI,2012-09-28,2013-03-31,
NIFTY_500,SHRIRAMCIT,SHRIRAMCIT,2012-09-28,2022-08-07,
NIFTY_500,SUPREMEINF,SUPREMEINF,2012-09-28,2016-03-31,
NIFTY_500,TTKPRESTIG,TTKPRESTIG,2012-09-28,2024-03-27,
NIFTY_500,VAKRANSOFT,VAKRANGEE,2012-09-28,2014-02-27,
NIFTY_500,MOIL,MOIL,2013-01-23,2023-03-30,
NIFTY_500,SPARC,SPARC,2013-03-07,2013-09-26,
NIFTY_500,PVR,PVRINOX,2013-03-19,2023-07-12,
NIFTY_500,AANJANEYA,DRDATSONS,2013-04-01,2013-09-26,
NIFTY_500,DEN,DEN,2013-04-01,2019-03-28,
NIFTY_500,GABRIEL,GABRIEL,2013-04-01,2016-03-31,
NIFTY_500,GRUH,GRUH,2013-04-01,2019-09-26,
NIFTY_500,GTLINFRA,GTLINFRA,2013-04-01,2016-03-31,
NIFTY_500,HERITGFOOD,HERITGFOOD,2013-04-01,2016-03-31,
NIFTY_500,HINDCOPPER,HINDCOPPER,2013-04-01,,
NIFTY_500,IL&FSTRANS,IL&FSTRANS,2013-04-01,2019-03-28,
NIFTY_500,IMFA,IMFA,2013-04-01,2015-03-26,
NIFTY_500,NIITTECH,COFORGE,2013-04-01,2020-09-13,
NIFTY_500,ONELIFECAP,ONELIFECAP,2013-04-01,2013-09-26,
NIFTY_500,SWANENERGY,SWANCORP,2013-04-01,2021-09-29,
NIFTY_500,TBZ,TBZ,2013-04-01,2016-09-29,
NIFTY_500,WELSPUNIND,WELSPUNLIV,2013-04-01,2024-03-27,
NIFTY_500,WOCKPHARMA,WOCKPHARMA,2013-04-01,2023-03-30,
NIFTY_500,GEODESIC,GEODESIC,2013-04-17,2013-09-26,
NIFTY_500,DBCORP,DBCORP,2013-06-11,2021-03-30,
NIFTY_500,INFRATEL,INDUSTOWER,2013-06-11,2021-03-30,
NIFTY_500,3IINFOTECH,3IINFOTECH,2013-06-21,2013-09-26,
NIFTY_500,20MICRONS,20MICRONS,2013-07-17,2013-09-26,
NIFTY_500,INFINITE,INFINITE,2013-07-17,2014-09-18,
NIFTY_500,JSWHL,JSWHL,2013-08-07,2017-03-30,
NIFTY_500,WIPRO,WIPRO,2013-08-07,,
NIFTY_500,DRDATSONS,DRDATSONS,2013-09-27,2014-03-27,
NIFTY_500,ESSDEE,ESSDEE,2013-09-27,2016-09-29,
NIFTY_500,JKLAKSHMI,JKLAKSHMI,2013-09-27,2025-03-27,
NIFTY_500,KKCL,KKCL,2013-09-27,2016-03-31,
NIFTY_500,KOLTEPATIL,KOLTEPATIL,2013-09-27,2021-03-30,
NIFTY_500,KSCL,KSCL,2013-09-27,2022-03-30,
NIFTY_500,MAGMA,POONAWALLA,2013-09-27,2020-06-25,
NIFTY_500,MAHSCOOTER,MAHSCOOTER,2013-09-27,2016-03-31,
NIFTY_500,MANINDS,MANINDS,2013-09-27,2014-07-27,
NIFTY_500,MHRIL,MHRIL,2013-09-27,2024-09-29,
NIFTY_500,MMTC,MMTC,2013-09-27,,
NIFTY_500,MTEDUCARE,MTEDUCARE,2013-09-27,2016-03-31,
NIFTY_500,RASOYPR,RASOYPR,2013-09-27,2015-09-27,
NIFTY_500,VTL,VTL,2013-09-27,,
NIFTY_500,NDTV,NDTV,2013-11-01,2014-03-27,
NIFTY_500,SSLT,VEDL,2013-11-01,2015-05-28,
NIFTY_500,FRL,FEL,2013-11-15,2015-12-13,
NIFTY_500,RAJTV,RAJTV,2013-11-15,2015-03-26,
NIFTY_500,DCBBANK,DCBBANK,2014-02-28,2022-03-30,
NIFTY_500,JYOTHYLAB,JYOTHYLAB,2014-02-28,2026-03-29,
NIFTY_500,VAKRANGEE,VAKRANGEE,2014-02-28,2022-09-29,
NIFTY_500,BAJAJCORP,BAJAJCON,2014-03-28,2019-01-27,
NIFTY_500,CARERATING,CARERATING,2014-03-28,2021-03-30,
NIFTY_500,IBULHSGFIN,SAMMAANCAP,2014-03-28,2024-08-29,
NIFTY_500,INOXLEISUR,INOXLEISUR,2014-03-28,2023-02-16,
NIFTY_500,JUSTDIAL,JUSTDIAL,2014-03-28,2025-09-29,
NIFTY_500,MAHINDUGIN,MAHINDUGIN,2014-03-28,2014-06-29,
NIFTY_500,NBCC,NBCC,2014-03-28,,
NIFTY_500,PFS,PFS,2014-03-28,2019-03-28,
NIFTY_500,PIIND,PIIND,2014-03-28,,
NIFTY_500,SONASTEER,SONASTEER,2014-03-28,2016-03-31,
NIFTY_500,SPARC,SPARC,2014-03-28,2025-03-27,
NIFTY_500,TRIDENT,TRIDENT,2014-03-28,,
NIFTY_500,VAIBHAVGBL,VAIBHAVGBL,2014-03-28,2016-09-29,
NIFTY_500,MARICO,MARICO,2014-05-12,,
NIFTY_500,RAIN,RAIN,2014-06-30,2024-03-27,
NIFTY_500,CASTROLIND,CASTROLIND,2014-07-28,,
NIFTY_500,AJANTPHARM,AJANTPHARM,2014-09-19,,
NIFTY_500,APARINDS,APARINDS,2014-09-19,2018-04-01,
NIFTY_500,APLLTD,APLLTD,2014-09-19,2026-03-29,
NIFTY_500,ASHOKA,ASHOKA,2014-09-19,2022-03-30,
NIFTY_500,ASTRAL,ASTRAL,2014-09-19,,
NIFTY_500,CENTURYPLY,CENTURYPLY,2014-09-19,2026-03-29,
NIFTY_500,KITEX,KITEX,2014-09-19,2018-09-27,
NIFTY_500,NITINFIRE,NITINFIRE,2014-09-19,2017-09-28,
NIFTY_500,NOCIL,NOCIL,2014-09-19,2016-03-31,
NIFTY_500,RATNAMANI,RATNAMANI,2014-09-19,2016-09-29,
NIFTY_500,REPCOHOME,REPCOHOME,2014-09-19,2020-09-13,
NIFTY_500,TVTODAY,TVTODAY,2014-09-19,2016-03-31,
NIFTY_500,WABAG,WABAG,2014-09-19,2020-06-25,
NIFTY_500,WELCORP,WELCORP,2014-09-19,,
NIFTY_500,WHEELS,WHEELS,2014-09-19,2016-03-31,
NIFTY_500,RTNPOWER,RTNPOWER,2014-11-28,2015-09-27,
NIFTY_500,TI,TI,2014-11-28,2015-03-26,
NIFTY_500,DYNAMATECH,DYNAMATECH,2015-02-02,2017-03-30,
NIFTY_500,LAOPALA,LAOPALA,2015-02-02,2017-03-30,
NIFTY_500,MBLINFRA,MBLINFRA,2015-02-02,2016-03-31,
NIFTY_500,ITDCEM,CEMPRO,2015-03-24,2016-03-31,
NIFTY_500,MAYURUNIQ,MAYURUNIQ,2015-03-24,2017-03-30,
NIFTY_500,MUNJALSHOW,MUNJALSHOW,2015-03-24,2016-03-31,
NIFTY_500,SUVEN,SUVEN,2015-03-24,2020-01-15,
NIFTY_500,FCEL,FCONSUMER,2015-03-27,2016-11-14,
NIFTY_500,GULFOILLUB,GULFOILLUB,2015-03-27,2016-03-31,
NIFTY_500,IFBIND,IFBIND,2015-03-27,2015-09-27,
NIFTY_500,JKCEMENT,JKCEMENT,2015-03-27,,
NIFTY_500,KNRCON,KNRCON,2015-03-27,2016-03-31,
NIFTY_500,KPRMILL,KPRMILL,2015-03-27,2020-09-24,
NIFTY_500,LGBBROSLTD,LGBBROSLTD,2015-03-27,2016-03-31,
NIFTY_500,MARKSANS,MARKSANS,2015-03-27,2018-09-27,
NIFTY_500,MCDOWELL-N,UNITDSPR,2015-03-27,2024-08-29,
NIFTY_500,NDTV,NDTV,2015-03-27,2016-03-31,
NIFTY_500,PENIND,PENIND,2015-03-27,2016-03-31,
NIFTY_500,VINATIORGA,VINATIORGA,2015-03-27,2024-03-27,
NIFTY_500,NATCOPHARM,NATCOPHARM,2015-05-29,,
NIFTY_500,VEDL,VEDL,2015-05-29,2020-07-30,
NIFTY_500,VIVIDHA,VIVIDHA,2015-05-29,2016-03-31,
NIFTY_500,CEATLTD,CEATLTD,2015-06-15,,
NIFTY_500,ADANIPOWER,ADANIPOWER,2015-09-28,2020-09-24,
NIFTY_500,ADLABS,IMAGICAA,2015-09-28,2016-03-31,
NIFTY_500,BALKRISIND,BALKRISIND,2015-09-28,,
NIFTY_500,CAMLINFINE,CAMLINFINE,2015-09-28,2016-03-31,
NIFTY_500,EVEREADY,EVEREADY,2015-09-28,2019-03-28,
NIFTY_500,FLFL,FLFL,2015-09-28,2017-03-30,
NIFTY_500,IL&FSENGG,IL&FSENGG,2015-09-28,2016-03-31,
NIFTY_500,INOXWIND,INOXWIND,2015-09-28,2019-09-26,
NIFTY_500,KRBL,KRBL,2015-09-28,2024-09-29,
NIFTY_500,METALFORGE,METALFORGE,2015-09-28,2016-03-31,
NIFTY_500,ORIENTCEM,ORIENTCEM,2015-09-28,2021-03-30,
NIFTY_500,RICOAUTO,RICOAUTO,2015-09-28,2016-03-31,
NIFTY_500,SITICABLE,SITINET,2015-09-28,2016-09-29,
NIFTY_500,SRIPIPES,SRIPIPES,2015-09-28,2016-03-31,
NIFTY_500,SYMPHONY,SYMPHONY,2015-09-28,2023-03-30,
NIFTY_500,VRLLOG,VRLLOG,2015-09-28,2021-03-30,
NIFTY_500,PNCINFRA,PNCINFRA,2015-10-19,2025-09-29,
NIFTY_500,ARVIND,ARVIND,2015-12-14,2018-06-28,
NIFTY_500,GAYAPROJ,GAYAPROJ,2015-12-14,2017-11-19,
NIFTY_500,SCHNEIDER,SCHNEIDER,2016-01-18,2018-04-01,
NIFTY_500,8KMILES,8KMILES,2016-04-01,2019-03-28,
NIFTY_500,AARTIDRUGS,AARTIDRUGS,2016-04-01,2016-09-29,
NIFTY_500,ABFRL,ABFRL,2016-04-01,2026-09-29,
NIFTY_500,ADANIENT,ADANIENT,2016-04-01,2018-04-01,
NIFTY_500,ADANITRANS,ADANIENSOL,2016-04-01,2023-09-28,
NIFTY_500,AEGISCHEM,AEGISLOG,2016-04-01,2024-08-29,
NIFTY_500,AHLUCONT,AHLUCONT,2016-04-01,2018-04-01,
NIFTY_500,ASHIANA,ASHIANA,2016-04-01,2016-09-29,
NIFTY_500,AVANTIFEED,AVANTIFEED,2016-04-01,2025-03-27,
NIFTY_500,BGRENERGY,BGRENERGY,2016-04-01,2018-09-27,
NIFTY_500,BLISSGVS,BLISSGVS,2016-04-01,2021-09-29,
NIFTY_500,BRFL,BRFL,2016-04-01,2017-03-30,
NIFTY_500,CAPLIPOINT,CAPLIPOINT,2016-04-01,2023-03-30,
NIFTY_500,CCL,CCL,2016-04-01,,
NIFTY_500,CERA,CERA,2016-04-01,2026-03-29,
NIFTY_500,DALMIABHA,DALMIABHA,2016-04-01,2018-04-01,
NIFTY_500,DHANUKA,DHANUKA,2016-04-01,2018-04-01,
NIFTY_500,DISHTV,DISHTV,2016-04-01,2021-09-29,
NIFTY_500,GLOBOFFS,GLOBOFFS,2016-04-01,2016-09-29,
NIFTY_500,GRANULES,GRANULES,2016-04-01,,
NIFTY_500,GREENPLY,GREENPLY,2016-04-01,2019-03-28,
NIFTY_500,GRINDWELL,GRINDWELL,2016-04-01,2017-09-28,
NIFTY_500,GUJGASLTD,GUJENERGY,2016-04-01,2026-03-29,
NIFTY_500,HEIDELBERG,HEIDELBERG,2016-04-01,2022-03-30,
NIFTY_500,HITACHIHOM,BOSCH-HCIL,2016-04-01,2016-09-29,
NIFTY_500,HMT,HMT,2016-04-01,2016-09-29,
NIFTY_500,HMVL,HMVL,2016-04-01,2017-09-28,
NIFTY_500,HOTELEELA,HOTELEELA,2016-04-01,2016-09-29,
NIFTY_500,ICIL,ICIL,2016-04-01,2019-03-28,
NIFTY_500,IDFC,IDFC,2016-04-01,2024-10-09,
NIFTY_500,IFBIND,IFBIND,2016-04-01,2016-09-29,
NIFTY_500,IGARASHI,IGARASHI,2016-04-01,2018-04-01,
NIFTY_500,INDOCO,INDOCO,2016-04-01,2019-09-26,
NIFTY_500,INTELLECT,INTELLECT,2016-04-01,2020-09-24,
NIFTY_500,IPAPPM,ANDPAPER,2016-04-01,2017-03-30,
NIFTY_500,JETAIRWAYS,JETAIRWAYS,2016-04-01,2019-09-23,
NIFTY_500,JINDALPOLY,JINDALPOLY,2016-04-01,2018-09-27,
NIFTY_500,JMTAUTOLTD,JMTAUTOLTD,2016-04-01,2017-09-28,
NIFTY_500,KESORAMIND,KESORAMIND,2016-04-01,2018-09-27,
NIFTY_500,KIRLOSENG,KIRLOSENG,2016-04-01,2016-09-29,
NIFTY_500,KWALITY,KWALITY,2016-04-01,2018-09-27,
NIFTY_500,MAHINDCIE,CIEINDIA,2016-04-01,2020-09-24,
NIFTY_500,MANAPPURAM,MANAPPURAM,2016-04-01,,
NIFTY_500,MANPASAND,MANPASAND,2016-04-01,2019-03-28,
NIFTY_500,MINDACORP,MINDACORP,2016-04-01,2016-09-29,
NIFTY_500,MTNL,MTNL,2016-04-01,2018-09-27,
NIFTY_500,NAVKARCORP,NAVKARCORP,2016-04-01,2019-03-28,
NIFTY_500,PCJEWELLER,PCJEWELLER,2016-04-01,2020-06-25,
NIFTY_500,POLARIS,POLARIS,2016-04-01,2018-02-04,
NIFTY_500,RAMCOSYS,RAMCOSYS,2016-04-01,2018-09-27,
NIFTY_500,RDEL,RNAVAL,2016-04-01,2017-09-28,
NIFTY_500,RELAXO,RELAXO,2016-04-01,2017-09-28,
NIFTY_500,RKFORGE,RKFORGE,2016-04-01,2019-09-26,
NIFTY_500,RTNPOWER,RTNPOWER,2016-04-01,2018-09-27,
NIFTY_500,SADBHIN,SADBHIN,2016-04-01,2016-09-29,
NIFTY_500,SHARDACROP,SHARDACROP,2016-04-01,2018-04-01,
NIFTY_500,SHILPAMED,SHILPAMED,2016-04-01,2018-04-01,
NIFTY_500,SJVN,SJVN,2016-04-01,,
NIFTY_500,SMLISUZU,SMLMAH,2016-04-01,2018-09-27,
NIFTY_500,SNOWMAN,SNOWMAN,2016-04-01,2018-04-01,
NIFTY_500,SOLARINDS,SOLARINDS,2016-04-01,,
NIFTY_500,SOMANYCERA,SOMANYCERA,2016-04-01,2018-04-01,
NIFTY_500,STCINDIA,STCINDIA,2016-04-01,2017-09-28,
NIFTY_500,STYABS,INEOSSTYRO,2016-04-01,2016-04-28,
NIFTY_500,SYNGENE,SYNGENE,2016-04-01,,
NIFTY_500,TAKE,TAKE,2016-04-01,2020-09-24,
NIFTY_500,TATAMTRDVR,TATAMTRDVR,2016-04-01,2024-08-29,
NIFTY_500,TCI,TCI,2016-04-01,2016-04-28,
NIFTY_500,TEXRAIL,TEXRAIL,2016-04-01,2019-03-28,
NIFTY_500,TIDEWATER,TIDEWATER,2016-04-01,2017-09-28,
NIFTY_500,TIMKEN,TIMKEN,2016-04-01,,
NIFTY_500,TRITURBINE,TRITURBINE,2016-04-01,2017-09-28,
NIFTY_500,TTML,TTML,2016-04-01,2016-09-29,
NIFTY_500,TVSSRICHAK,TVSSRICHAK,2016-04-01,2019-03-28,
NIFTY_500,VGUARD,VGUARD,2016-04-01,2026-03-29,
NIFTY_500,WONDERLA,WONDERLA,2016-04-01,2017-09-28,
NIFTY_500,ZEELEARN,ZEELEARN,2016-04-01,2018-09-27,
NIFTY_500,GULFOILLUB,GULFOILLUB,2016-04-29,2021-09-29,
NIFTY_500,INEOSSTYRO,INEOSSTYRO,2016-04-29,2016-09-29,
NIFTY_500,SHK,SHK,2016-04-29,2020-06-25,
NIFTY_500,TVTODAY,TVTODAY,2016-04-29,2021-03-30,
NIFTY_500,ABIRLANUVO,ABIRLANUVO,2016-09-30,2017-05-25,
NIFTY_500,ALKEM,ALKEM,2016-09-30,,
NIFTY_500,APLAPOLLO,APLAPOLLO,2016-09-30,,
NIFTY_500,BHARATFIN,BHARATFIN,2016-09-30,2018-12-27,
NIFTY_500,CARBORUNIV,CARBORUNIV,2016-09-30,,
NIFTY_500,COFFEEDAY,COFFEEDAY,2016-09-30,2019-12-25,
NIFTY_500,CROMPGREAV,CGPOWER,2016-09-30,2017-03-30,
NIFTY_500,EQUITAS,EQUITAS,2016-09-30,2022-09-29,
NIFTY_500,GET&D,GVT&D,2016-09-30,2020-09-24,
NIFTY_500,IDFCBANK,IDFCFIRSTB,2016-09-30,2019-01-27,
NIFTY_500,INDIGO,INDIGO,2016-09-30,,
NIFTY_500,INFIBEAM,CCAVENUE,2016-09-30,2020-11-24,
NIFTY_500,ITDCEM,CEMPRO,2016-09-30,2020-06-25,
NIFTY_500,JCHAC,BOSCH-HCIL,2016-09-30,2019-03-28,
NIFTY_500,KSBPUMPS,KSB,2016-09-30,2017-03-30,
NIFTY_500,LALPATHLAB,LALPATHLAB,2016-09-30,,
NIFTY_500,LINDEINDIA,LINDEINDIA,2016-09-30,2017-03-30,
NIFTY_500,MFSL,MFSL,2016-09-30,2017-01-22,
NIFTY_500,MYSOREBANK,MYSOREBANK,2016-09-30,2017-03-30,
NIFTY_500,NAVINFLUOR,NAVINFLUOR,2016-09-30,,
NIFTY_500,NH,NH,2016-09-30,,
NIFTY_500,NILKAMAL,NILKAMAL,2016-09-30,2022-03-30,
NIFTY_500,OCL,OCL,2016-09-30,2017-01-22,
NIFTY_500,RELIGARE,RELIGARE,2016-09-30,2018-09-27,
NIFTY_500,SBT,SBT,2016-09-30,2017-03-30,
NIFTY_500,SEQUENT,VIYASH,2016-09-30,2017-03-30,
NIFTY_500,SFCL,SFCL,2016-09-30,2017-01-22,
NIFTY_500,SITINET,SITINET,2016-09-30,2017-03-30,
NIFTY_500,SUPRAJIT,SUPRAJIT,2016-09-30,2017-03-30,
NIFTY_500,CROMPTON,CROMPTON,2016-11-15,,
NIFTY_500,FCONSUMER,FCONSUMER,2016-11-15,2021-09-29,
NIFTY_500,ADVENZYMES,ADVENZYMES,2017-01-23,2022-09-29,
NIFTY_500,ASAHIINDIA,ASAHIINDIA,2017-01-23,2017-09-28,
NIFTY_500,RBLBANK,RBLBANK,2017-01-23,,
NIFTY_500,UJJIVAN,UJJIVAN,2017-01-23,2022-03-30,
NIFTY_500,CGPOWER,CGPOWER,2017-03-31,2019-12-25,
NIFTY_500,DBL,DBL,2017-03-31,2023-03-30,
NIFTY_500,ENDURANCE,ENDURANCE,2017-03-31,,
NIFTY_500,FMGOETZE,FMGOETZE,2017-03-31,2017-09-28,
NIFTY_500,FRETAIL,FRETAIL,2017-03-31,2017-10-29,
NIFTY_500,GHCL,GHCL,2017-03-31,2021-04-28,
NIFTY_500,GNFC,GNFC,2017-03-31,2025-09-29,
NIFTY_500,GUJALKALI,GUJALKALI,2017-03-31,2024-03-27,
NIFTY_500,ICICIPRULI,ICICIPRULI,2017-03-31,,
NIFTY_500,KNRCON,KNRCON,2017-03-31,2017-09-28,
NIFTY_500,LTI,LTM,2017-03-31,2022-12-29,
NIFTY_500,LTTS,LTTS,2017-03-31,,
NIFTY_500,MAXINDIA,MAXINDIA,2017-03-31,2019-12-26,
NIFTY_500,MGL,MGL,2017-03-31,,
NIFTY_500,MINDACORP,MINDACORP,2017-03-31,2022-03-30,
NIFTY_500,MINDAIND,UNOMINDA,2017-03-31,2022-08-07,
NIFTY_500,NAVNETEDUL,NAVNETEDUL,2017-03-31,2018-04-01,
NIFTY_500,NBVENTURES,NAVA,2017-03-31,2020-09-24,
NIFTY_500,PARAGMILK,PARAGMILK,2017-03-31,2020-06-25,
NIFTY_500,QUESS,QUESS,2017-03-31,2025-04-10,
NIFTY_500,RATNAMANI,RATNAMANI,2017-03-31,2017-09-28,
NIFTY_500,SHILPI,SHILPI,2017-03-31,2017-11-12,
NIFTY_500,STRTECH,STLTECH,2017-03-31,2020-11-01,
NIFTY_500,SUDARSCHEM,SUDARSCHEM,2017-03-31,2023-03-30,
NIFTY_500,TATAINVEST,TATAINVEST,2017-03-31,2021-09-29,
NIFTY_500,THYROCARE,THYROCARE,2017-03-31,2023-03-30,
NIFTY_500,LAURUSLABS,LAURUSLABS,2017-05-26,,
NIFTY_500,PNBHOUSING,PNBHOUSING,2017-05-26,,
NIFTY_500,VBL,VBL,2017-05-26,,
NIFTY_500,SFL,SFL,2017-06-23,2018-09-27,
NIFTY_500,BRFL,BRFL,2017-09-29,2018-09-27,
NIFTY_500,BRIGADE,BRIGADE,2017-09-29,,
NIFTY_500,BSE,BSE,2017-09-29,,
NIFTY_500,DMART,DMART,2017-09-29,,
NIFTY_500,FLFL,FLFL,2017-09-29,2020-06-25,
NIFTY_500,HERITGFOOD,HERITGFOOD,2017-09-29,2021-03-30,
NIFTY_500,IBVENTURES,DHANI,2017-09-29,2020-11-01,
NIFTY_500,IFBIND,IFBIND,2017-09-29,2023-09-28,
NIFTY_500,INGERRAND,INGERRAND,2017-09-29,2018-04-01,
NIFTY_500,ITDC,ITDC,2017-09-29,2020-09-24,
NIFTY_500,ITI,ITI,2017-09-29,,
NIFTY_500,JINDALSAW,JINDALSAW,2017-09-29,2022-03-30,
NIFTY_500,JPPOWER,JPPOWER,2017-09-29,2019-03-28,
NIFTY_500,JSL,JSL,2017-09-29,,
NIFTY_500,JSLHISAR,JSLHISAR,2017-09-29,2022-05-30,
NIFTY_500,LINDEINDIA,LINDEINDIA,2017-09-29,2018-04-01,
NIFTY_500,MFSL,MFSL,2017-09-29,,
NIFTY_500,NFL,NFL,2017-09-29,2022-03-30,
NIFTY_500,RNAVAL,RNAVAL,2017-09-29,2019-03-28,
NIFTY_500,RUPA,RUPA,2017-09-29,2019-09-26,
NIFTY_500,SHOPERSTOP,SHOPERSTOP,2017-09-29,2021-09-29,
NIFTY_500,SUPPETRO,SUPPETRO,2017-09-29,2018-04-01,
NIFTY_500,SUPRAJIT,SUPRAJIT,2017-09-29,2018-04-01,
NIFTY_500,TIMETECHNO,TIMETECHNO,2017-09-29,2020-09-24,
NIFTY_500,UNITEDBNK,UNITEDBNK,2017-09-29,2018-04-01,
NIFTY_500,VESUVIUS,VESUVIUS,2017-09-29,2018-04-01,
NIFTY_500,HUDCO,HUDCO,2017-10-30,,
NIFTY_500,AUBANK,AUBANK,2017-11-13,,
NIFTY_500,RELAXO,RELAXO,2017-11-13,2024-03-27,
NIFTY_500,STARCEMENT,STARCEMENT,2017-11-20,2022-03-30,
NIFTY_500,COCHINSHIP,COCHINSHIP,2018-02-05,,
NIFTY_500,HATSUN,HATSUN,2018-02-05,2023-03-30,
NIFTY_500,RELCAPITAL,RELCAPITAL,2018-02-05,2020-06-25,
NIFTY_500,TIFIN,CHOLAHLDNG,2018-02-05,2019-04-14,
NIFTY_500,ABCAPITAL,ABCAPITAL,2018-04-02,,
NIFTY_500,ASAHIINDIA,ASAHIINDIA,2018-04-02,2018-09-27,
NIFTY_500,CDSL,CDSL,2018-04-02,,
NIFTY_500,DCAL,DCAL,2018-04-02,2021-09-29,
NIFTY_500,DIXON,DIXON,2018-04-02,,
NIFTY_500,ERIS,ERIS,2018-04-02,2022-09-29,
NIFTY_500,GICRE,GICRE,2018-04-02,,
NIFTY_500,GODREJAGRO,GODREJAGRO,2018-04-02,2023-09-28,
NIFTY_500,GRAPHITE,GRAPHITE,2018-04-02,,
NIFTY_500,GRASIM,GRASIM,2018-04-02,,
NIFTY_500,HEG,HEGAM,2018-04-02,2026-09-29,
NIFTY_500,HONAUT,HONAUT,2018-04-02,,
NIFTY_500,HSCL,HSCL,2018-04-02,2021-09-29,
NIFTY_500,ICICIGI,ICICIGI,2018-04-02,,
NIFTY_500,IEX,IEX,2018-04-02,,
NIFTY_500,IIFL,IIFL,2018-04-02,2018-12-27,
NIFTY_500,KNRCON,KNRCON,2018-04-02,2025-09-29,
NIFTY_500,MASFIN,MASFIN,2018-04-02,2021-09-29,
NIFTY_500,NESCO,NESCO,2018-04-02,2022-09-29,
NIFTY_500,RHFL,RHFL,2018-04-02,2019-09-26,
NIFTY_500,SADBHIN,SADBHIN,2018-04-02,2019-03-28,
NIFTY_500,SBILIFE,SBILIFE,2018-04-02,,
NIFTY_500,SHANKARA,SHANKARA,2018-04-02,2019-09-26,
NIFTY_500,SIS,SIS,2018-04-02,2023-03-30,
NIFTY_500,SPTL,SPTL,2018-04-02,2019-09-26,
NIFTY_500,ASTERDM,ASTERDM,2018-06-29,,
NIFTY_500,FRETAIL,FRETAIL,2018-06-29,2022-03-30,
NIFTY_500,KIOCL,KIOCL,2018-06-29,2019-09-26,
NIFTY_500,PRSMJOHNSN,PRSMJOHNSN,2018-06-29,2024-09-29,
NIFTY_500,TIINDIA,TIINDIA,2018-06-29,,
NIFTY_500,BDL,BDL,2018-08-08,,
NIFTY_500,BANDHANBNK,BANDHANBNK,2018-09-28,,
NIFTY_500,ELGIEQUIP,ELGIEQUIP,2018-09-28,,
NIFTY_500,EXCELCROP,EXCELCROP,2018-09-28,2019-04-14,
NIFTY_500,FDC,FDC,2018-09-28,2024-09-29,
NIFTY_500,GALAXYSURF,GALAXYSURF,2018-09-28,2024-03-27,
NIFTY_500,GAYAPROJ,GAYAPROJ,2018-09-28,2020-06-25,
NIFTY_500,GRINDWELL,GRINDWELL,2018-09-28,2025-03-27,
NIFTY_500,HAL,HAL,2018-09-28,,
NIFTY_500,HDFCLIFE,HDFCLIFE,2018-09-28,,
NIFTY_500,ISEC,ISEC,2018-09-28,2025-03-20,
NIFTY_500,LEMONTREE,LEMONTREE,2018-09-28,2022-03-30,
NIFTY_500,LINDEINDIA,LINDEINDIA,2018-09-28,,
NIFTY_500,LUXIND,LUXIND,2018-09-28,2024-03-27,
NIFTY_500,MAHLOG,MAHLOG,2018-09-28,2023-09-28,
NIFTY_500,MONSANTO,MONSANTO,2018-09-28,2019-06-27,
NIFTY_500,NIACL,NIACL,2018-09-28,,
NIFTY_500,PHILIPCARB,PCBL,2018-09-28,2022-03-30,
NIFTY_500,RNAM,NAM-INDIA,2018-09-28,2020-03-18,
NIFTY_500,SHILPAMED,SHILPAMED,2018-09-28,2020-06-25,
NIFTY_500,STAR,STAR,2018-09-28,2022-09-29,
NIFTY_500,SUNDARMFIN,SUNDARMFIN,2018-09-28,,
NIFTY_500,TEAMLEASE,TEAMLEASE,2018-09-28,2024-03-27,
NIFTY_500,VENKEYS,VENKEYS,2018-09-28,2022-09-29,
NIFTY_500,VMART,VMART,2018-09-28,2024-03-27,
NIFTY_500,ZENSARTECH,ZENSARTECH,2018-09-28,,
NIFTY_500,ZYDUSWELL,ZYDUSWELL,2018-09-28,2024-03-27,
NIFTY_500,ADANIGREEN,ADANIGREEN,2018-12-28,,
NIFTY_500,FORTIS,FORTIS,2018-12-28,,
NIFTY_500,RITES,RITES,2018-12-28,,
NIFTY_500,SFL,SFL,2018-12-28,2023-03-30,
NIFTY_500,VARROC,VARROC,2018-12-28,2025-03-27,
NIFTY_500,BAJAJCON,BAJAJCON,2019-01-28,2022-03-30,
NIFTY_500,CORPBANK,CORPBANK,2019-01-28,2019-12-26,
NIFTY_500,CREDITACC,CREDITACC,2019-01-28,,
NIFTY_500,IDFCFIRSTB,IDFCFIRSTB,2019-01-28,,
NIFTY_500,AAVAS,AAVAS,2019-03-29,,
NIFTY_500,ASTRAZEN,ASTRAZEN,2019-03-29,2023-03-30,
NIFTY_500,CESC,CESC,2019-03-29,,
NIFTY_500,COX&KINGS,COX&KINGS,2019-03-29,2019-12-25,
NIFTY_500,DEEPAKNTR,DEEPAKNTR,2019-03-29,,
NIFTY_500,ESSELPACK,EPL,2019-03-29,2020-11-01,
NIFTY_500,FINEORG,FINEORG,2019-03-29,2025-03-27,
NIFTY_500,HDFCAMC,HDFCAMC,2019-03-29,,
NIFTY_500,IBULISL,YAARII,2019-03-29,2020-06-25,
NIFTY_500,ICRA,ICRA,2019-03-29,2021-03-30,
NIFTY_500,INDOSTAR,INDOSTAR,2019-03-29,2020-09-24,
NIFTY_500,IRCON,IRCON,2019-03-29,2022-09-29,
NIFTY_500,JAMNAAUTO,JAMNAAUTO,2019-03-29,2024-03-27,
NIFTY_500,JKPAPER,JKPAPER,2019-03-29,2024-09-29,
NIFTY_500,KEI,KEI,2019-03-29,,
NIFTY_500,KIRLOSENG,KIRLOSENG,2019-03-29,2020-06-25,
NIFTY_500,MAHABANK,MAHABANK,2019-03-29,,
NIFTY_500,MAHSCOOTER,MAHSCOOTER,2019-03-29,2021-09-29,
NIFTY_500,MAHSEAMLES,MAHSEAMLES,2019-03-29,2021-09-29,
NIFTY_500,ORIENTELEC,ORIENTELEC,2019-03-29,2024-03-27,
NIFTY_500,SHARDACROP,SHARDACROP,2019-03-29,2019-09-26,
NIFTY_500,SUPRAJIT,SUPRAJIT,2019-03-29,2024-03-27,
NIFTY_500,TCNSBRANDS,TCNSBRANDS,2019-03-29,2023-09-28,
NIFTY_500,TRITURBINE,TRITURBINE,2019-03-29,2019-09-26,
NIFTY_500,VSTIND,VSTIND,2019-03-29,2021-09-29,
NIFTY_500,CHOLAHLDNG,CHOLAHLDNG,2019-04-15,,
NIFTY_500,SUNCLAYLTD,SUNCLAYLTD,2019-04-15,2020-06-25,
NIFTY_500,CHALET,CHALET,2019-06-28,2020-06-25,
NIFTY_500,DALBHARAT,DALBHARAT,2019-06-28,,
NIFTY_500,VAIBHAVGBL,VAIBHAVGBL,2019-09-24,2024-09-29,
NIFTY_500,ABBOTINDIA,ABBOTINDIA,2019-09-27,,
NIFTY_500,ADANIGAS,ATGL,2019-09-27,2021-03-30,
NIFTY_500,AMBER,AMBER,2019-09-27,,
NIFTY_500,ARVINDFASN,ARVINDFASN,2019-09-27,2020-09-13,
NIFTY_500,BAYERCROP,BAYERCROP,2019-09-27,2026-09-29,
NIFTY_500,BSOFT,BSOFT,2019-09-27,,
NIFTY_500,CGCL,CGCL,2019-09-27,2022-03-30,
NIFTY_500,DEN,DEN,2019-09-27,2019-12-26,
NIFTY_500,FMGOETZE,FMGOETZE,2019-09-27,2020-06-25,
NIFTY_500,GARFIBRES,GARFIBRES,2019-09-27,2023-09-28,
NIFTY_500,IIFL,IIFL,2019-09-27,,
NIFTY_500,JCHAC,BOSCH-HCIL,2019-09-27,2022-03-30,
NIFTY_500,KPITTECH,KPITTECH,2019-09-27,2020-09-13,
NIFTY_500,MCX,MCX,2019-09-27,,
NIFTY_500,METROPOLIS,METROPOLIS,2019-09-27,2026-03-29,
NIFTY_500,NESTLEIND,NESTLEIND,2019-09-27,,
NIFTY_500,ORIENTREF,RHIM,2019-09-27,2021-09-29,
NIFTY_500,POLYCAB,POLYCAB,2019-09-27,,
NIFTY_500,RATNAMANI,RATNAMANI,2019-09-27,2025-03-27,
NIFTY_500,RVNL,RVNL,2019-09-27,,
NIFTY_500,TCIEXP,TCIEXP,2019-09-27,2023-09-28,
NIFTY_500,TECHNOE,TECHNOE,2019-09-27,2020-06-25,
NIFTY_500,AFFLE,AFFLE,2019-12-26,,
NIFTY_500,MIDHANI,MIDHANI,2019-12-26,2022-03-30,
NIFTY_500,RESPONIND,RESPONIND,2019-12-26,2020-06-25,
NIFTY_500,AARTIIND,AARTIIND,2019-12-27,2022-05-03,
NIFTY_500,ASAHIINDIA,ASAHIINDIA,2019-12-27,2020-09-13,
NIFTY_500,INDIAMART,INDIAMART,2019-12-27,,
NIFTY_500,KENNAMET,KENNAMET,2019-12-27,2020-06-25,
NIFTY_500,SPANDANA,SPANDANA,2019-12-27,2020-09-13,
NIFTY_500,SPICEJET,SPICEJET,2019-12-27,2022-09-29,
NIFTY_500,TASTYBITE,TASTYBITE,2019-12-27,2022-03-30,
NIFTY_500,TRITURBINE,TRITURBINE,2019-12-27,2020-06-25,
NIFTY_500,WESTLIFE,WESTLIFE,2019-12-27,2025-09-29,
NIFTY_500,TATASTLBSL,TATASTLBSL,2020-01-16,2021-04-28,
NIFTY_500,NAM-INDIA,NAM-INDIA,2020-03-19,,
NIFTY_500,SWSOLAR,SWSOLAR,2020-03-19,2025-09-29,
NIFTY_500,TATACONSUM,TATACONSUM,2020-03-19,,
NIFTY_500,ABB,ABB,2020-06-26,,
NIFTY_500,ALKYLAMINE,ALKYLAMINE,2020-06-26,2026-03-29,
NIFTY_500,BHARATRAS,BHARATRAS,2020-06-26,2022-03-30,
NIFTY_500,CENTURYTEX,ABREL,2020-06-26,2024-10-09,
NIFTY_500,CSBBANK,CSBBANK,2020-06-26,2024-09-29,
NIFTY_500,DHANUKA,DHANUKA,2020-06-26,2022-03-30,
NIFTY_500,ESABINDIA,ESABINDIA,2020-06-26,2021-03-30,
NIFTY_500,FLUOROCHEM,FLUOROCHEM,2020-06-26,,
NIFTY_500,GMMPFAUDLR,GMMPFAUDLR,2020-06-26,2024-09-29,
NIFTY_500,GRSE,GRSE,2020-06-26,2021-09-29,
NIFTY_500,HATHWAY,HATHWAY,2020-06-26,2021-03-30,
NIFTY_500,IIFLWAM,360ONE,2020-06-26,2023-02-16,
NIFTY_500,INDOCO,INDOCO,2020-06-26,2023-03-30,
NIFTY_500,INGERRAND,INGERRAND,2020-06-26,2022-03-30,
NIFTY_500,IRCTC,IRCTC,2020-06-26,,
NIFTY_500,KSB,KSB,2020-06-26,2022-03-30,
NIFTY_500,LAOPALA,LAOPALA,2020-06-26,2022-03-30,
NIFTY_500,POLYMED,POLYMED,2020-06-26,,
NIFTY_500,SCHNEIDER,SCHNEIDER,2020-06-26,2022-03-30,
NIFTY_500,SCI,SCI,2020-06-26,2022-12-29,
NIFTY_500,SEQUENT,VIYASH,2020-06-26,2022-09-29,
NIFTY_500,SUMICHEM,SUMICHEM,2020-06-26,,
NIFTY_500,TATACOMM,TATACOMM,2020-06-26,,
NIFTY_500,UJJIVANSFB,UJJIVANSFB,2020-06-26,2022-03-30,
NIFTY_500,VESUVIUS,VESUVIUS,2020-06-26,2020-09-24,
NIFTY_500,SBICARD,SBICARD,2020-07-31,,
NIFTY_500,COFORGE,COFORGE,2020-09-14,,
NIFTY_500,JTEKTINDIA,JTEKTINDIA,2020-09-14,2021-09-29,
NIFTY_500,NOCIL,NOCIL,2020-09-14,2023-09-28,
NIFTY_500,PSPPROJECT,PSPPROJECT,2020-09-14,2021-03-30,
NIFTY_500,SWARAJENG,SWARAJENG,2020-09-14,2021-03-30,
NIFTY_500,TATACOFFEE,TATACOFFEE,2020-09-14,2023-03-30,
NIFTY_500,AARTIDRUGS,AARTIDRUGS,2020-09-25,2024-03-27,
NIFTY_500,ADANIENT,ADANIENT,2020-09-25,,
NIFTY_500,ALEMBICLTD,ALEMBICLTD,2020-09-25,2022-03-30,
NIFTY_500,ALOKINDS,ALOKINDS,2020-09-25,2023-03-30,
NIFTY_500,CHALET,CHALET,2020-09-25,2026-09-29,
NIFTY_500,GAEL,GAEL,2020-09-25,2025-03-27,
NIFTY_500,IOLCP,IOLCP,2020-09-25,2022-03-30,
NIFTY_500,NAVNETEDUL,NAVNETEDUL,2020-09-25,2021-03-30,
NIFTY_500,PAPERPROD,HUHTAMAKI,2020-09-25,2021-03-30,
NIFTY_500,POLYPLEX,POLYPLEX,2020-09-25,2024-03-27,
NIFTY_500,POWERINDIA,POWERINDIA,2020-09-25,,
NIFTY_500,SHILPAMED,SHILPAMED,2020-09-25,2023-03-30,
NIFTY_500,SOLARA,SOLARA,2020-09-25,2022-09-29,
NIFTY_500,SUPPETRO,SUPPETRO,2020-09-25,2022-04-06,
NIFTY_500,SUVENPHAR,COHANCE,2020-09-25,2025-09-22,
NIFTY_500,TATACHEM,TATACHEM,2020-09-25,,
NIFTY_500,YESBANK,YESBANK,2020-09-25,,
NIFTY_500,DHANI,DHANI,2020-11-02,2023-03-30,
NIFTY_500,EPL,EPL,2020-11-02,2024-09-29,
NIFTY_500,NETWORK18,NETWORK18,2020-11-02,2025-09-29,
NIFTY_500,STLTECH,STLTECH,2020-11-02,2024-09-29,
NIFTY_500,MAHINDCIE,CIEINDIA,2020-11-25,2023-07-12,
NIFTY_500,ANGELBRKG,ANGELONE,2021-03-31,2022-03-30,
NIFTY_500,ASAHIINDIA,ASAHIINDIA,2021-03-31,,
NIFTY_500,ATGL,ATGL,2021-03-31,,
NIFTY_500,BALAMINES,BALAMINES,2021-03-31,2025-03-27,
NIFTY_500,CAMS,CAMS,2021-03-31,,
NIFTY_500,HAPPSTMNDS,HAPPSTMNDS,2021-03-31,2026-03-29,
NIFTY_500,HEMIPROP,HEMIPROP,2021-03-31,2022-09-29,
NIFTY_500,HUHTAMAKI,HUHTAMAKI,2021-03-31,2021-09-29,
NIFTY_500,ICIL,ICIL,2021-03-31,2022-09-29,
NIFTY_500,INDUSTOWER,INDUSTOWER,2021-03-31,,
NIFTY_500,INTELLECT,INTELLECT,2021-03-31,,
NIFTY_500,KPITTECH,KPITTECH,2021-03-31,,
NIFTY_500,KPRMILL,KPRMILL,2021-03-31,,
NIFTY_500,MAXHEALTH,MAXHEALTH,2021-03-31,,
NIFTY_500,MAZDOCK,MAZDOCK,2021-03-31,,
NIFTY_500,PRINCEPIPE,PRINCEPIPE,2021-03-31,2024-09-29,
NIFTY_500,RESPONIND,RESPONIND,2021-03-31,2021-09-29,
NIFTY_500,ROSSARI,ROSSARI,2021-03-31,2024-03-27,
NIFTY_500,ROUTE,ROUTE,2021-03-31,2025-09-29,
NIFTY_500,SHARDACROP,SHARDACROP,2021-03-31,2022-03-30,
NIFTY_500,SPANDANA,SPANDANA,2021-03-31,2022-03-30,
NIFTY_500,SUNCLAYLTD,SUNCLAYLTD,2021-03-31,2021-09-29,
NIFTY_500,TANLA,TANLA,2021-03-31,2025-09-29,
NIFTY_500,TRITURBINE,TRITURBINE,2021-03-31,,
NIFTY_500,UTIAMC,UTIAMC,2021-03-31,,
NIFTY_500,VALIANTORG,VALIANTORG,2021-03-31,2022-03-30,
NIFTY_500,VEDL,VEDL,2021-03-31,,
NIFTY_500,BURGERKING,RBA,2021-04-29,2022-03-30,
NIFTY_500,INFIBEAM,CCAVENUE,2021-04-29,2024-03-27,
NIFTY_500,GLAND,GLAND,2021-06-30,,
NIFTY_500,ANURAS,ANURAS,2021-09-30,2024-09-29,
NIFTY_500,CGPOWER,CGPOWER,2021-09-30,,
NIFTY_500,EQUITASBNK,EQUITASBNK,2021-09-30,2025-03-27,
NIFTY_500,FACT,FACT,2021-09-30,,
NIFTY_500,HATHWAY,HATHWAY,2021-09-30,2022-09-29,
NIFTY_500,HGS,HGS,2021-09-30,2023-09-28,
NIFTY_500,HIKAL,HIKAL,2021-09-30,2023-09-28,
NIFTY_500,HOMEFIRST,HOMEFIRST,2021-09-30,,
NIFTY_500,INDIGOPNTS,INDIGOPNTS,2021-09-30,2024-09-29,
NIFTY_500,IRFC,IRFC,2021-09-30,,
NIFTY_500,JUBLINGREA,JUBLINGREA,2021-09-30,,
NIFTY_500,JUBLPHARMA,JUBLPHARMA,2021-09-30,2026-09-29,
NIFTY_500,KALYANKJIL,KALYANKJIL,2021-09-30,,
NIFTY_500,LODHA,LODHA,2021-09-30,,
NIFTY_500,LXCHEM,LXCHEM,2021-09-30,2024-09-29,
NIFTY_500,MASTEK,MASTEK,2021-09-30,2025-09-29,
NIFTY_500,NAZARA,NAZARA,2021-09-30,2024-03-27,
NIFTY_500,POONAWALLA,POONAWALLA,2021-09-30,,
NIFTY_500,PRAJIND,PRAJIND,2021-09-30,2026-03-29,
NIFTY_500,RAILTEL,RAILTEL,2021-09-30,2022-09-29,
NIFTY_500,RHIM,RHIM,2021-09-30,,
NIFTY_500,TATASTLLP,TATASTLLP,2021-09-30,2022-09-29,
NIFTY_500,TTML,TTML,2021-09-30,,
NIFTY_500,SONACOMS,SONACOMS,2021-10-29,,
NIFTY_500,ABSLAMC,ABSLAMC,2022-03-31,2023-03-30,
NIFTY_500,ALLCARGO,ALLCARGO,2022-03-31,2022-12-29,
NIFTY_500,ANGELONE,ANGELONE,2022-03-31,,
NIFTY_500,APTUS,APTUS,2022-03-31,,
NIFTY_500,BCG,BCG,2022-03-31,2024-03-27,
NIFTY_500,BORORENEW,BORORENEW,2022-03-31,2024-09-29,
NIFTY_500,CHEMPLASTS,CHEMPLASTS,2022-03-31,2025-03-27,
NIFTY_500,CLEAN,CLEAN,2022-03-31,,
NIFTY_500,DEVYANI,DEVYANI,2022-03-31,,
NIFTY_500,EASEMYTRIP,EASEMYTRIP,2022-03-31,2025-03-27,
NIFTY_500,GLS,ALIVUS,2022-03-31,2022-09-29,
NIFTY_500,GOCOLORS,GOCOLORS,2022-03-31,2024-03-27,
NIFTY_500,GRINFRA,GRINFRA,2022-03-31,2024-03-27,
NIFTY_500,HLEGLAS,HLEGLAS,2022-03-31,2024-03-27,
NIFTY_500,KIMS,KIMS,2022-03-31,,
NIFTY_500,LATENTVIEW,LATENTVIEW,2022-03-31,2026-09-29,
NIFTY_500,MAPMYINDIA,MAPMYINDIA,2022-03-31,2026-09-29,
NIFTY_500,MEDPLUS,MEDPLUS,2022-03-31,2024-09-29,
NIFTY_500,METROBRAND,METROBRAND,2022-03-31,2025-03-27,
NIFTY_500,NUVOCO,NUVOCO,2022-03-31,2025-03-27,
NIFTY_500,NYKAA,NYKAA,2022-03-31,,
NIFTY_500,PAYTM,PAYTM,2022-03-31,,
NIFTY_500,PCBL,PCBL,2022-03-31,,
NIFTY_500,POLICYBZR,POLICYBZR,2022-03-31,,
NIFTY_500,PRIVISCL,PRIVISCL,2022-03-31,2023-03-30,
NIFTY_500,RBA,RBA,2022-03-31,2024-09-29,
NIFTY_500,RENUKA,RENUKA,2022-03-31,2025-09-29,
NIFTY_500,RTNINDIA,RTNINDIA,2022-03-31,2025-09-29,
NIFTY_500,SAPPHIRE,SAPPHIRE,2022-03-31,2026-09-29,
NIFTY_500,SAREGAMA,SAREGAMA,2022-03-31,2022-12-29,
NIFTY_500,SHYAMMETL,SHYAMMETL,2022-03-31,,
NIFTY_500,STARHEALTH,STARHEALTH,2022-03-31,,
NIFTY_500,TATAINVEST,TATAINVEST,2022-03-31,,
NIFTY_500,VIJAYA,VIJAYA,2022-03-31,,
NIFTY_500,ZOMATO,ETERNAL,2022-03-31,2025-04-10,
NIFTY_500,ZYDUSLIFE,ZYDUSLIFE,2022-03-31,,
NIFTY_500,MTARTECH,MTARTECH,2022-04-07,2024-09-29,
NIFTY_500,ZFCVINDIA,ZFCVINDIA,2022-04-07,,
NIFTY_500,CGCL,CGCL,2022-04-12,,
NIFTY_500,GMRINFRA,GMRAIRPORT,2022-05-04,2025-03-20,
NIFTY_500,TRIVENI,TRIVENI,2022-05-31,2026-03-29,
NIFTY_500,CAMPUS,CAMPUS,2022-08-08,2026-03-29,
NIFTY_500,DELHIVERY,DELHIVERY,2022-08-08,,
NIFTY_500,LICI,LICI,2022-08-08,,
NIFTY_500,UNOMINDA,UNOMINDA,2022-08-08,,
NIFTY_500,AETHER,AETHER,2022-09-30,2024-09-29,
NIFTY_500,AWL,AWL,2022-09-30,,
NIFTY_500,BHARATRAS,BHARATRAS,2022-09-30,2023-03-30,
NIFTY_500,DEEPAKFERT,DEEPAKFERT,2022-09-30,,
NIFTY_500,GREENPANEL,GREENPANEL,2022-09-30,2023-09-28,
NIFTY_500,JBMA,JBMA,2022-09-30,,
NIFTY_500,MAHLIFE,MAHLIFE,2022-09-30,2025-03-27,
NIFTY_500,MANYAVAR,MANYAVAR,2022-09-30,2026-03-29,
NIFTY_500,MOTHERSON,MOTHERSON,2022-09-30,,
NIFTY_500,MSUMI,MSUMI,2022-09-30,,
NIFTY_500,NIITLTD,NIITLTD,2022-09-30,2022-12-29,
NIFTY_500,OLECTRA,OLECTRA,2022-09-30,,
NIFTY_500,PATANJALI,PATANJALI,2022-09-30,,
NIFTY_500,RAYMOND,RAYMOND,2022-09-30,2025-09-29,
NIFTY_500,SHARDACROP,SHARDACROP,2022-09-30,2024-03-27,
NIFTY_500,SHOPERSTOP,SHOPERSTOP,2022-09-30,2024-03-27,
NIFTY_500,SWANENERGY,SWANCORP,2022-09-30,2025-09-22,
NIFTY_500,TCI,TCI,2022-09-30,2023-09-28,
NIFTY_500,TEJASNET,TEJASNET,2022-09-30,,
NIFTY_500,BEML,BEML,2022-12-30,,
NIFTY_500,LEMONTREE,LEMONTREE,2022-12-30,,
NIFTY_500,LTIM,LTM,2022-12-30,2026-03-29,
NIFTY_500,RAINBOW,RAINBOW,2022-12-30,,
NIFTY_500,SHRIRAMFIN,SHRIRAMFIN,2022-12-30,,
NIFTY_500,UCOBANK,UCOBANK,2022-12-30,,
NIFTY_500,360ONE,360ONE,2023-02-17,,
NIFTY_500,PPLPHARMA,PPLPHARMA,2023-02-17,,
NIFTY_500,AARTIIND,AARTIIND,2023-03-31,,
NIFTY_500,ACI,ACI,2023-03-31,2025-03-27,
NIFTY_500,ADANIPOWER,ADANIPOWER,2023-03-31,,
NIFTY_500,APARINDS,APARINDS,2023-03-31,,
NIFTY_500,BIKAJI,BIKAJI,2023-03-31,2026-09-29,
NIFTY_500,BLS,BLS,2023-03-31,,
NIFTY_500,CRAFTSMAN,CRAFTSMAN,2023-03-31,,
NIFTY_500,DATAPATTNS,DATAPATTNS,2023-03-31,,
NIFTY_500,FIVESTAR,FIVESTAR,2023-03-31,,
NIFTY_500,INGERRAND,INGERRAND,2023-03-31,2024-03-27,
NIFTY_500,JINDWORLD,JINDWORLD,2023-03-31,2023-09-28,
NIFTY_500,KENNAMET,KENNAMET,2023-03-31,2023-09-28,
NIFTY_500,KFINTECH,KFINTECH,2023-03-31,,
NIFTY_500,KSB,KSB,2023-03-31,2025-03-27,
NIFTY_500,MEDANTA,MEDANTA,2023-03-31,,
NIFTY_500,MFL,EPIGRAL,2023-03-31,2023-09-28,
NIFTY_500,NMDC,NMDC,2023-03-31,,
NIFTY_500,PEL,PIRAMALFIN,2023-03-31,2025-09-22,ALIAS_INFERRED_MERGER_SUCCESSOR;INFERRED_MERGER_SUCCESSOR
NIFTY_500,RUSTOMJEE,RUSTOMJEE,2023-03-31,2023-09-28,
NIFTY_500,TMB,TMB,2023-03-31,2023-09-28,
NIFTY_500,ERIS,ERIS,2023-04-28,2026-09-29,
NIFTY_500,NSLNISP,NSLNISP,2023-04-28,,
NIFTY_500,CIEINDIA,CIEINDIA,2023-07-13,2025-03-27,
NIFTY_500,MANKIND,MANKIND,2023-07-13,,
NIFTY_500,PVRINOX,PVRINOX,2023-07-13,,
NIFTY_500,ADANIENSOL,ADANIENSOL,2023-09-29,,
NIFTY_500,ALLCARGO,ALLCARGO,2023-09-29,2024-09-29,
NIFTY_500,ALOKINDS,ALOKINDS,2023-09-29,2026-03-29,
NIFTY_500,EPIGRAL,EPIGRAL,2023-09-29,2024-03-27,
NIFTY_500,GILLETTE,GILLETTE,2023-09-29,,
NIFTY_500,GLS,ALIVUS,2023-09-29,2024-09-29,
NIFTY_500,GPIL,GPIL,2023-09-29,,
NIFTY_500,IRCON,IRCON,2023-09-29,,
NIFTY_500,JINDALSAW,JINDALSAW,2023-09-29,,
NIFTY_500,KAYNES,KAYNES,2023-09-29,,
NIFTY_500,KIRLFER,KIRLFER,2023-09-29,2023-10-25,
NIFTY_500,MINDACORP,MINDACORP,2023-09-29,,
NIFTY_500,PGHL,PGHL,2023-09-29,2024-03-27,
NIFTY_500,SAFARI,SAFARI,2023-09-29,2024-09-29,
NIFTY_500,SAREGAMA,SAREGAMA,2023-09-29,2026-09-29,
NIFTY_500,SFL,SFL,2023-09-29,2024-03-27,
NIFTY_500,SYMPHONY,SYMPHONY,2023-09-29,2024-03-27,
NIFTY_500,SYRMA,SYRMA,2023-09-29,,
NIFTY_500,UJJIVANSFB,UJJIVANSFB,2023-09-29,2025-03-27,
NIFTY_500,USHAMART,USHAMART,2023-09-29,,
NIFTY_500,CONCORDBIO,CONCORDBIO,2023-10-26,,
NIFTY_500,ACE,ACE,2024-03-28,,
NIFTY_500,ANANDRATHI,ANANDRATHI,2024-03-28,,
NIFTY_500,ARE&M,ARE&M,2024-03-28,,
NIFTY_500,ASTRAZEN,ASTRAZEN,2024-03-28,2026-03-29,
NIFTY_500,CAPLIPOINT,CAPLIPOINT,2024-03-28,,
NIFTY_500,CELLO,CELLO,2024-03-28,2025-03-27,
NIFTY_500,CHENNPETRO,CHENNPETRO,2024-03-28,,
NIFTY_500,DOMS,DOMS,2024-03-28,,
NIFTY_500,ELECON,ELECON,2024-03-28,,
NIFTY_500,GMDCLTD,GMDCLTD,2024-03-28,,
NIFTY_500,GRSE,GRSE,2024-03-28,,
NIFTY_500,HAPPYFORGE,HAPPYFORGE,2024-03-28,2024-09-29,
NIFTY_500,HBLPOWER,HBLENGINE,2024-03-28,2025-03-20,
NIFTY_500,HONASA,HONASA,2024-03-28,,
NIFTY_500,HSCL,HSCL,2024-03-28,,
NIFTY_500,INOXWIND,INOXWIND,2024-03-28,,
NIFTY_500,J&KBANK,J&KBANK,2024-03-28,,
NIFTY_500,JAIBALAJI,JAIBALAJI,2024-03-28,2024-09-29,
NIFTY_500,JIOFIN,JIOFIN,2024-03-28,,
NIFTY_500,JSWINFRA,JSWINFRA,2024-03-28,,
NIFTY_500,JWL,JWL,2024-03-28,,
NIFTY_500,LLOYDSME,LLOYDSME,2024-03-28,,
NIFTY_500,MAHSEAMLES,MAHSEAMLES,2024-03-28,2026-03-29,
NIFTY_500,NUVAMA,NUVAMA,2024-03-28,,
NIFTY_500,RAILTEL,RAILTEL,2024-03-28,,
NIFTY_500,RKFORGE,RKFORGE,2024-03-28,,
NIFTY_500,RRKABEL,RRKABEL,2024-03-28,,
NIFTY_500,SBFC,SBFC,2024-03-28,2026-09-29,
NIFTY_500,SCHNEIDER,SCHNEIDER,2024-03-28,,
NIFTY_500,SIGNATURE,SIGNATURE,2024-03-28,,
NIFTY_500,TATATECH,TATATECH,2024-03-28,,
NIFTY_500,TITAGARH,TITAGARH,2024-03-28,,
NIFTY_500,TMB,TMB,2024-03-28,2024-09-29,
NIFTY_500,TVSSCS,TVSSCS,2024-03-28,2025-03-27,
NIFTY_500,WELSPUNLIV,WELSPUNLIV,2024-03-28,,
NIFTY_500,AEGISLOG,AEGISLOG,2024-08-30,,
NIFTY_500,LTF,LTF,2024-08-30,,
NIFTY_500,SAMMAANCAP,SAMMAANCAP,2024-08-30,,
NIFTY_500,UNITDSPR,UNITDSPR,2024-08-30,,
NIFTY_500,AADHARHFC,AADHARHFC,2024-09-30,,
NIFTY_500,ABSLAMC,ABSLAMC,2024-09-30,,
NIFTY_500,ANANTRAJ,ANANTRAJ,2024-09-30,,
NIFTY_500,BASF,BASF,2024-09-30,2026-03-29,
NIFTY_500,BHARTIHEXA,BHARTIHEXA,2024-09-30,,
NIFTY_500,DBREALTY,DBREALTY,2024-09-30,2026-03-29,
NIFTY_500,GET&D,GVT&D,2024-09-30,2025-03-20,
NIFTY_500,GODIGIT,GODIGIT,2024-09-30,2026-09-29,
NIFTY_500,GODREJAGRO,GODREJAGRO,2024-09-30,2026-03-29,
NIFTY_500,GRINFRA,GRINFRA,2024-09-30,2025-03-27,
NIFTY_500,IFCI,IFCI,2024-09-30,,
NIFTY_500,INDGN,INDGN,2024-09-30,2026-09-29,
NIFTY_500,INOXINDIA,INOXINDIA,2024-09-30,2026-03-29,
NIFTY_500,IREDA,IREDA,2024-09-30,,
NIFTY_500,JKTYRE,JKTYRE,2024-09-30,,
NIFTY_500,JPPOWER,JPPOWER,2024-09-30,,
NIFTY_500,JYOTICNC,JYOTICNC,2024-09-30,,
NIFTY_500,KIRLOSBROS,KIRLOSBROS,2024-09-30,2026-03-29,
NIFTY_500,KIRLOSENG,KIRLOSENG,2024-09-30,,
NIFTY_500,NETWEB,NETWEB,2024-09-30,,
NIFTY_500,NEWGEN,NEWGEN,2024-09-30,2026-09-29,
NIFTY_500,PFIZER,PFIZER,2024-09-30,2026-09-29,
NIFTY_500,PTCIL,PTCIL,2024-09-30,,
NIFTY_500,SCI,SCI,2024-09-30,,
NIFTY_500,TBOTEK,TBOTEK,2024-09-30,,
NIFTY_500,TECHNOE,TECHNOE,2024-09-30,,
NIFTY_500,VINATIORGA,VINATIORGA,2024-09-30,2025-03-27,
NIFTY_500,ABREL,ABREL,2024-10-10,,
NIFTY_500,EMCURE,EMCURE,2024-10-10,,
NIFTY_500,AKUMS,AKUMS,2024-10-16,2026-03-29,
NIFTY_500,GMRAIRPORT,GMRAIRPORT,2025-03-21,,
NIFTY_500,GVT&D,GVT&D,2025-03-21,,
NIFTY_500,HBLENGINE,HBLENGINE,2025-03-21,,
NIFTY_500,RAYMONDLSL,RAYMONDLSL,2025-03-21,2025-09-29,
NIFTY_500,ACMESOLAR,ACMESOLAR,2025-03-28,,
NIFTY_500,AFCONS,AFCONS,2025-03-28,,
NIFTY_500,AIIL,AIIL,2025-03-28,,
NIFTY_500,ALIVUS,ALIVUS,2025-03-28,2025-09-29,
NIFTY_500,BAJAJHFL,BAJAJHFL,2025-03-28,,
NIFTY_500,DCMSHRIRAM,DCMSHRIRAM,2025-03-28,2026-09-29,
NIFTY_500,FIRSTCRY,FIRSTCRY,2025-03-28,,
NIFTY_500,GRAVITA,GRAVITA,2025-03-28,,
NIFTY_500,HYUNDAI,HYUNDAI,2025-03-28,,
NIFTY_500,IGIL,IGIL,2025-03-28,,
NIFTY_500,IKS,IKS,2025-03-28,,
NIFTY_500,JSWHL,JSWHL,2025-03-28,2025-09-29,
NIFTY_500,LTFOODS,LTFOODS,2025-03-28,,
NIFTY_500,NAVA,NAVA,2025-03-28,,
NIFTY_500,NEULANDLAB,NEULANDLAB,2025-03-28,,
NIFTY_500,NIVABUPA,NIVABUPA,2025-03-28,2026-09-29,
NIFTY_500,NTPCGREEN,NTPCGREEN,2025-03-28,,
NIFTY_500,OLAELEC,OLAELEC,2025-03-28,,
NIFTY_500,PGEL,PGEL,2025-03-28,,
NIFTY_500,PREMIERENE,PREMIERENE,2025-03-28,,
NIFTY_500,RPOWER,RPOWER,2025-03-28,,
NIFTY_500,SAGILITY,SAGILITY,2025-03-28,,
NIFTY_500,SAILIFE,SAILIFE,2025-03-28,,
NIFTY_500,SARDAEN,SARDAEN,2025-03-28,,
NIFTY_500,SWIGGY,SWIGGY,2025-03-28,,
NIFTY_500,TARIL,TARIL,2025-03-28,,
NIFTY_500,VMM,VMM,2025-03-28,,
NIFTY_500,WAAREEENER,WAAREEENER,2025-03-28,,
NIFTY_500,WOCKPHARMA,WOCKPHARMA,2025-03-28,,
NIFTY_500,ZENTEC,ZENTEC,2025-03-28,,
NIFTY_500,ETERNAL,ETERNAL,2025-04-11,,
NIFTY_500,SUNDRMFAST,SUNDRMFAST,2025-04-11,2026-03-29,
NIFTY_500,COHANCE,COHANCE,2025-09-23,,
NIFTY_500,RELINFRA,RELINFRA,2025-09-23,2026-03-29,
NIFTY_500,SWANCORP,SWANCORP,2025-09-23,,
NIFTY_500,ABLBL,ABLBL,2025-09-30,2026-09-29,
NIFTY_500,AEGISVOPAK,AEGISVOPAK,2025-09-30,,
NIFTY_500,AGARWALEYE,AGARWALEYE,2025-09-30,2026-03-29,
NIFTY_500,AKZOINDIA,JSWDULUX,2025-09-30,2026-05-11,
NIFTY_500,ATHERENERG,ATHERENERG,2025-09-30,,
NIFTY_500,BLUEJET,BLUEJET,2025-09-30,2026-09-29,
NIFTY_500,CHOICEIN,CHOICEIN,2025-09-30,,
NIFTY_500,ENRIN,ENRIN,2025-09-30,,
NIFTY_500,FORCEMOT,FORCEMOT,2025-09-30,,
NIFTY_500,HEXT,HEXT,2025-09-30,,
NIFTY_500,ITCHOTELS,ITCHOTELS,2025-09-30,,
NIFTY_500,KSB,KSB,2025-09-30,2026-03-29,
NIFTY_500,MAHSCOOTER,MAHSCOOTER,2025-09-30,2026-03-29,
NIFTY_500,NUVOCO,NUVOCO,2025-09-30,,
NIFTY_500,ONESOURCE,ONESOURCE,2025-09-30,,
NIFTY_500,PGHH,PGHH,2025-09-30,2026-03-29,
NIFTY_500,THELEELA,THELEELA,2025-09-30,2026-09-29,
NIFTY_500,VENTIVE,VENTIVE,2025-09-30,2026-03-29,
NIFTY_500,JSWCEMENT,JSWCEMENT,2025-12-31,,
NIFTY_500,ABDL,ABDL,2026-03-30,,
NIFTY_500,ACUTAAS,ACUTAAS,2026-03-30,,
NIFTY_500,ANTHEM,ANTHEM,2026-03-30,,
NIFTY_500,ANURAS,ANURAS,2026-03-30,,
NIFTY_500,BELRISE,BELRISE,2026-03-30,,
NIFTY_500,CANHLIFE,CANHLIFE,2026-03-30,,
NIFTY_500,CARTRADE,CARTRADE,2026-03-30,,
NIFTY_500,CEMPRO,CEMPRO,2026-03-30,,
NIFTY_500,CPPLUS,CPPLUS,2026-03-30,,
NIFTY_500,EMMVEE,EMMVEE,2026-03-30,,
NIFTY_500,GABRIEL,GABRIEL,2026-03-30,,
NIFTY_500,GALLANTT,GALLANTT,2026-03-30,,
NIFTY_500,GROWW,GROWW,2026-03-30,,
NIFTY_500,HDBFS,HDBFS,2026-03-30,,
NIFTY_500,ICICIAMC,ICICIAMC,2026-03-30,,
NIFTY_500,JAINREC,JAINREC,2026-03-30,,
NIFTY_500,LENSKART,LENSKART,2026-03-30,,
NIFTY_500,LGEINDIA,LGEINDIA,2026-03-30,,
NIFTY_500,LTM,LTM,2026-03-30,,
NIFTY_500,MEESHO,MEESHO,2026-03-30,,
NIFTY_500,PARADEEP,PARADEEP,2026-03-30,,
NIFTY_500,PINELABS,PINELABS,2026-03-30,,
NIFTY_500,PIRAMALFIN,PIRAMALFIN,2026-03-30,,INFERRED_MERGER_SUCCESSOR
NIFTY_500,PWL,PWL,2026-03-30,,
NIFTY_500,SPLPETRO,SPLPETRO,2026-03-30,2026-09-29,
NIFTY_500,TATACAP,TATACAP,2026-03-30,,
NIFTY_500,TEGA,TEGA,2026-03-30,,
NIFTY_500,TENNIND,TENNIND,2026-03-30,,
NIFTY_500,TMCV,TMCV,2026-03-30,,
NIFTY_500,TRAVELFOOD,TRAVELFOOD,2026-03-30,2026-09-29,
NIFTY_500,URBANCO,URBANCO,2026-03-30,,
NIFTY_500,ZYDUSWELL,ZYDUSWELL,2026-03-30,,
NIFTY_500,CIEINDIA,CIEINDIA,2026-05-12,,
NIFTY_500,JSWDULUX,JSWDULUX,2026-05-12,2026-09-29,
NIFTY_500,PFOCUS,PFOCUS,2026-07-17,,
NIFTY_500,AETHER,AETHER,2026-09-30,,
NIFTY_500,AVANTIFEED,AVANTIFEED,2026-09-30,,
NIFTY_500,AZAD,AZAD,2026-09-30,,
NIFTY_500,BAGMANE,BAGMANE,2026-09-30,,
NIFTY_500,BBOX,BBOX,2026-09-30,,
NIFTY_500,BHARATCOAL,BHARATCOAL,2026-09-30,,
NIFTY_500,BIRET,BIRET,2026-09-30,,
NIFTY_500,CLEANMAX,CLEANMAX,2026-09-30,,
NIFTY_500,CMPDI,CMPDI,2026-09-30,,
NIFTY_500,CUPID,CUPID,2026-09-30,,
NIFTY_500,EMBASSY,EMBASSY,2026-09-30,,
NIFTY_500,FRACTAL,FRACTAL,2026-09-30,,
NIFTY_500,HEGAM,HEGAM,2026-09-30,,
NIFTY_500,INOXINDIA,INOXINDIA,2026-09-30,,
NIFTY_500,KIRLOSBROS,KIRLOSBROS,2026-09-30,,
NIFTY_500,KSB,KSB,2026-09-30,,
NIFTY_500,MTARTECH,MTARTECH,2026-09-30,,
NIFTY_500,PRIVISCL,PRIVISCL,2026-09-30,,
NIFTY_500,RUBICON,RUBICON,2026-09-30,,
NIFTY_500,SANSERA,SANSERA,2026-09-30,,
NIFTY_500,SHRIPISTON,SHRIPISTON,2026-09-30,,
NIFTY_500,STLTECH,STLTECH,2026-09-30,,
NIFTY_500,TDPOWERSYS,TDPOWERSYS,2026-09-30,,
NIFTY_500,THANGAMAYL,THANGAMAYL,2026-09-30,,
NIFTY_500,VAML,VAML,2026-09-30,,
NIFTY_500,VEDPOWER,VEDPOWER,2026-09-30,,
NIFTY_500,VISL,VISL,2026-09-30,,
NIFTY_500,VOGL,VOGL,2026-09-30,,
NIFTY_MICROCAP_250,ACCELYA,ACCELYA,2021-09-30,2024-09-29,
NIFTY_MICROCAP_250,ACE,ACE,2021-09-30,2024-03-27,
NIFTY_MICROCAP_250,ADFFOODS,ADFFOODS,2021-09-30,2022-09-29,
NIFTY_MICROCAP_250,ALLCARGO,ALLCARGO,2021-09-30,2022-03-30,
NIFTY_MICROCAP_250,AMRUTANJAN,AMRUTANJAN,2021-09-30,2023-03-30,
NIFTY_MICROCAP_250,ANANTRAJ,ANANTRAJ,2021-09-30,2024-09-29,
NIFTY_MICROCAP_250,ANDHRSUGAR,ANDHRSUGAR,2021-09-30,2023-09-28,
NIFTY_MICROCAP_250,APARINDS,APARINDS,2021-09-30,2023-03-30,
NIFTY_MICROCAP_250,APCOTEXIND,APCOTEXIND,2021-09-30,2024-03-27,
NIFTY_MICROCAP_250,ARVIND,ARVIND,2021-09-30,,
NIFTY_MICROCAP_250,ARVINDFASN,ARVINDFASN,2021-09-30,,
NIFTY_MICROCAP_250,ASHIANA,ASHIANA,2021-09-30,2022-09-29,
NIFTY_MICROCAP_250,ASTEC,ASTEC,2021-09-30,2024-03-27,
NIFTY_MICROCAP_250,ASTRAMICRO,ASTRAMICRO,2021-09-30,,
NIFTY_MICROCAP_250,ATFL,ATFL,2021-09-30,2022-03-30,
NIFTY_MICROCAP_250,AUTOAXLES,AUTOAXLES,2021-09-30,2024-03-27,
NIFTY_MICROCAP_250,BAJAJHIND,BAJAJHIND,2021-09-30,2025-09-29,
NIFTY_MICROCAP_250,BALMLAWRIE,BALMLAWRIE,2021-09-30,2025-03-27,
NIFTY_MICROCAP_250,BANCOINDIA,BANCOINDIA,2021-09-30,2022-03-30,
NIFTY_MICROCAP_250,BARBEQUE,BARBEQUE,2021-09-30,2024-09-29,
NIFTY_MICROCAP_250,BECTORFOOD,BECTORFOOD,2021-09-30,,
NIFTY_MICROCAP_250,BEPL,BEPL,2021-09-30,2025-09-29,
NIFTY_MICROCAP_250,BFINVEST,BFINVEST,2021-09-30,2022-03-30,
NIFTY_MICROCAP_250,BFUTILITIE,BFUTILITIE,2021-09-30,2023-09-28,
NIFTY_MICROCAP_250,BLISSGVS,BLISSGVS,2021-09-30,2022-03-30,
NIFTY_MICROCAP_250,BLS,BLS,2021-09-30,2023-03-30,
NIFTY_MICROCAP_250,BODALCHEM,BODALCHEM,2021-09-30,2022-03-30,
NIFTY_MICROCAP_250,BOMDYEING,BOMDYEING,2021-09-30,2025-09-29,
NIFTY_MICROCAP_250,BOROLTD,BOROLTD,2021-09-30,2023-03-30,
NIFTY_MICROCAP_250,BORORENEW,BORORENEW,2021-09-30,2022-03-30,
NIFTY_MICROCAP_250,CAMLINFINE,CAMLINFINE,2021-09-30,2024-09-29,
NIFTY_MICROCAP_250,CAPACITE,CAPACITE,2021-09-30,2022-03-30,
NIFTY_MICROCAP_250,CARERATING,CARERATING,2021-09-30,2024-09-29,
NIFTY_MICROCAP_250,CENTRUM,CENTRUM,2021-09-30,2022-09-29,
NIFTY_MICROCAP_250,CHEMCON,CHEMCON,2021-09-30,2022-09-29,
NIFTY_MICROCAP_250,CHENNPETRO,CHENNPETRO,2021-09-30,2024-03-27,
NIFTY_MICROCAP_250,CIGNITITEC,CIGNITITEC,2021-09-30,2026-05-14,
NIFTY_MICROCAP_250,CLNINDIA,CLNINDIA,2021-09-30,2022-03-30,
NIFTY_MICROCAP_250,CONFIPET,CONFIPET,2021-09-30,2025-03-27,
NIFTY_MICROCAP_250,COSMOFILMS,COSMOFIRST,2021-09-30,2022-09-29,
NIFTY_MICROCAP_250,CRAFTSMAN,CRAFTSMAN,2021-09-30,2023-03-30,
NIFTY_MICROCAP_250,DALMIASUG,DALMIASUG,2021-09-30,2024-09-29,
NIFTY_MICROCAP_250,DBCORP,DBCORP,2021-09-30,2022-09-29,
NIFTY_MICROCAP_250,DCAL,DCAL,2021-09-30,2026-03-29,
NIFTY_MICROCAP_250,DEEPAKFERT,DEEPAKFERT,2021-09-30,2022-09-29,
NIFTY_MICROCAP_250,DEN,DEN,2021-09-30,2025-03-27,
NIFTY_MICROCAP_250,DFMFOODS,DFMFOODS,2021-09-30,2023-02-16,
NIFTY_MICROCAP_250,DHAMPURSUG,DHAMPURSUG,2021-09-30,2022-03-30,
NIFTY_MICROCAP_250,DIAMONDYD,DIAMONDYD,2021-09-30,2022-09-29,
NIFTY_MICROCAP_250,DISHTV,DISHTV,2021-09-30,2025-03-27,
NIFTY_MICROCAP_250,DOLATALGO,DOLATALGO,2021-09-30,2023-03-30,
NIFTY_MICROCAP_250,DOLLAR,DOLLAR,2021-09-30,2024-03-27,
NIFTY_MICROCAP_250,DREDGECORP,DREDGECORP,2021-09-30,2022-03-30,
NIFTY_MICROCAP_250,EASEMYTRIP,EASEMYTRIP,2021-09-30,2022-03-30,
NIFTY_MICROCAP_250,ELECTCAST,ELECTCAST,2021-09-30,,
NIFTY_MICROCAP_250,ESABINDIA,ESABINDIA,2021-09-30,2024-03-27,
NIFTY_MICROCAP_250,EVEREADY,EVEREADY,2021-09-30,2025-03-27,
NIFTY_MICROCAP_250,EXCELINDUS,EXCELINDUS,2021-09-30,2022-03-30,
NIFTY_MICROCAP_250,FCONSUMER,FCONSUMER,2021-09-30,2022-09-29,
NIFTY_MICROCAP_250,FILATEX,FILATEX,2021-09-30,2023-09-28,
NIFTY_MICROCAP_250,FMGOETZE,FMGOETZE,2021-09-30,2022-03-30,
NIFTY_MICROCAP_250,FORCEMOT,FORCEMOT,2021-09-30,2023-10-25,
NIFTY_MICROCAP_250,GABRIEL,GABRIEL,2021-09-30,2026-03-29,
NIFTY_MICROCAP_250,GATI,ACLGATI,2021-09-30,2024-01-18,
NIFTY_MICROCAP_250,GDL,GDL,2021-09-30,2021-10-28,
NIFTY_MICROCAP_250,GENUSPOWER,GENUSPOWER,2021-09-30,2022-04-11,
NIFTY_MICROCAP_250,GEOJITFSL,GEOJITFSL,2021-09-30,2023-03-30,
NIFTY_MICROCAP_250,GEPIL,GVPIL,2021-09-30,2022-09-29,
NIFTY_MICROCAP_250,GET&D,GVT&D,2021-09-30,2022-09-29,
NIFTY_MICROCAP_250,GIPCL,GIPCL,2021-09-30,2022-03-30,
NIFTY_MICROCAP_250,GMBREW,GMBREW,2021-09-30,2022-03-30,
NIFTY_MICROCAP_250,GMDCLTD,GMDCLTD,2021-09-30,2024-03-27,
NIFTY_MICROCAP_250,GOODYEAR,GOODYEAR,2021-09-30,2023-10-25,
NIFTY_MICROCAP_250,GPIL,GPIL,2021-09-30,2023-09-28,
NIFTY_MICROCAP_250,GREENPANEL,GREENPANEL,2021-09-30,2022-09-29,
NIFTY_MICROCAP_250,GREENPLY,GREENPLY,2021-09-30,2025-09-29,
NIFTY_MICROCAP_250,GRSE,GRSE,2021-09-30,2024-03-27,
NIFTY_MICROCAP_250,GTPL,GTPL,2021-09-30,2022-09-29,
NIFTY_MICROCAP_250,GULFOILLUB,GULFOILLUB,2021-09-30,2023-03-30,
NIFTY_MICROCAP_250,HBLPOWER,HBLENGINE,2021-09-30,2024-03-27,
NIFTY_MICROCAP_250,HCC,HCC,2021-09-30,,
NIFTY_MICROCAP_250,HCG,HCG,2021-09-30,2024-03-27,
NIFTY_MICROCAP_250,HERANBA,HERANBA,2021-09-30,2023-09-28,
NIFTY_MICROCAP_250,HERITGFOOD,HERITGFOOD,2021-09-30,,
NIFTY_MICROCAP_250,HESTERBIO,HESTERBIO,2021-09-30,2022-09-29,
NIFTY_MICROCAP_250,HGINFRA,HGINFRA,2021-09-30,,
NIFTY_MICROCAP_250,HIL,HIL,2021-09-30,2024-03-27,
NIFTY_MICROCAP_250,HIMATSEIDE,HIMATSEIDE,2021-09-30,2023-03-30,
NIFTY_MICROCAP_250,HINDOILEXP,HINDOILEXP,2021-09-30,2025-03-27,
NIFTY_MICROCAP_250,HINDWAREAP,HINDWAREAP,2021-09-30,2025-03-27,
NIFTY_MICROCAP_250,HLEGLAS,HLEGLAS,2021-09-30,2022-03-30,
NIFTY_MICROCAP_250,HNDFDS,HNDFDS,2021-09-30,2022-03-30,
NIFTY_MICROCAP_250,HSCL,HSCL,2021-09-30,2024-03-27,
NIFTY_MICROCAP_250,HSIL,AGI,2021-09-30,2022-05-30,
NIFTY_MICROCAP_250,HUHTAMAKI,HUHTAMAKI,2021-09-30,2022-03-30,
NIFTY_MICROCAP_250,ICRA,ICRA,2021-09-30,2022-03-30,
NIFTY_MICROCAP_250,IFCI,IFCI,2021-09-30,2024-09-29,
NIFTY_MICROCAP_250,IGARASHI,IGARASHI,2021-09-30,2022-09-29,
NIFTY_MICROCAP_250,IGPL,IGPL,2021-09-30,2023-03-30,
NIFTY_MICROCAP_250,IIFLSEC,IIFLCAPS,2021-09-30,2023-03-30,
NIFTY_MICROCAP_250,IMFA,IMFA,2021-09-30,,
NIFTY_MICROCAP_250,INDIAGLYCO,INDIAGLYCO,2021-09-30,,
NIFTY_MICROCAP_250,INDIANHUME,INDIANHUME,2021-09-30,2022-03-30,
NIFTY_MICROCAP_250,INDOSTAR,INDOSTAR,2021-09-30,2023-03-30,
NIFTY_MICROCAP_250,INOXWIND,INOXWIND,2021-09-30,2024-03-27,
NIFTY_MICROCAP_250,INSECTICID,INSECTICID,2021-09-30,2022-03-30,
NIFTY_MICROCAP_250,ITDC,ITDC,2021-09-30,2022-03-30,
NIFTY_MICROCAP_250,ITDCEM,CEMPRO,2021-09-30,2022-03-30,
NIFTY_MICROCAP_250,J&KBANK,J&KBANK,2021-09-30,2024-03-27,
NIFTY_MICROCAP_250,JAGRAN,JAGRAN,2021-09-30,2022-03-30,
NIFTY_MICROCAP_250,JAICORPLTD,JAICORPLTD,2021-09-30,2025-09-29,
NIFTY_MICROCAP_250,JBMA,JBMA,2021-09-30,2022-09-29,
NIFTY_MICROCAP_250,JINDALPOLY,JINDALPOLY,2021-09-30,2024-03-27,
NIFTY_MICROCAP_250,JINDWORLD,JINDWORLD,2021-09-30,2023-03-30,
NIFTY_MICROCAP_250,JKIL,JKIL,2021-09-30,2022-03-30,
NIFTY_MICROCAP_250,JMCPROJECT,JMCPROJECT,2021-09-30,2022-09-29,
NIFTY_MICROCAP_250,JPASSOCIAT,JPASSOCIAT,2021-09-30,2024-09-29,
NIFTY_MICROCAP_250,JPPOWER,JPPOWER,2021-09-30,2024-09-29,
NIFTY_MICROCAP_250,JSWISPL,JSWISPL,2021-09-30,2023-03-30,
NIFTY_MICROCAP_250,JTEKTINDIA,JTEKTINDIA,2021-09-30,2022-09-29,
NIFTY_MICROCAP_250,KCP,KCP,2021-09-30,2023-09-28,
NIFTY_MICROCAP_250,KIRIINDUS,KIRIINDUS,2021-09-30,2024-03-27,
NIFTY_MICROCAP_250,KIRLFER,KIRLFER,2021-09-30,2023-09-28,
NIFTY_MICROCAP_250,KIRLOSBROS,KIRLOSBROS,2021-09-30,2022-03-30,
NIFTY_MICROCAP_250,KIRLOSENG,KIRLOSENG,2021-09-30,2024-09-29,
NIFTY_MICROCAP_250,KOLTEPATIL,KOLTEPATIL,2021-09-30,2025-03-27,
NIFTY_MICROCAP_250,KSL,KSL,2021-09-30,2022-09-29,
NIFTY_MICROCAP_250,KTKBANK,KTKBANK,2021-09-30,,
NIFTY_MICROCAP_250,LGBBROSLTD,LGBBROSLTD,2021-09-30,2024-09-29,
NIFTY_MICROCAP_250,LTFOODS,LTFOODS,2021-09-30,2025-03-27,
NIFTY_MICROCAP_250,LUMAXTECH,LUMAXTECH,2021-09-30,2022-03-30,
NIFTY_MICROCAP_250,MAHLIFE,MAHLIFE,2021-09-30,2022-09-29,
NIFTY_MICROCAP_250,MAHSCOOTER,MAHSCOOTER,2021-09-30,2023-09-28,
NIFTY_MICROCAP_250,MAHSEAMLES,MAHSEAMLES,2021-09-30,2024-03-27,
NIFTY_MICROCAP_250,MAITHANALL,MAITHANALL,2021-09-30,2025-03-27,
NIFTY_MICROCAP_250,MANINFRA,MANINFRA,2021-09-30,2026-03-29,
NIFTY_MICROCAP_250,MARKSANS,MARKSANS,2021-09-30,,
NIFTY_MICROCAP_250,MASFIN,MASFIN,2021-09-30,2024-09-29,
NIFTY_MICROCAP_250,MATRIMONY,MATRIMONY,2021-09-30,2023-03-30,
NIFTY_MICROCAP_250,MAYURUNIQ,MAYURUNIQ,2021-09-30,2024-03-27,
NIFTY_MICROCAP_250,MOLDTKPAC,MOLDTKPAC,2021-09-30,2024-03-27,
NIFTY_MICROCAP_250,MOREPENLAB,MOREPENLAB,2021-09-30,2023-09-28,
NIFTY_MICROCAP_250,MSTCLTD,MSTCLTD,2021-09-30,,
NIFTY_MICROCAP_250,MTARTECH,MTARTECH,2021-09-30,2022-04-06,
NIFTY_MICROCAP_250,MTNL,MTNL,2021-09-30,2022-03-30,
NIFTY_MICROCAP_250,NAVNETEDUL,NAVNETEDUL,2021-09-30,2024-09-29,
NIFTY_MICROCAP_250,NBVENTURES,NAVA,2021-09-30,2022-09-29,
NIFTY_MICROCAP_250,NEOGEN,NEOGEN,2021-09-30,2024-03-27,
NIFTY_MICROCAP_250,NEULANDLAB,NEULANDLAB,2021-09-30,2025-03-27,
NIFTY_MICROCAP_250,NEWGEN,NEWGEN,2021-09-30,2024-09-29,
NIFTY_MICROCAP_250,NIITLTD,NIITLTD,2021-09-30,2022-09-29,
NIFTY_MICROCAP_250,NOVARTIND,NOVARTIND,2021-09-30,2022-03-30,
NIFTY_MICROCAP_250,NRBBEARING,NRBBEARING,2021-09-30,2025-03-27,
NIFTY_MICROCAP_250,NUCLEUS,NUCLEUS,2021-09-30,2022-09-29,
NIFTY_MICROCAP_250,OAL,OAL,2021-09-30,2022-03-30,
NIFTY_MICROCAP_250,OCCL,OCCL,2021-09-30,2022-03-30,
NIFTY_MICROCAP_250,OLECTRA,OLECTRA,2021-09-30,2022-09-29,
NIFTY_MICROCAP_250,ORIENTCEM,ORIENTCEM,2021-09-30,2026-09-29,
NIFTY_MICROCAP_250,ORISSAMINE,ORISSAMINE,2021-09-30,2023-03-30,
NIFTY_MICROCAP_250,PAISALO,PAISALO,2021-09-30,2025-09-29,
NIFTY_MICROCAP_250,PANACEABIO,PANACEABIO,2021-09-30,2022-09-29,
NIFTY_MICROCAP_250,PARAGMILK,PARAGMILK,2021-09-30,2022-03-30,
NIFTY_MICROCAP_250,PCJEWELLER,PCJEWELLER,2021-09-30,2022-03-30,
NIFTY_MICROCAP_250,PFS,PFS,2021-09-30,2022-03-30,
NIFTY_MICROCAP_250,PILANIINVS,PILANIINVS,2021-09-30,2022-09-29,
NIFTY_MICROCAP_250,PNBGILTS,PNBGILTS,2021-09-30,2022-03-30,
NIFTY_MICROCAP_250,PRAKASH,PRAKASH,2021-09-30,2022-03-30,
NIFTY_MICROCAP_250,PRIVISCL,PRIVISCL,2021-09-30,2022-03-30,
NIFTY_MICROCAP_250,PSB,PSB,2021-09-30,2022-03-30,
NIFTY_MICROCAP_250,PSPPROJECT,PSPPROJECT,2021-09-30,2024-09-29,
NIFTY_MICROCAP_250,PTC,PTC,2021-09-30,2022-10-24,
NIFTY_MICROCAP_250,PUNJABCHEM,PUNJABCHEM,2021-09-30,2022-09-29,
NIFTY_MICROCAP_250,PURVA,PURVA,2021-09-30,2022-09-29,
NIFTY_MICROCAP_250,QUICKHEAL,QUICKHEAL,2021-09-30,2022-03-30,
NIFTY_MICROCAP_250,RAMCOIND,RAMCOIND,2021-09-30,2022-09-29,
NIFTY_MICROCAP_250,RAMCOSYS,RAMCOSYS,2021-09-30,2022-03-30,
NIFTY_MICROCAP_250,RANEHOLDIN,RANEHOLDIN,2021-09-30,2022-03-30,
NIFTY_MICROCAP_250,RAYMOND,RAYMOND,2021-09-30,2022-09-29,
NIFTY_MICROCAP_250,RELIGARE,RELIGARE,2021-09-30,,
NIFTY_MICROCAP_250,RELINFRA,RELINFRA,2021-09-30,2025-09-22,
NIFTY_MICROCAP_250,RENUKA,RENUKA,2021-09-30,2022-03-30,
NIFTY_MICROCAP_250,REPCOHOME,REPCOHOME,2021-09-30,2022-09-29,
NIFTY_MICROCAP_250,RKFORGE,RKFORGE,2021-09-30,2024-03-27,
NIFTY_MICROCAP_250,RPOWER,RPOWER,2021-09-30,2024-09-29,
NIFTY_MICROCAP_250,RPSGVENT,RPSGVENT,2021-09-30,2023-03-30,
NIFTY_MICROCAP_250,RSYSTEMS,RSYSTEMS,2021-09-30,2022-09-29,
NIFTY_MICROCAP_250,RTNINDIA,RTNINDIA,2021-09-30,2022-03-30,
NIFTY_MICROCAP_250,RTNPOWER,RTNPOWER,2021-09-30,2024-09-29,
NIFTY_MICROCAP_250,RUPA,RUPA,2021-09-30,2024-03-27,
NIFTY_MICROCAP_250,SADBHAV,SADBHAV,2021-09-30,2022-03-30,
NIFTY_MICROCAP_250,SAGCEM,SAGCEM,2021-09-30,2023-09-28,
NIFTY_MICROCAP_250,SANDHAR,SANDHAR,2021-09-30,2022-09-29,
NIFTY_MICROCAP_250,SANGHIIND,SANGHIIND,2021-09-30,2022-09-29,
NIFTY_MICROCAP_250,SARDAEN,SARDAEN,2021-09-30,2025-03-27,
NIFTY_MICROCAP_250,SAREGAMA,SAREGAMA,2021-09-30,2022-03-30,
NIFTY_MICROCAP_250,SASKEN,SASKEN,2021-09-30,2022-09-29,
NIFTY_MICROCAP_250,SATIA,SATIA,2021-09-30,2022-03-30,
NIFTY_MICROCAP_250,SEAMECLTD,SEAMECLTD,2021-09-30,2023-03-30,
NIFTY_MICROCAP_250,SESHAPAPER,SESHAPAPER,2021-09-30,2022-03-30,
NIFTY_MICROCAP_250,SHALBY,SHALBY,2021-09-30,2022-09-29,
NIFTY_MICROCAP_250,SHANKARA,SHANKARA,2021-09-30,2022-03-30,
NIFTY_MICROCAP_250,SHANTIGEAR,SHANTIGEAR,2021-09-30,2022-03-30,
NIFTY_MICROCAP_250,SHARDAMOTR,SHARDAMOTR,2021-09-30,2022-03-30,
NIFTY_MICROCAP_250,SHK,SHK,2021-09-30,2023-03-30,
NIFTY_MICROCAP_250,SHOPERSTOP,SHOPERSTOP,2021-09-30,2022-09-29,
NIFTY_MICROCAP_250,SIYSIL,SIYSIL,2021-09-30,2024-03-27,
NIFTY_MICROCAP_250,SMSPHARMA,SMSPHARMA,2021-09-30,2022-03-30,
NIFTY_MICROCAP_250,SNOWMAN,SNOWMAN,2021-09-30,2022-03-30,
NIFTY_MICROCAP_250,SOMANYCERA,SOMANYCERA,2021-09-30,2024-03-27,
NIFTY_MICROCAP_250,SOTL,SOTL,2021-09-30,2022-09-29,
NIFTY_MICROCAP_250,SOUTHBANK,SOUTHBANK,2021-09-30,,
NIFTY_MICROCAP_250,SSWL,SSWL,2021-09-30,2025-03-27,
NIFTY_MICROCAP_250,STOVEKRAFT,STOVEKRAFT,2021-09-30,2023-09-28,
NIFTY_MICROCAP_250,STYRENIX,STYRENIX,2021-09-30,2024-03-27,
NIFTY_MICROCAP_250,SUBEXLTD,SUBEXLTD,2021-09-30,2024-03-27,
NIFTY_MICROCAP_250,SUBROS,SUBROS,2021-09-30,2022-09-29,
NIFTY_MICROCAP_250,SUNCLAYLTD,SUNCLAYLTD,2021-09-30,2022-12-29,
NIFTY_MICROCAP_250,SUNFLAG,SUNFLAG,2021-09-30,2022-03-30,
NIFTY_MICROCAP_250,SURYAROSNI,SURYAROSNI,2021-09-30,,
NIFTY_MICROCAP_250,SURYODAY,SURYODAY,2021-09-30,2023-03-30,
NIFTY_MICROCAP_250,SWANENERGY,SWANCORP,2021-09-30,2022-09-29,
NIFTY_MICROCAP_250,SWARAJENG,SWARAJENG,2021-09-30,2022-09-29,
NIFTY_MICROCAP_250,TAKE,TAKE,2021-09-30,2022-03-30,
NIFTY_MICROCAP_250,TATAINVEST,TATAINVEST,2021-09-30,2022-03-30,
NIFTY_MICROCAP_250,TATAMETALI,TATAMETALI,2021-09-30,2024-02-05,
NIFTY_MICROCAP_250,TCI,TCI,2021-09-30,2022-09-29,
NIFTY_MICROCAP_250,TECHNOE,TECHNOE,2021-09-30,2024-09-29,
NIFTY_MICROCAP_250,TEJASNET,TEJASNET,2021-09-30,2022-09-29,
NIFTY_MICROCAP_250,THOMASCOOK,THOMASCOOK,2021-09-30,,
NIFTY_MICROCAP_250,TIMETECHNO,TIMETECHNO,2021-09-30,,
NIFTY_MICROCAP_250,TINPLATE,TINPLATE,2021-09-30,2024-01-18,
NIFTY_MICROCAP_250,TIRUMALCHM,TIRUMALCHM,2021-09-30,2025-09-29,
NIFTY_MICROCAP_250,TNPL,TNPL,2021-09-30,2022-03-30,
NIFTY_MICROCAP_250,TRIVENI,TRIVENI,2021-09-30,2022-05-30,
NIFTY_MICROCAP_250,TVSSRICHAK,TVSSRICHAK,2021-09-30,2022-09-29,
NIFTY_MICROCAP_250,TVTODAY,TVTODAY,2021-09-30,2023-09-28,
NIFTY_MICROCAP_250,UNICHEMLAB,UNICHEMLAB,2021-09-30,2022-09-29,
NIFTY_MICROCAP_250,USHAMART,USHAMART,2021-09-30,2023-09-28,
NIFTY_MICROCAP_250,VEEDOL,VEEDOL,2021-09-30,2025-03-27,
NIFTY_MICROCAP_250,VESUVIUS,VESUVIUS,2021-09-30,2022-03-30,
NIFTY_MICROCAP_250,VINDHYATEL,VINDHYATEL,2021-09-30,2022-03-30,
NIFTY_MICROCAP_250,VOLTAMP,VOLTAMP,2021-09-30,,
NIFTY_MICROCAP_250,VRLLOG,VRLLOG,2021-09-30,2024-09-29,
NIFTY_MICROCAP_250,VSTIND,VSTIND,2021-09-30,2023-09-28,
NIFTY_MICROCAP_250,VSTTILLERS,VSTTILLERS,2021-09-30,2024-09-29,
NIFTY_MICROCAP_250,WABAG,WABAG,2021-09-30,,
NIFTY_MICROCAP_250,WELENT,WELENT,2021-09-30,,
NIFTY_MICROCAP_250,WHEELS,WHEELS,2021-09-30,2022-03-30,
NIFTY_MICROCAP_250,WONDERLA,WONDERLA,2021-09-30,2022-03-30,
NIFTY_MICROCAP_250,WSTCSTPAPR,WSTCSTPAPR,2021-09-30,2025-03-27,
NIFTY_MICROCAP_250,ISGEC,ISGEC,2021-10-29,2026-03-29,
NIFTY_MICROCAP_250,AHLUCONT,AHLUCONT,2022-03-31,2023-03-30,
NIFTY_MICROCAP_250,ALEMBICLTD,ALEMBICLTD,2022-03-31,2023-03-30,
NIFTY_MICROCAP_250,AMIORG,ACUTAAS,2022-03-31,2025-09-22,
NIFTY_MICROCAP_250,ANANDRATHI,ANANDRATHI,2022-03-31,2024-03-27,
NIFTY_MICROCAP_250,APOLLOPIPE,APOLLOPIPE,2022-03-31,2024-03-27,
NIFTY_MICROCAP_250,ASHOKA,ASHOKA,2022-03-31,,
NIFTY_MICROCAP_250,BAJAJCON,BAJAJCON,2022-03-31,2025-03-27,
NIFTY_MICROCAP_250,BESTAGRO,BESTAGRO,2022-03-31,2023-04-27,
NIFTY_MICROCAP_250,BHARATRAS,BHARATRAS,2022-03-31,2022-09-29,
NIFTY_MICROCAP_250,CARTRADE,CARTRADE,2022-03-31,2026-03-29,
NIFTY_MICROCAP_250,CGCL,CGCL,2022-03-31,2022-04-11,
NIFTY_MICROCAP_250,CMSINFO,CMSINFO,2022-03-31,,
NIFTY_MICROCAP_250,DATAPATTNS,DATAPATTNS,2022-03-31,2023-03-30,
NIFTY_MICROCAP_250,DCBBANK,DCBBANK,2022-03-31,,
NIFTY_MICROCAP_250,DHANUKA,DHANUKA,2022-03-31,2023-03-30,
NIFTY_MICROCAP_250,DODLA,DODLA,2022-03-31,2022-09-29,
NIFTY_MICROCAP_250,FAIRCHEMOR,FAIRCHEMOR,2022-03-31,2023-09-28,
NIFTY_MICROCAP_250,FINOPB,FINOPB,2022-03-31,2024-03-27,
NIFTY_MICROCAP_250,FRETAIL,FRETAIL,2022-03-31,2022-10-24,
NIFTY_MICROCAP_250,GHCL,GHCL,2022-03-31,2022-09-29,
NIFTY_MICROCAP_250,GLOBUSSPR,GLOBUSSPR,2022-03-31,2024-09-29,
NIFTY_MICROCAP_250,GREAVESCOT,GREAVESCOT,2022-03-31,,
NIFTY_MICROCAP_250,GREENLAM,GREENLAM,2022-03-31,2022-09-29,
NIFTY_MICROCAP_250,GTLINFRA,GTLINFRA,2022-03-31,2023-09-28,
NIFTY_MICROCAP_250,HEIDELBERG,HEIDELBERG,2022-03-31,2025-09-29,
NIFTY_MICROCAP_250,INGERRAND,INGERRAND,2022-03-31,2023-03-30,
NIFTY_MICROCAP_250,IOLCP,IOLCP,2022-03-31,2024-09-29,
NIFTY_MICROCAP_250,IPL,IPL,2022-03-31,2023-09-28,
NIFTY_MICROCAP_250,JCHAC,BOSCH-HCIL,2022-03-31,2023-03-30,
NIFTY_MICROCAP_250,JINDALSAW,JINDALSAW,2022-03-31,2023-09-28,
NIFTY_MICROCAP_250,JKTYRE,JKTYRE,2022-03-31,2024-09-29,
NIFTY_MICROCAP_250,KENNAMET,KENNAMET,2022-03-31,2023-03-30,
NIFTY_MICROCAP_250,KRSNAA,KRSNAA,2022-03-31,2024-09-29,
NIFTY_MICROCAP_250,KSB,KSB,2022-03-31,2023-03-30,
NIFTY_MICROCAP_250,KSCL,KSCL,2022-03-31,,
NIFTY_MICROCAP_250,LAOPALA,LAOPALA,2022-03-31,2024-09-29,
NIFTY_MICROCAP_250,LEMONTREE,LEMONTREE,2022-03-31,2022-12-29,
NIFTY_MICROCAP_250,MFL,EPIGRAL,2022-03-31,2023-03-30,
NIFTY_MICROCAP_250,MIDHANI,MIDHANI,2022-03-31,,
NIFTY_MICROCAP_250,MINDACORP,MINDACORP,2022-03-31,2023-09-28,
NIFTY_MICROCAP_250,MOL,MOL,2022-03-31,2024-03-27,
NIFTY_MICROCAP_250,NFL,NFL,2022-03-31,,
NIFTY_MICROCAP_250,NILKAMAL,NILKAMAL,2022-03-31,2022-09-29,
NIFTY_MICROCAP_250,OPTIEMUS,OPTIEMUS,2022-03-31,2026-09-29,
NIFTY_MICROCAP_250,PARAS,PARAS,2022-03-31,,
NIFTY_MICROCAP_250,RATEGAIN,RATEGAIN,2022-03-31,,
NIFTY_MICROCAP_250,RESPONIND,RESPONIND,2022-03-31,2023-03-30,
NIFTY_MICROCAP_250,ROLEXRINGS,ROLEXRINGS,2022-03-31,2024-03-27,
NIFTY_MICROCAP_250,SANSERA,SANSERA,2022-03-31,2026-09-29,
NIFTY_MICROCAP_250,SCHNEIDER,SCHNEIDER,2022-03-31,2024-03-27,
NIFTY_MICROCAP_250,SHARDACROP,SHARDACROP,2022-03-31,2022-09-29,
NIFTY_MICROCAP_250,SHAREINDIA,SHAREINDIA,2022-03-31,,
NIFTY_MICROCAP_250,SPANDANA,SPANDANA,2022-03-31,2025-09-29,
NIFTY_MICROCAP_250,STARCEMENT,STARCEMENT,2022-03-31,2022-09-29,
NIFTY_MICROCAP_250,SUPRIYA,SUPRIYA,2022-03-31,,
NIFTY_MICROCAP_250,TARSONS,TARSONS,2022-03-31,2024-09-29,
NIFTY_MICROCAP_250,TASTYBITE,TASTYBITE,2022-03-31,2023-03-30,
NIFTY_MICROCAP_250,TATVA,TATVA,2022-03-31,2024-03-27,
NIFTY_MICROCAP_250,TEGA,TEGA,2022-03-31,2026-03-29,
NIFTY_MICROCAP_250,UJJIVANSFB,UJJIVANSFB,2022-03-31,2023-09-28,
NIFTY_MICROCAP_250,VALIANTORG,VALIANTORG,2022-03-31,2023-09-28,
NIFTY_MICROCAP_250,JISLJALEQS,JISLJALEQS,2022-04-07,2026-03-29,
NIFTY_MICROCAP_250,AKZOINDIA,JSWDULUX,2022-04-12,2023-09-28,
NIFTY_MICROCAP_250,IONEXCHANG,IONEXCHANG,2022-04-12,,
NIFTY_MICROCAP_250,AGI,AGI,2022-05-31,2026-03-29,
NIFTY_MICROCAP_250,GATEWAY,GATEWAY,2022-05-31,2026-03-29,
NIFTY_MICROCAP_250,ACRYSIL,CARYSIL,2022-09-30,2022-12-29,
NIFTY_MICROCAP_250,ADVENZYMES,ADVENZYMES,2022-09-30,,
NIFTY_MICROCAP_250,BUTTERFLY,BUTTERFLY,2022-09-30,2023-09-28,
NIFTY_MICROCAP_250,CHOICEIN,CHOICEIN,2022-09-30,2023-03-30,
NIFTY_MICROCAP_250,COSMOFIRST,COSMOFIRST,2022-09-30,2024-03-27,
NIFTY_MICROCAP_250,DATAMATICS,DATAMATICS,2022-09-30,,
NIFTY_MICROCAP_250,DBREALTY,DBREALTY,2022-09-30,2024-09-29,
NIFTY_MICROCAP_250,DWARKESH,DWARKESH,2022-09-30,2024-03-27,
NIFTY_MICROCAP_250,EKC,EKC,2022-09-30,2023-03-30,
NIFTY_MICROCAP_250,ELECON,ELECON,2022-09-30,2024-03-27,
NIFTY_MICROCAP_250,EMUDHRA,EMUDHRA,2022-09-30,2026-03-29,
NIFTY_MICROCAP_250,ETHOSLTD,ETHOSLTD,2022-09-30,2026-09-29,
NIFTY_MICROCAP_250,FCL,FCL,2022-09-30,2025-09-29,
NIFTY_MICROCAP_250,GANESHHOUC,GANESHHOU,2022-09-30,2023-03-30,
NIFTY_MICROCAP_250,GLS,ALIVUS,2022-09-30,2023-09-28,
NIFTY_MICROCAP_250,GOKEX,GOKEX,2022-09-30,,
NIFTY_MICROCAP_250,GRAVITA,GRAVITA,2022-09-30,2025-03-27,
NIFTY_MICROCAP_250,GRWRHITECH,GRWRHITECH,2022-09-30,2023-03-30,
NIFTY_MICROCAP_250,GUFICBIO,GUFICBIO,2022-09-30,2024-09-29,
NIFTY_MICROCAP_250,HATHWAY,HATHWAY,2022-09-30,2025-09-29,
NIFTY_MICROCAP_250,HEMIPROP,HEMIPROP,2022-09-30,2026-09-29,
NIFTY_MICROCAP_250,HNDFDS,HNDFDS,2022-09-30,2023-04-27,
NIFTY_MICROCAP_250,ICIL,ICIL,2022-09-30,,
NIFTY_MICROCAP_250,ICRA,ICRA,2022-09-30,2023-09-28,
NIFTY_MICROCAP_250,INDORAMA,INDORAMA,2022-09-30,2023-03-30,
NIFTY_MICROCAP_250,IRCON,IRCON,2022-09-30,2023-09-28,
NIFTY_MICROCAP_250,JKIL,JKIL,2022-09-30,2026-03-29,
NIFTY_MICROCAP_250,MANALIPETC,MANALIPETC,2022-09-30,2023-09-28,
NIFTY_MICROCAP_250,MMFL,MMFL,2022-09-30,2023-09-28,
NIFTY_MICROCAP_250,NAVA,NAVA,2022-09-30,2025-03-27,
NIFTY_MICROCAP_250,NESCO,NESCO,2022-09-30,2026-09-29,
NIFTY_MICROCAP_250,OMAXE,OMAXE,2022-09-30,2023-03-30,
NIFTY_MICROCAP_250,PANAMAPET,PANAMAPET,2022-09-30,2023-09-28,
NIFTY_MICROCAP_250,PARADEEP,PARADEEP,2022-09-30,2026-03-29,
NIFTY_MICROCAP_250,POKARNA,POKARNA,2022-09-30,2023-09-28,
NIFTY_MICROCAP_250,PRUDENT,PRUDENT,2022-09-30,2024-03-27,
NIFTY_MICROCAP_250,RAILTEL,RAILTEL,2022-09-30,2024-03-27,
NIFTY_MICROCAP_250,RAINBOW,RAINBOW,2022-09-30,2022-12-29,
NIFTY_MICROCAP_250,RAJRATAN,RAJRATAN,2022-09-30,2024-03-27,
NIFTY_MICROCAP_250,SAFARI,SAFARI,2022-09-30,2023-09-28,
NIFTY_MICROCAP_250,SBCL,SBCL,2022-09-30,2025-09-29,
NIFTY_MICROCAP_250,SEQUENT,VIYASH,2022-09-30,2026-03-29,
NIFTY_MICROCAP_250,SOLARA,SOLARA,2022-09-30,2023-09-28,
NIFTY_MICROCAP_250,SPICEJET,SPICEJET,2022-09-30,2023-04-27,
NIFTY_MICROCAP_250,SPLPETRO,SPLPETRO,2022-09-30,2024-03-27,
NIFTY_MICROCAP_250,STAR,STAR,2022-09-30,,
NIFTY_MICROCAP_250,STEELXIND,STEELXIND,2022-09-30,2023-03-30,
NIFTY_MICROCAP_250,TATASTLLP,TATASTLLP,2022-09-30,2023-09-28,
NIFTY_MICROCAP_250,TIIL,TIIL,2022-09-30,2023-03-30,
NIFTY_MICROCAP_250,VAKRANGEE,VAKRANGEE,2022-09-30,2023-04-27,
NIFTY_MICROCAP_250,VENKEYS,VENKEYS,2022-09-30,2025-03-27,
NIFTY_MICROCAP_250,VIDHIING,VIDHIING,2022-09-30,2023-03-30,
NIFTY_MICROCAP_250,SYRMA,SYRMA,2022-10-25,2023-09-28,
NIFTY_MICROCAP_250,VESUVIUS,VESUVIUS,2022-10-25,2024-03-27,
NIFTY_MICROCAP_250,CARYSIL,CARYSIL,2022-12-30,2024-03-27,
NIFTY_MICROCAP_250,PDSL,PDSL,2022-12-30,2024-09-29,
NIFTY_MICROCAP_250,STARCEMENT,STARCEMENT,2022-12-30,2026-09-29,
NIFTY_MICROCAP_250,TMB,TMB,2022-12-30,2023-03-30,
NIFTY_MICROCAP_250,ERIS,ERIS,2023-02-17,2023-04-27,
NIFTY_MICROCAP_250,ALOKINDS,ALOKINDS,2023-03-31,2023-09-28,
NIFTY_MICROCAP_250,ASTRAZEN,ASTRAZEN,2023-03-31,2024-03-27,
NIFTY_MICROCAP_250,CAPLIPOINT,CAPLIPOINT,2023-03-31,2024-03-27,
NIFTY_MICROCAP_250,DBL,DBL,2023-03-31,,
NIFTY_MICROCAP_250,DCXINDIA,DCXINDIA,2023-03-31,2025-09-29,
NIFTY_MICROCAP_250,DHANI,DHANI,2023-03-31,2025-10-27,
NIFTY_MICROCAP_250,EMIL,EMIL,2023-03-31,,
NIFTY_MICROCAP_250,FIEMIND,FIEMIND,2023-03-31,,
NIFTY_MICROCAP_250,FUSION,FUSION,2023-03-31,2025-03-27,
NIFTY_MICROCAP_250,GRMOVER,GRMOVER,2023-03-31,2023-09-28,
NIFTY_MICROCAP_250,HARSHA,HARSHA,2023-03-31,2024-03-27,
NIFTY_MICROCAP_250,INDOCO,INDOCO,2023-03-31,2024-09-29,
NIFTY_MICROCAP_250,JTEKTINDIA,JTEKTINDIA,2023-03-31,2025-03-27,
NIFTY_MICROCAP_250,JWL,JWL,2023-03-31,2024-03-27,
NIFTY_MICROCAP_250,KAYNES,KAYNES,2023-03-31,2023-09-28,
NIFTY_MICROCAP_250,KIRLOSBROS,KIRLOSBROS,2023-03-31,2024-09-29,
NIFTY_MICROCAP_250,KKCL,KKCL,2023-03-31,2024-03-27,
NIFTY_MICROCAP_250,LANDMARK,LANDMARK,2023-03-31,2025-03-27,
NIFTY_MICROCAP_250,MOIL,MOIL,2023-03-31,,
NIFTY_MICROCAP_250,NDTV,NDTV,2023-03-31,2023-09-28,
NIFTY_MICROCAP_250,PCJEWELLER,PCJEWELLER,2023-03-31,2023-09-28,
NIFTY_MICROCAP_250,PGEL,PGEL,2023-03-31,2025-03-27,
NIFTY_MICROCAP_250,PGHL,PGHL,2023-03-31,2023-09-28,
NIFTY_MICROCAP_250,POWERMECH,POWERMECH,2023-03-31,,
NIFTY_MICROCAP_250,PRICOLLTD,PRICOLLTD,2023-03-31,,
NIFTY_MICROCAP_250,PRIVISCL,PRIVISCL,2023-03-31,2024-03-27,
NIFTY_MICROCAP_250,PTC,PTC,2023-03-31,,
NIFTY_MICROCAP_250,PURVA,PURVA,2023-03-31,2023-09-28,
NIFTY_MICROCAP_250,SHANTIGEAR,SHANTIGEAR,2023-03-31,2024-03-27,
NIFTY_MICROCAP_250,SHILPAMED,SHILPAMED,2023-03-31,,
NIFTY_MICROCAP_250,SIS,SIS,2023-03-31,2024-03-27,
NIFTY_MICROCAP_250,SOTL,SOTL,2023-03-31,2023-09-28,
NIFTY_MICROCAP_250,SUDARSCHEM,SUDARSCHEM,2023-03-31,,
NIFTY_MICROCAP_250,SULA,SULA,2023-03-31,2025-09-29,
NIFTY_MICROCAP_250,SYMPHONY,SYMPHONY,2023-03-31,2023-09-28,
NIFTY_MICROCAP_250,THYROCARE,THYROCARE,2023-03-31,2024-03-27,
NIFTY_MICROCAP_250,TIPSINDLTD,TIPSMUSIC,2023-03-31,2024-09-29,
NIFTY_MICROCAP_250,UJJIVAN,UJJIVAN,2023-03-31,2024-05-02,
NIFTY_MICROCAP_250,UNICHEMLAB,UNICHEMLAB,2023-03-31,2024-03-27,
NIFTY_MICROCAP_250,UNIPARTS,UNIPARTS,2023-03-31,2024-09-29,
NIFTY_MICROCAP_250,WOCKPHARMA,WOCKPHARMA,2023-03-31,2025-03-27,
NIFTY_MICROCAP_250,AARTIPHARM,AARTIPHARM,2023-04-28,,
NIFTY_MICROCAP_250,AHLUCONT,AHLUCONT,2023-04-28,2026-09-29,
NIFTY_MICROCAP_250,CHOICEIN,CHOICEIN,2023-04-28,2025-09-29,
NIFTY_MICROCAP_250,JCHAC,BOSCH-HCIL,2023-04-28,2025-12-25,
NIFTY_MICROCAP_250,TWL,TITAGARH,2023-04-28,2023-09-28,
NIFTY_MICROCAP_250,AVALON,AVALON,2023-09-29,,
NIFTY_MICROCAP_250,DBCORP,DBCORP,2023-09-29,2024-09-29,
NIFTY_MICROCAP_250,DIVGIITTS,DIVGIITTS,2023-09-29,2024-03-27,
NIFTY_MICROCAP_250,DODLA,DODLA,2023-09-29,2026-03-29,
NIFTY_MICROCAP_250,DREAMFOLKS,DREAMFOLKS,2023-09-29,2025-03-27,
NIFTY_MICROCAP_250,EDELWEISS,EDELWEISS,2023-09-29,,
NIFTY_MICROCAP_250,GANESHHOUC,GANESHHOU,2023-09-29,2025-09-22,
NIFTY_MICROCAP_250,GARFIBRES,GARFIBRES,2023-09-29,2024-03-27,
NIFTY_MICROCAP_250,GET&D,GVT&D,2023-09-29,2024-03-27,
NIFTY_MICROCAP_250,GHCL,GHCL,2023-09-29,2026-09-29,
NIFTY_MICROCAP_250,GODREJAGRO,GODREJAGRO,2023-09-29,2024-09-29,
NIFTY_MICROCAP_250,GRAUWEIL,GRAUWEIL,2023-09-29,2023-10-25,
NIFTY_MICROCAP_250,GREENLAM,GREENLAM,2023-09-29,2024-03-27,
NIFTY_MICROCAP_250,GREENPANEL,GREENPANEL,2023-09-29,2026-03-29,
NIFTY_MICROCAP_250,HGS,HGS,2023-09-29,2024-03-27,
NIFTY_MICROCAP_250,HIKAL,HIKAL,2023-09-29,2026-03-29,
NIFTY_MICROCAP_250,HNDFDS,HNDFDS,2023-09-29,2024-03-27,
NIFTY_MICROCAP_250,IBREALEST,EMBDL,2023-09-29,2024-09-02,
NIFTY_MICROCAP_250,IFBIND,IFBIND,2023-09-29,,
NIFTY_MICROCAP_250,IKIO,IKIO,2023-09-29,2024-09-29,
NIFTY_MICROCAP_250,ITDCEM,CEMPRO,2023-09-29,2025-09-22,
NIFTY_MICROCAP_250,JTLIND,JTLIND,2023-09-29,2025-09-29,
NIFTY_MICROCAP_250,KIRLPNU,KIRLPNU,2023-09-29,2024-03-27,
NIFTY_MICROCAP_250,LSIL,LLOYDSENGG,2023-09-29,2023-10-25,
NIFTY_MICROCAP_250,MAHLOG,MAHLOG,2023-09-29,2025-03-27,
NIFTY_MICROCAP_250,NOCIL,NOCIL,2023-09-29,2025-09-29,
NIFTY_MICROCAP_250,PTCIL,PTCIL,2023-09-29,2024-03-27,
NIFTY_MICROCAP_250,RAMKY,RAMKY,2023-09-29,2025-03-27,
NIFTY_MICROCAP_250,RESPONIND,RESPONIND,2023-09-29,2025-09-29,
NIFTY_MICROCAP_250,SAKSOFT,SAKSOFT,2023-09-29,2024-03-27,
NIFTY_MICROCAP_250,SCI,SCI,2023-09-29,2024-09-29,
NIFTY_MICROCAP_250,STYLAMIND,STYLAMIND,2023-09-29,2025-09-29,
NIFTY_MICROCAP_250,SUNFLAG,SUNFLAG,2023-09-29,2026-03-29,
NIFTY_MICROCAP_250,TCI,TCI,2023-09-29,2024-03-27,
NIFTY_MICROCAP_250,TCIEXP,TCIEXP,2023-09-29,2024-03-27,
NIFTY_MICROCAP_250,TCNSBRANDS,TCNSBRANDS,2023-09-29,2024-09-02,
NIFTY_MICROCAP_250,TDPOWERSYS,TDPOWERSYS,2023-09-29,2026-09-29,
NIFTY_MICROCAP_250,TI,TI,2023-09-29,,
NIFTY_MICROCAP_250,TIIL,TIIL,2023-09-29,2024-03-27,
NIFTY_MICROCAP_250,TITAGARH,TITAGARH,2023-09-29,2024-03-27,
NIFTY_MICROCAP_250,TMB,TMB,2023-09-29,2024-03-27,
NIFTY_MICROCAP_250,UFLEX,UFLEX,2023-09-29,2024-09-29,
NIFTY_MICROCAP_250,WONDERLA,WONDERLA,2023-09-29,2025-09-29,
NIFTY_MICROCAP_250,ZENTEC,ZENTEC,2023-09-29,2025-03-27,
NIFTY_MICROCAP_250,JINDWORLD,JINDWORLD,2023-10-26,2026-03-29,
NIFTY_MICROCAP_250,LLOYDSENGG,LLOYDSENGG,2023-10-26,,
NIFTY_MICROCAP_250,SBFC,SBFC,2023-10-26,2024-03-27,
NIFTY_MICROCAP_250,TVSSCS,TVSSCS,2023-10-26,2024-03-27,
NIFTY_MICROCAP_250,ACLGATI,ACLGATI,2024-01-19,2024-03-27,
NIFTY_MICROCAP_250,TVSHLTD,TVSHLTD,2024-01-19,2024-09-29,
NIFTY_MICROCAP_250,BASF,BASF,2024-02-06,2024-09-29,
NIFTY_MICROCAP_250,AARTIDRUGS,AARTIDRUGS,2024-03-28,2026-09-29,
NIFTY_MICROCAP_250,ASKAUTOLTD,ASKAUTOLTD,2024-03-28,2026-09-29,
NIFTY_MICROCAP_250,AZAD,AZAD,2024-03-28,2026-09-29,
NIFTY_MICROCAP_250,BANCOINDIA,BANCOINDIA,2024-03-28,,
NIFTY_MICROCAP_250,BCG,BCG,2024-03-28,2024-04-25,
NIFTY_MICROCAP_250,BLUEJET,BLUEJET,2024-03-28,2025-09-29,
NIFTY_MICROCAP_250,CYIENTDLM,CYIENTDLM,2024-03-28,2026-03-29,
NIFTY_MICROCAP_250,DELTACORP,DELTACORP,2024-03-28,2025-03-27,
NIFTY_MICROCAP_250,DHANUKA,DHANUKA,2024-03-28,2025-03-27,
NIFTY_MICROCAP_250,EPIGRAL,EPIGRAL,2024-03-28,2026-03-29,
NIFTY_MICROCAP_250,ESAFSFB,ESAFSFB,2024-03-28,2025-03-27,
NIFTY_MICROCAP_250,FEDFINA,FEDFINA,2024-03-28,2024-09-29,
NIFTY_MICROCAP_250,FLAIR,FLAIR,2024-03-28,2024-09-29,
NIFTY_MICROCAP_250,GALAXYSURF,GALAXYSURF,2024-03-28,2024-09-29,
NIFTY_MICROCAP_250,GOCOLORS,GOCOLORS,2024-03-28,2025-03-27,
NIFTY_MICROCAP_250,GRINFRA,GRINFRA,2024-03-28,2024-09-29,
NIFTY_MICROCAP_250,GRWRHITECH,GRWRHITECH,2024-03-28,,
NIFTY_MICROCAP_250,GUJALKALI,GUJALKALI,2024-03-28,2025-03-27,
NIFTY_MICROCAP_250,GULFOILLUB,GULFOILLUB,2024-03-28,2026-03-29,
NIFTY_MICROCAP_250,HLEGLAS,HLEGLAS,2024-03-28,2024-09-29,
NIFTY_MICROCAP_250,HMAAGRO,HMAAGRO,2024-03-28,2024-09-29,
NIFTY_MICROCAP_250,IDEAFORGE,IDEAFORGE,2024-03-28,2025-03-27,
NIFTY_MICROCAP_250,IIFLSEC,IIFLCAPS,2024-03-28,2025-03-09,
NIFTY_MICROCAP_250,INDIASHLTR,INDIASHLTR,2024-03-28,2026-09-29,
NIFTY_MICROCAP_250,INFIBEAM,CCAVENUE,2024-03-28,2026-03-29,
NIFTY_MICROCAP_250,INGERRAND,INGERRAND,2024-03-28,2026-03-29,
NIFTY_MICROCAP_250,INOXINDIA,INOXINDIA,2024-03-28,2024-09-29,
NIFTY_MICROCAP_250,IPL,IPL,2024-03-28,2025-03-27,
NIFTY_MICROCAP_250,JAMNAAUTO,JAMNAAUTO,2024-03-28,,
NIFTY_MICROCAP_250,JLHL,JLHL,2024-03-28,2025-03-27,
NIFTY_MICROCAP_250,JSWHL,JSWHL,2024-03-28,2024-09-29,
NIFTY_MICROCAP_250,JYOTICNC,JYOTICNC,2024-03-28,2024-09-29,
NIFTY_MICROCAP_250,KALAMANDIR,KALAMANDIR,2024-03-28,2025-03-27,
NIFTY_MICROCAP_250,KESORAMIND,KESORAMIND,2024-03-28,2025-03-09,
NIFTY_MICROCAP_250,KPIGREEN,KPIGREEN,2024-03-28,2024-09-29,
NIFTY_MICROCAP_250,LUXIND,LUXIND,2024-03-28,2026-03-29,
NIFTY_MICROCAP_250,MUTHOOTMF,MUTHOOTMF,2024-03-28,2025-03-27,
NIFTY_MICROCAP_250,NAZARA,NAZARA,2024-03-28,,
NIFTY_MICROCAP_250,NETWEB,NETWEB,2024-03-28,2024-09-29,
NIFTY_MICROCAP_250,NIITMTS,NIITMTS,2024-03-28,2025-03-27,
NIFTY_MICROCAP_250,NUCLEUS,NUCLEUS,2024-03-28,2024-09-29,
NIFTY_MICROCAP_250,ORIENTELEC,ORIENTELEC,2024-03-28,2025-03-27,
NIFTY_MICROCAP_250,ORISSAMINE,ORISSAMINE,2024-03-28,2025-09-29,
NIFTY_MICROCAP_250,PATELENG,PATELENG,2024-03-28,2026-03-29,
NIFTY_MICROCAP_250,POLYPLEX,POLYPLEX,2024-03-28,2026-03-29,
NIFTY_MICROCAP_250,PURVA,PURVA,2024-03-28,2025-03-27,
NIFTY_MICROCAP_250,RAIN,RAIN,2024-03-28,,
NIFTY_MICROCAP_250,RALLIS,RALLIS,2024-03-28,,
NIFTY_MICROCAP_250,REDTAPE,REDTAPE,2024-03-28,2025-09-29,
NIFTY_MICROCAP_250,ROSSARI,ROSSARI,2024-03-28,2025-09-29,
NIFTY_MICROCAP_250,SAGCEM,SAGCEM,2024-03-28,2024-09-29,
NIFTY_MICROCAP_250,SAMHI,SAMHI,2024-03-28,,
NIFTY_MICROCAP_250,SANDUMA,SANDUMA,2024-03-28,2025-03-27,
NIFTY_MICROCAP_250,SANGHIIND,SANGHIIND,2024-03-28,2025-03-27,
NIFTY_MICROCAP_250,SANGHVIMOV,SANGHVIMOV,2024-03-28,2025-03-27,
NIFTY_MICROCAP_250,SENCO,SENCO,2024-03-28,,
NIFTY_MICROCAP_250,SFL,SFL,2024-03-28,,
NIFTY_MICROCAP_250,SHARDAMOTR,SHARDAMOTR,2024-03-28,2025-03-27,
NIFTY_MICROCAP_250,SHOPERSTOP,SHOPERSTOP,2024-03-28,2024-09-29,
NIFTY_MICROCAP_250,SINDHUTRAD,SINDHUTRAD,2024-03-28,2025-03-27,
NIFTY_MICROCAP_250,SUNCLAY,SUNCLAY,2024-03-28,2024-09-29,
NIFTY_MICROCAP_250,SUPRAJIT,SUPRAJIT,2024-03-28,2025-09-29,
NIFTY_MICROCAP_250,TARC,TARC,2024-03-28,,
NIFTY_MICROCAP_250,TEAMLEASE,TEAMLEASE,2024-03-28,2026-03-29,
NIFTY_MICROCAP_250,TEXRAIL,TEXRAIL,2024-03-28,,
NIFTY_MICROCAP_250,TTKPRESTIG,TTKPRESTIG,2024-03-28,2024-09-29,
NIFTY_MICROCAP_250,UTKARSHBNK,UTKARSHBNK,2024-03-28,2025-03-27,
NIFTY_MICROCAP_250,VMART,VMART,2024-03-28,,
NIFTY_MICROCAP_250,YATHARTH,YATHARTH,2024-03-28,,
NIFTY_MICROCAP_250,ZYDUSWELL,ZYDUSWELL,2024-03-28,2026-03-29,
NIFTY_MICROCAP_250,SPLPETRO,SPLPETRO,2024-04-26,2025-03-27,
NIFTY_MICROCAP_250,JUNIPER,JUNIPER,2024-05-03,2025-03-27,
NIFTY_MICROCAP_250,EMBDL,EMBDL,2024-09-03,,
NIFTY_MICROCAP_250,KSL,KSL,2024-09-03,2026-03-29,
NIFTY_MICROCAP_250,AETHER,AETHER,2024-09-30,2026-09-29,
NIFTY_MICROCAP_250,ALLCARGO,ALLCARGO,2024-09-30,2026-03-29,
NIFTY_MICROCAP_250,ANURAS,ANURAS,2024-09-30,2025-03-27,
NIFTY_MICROCAP_250,BAJAJELEC,BAJAJELEC,2024-09-30,2025-03-27,
NIFTY_MICROCAP_250,BBL,BBL,2024-09-30,2026-03-29,
NIFTY_MICROCAP_250,BOROLTD,BOROLTD,2024-09-30,2025-09-29,
NIFTY_MICROCAP_250,BORORENEW,BORORENEW,2024-09-30,,
NIFTY_MICROCAP_250,CSBBANK,CSBBANK,2024-09-30,,
NIFTY_MICROCAP_250,DCMSHRIRAM,DCMSHRIRAM,2024-09-30,2025-03-27,
NIFTY_MICROCAP_250,DYNAMATECH,DYNAMATECH,2024-09-30,,
NIFTY_MICROCAP_250,ENTERO,ENTERO,2024-09-30,,
NIFTY_MICROCAP_250,EPL,EPL,2024-09-30,,
NIFTY_MICROCAP_250,FDC,FDC,2024-09-30,2026-03-29,
NIFTY_MICROCAP_250,FORCEMOT,FORCEMOT,2024-09-30,2025-09-29,
NIFTY_MICROCAP_250,GLS,ALIVUS,2024-09-30,2025-03-09,
NIFTY_MICROCAP_250,GMMPFAUDLR,GMMPFAUDLR,2024-09-30,2026-09-29,
NIFTY_MICROCAP_250,GOPAL,GOPAL,2024-09-30,2025-09-29,
NIFTY_MICROCAP_250,HAPPYFORGE,HAPPYFORGE,2024-09-30,2025-03-27,
NIFTY_MICROCAP_250,HARSHA,HARSHA,2024-09-30,2025-03-27,
NIFTY_MICROCAP_250,HCG,HCG,2024-09-30,,
NIFTY_MICROCAP_250,HNDFDS,HNDFDS,2024-09-30,2025-03-27,
NIFTY_MICROCAP_250,IMAGICAA,IMAGICAA,2024-09-30,2026-03-29,
NIFTY_MICROCAP_250,INDIGOPNTS,INDIGOPNTS,2024-09-30,,
NIFTY_MICROCAP_250,INOXGREEN,INOXGREEN,2024-09-30,2026-09-29,
NIFTY_MICROCAP_250,IXIGO,IXIGO,2024-09-30,,
NIFTY_MICROCAP_250,JAIBALAJI,JAIBALAJI,2024-09-30,,
NIFTY_MICROCAP_250,JKPAPER,JKPAPER,2024-09-30,,
NIFTY_MICROCAP_250,JSFB,JSFB,2024-09-30,,
NIFTY_MICROCAP_250,KIRLPNU,KIRLPNU,2024-09-30,,
NIFTY_MICROCAP_250,KRBL,KRBL,2024-09-30,,
NIFTY_MICROCAP_250,LAXMIMACH,LMW,2024-09-30,2025-03-09,
NIFTY_MICROCAP_250,LXCHEM,LXCHEM,2024-09-30,,
NIFTY_MICROCAP_250,MEDPLUS,MEDPLUS,2024-09-30,,
NIFTY_MICROCAP_250,MHRIL,MHRIL,2024-09-30,2025-03-27,
NIFTY_MICROCAP_250,MTARTECH,MTARTECH,2024-09-30,2026-09-29,
NIFTY_MICROCAP_250,NEOGEN,NEOGEN,2024-09-30,,
NIFTY_MICROCAP_250,ORCHPHARMA,ORCHPHARMA,2024-09-30,2026-03-29,
NIFTY_MICROCAP_250,PARKHOTELS,PARKHOTELS,2024-09-30,2026-03-29,
NIFTY_MICROCAP_250,PGHL,PGHL,2024-09-30,2025-03-27,
NIFTY_MICROCAP_250,PRINCEPIPE,PRINCEPIPE,2024-09-30,2026-03-29,
NIFTY_MICROCAP_250,PRUDENT,PRUDENT,2024-09-30,2026-09-29,
NIFTY_MICROCAP_250,RBA,RBA,2024-09-30,,
NIFTY_MICROCAP_250,ROLEXRINGS,ROLEXRINGS,2024-09-30,2025-03-27,
NIFTY_MICROCAP_250,SAFARI,SAFARI,2024-09-30,,
NIFTY_MICROCAP_250,SHRIPISTON,SHRIPISTON,2024-09-30,2026-09-29,
NIFTY_MICROCAP_250,STLTECH,STLTECH,2024-09-30,2026-09-29,
NIFTY_MICROCAP_250,SUBROS,SUBROS,2024-09-30,,
NIFTY_MICROCAP_250,SUNTECK,SUNTECK,2024-09-30,,
NIFTY_MICROCAP_250,SYMPHONY,SYMPHONY,2024-09-30,2026-03-29,
NIFTY_MICROCAP_250,TCIEXP,TCIEXP,2024-09-30,2025-03-27,
NIFTY_MICROCAP_250,TIIL,TIIL,2024-09-30,2025-09-29,
NIFTY_MICROCAP_250,TIPSMUSIC,TIPSMUSIC,2024-09-30,,
NIFTY_MICROCAP_250,VAIBHAVGBL,VAIBHAVGBL,2024-09-30,,
NIFTY_MICROCAP_250,VENUSPIPES,VENUSPIPES,2024-09-30,2025-09-29,
NIFTY_MICROCAP_250,VESUVIUS,VESUVIUS,2024-09-30,2026-03-29,
NIFTY_MICROCAP_250,VSTIND,VSTIND,2024-09-30,2026-03-29,
NIFTY_MICROCAP_250,ALIVUS,ALIVUS,2025-03-10,2025-03-27,
NIFTY_MICROCAP_250,IIFLCAPS,IIFLCAPS,2025-03-10,,
NIFTY_MICROCAP_250,INNOVACAP,INNOVACAP,2025-03-10,2026-03-29,
NIFTY_MICROCAP_250,LMW,LMW,2025-03-10,2026-03-29,
NIFTY_MICROCAP_250,ABDL,ABDL,2025-03-28,2026-03-29,
NIFTY_MICROCAP_250,ACI,ACI,2025-03-28,,
NIFTY_MICROCAP_250,AKZOINDIA,JSWDULUX,2025-03-28,2025-09-29,
NIFTY_MICROCAP_250,ANUP,ANUP,2025-03-28,2026-09-29,
NIFTY_MICROCAP_250,AURIONPRO,AURIONPRO,2025-03-28,,
NIFTY_MICROCAP_250,AVANTIFEED,AVANTIFEED,2025-03-28,2026-09-29,
NIFTY_MICROCAP_250,AVL,AVL,2025-03-28,2025-09-29,
NIFTY_MICROCAP_250,AWFIS,AWFIS,2025-03-28,2026-09-29,
NIFTY_MICROCAP_250,BALAMINES,BALAMINES,2025-03-28,,
NIFTY_MICROCAP_250,BALUFORGE,BALUFORGE,2025-03-28,,
NIFTY_MICROCAP_250,BANSALWIRE,BANSALWIRE,2025-03-28,2025-09-29,
NIFTY_MICROCAP_250,BIRLACORPN,BIRLACORPN,2025-03-28,,
NIFTY_MICROCAP_250,BLACKBUCK,BLACKBUCK,2025-03-28,,
NIFTY_MICROCAP_250,CEIGALL,CEIGALL,2025-03-28,2026-03-29,
NIFTY_MICROCAP_250,CELLO,CELLO,2025-03-28,,
NIFTY_MICROCAP_250,CHEMPLASTS,CHEMPLASTS,2025-03-28,2025-09-29,
NIFTY_MICROCAP_250,CIEINDIA,CIEINDIA,2025-03-28,2026-05-11,
NIFTY_MICROCAP_250,EASEMYTRIP,EASEMYTRIP,2025-03-28,2026-03-29,
NIFTY_MICROCAP_250,EIEL,EIEL,2025-03-28,,
NIFTY_MICROCAP_250,EQUITASBNK,EQUITASBNK,2025-03-28,,
NIFTY_MICROCAP_250,EUREKAFORB,EUREKAFORB,2025-03-28,2026-09-29,
NIFTY_MICROCAP_250,FINEORG,FINEORG,2025-03-28,2026-03-29,
NIFTY_MICROCAP_250,GAEL,GAEL,2025-03-28,,
NIFTY_MICROCAP_250,GANECOS,GANECOS,2025-03-28,2026-03-29,
NIFTY_MICROCAP_250,GARFIBRES,GARFIBRES,2025-03-28,2026-03-29,
NIFTY_MICROCAP_250,GMRP&UI,GMRP&UI,2025-03-28,,
NIFTY_MICROCAP_250,GRINFRA,GRINFRA,2025-03-28,2026-03-29,
NIFTY_MICROCAP_250,GSFC,GSFC,2025-03-28,,
NIFTY_MICROCAP_250,JKLAKSHMI,JKLAKSHMI,2025-03-28,2026-09-29,
NIFTY_MICROCAP_250,KPIGREEN,KPIGREEN,2025-03-28,,
NIFTY_MICROCAP_250,KSB,KSB,2025-03-28,2025-09-29,
NIFTY_MICROCAP_250,LLOYDSENT,LLOYDSENT,2025-03-28,,
NIFTY_MICROCAP_250,MAHLIFE,MAHLIFE,2025-03-28,2026-03-29,
NIFTY_MICROCAP_250,MAHSCOOTER,MAHSCOOTER,2025-03-28,2025-09-29,
NIFTY_MICROCAP_250,MAXESTATES,MAXESTATES,2025-03-28,2026-03-29,
NIFTY_MICROCAP_250,NUVOCO,NUVOCO,2025-03-28,2025-09-29,
NIFTY_MICROCAP_250,PCJEWELLER,PCJEWELLER,2025-03-28,,
NIFTY_MICROCAP_250,PGIL,PGIL,2025-03-28,,
NIFTY_MICROCAP_250,PNGJL,PNGJL,2025-03-28,,
NIFTY_MICROCAP_250,PRSMJOHNSN,PRSMJOHNSN,2025-03-28,2026-09-29,
NIFTY_MICROCAP_250,RAJESHEXPO,RAJESHEXPO,2025-03-28,2025-12-25,
NIFTY_MICROCAP_250,REFEX,REFEX,2025-03-28,,
NIFTY_MICROCAP_250,RTNPOWER,RTNPOWER,2025-03-28,,
NIFTY_MICROCAP_250,SANOFI,SANOFI,2025-03-28,2026-03-29,
NIFTY_MICROCAP_250,SANOFICONR,SANOFICONR,2025-03-28,2026-03-29,
NIFTY_MICROCAP_250,SHAILY,SHAILY,2025-03-28,,
NIFTY_MICROCAP_250,SHAKTIPUMP,SHAKTIPUMP,2025-03-28,,
NIFTY_MICROCAP_250,SHARDACROP,SHARDACROP,2025-03-28,,
NIFTY_MICROCAP_250,SHOPERSTOP,SHOPERSTOP,2025-03-28,2025-09-29,
NIFTY_MICROCAP_250,SKIPPER,SKIPPER,2025-03-28,,
NIFTY_MICROCAP_250,SPARC,SPARC,2025-03-28,,
NIFTY_MICROCAP_250,THANGAMAYL,THANGAMAYL,2025-03-28,2026-09-29,
NIFTY_MICROCAP_250,TRANSRAILL,TRANSRAILL,2025-03-28,,
NIFTY_MICROCAP_250,TVSSCS,TVSSCS,2025-03-28,,
NIFTY_MICROCAP_250,UJJIVANSFB,UJJIVANSFB,2025-03-28,,
NIFTY_MICROCAP_250,UNIMECH,UNIMECH,2025-03-28,2026-03-29,
NIFTY_MICROCAP_250,VARROC,VARROC,2025-03-28,2026-09-29,
NIFTY_MICROCAP_250,VENTIVE,VENTIVE,2025-03-28,2025-09-29,
NIFTY_MICROCAP_250,VIPIND,VIPIND,2025-03-28,,
NIFTY_MICROCAP_250,WEBELSOLAR,WEBELSOLAR,2025-03-28,,
NIFTY_MICROCAP_250,ZAGGLE,ZAGGLE,2025-03-28,,
NIFTY_MICROCAP_250,ACUTAAS,ACUTAAS,2025-09-23,2026-03-29,
NIFTY_MICROCAP_250,CEMPRO,CEMPRO,2025-09-23,2026-03-29,
NIFTY_MICROCAP_250,GANESHHOU,GANESHHOU,2025-09-23,2026-03-29,
NIFTY_MICROCAP_250,KITEX,KITEX,2025-09-23,,
NIFTY_MICROCAP_250,AJAXENGG,AJAXENGG,2025-09-30,2026-03-29,
NIFTY_MICROCAP_250,ALIVUS,ALIVUS,2025-09-30,2026-09-29,
NIFTY_MICROCAP_250,ANURAS,ANURAS,2025-09-30,2026-03-29,
NIFTY_MICROCAP_250,BAJAJELEC,BAJAJELEC,2025-09-30,2026-09-29,
NIFTY_MICROCAP_250,BELRISE,BELRISE,2025-09-30,2026-03-29,
NIFTY_MICROCAP_250,DHANUKA,DHANUKA,2025-09-30,2026-03-29,
NIFTY_MICROCAP_250,DIACABS,DIACABS,2025-09-30,,
NIFTY_MICROCAP_250,GALLANTT,GALLANTT,2025-09-30,2026-03-29,
NIFTY_MICROCAP_250,GNFC,GNFC,2025-09-30,,
NIFTY_MICROCAP_250,GPPL,GPPL,2025-09-30,,
NIFTY_MICROCAP_250,JUSTDIAL,JUSTDIAL,2025-09-30,,
NIFTY_MICROCAP_250,KNRCON,KNRCON,2025-09-30,,
NIFTY_MICROCAP_250,KRN,KRN,2025-09-30,,
NIFTY_MICROCAP_250,LUMAXTECH,LUMAXTECH,2025-09-30,,
NIFTY_MICROCAP_250,MANORAMA,MANORAMA,2025-09-30,,
NIFTY_MICROCAP_250,MASTEK,MASTEK,2025-09-30,,
NIFTY_MICROCAP_250,NETWORK18,NETWORK18,2025-09-30,,
NIFTY_MICROCAP_250,OSWALPUMPS,OSWALPUMPS,2025-09-30,,
NIFTY_MICROCAP_250,PNCINFRA,PNCINFRA,2025-09-30,,
NIFTY_MICROCAP_250,PRIVISCL,PRIVISCL,2025-09-30,2026-09-29,
NIFTY_MICROCAP_250,PURVA,PURVA,2025-09-30,,
NIFTY_MICROCAP_250,QUESS,QUESS,2025-09-30,,
NIFTY_MICROCAP_250,RAYMONDLSL,RAYMONDLSL,2025-09-30,,
NIFTY_MICROCAP_250,RELAXO,RELAXO,2025-09-30,,
NIFTY_MICROCAP_250,RENUKA,RENUKA,2025-09-30,,
NIFTY_MICROCAP_250,ROUTE,ROUTE,2025-09-30,,
NIFTY_MICROCAP_250,RTNINDIA,RTNINDIA,2025-09-30,2026-09-29,
NIFTY_MICROCAP_250,SANDUMA,SANDUMA,2025-09-30,,
NIFTY_MICROCAP_250,SHARDAMOTR,SHARDAMOTR,2025-09-30,2026-03-29,
NIFTY_MICROCAP_250,SKYGOLD,SKYGOLD,2025-09-30,,
NIFTY_MICROCAP_250,STYRENIX,STYRENIX,2025-09-30,2026-09-29,
NIFTY_MICROCAP_250,SUNDARMHLD,TSFINV,2025-09-30,2025-10-27,
NIFTY_MICROCAP_250,SWSOLAR,SWSOLAR,2025-09-30,,
NIFTY_MICROCAP_250,TANLA,TANLA,2025-09-30,,
NIFTY_MICROCAP_250,THYROCARE,THYROCARE,2025-09-30,,
NIFTY_MICROCAP_250,V2RETAIL,V2RETAIL,2025-09-30,,
NIFTY_MICROCAP_250,VINATIORGA,VINATIORGA,2025-09-30,2026-03-29,
NIFTY_MICROCAP_250,WAAREERTL,WAAREERTL,2025-09-30,,
NIFTY_MICROCAP_250,WESTLIFE,WESTLIFE,2025-09-30,,
NIFTY_MICROCAP_250,RATNAMANI,RATNAMANI,2025-10-28,2026-03-29,
NIFTY_MICROCAP_250,TSFINV,TSFINV,2025-10-28,2026-09-29,
NIFTY_MICROCAP_250,BOSCH-HCIL,BOSCH-HCIL,2025-12-26,2026-03-29,
NIFTY_MICROCAP_250,KANSAINER,KANSAINER,2025-12-26,,
NIFTY_MICROCAP_250,AEQUS,AEQUS,2026-03-30,,
NIFTY_MICROCAP_250,AGARWALEYE,AGARWALEYE,2026-03-30,2026-09-29,
NIFTY_MICROCAP_250,AKUMS,AKUMS,2026-03-30,,
NIFTY_MICROCAP_250,ALKYLAMINE,ALKYLAMINE,2026-03-30,,
NIFTY_MICROCAP_250,ALOKINDS,ALOKINDS,2026-03-30,2026-09-29,
NIFTY_MICROCAP_250,APLLTD,APLLTD,2026-03-30,2026-09-29,
NIFTY_MICROCAP_250,APOLLO,APOLLO,2026-03-30,,
NIFTY_MICROCAP_250,ASHAPURMIN,ASHAPURMIN,2026-03-30,,
NIFTY_MICROCAP_250,ATLANTAELE,ATLANTAELE,2026-03-30,,
NIFTY_MICROCAP_250,AVL,AVL,2026-03-30,,
NIFTY_MICROCAP_250,AXISCADES,AXISCADES,2026-03-30,,
NIFTY_MICROCAP_250,BBOX,BBOX,2026-03-30,2026-09-29,
NIFTY_MICROCAP_250,BLUESTONE,BLUESTONE,2026-03-30,,
NIFTY_MICROCAP_250,CAMPUS,CAMPUS,2026-03-30,,
NIFTY_MICROCAP_250,CAPILLARY,CAPILLARY,2026-03-30,,
NIFTY_MICROCAP_250,CCAVENUE,CCAVENUE,2026-03-30,,
NIFTY_MICROCAP_250,CENTURYPLY,CENTURYPLY,2026-03-30,2026-09-29,
NIFTY_MICROCAP_250,CERA,CERA,2026-03-30,,
NIFTY_MICROCAP_250,CORONA,CORONA,2026-03-30,2026-09-29,
NIFTY_MICROCAP_250,CRAMC,CRAMC,2026-03-30,,
NIFTY_MICROCAP_250,CRIZAC,CRIZAC,2026-03-30,2026-09-29,
NIFTY_MICROCAP_250,CUPID,CUPID,2026-03-30,2026-09-29,
NIFTY_MICROCAP_250,DBREALTY,DBREALTY,2026-03-30,,
NIFTY_MICROCAP_250,ELLEN,ELLEN,2026-03-30,,
NIFTY_MICROCAP_250,FEDFINA,FEDFINA,2026-03-30,,
NIFTY_MICROCAP_250,FINPIPE,FINPIPE,2026-03-30,,
NIFTY_MICROCAP_250,GODREJAGRO,GODREJAGRO,2026-03-30,,
NIFTY_MICROCAP_250,GOKULAGRO,GOKULAGRO,2026-03-30,,
NIFTY_MICROCAP_250,HAPPSTMNDS,HAPPSTMNDS,2026-03-30,,
NIFTY_MICROCAP_250,INOXINDIA,INOXINDIA,2026-03-30,2026-09-29,
NIFTY_MICROCAP_250,JAYNECOIND,JAYNECOIND,2026-03-30,,
NIFTY_MICROCAP_250,JLHL,JLHL,2026-03-30,2026-09-29,
NIFTY_MICROCAP_250,JSLL,JSLL,2026-03-30,,
NIFTY_MICROCAP_250,JYOTHYLAB,JYOTHYLAB,2026-03-30,,
NIFTY_MICROCAP_250,KIRLOSBROS,KIRLOSBROS,2026-03-30,2026-09-29,
NIFTY_MICROCAP_250,KSB,KSB,2026-03-30,2026-09-29,
NIFTY_MICROCAP_250,LOTUSDEV,LOTUSDEV,2026-03-30,,
NIFTY_MICROCAP_250,MAHSCOOTER,MAHSCOOTER,2026-03-30,2026-09-29,
NIFTY_MICROCAP_250,MAHSEAMLES,MAHSEAMLES,2026-03-30,2026-09-29,
NIFTY_MICROCAP_250,MANYAVAR,MANYAVAR,2026-03-30,,
NIFTY_MICROCAP_250,METROPOLIS,METROPOLIS,2026-03-30,,
NIFTY_MICROCAP_250,ORKLAINDIA,ORKLAINDIA,2026-03-30,2026-09-29,
NIFTY_MICROCAP_250,PARKHOSPS,PARKHOSPS,2026-03-30,,
NIFTY_MICROCAP_250,PFOCUS,PFOCUS,2026-03-30,2026-07-16,
NIFTY_MICROCAP_250,PICCADIL,PICCADIL,2026-03-30,,
NIFTY_MICROCAP_250,PRAJIND,PRAJIND,2026-03-30,,
NIFTY_MICROCAP_250,QPOWER,QPOWER,2026-03-30,,
NIFTY_MICROCAP_250,RCF,RCF,2026-03-30,,
NIFTY_MICROCAP_250,REDTAPE,REDTAPE,2026-03-30,2026-09-29,
NIFTY_MICROCAP_250,RUBICON,RUBICON,2026-03-30,2026-09-29,
NIFTY_MICROCAP_250,SAATVIKGL,SAATVIKGL,2026-03-30,2026-09-29,
NIFTY_MICROCAP_250,SKFINDIA,SKFINDIA,2026-03-30,2026-09-29,
NIFTY_MICROCAP_250,SKFINDUS,SKFINDUS,2026-03-30,2026-09-29,
NIFTY_MICROCAP_250,SMARTWORKS,SMARTWORKS,2026-03-30,2026-09-29,
NIFTY_MICROCAP_250,SMLMAH,SMLMAH,2026-03-30,,
NIFTY_MICROCAP_250,STYL,STYL,2026-03-30,2026-09-29,
NIFTY_MICROCAP_250,SUDEEPPHRM,SUDEEPPHRM,2026-03-30,,
NIFTY_MICROCAP_250,TMB,TMB,2026-03-30,,
NIFTY_MICROCAP_250,TRIVENI,TRIVENI,2026-03-30,2026-09-29,
NIFTY_MICROCAP_250,UTLSOLAR,UTLSOLAR,2026-03-30,,
NIFTY_MICROCAP_250,VGUARD,VGUARD,2026-03-30,,
NIFTY_MICROCAP_250,VIKRAMSOLR,VIKRAMSOLR,2026-03-30,,
NIFTY_MICROCAP_250,VIYASH,VIYASH,2026-03-30,,
NIFTY_MICROCAP_250,WAKEFIT,WAKEFIT,2026-03-30,,
NIFTY_MICROCAP_250,WEWORK,WEWORK,2026-03-30,,
NIFTY_MICROCAP_250,RATNAMANI,RATNAMANI,2026-05-12,,
NIFTY_MICROCAP_250,SANOFICONR,SANOFICONR,2026-05-15,2026-09-29,
NIFTY_MICROCAP_250,GRINDWELL,GRINDWELL,2026-07-17,,
NIFTY_MICROCAP_250,ABFRL,ABFRL,2026-09-30,,
NIFTY_MICROCAP_250,ABLBL,ABLBL,2026-09-30,,
NIFTY_MICROCAP_250,AEROFLEX,AEROFLEX,2026-09-30,,
NIFTY_MICROCAP_250,AMAGI,AMAGI,2026-09-30,,
NIFTY_MICROCAP_250,BAJAJCON,BAJAJCON,2026-09-30,,
NIFTY_MICROCAP_250,BLUEJET,BLUEJET,2026-09-30,,
NIFTY_MICROCAP_250,CEIGALL,CEIGALL,2026-09-30,,
NIFTY_MICROCAP_250,CENTUM,CENTUM,2026-09-30,,
NIFTY_MICROCAP_250,CHALET,CHALET,2026-09-30,,
NIFTY_MICROCAP_250,CMRGREEN,CMRGREEN,2026-09-30,,
NIFTY_MICROCAP_250,E2E,E2E,2026-09-30,,
NIFTY_MICROCAP_250,EBGNG,EBGNG,2026-09-30,,
NIFTY_MICROCAP_250,ERIS,ERIS,2026-09-30,,
NIFTY_MICROCAP_250,GENUSPOWER,GENUSPOWER,2026-09-30,,
NIFTY_MICROCAP_250,GOLDIAM,GOLDIAM,2026-09-30,,
NIFTY_MICROCAP_250,GUJALKALI,GUJALKALI,2026-09-30,,
NIFTY_MICROCAP_250,HAPPYFORGE,HAPPYFORGE,2026-09-30,,
NIFTY_MICROCAP_250,INDGN,INDGN,2026-09-30,,
NIFTY_MICROCAP_250,JUBLPHARMA,JUBLPHARMA,2026-09-30,,
NIFTY_MICROCAP_250,KISSHT,KISSHT,2026-09-30,,
NIFTY_MICROCAP_250,KMEW,KMEW,2026-09-30,,
NIFTY_MICROCAP_250,KWIL,KWIL,2026-09-30,,
NIFTY_MICROCAP_250,LATENTVIEW,LATENTVIEW,2026-09-30,,
NIFTY_MICROCAP_250,LUMAXIND,LUMAXIND,2026-09-30,,
NIFTY_MICROCAP_250,MAPMYINDIA,MAPMYINDIA,2026-09-30,,
NIFTY_MICROCAP_250,MBAPL,MBAPL,2026-09-30,,
NIFTY_MICROCAP_250,NEPHROPLUS,NEPHROPLUS,2026-09-30,,
NIFTY_MICROCAP_250,NEWGEN,NEWGEN,2026-09-30,,
NIFTY_MICROCAP_250,NIVABUPA,NIVABUPA,2026-09-30,,
NIFTY_MICROCAP_250,NORTHARC,NORTHARC,2026-09-30,,
NIFTY_MICROCAP_250,OMNI,OMNI,2026-09-30,,
NIFTY_MICROCAP_250,PAISALO,PAISALO,2026-09-30,,
NIFTY_MICROCAP_250,PDSL,PDSL,2026-09-30,,
NIFTY_MICROCAP_250,PGHL,PGHL,2026-09-30,,
NIFTY_MICROCAP_250,POWERICA,POWERICA,2026-09-30,,
NIFTY_MICROCAP_250,PRECWIRE,PRECWIRE,2026-09-30,,
NIFTY_MICROCAP_250,RESPONIND,RESPONIND,2026-09-30,,
NIFTY_MICROCAP_250,SAPPHIRE,SAPPHIRE,2026-09-30,,
NIFTY_MICROCAP_250,SAREGAMA,SAREGAMA,2026-09-30,,
NIFTY_MICROCAP_250,SBFC,SBFC,2026-09-30,,
NIFTY_MICROCAP_250,SEDEMAC,SEDEMAC,2026-09-30,,
NIFTY_MICROCAP_250,SENORES,SENORES,2026-09-30,,
NIFTY_MICROCAP_250,SGMART,SGMART,2026-09-30,,
NIFTY_MICROCAP_250,SHADOWFAX,SHADOWFAX,2026-09-30,,
NIFTY_MICROCAP_250,SHILCTECH,SHILCTECH,2026-09-30,,
NIFTY_MICROCAP_250,SHREEJISPG,SHREEJISPG,2026-09-30,,
NIFTY_MICROCAP_250,SIGMAADV,SIGMAADV,2026-09-30,,
NIFTY_MICROCAP_250,SJS,SJS,2026-09-30,,
NIFTY_MICROCAP_250,SONATSOFTW,SONATSOFTW,2026-09-30,,
NIFTY_MICROCAP_250,SPLPETRO,SPLPETRO,2026-09-30,,
NIFTY_MICROCAP_250,STYLAMIND,STYLAMIND,2026-09-30,,
NIFTY_MICROCAP_250,SUNDRMFAST,SUNDRMFAST,2026-09-30,,
NIFTY_MICROCAP_250,SUNFLAG,SUNFLAG,2026-09-30,,
NIFTY_MICROCAP_250,SUVEN,SUVEN,2026-09-30,,
NIFTY_MICROCAP_250,THELEELA,THELEELA,2026-09-30,,
NIFTY_MICROCAP_250,TIMEX,TIMEX,2026-09-30,,
NIFTY_MICROCAP_250,TTKPRESTIG,TTKPRESTIG,2026-09-30,,
NIFTY_MICROCAP_250,UNIMECH,UNIMECH,2026-09-30,,
NIFTY_MICROCAP_250,VESUVIUS,VESUVIUS,2026-09-30,,
NIFTY_MIDCAP_150,3MINDIA,3MINDIA,2016-04-01,2026-09-29,
NIFTY_MIDCAP_150,ADANIENT,ADANIENT,2016-04-01,2018-04-01,
NIFTY_MIDCAP_150,ADANIPOWER,ADANIPOWER,2016-04-01,2020-09-24,
NIFTY_MIDCAP_150,AIAENG,AIAENG,2016-04-01,,
NIFTY_MIDCAP_150,AJANTPHARM,AJANTPHARM,2016-04-01,,
NIFTY_MIDCAP_150,AKZOINDIA,JSWDULUX,2016-04-01,2018-09-27,
NIFTY_MIDCAP_150,ALBK,ALBK,2016-04-01,2016-09-29,
NIFTY_MIDCAP_150,AMARAJABAT,ARE&M,2016-04-01,2022-03-30,
NIFTY_MIDCAP_150,APLLTD,APLLTD,2016-04-01,2023-03-30,
NIFTY_MIDCAP_150,APOLLOTYRE,APOLLOTYRE,2016-04-01,2022-09-29,
NIFTY_MIDCAP_150,AREVAT&D,GVT&D,2016-04-01,2016-09-29,
NIFTY_MIDCAP_150,ARVIND,ARVIND,2016-04-01,2018-06-28,
NIFTY_MIDCAP_150,BAJAJCORP,BAJAJCON,2016-04-01,2017-09-28,
NIFTY_MIDCAP_150,BAJAJHLDNG,BAJAJHLDNG,2016-04-01,2019-03-28,
NIFTY_MIDCAP_150,BALKRISIND,BALKRISIND,2016-04-01,,
NIFTY_MIDCAP_150,BANKINDIA,BANKINDIA,2016-04-01,,
NIFTY_MIDCAP_150,BASF,BASF,2016-04-01,2016-09-29,
NIFTY_MIDCAP_150,BATAINDIA,BATAINDIA,2016-04-01,2024-09-29,
NIFTY_MIDCAP_150,BEML,BEML,2016-04-01,2016-09-29,
NIFTY_MIDCAP_150,BERGEPAINT,BERGEPAINT,2016-04-01,2019-09-26,
NIFTY_MIDCAP_150,BIOCON,BIOCON,2016-04-01,2018-09-27,
NIFTY_MIDCAP_150,BLUEDART,BLUEDART,2016-04-01,2020-09-24,
NIFTY_MIDCAP_150,CANBK,CANBK,2016-04-01,2023-03-30,
NIFTY_MIDCAP_150,CENTRALBK,CENTRALBK,2016-04-01,2020-09-24,
NIFTY_MIDCAP_150,CENTURYTEX,ABREL,2016-04-01,2018-12-27,
NIFTY_MIDCAP_150,CESC,CESC,2016-04-01,2018-02-04,
NIFTY_MIDCAP_150,CHOLAFIN,CHOLAFIN,2016-04-01,2021-09-29,
NIFTY_MIDCAP_150,COROMANDEL,COROMANDEL,2016-04-01,,
NIFTY_MIDCAP_150,CRISIL,CRISIL,2016-04-01,,
NIFTY_MIDCAP_150,CUB,CUB,2016-04-01,2022-03-30,
NIFTY_MIDCAP_150,CYIENT,CYIENT,2016-04-01,2017-09-28,
NIFTY_MIDCAP_150,DALMIABHA,DALMIABHA,2016-04-01,2018-04-01,
NIFTY_MIDCAP_150,DBCORP,DBCORP,2016-04-01,2018-04-01,
NIFTY_MIDCAP_150,DEWANHOUS,DHFL,2016-04-01,2016-09-29,
NIFTY_MIDCAP_150,DISHTV,DISHTV,2016-04-01,2019-09-26,
NIFTY_MIDCAP_150,ECLERX,ECLERX,2016-04-01,2017-09-28,
NIFTY_MIDCAP_150,EDELWEISS,EDELWEISS,2016-04-01,2021-03-30,
NIFTY_MIDCAP_150,EIHOTEL,EIHOTEL,2016-04-01,2020-09-24,
NIFTY_MIDCAP_150,ENGINERSIN,ENGINERSIN,2016-04-01,2020-06-25,
NIFTY_MIDCAP_150,EXIDEIND,EXIDEIND,2016-04-01,2022-09-29,
NIFTY_MIDCAP_150,FEDERALBNK,FEDERALBNK,2016-04-01,,
NIFTY_MIDCAP_150,FORTIS,FORTIS,2016-04-01,2018-02-04,
NIFTY_MIDCAP_150,GESHIP,GESHIP,2016-04-01,2017-09-28,
NIFTY_MIDCAP_150,GILLETTE,GILLETTE,2016-04-01,2022-03-30,
NIFTY_MIDCAP_150,GMRINFRA,GMRAIRPORT,2016-04-01,2021-10-28,
NIFTY_MIDCAP_150,GODREJIND,GODREJIND,2016-04-01,,
NIFTY_MIDCAP_150,GODREJPROP,GODREJPROP,2016-04-01,,
NIFTY_MIDCAP_150,GPPL,GPPL,2016-04-01,2018-04-01,
NIFTY_MIDCAP_150,GRUH,GRUH,2016-04-01,2019-09-26,
NIFTY_MIDCAP_150,GSPL,GSPL,2016-04-01,2023-03-30,
NIFTY_MIDCAP_150,GUJFLUORO,GUJFLUORO,2016-04-01,2018-09-27,
NIFTY_MIDCAP_150,GUJGASLTD,GUJENERGY,2016-04-01,2026-03-29,
NIFTY_MIDCAP_150,HAVELLS,HAVELLS,2016-04-01,2016-11-14,
NIFTY_MIDCAP_150,HEXAWARE,HEXAWARE,2016-04-01,2020-09-24,
NIFTY_MIDCAP_150,HINDCOPPER,HINDCOPPER,2016-04-01,2017-09-28,
NIFTY_MIDCAP_150,HONAUT,HONAUT,2016-04-01,2017-09-28,
NIFTY_MIDCAP_150,IDBI,IDBI,2016-04-01,2020-09-24,
NIFTY_MIDCAP_150,IDFC,IDFC,2016-04-01,2018-09-27,
NIFTY_MIDCAP_150,IGL,IGL,2016-04-01,2020-06-25,
NIFTY_MIDCAP_150,IIFL,IIFL,2016-04-01,2017-06-22,
NIFTY_MIDCAP_150,INDHOTEL,INDHOTEL,2016-04-01,2025-03-27,
NIFTY_MIDCAP_150,INDIANB,INDIANB,2016-04-01,2020-06-25,
NIFTY_MIDCAP_150,INOXWIND,INOXWIND,2016-04-01,2017-03-30,
NIFTY_MIDCAP_150,IOB,IOB,2016-04-01,2018-04-01,
NIFTY_MIDCAP_150,IPCALAB,IPCALAB,2016-04-01,2018-04-01,
NIFTY_MIDCAP_150,IRB,IRB,2016-04-01,2018-09-27,
NIFTY_MIDCAP_150,JAGRAN,JAGRAN,2016-04-01,2017-09-28,
NIFTY_MIDCAP_150,JETAIRWAYS,JETAIRWAYS,2016-04-01,2017-03-30,
NIFTY_MIDCAP_150,JINDALSTEL,JINDALSTEL,2016-04-01,2021-09-29,
NIFTY_MIDCAP_150,JSWENERGY,JSWENERGY,2016-04-01,2024-09-29,
NIFTY_MIDCAP_150,JUBILANT,JUBLPHARMA,2016-04-01,2020-09-24,
NIFTY_MIDCAP_150,JUBLFOOD,JUBLFOOD,2016-04-01,2021-03-30,
NIFTY_MIDCAP_150,JUSTDIAL,JUSTDIAL,2016-04-01,2017-03-30,
NIFTY_MIDCAP_150,JYOTHYLAB,JYOTHYLAB,2016-04-01,2018-04-01,
NIFTY_MIDCAP_150,KAJARIACER,KAJARIACER,2016-04-01,2018-09-27,
NIFTY_MIDCAP_150,KANSAINER,KANSAINER,2016-04-01,2024-09-29,
NIFTY_MIDCAP_150,KARURVYSYA,KARURVYSYA,2016-04-01,2018-09-27,
NIFTY_MIDCAP_150,L&TFH,LTF,2016-04-01,2018-04-01,
NIFTY_MIDCAP_150,M&MFIN,M&MFIN,2016-04-01,,
NIFTY_MIDCAP_150,MAHINDCIE,CIEINDIA,2016-04-01,2020-06-25,
NIFTY_MIDCAP_150,MINDTREE,MINDTREE,2016-04-01,2022-03-30,
NIFTY_MIDCAP_150,MMTC,MMTC,2016-04-01,2016-09-29,
NIFTY_MIDCAP_150,MPHASIS,MPHASIS,2016-04-01,2022-09-29,
NIFTY_MIDCAP_150,MRF,MRF,2016-04-01,2017-09-28,
NIFTY_MIDCAP_150,MRPL,MRPL,2016-04-01,2021-03-30,
NIFTY_MIDCAP_150,MUTHOOTFIN,MUTHOOTFIN,2016-04-01,2020-06-25,
NIFTY_MIDCAP_150,NATCOPHARM,NATCOPHARM,2016-04-01,2023-03-30,
NIFTY_MIDCAP_150,NATIONALUM,NATIONALUM,2016-04-01,2021-03-30,
NIFTY_MIDCAP_150,NAUKRI,NAUKRI,2016-04-01,2020-06-25,
NIFTY_MIDCAP_150,NBCC,NBCC,2016-04-01,2020-06-25,
NIFTY_MIDCAP_150,NETWORK18,NETWORK18,2016-04-01,2017-03-30,
NIFTY_MIDCAP_150,NLCINDIA,NLCINDIA,2016-04-01,2021-03-30,
NIFTY_MIDCAP_150,OBEROIRLTY,OBEROIRLTY,2016-04-01,,
NIFTY_MIDCAP_150,PAGEIND,PAGEIND,2016-04-01,2019-03-28,
NIFTY_MIDCAP_150,PCJEWELLER,PCJEWELLER,2016-04-01,2019-03-28,
NIFTY_MIDCAP_150,PEL,PIRAMALFIN,2016-04-01,2016-09-29,ALIAS_INFERRED_MERGER_SUCCESSOR;INFERRED_MERGER_SUCCESSOR
NIFTY_MIDCAP_150,PERSISTENT,PERSISTENT,2016-04-01,2017-03-30,
NIFTY_MIDCAP_150,PETRONET,PETRONET,2016-04-01,2017-03-30,
NIFTY_MIDCAP_150,PFIZER,PFIZER,2016-04-01,2024-03-27,
NIFTY_MIDCAP_150,PHOENIXLTD,PHOENIXLTD,2016-04-01,,
NIFTY_MIDCAP_150,PIIND,PIIND,2016-04-01,2021-09-29,
NIFTY_MIDCAP_150,PRESTIGE,PRESTIGE,2016-04-01,,
NIFTY_MIDCAP_150,PRISMCEM,PRSMJOHNSN,2016-04-01,2016-09-29,
NIFTY_MIDCAP_150,RAJESHEXPO,RAJESHEXPO,2016-04-01,2024-03-27,
NIFTY_MIDCAP_150,RAMCOCEM,RAMCOCEM,2016-04-01,2024-09-29,
NIFTY_MIDCAP_150,REDINGTON,REDINGTON,2016-04-01,2016-09-29,
NIFTY_MIDCAP_150,RELAXO,RELAXO,2016-04-01,2017-09-28,
NIFTY_MIDCAP_150,RELCAPITAL,RELCAPITAL,2016-04-01,2017-09-28,
NIFTY_MIDCAP_150,RELINFRA,RELINFRA,2016-04-01,2019-09-26,
NIFTY_MIDCAP_150,RPOWER,RPOWER,2016-04-01,2019-09-26,
NIFTY_MIDCAP_150,SADBHAV,SADBHAV,2016-04-01,2017-03-30,
NIFTY_MIDCAP_150,SANOFI,SANOFI,2016-04-01,2023-03-30,
NIFTY_MIDCAP_150,SCHAEFFLER,SCHAEFFLER,2016-04-01,2018-09-27,
NIFTY_MIDCAP_150,SHRIRAMCIT,SHRIRAMCIT,2016-04-01,2021-03-30,
NIFTY_MIDCAP_150,SJVN,SJVN,2016-04-01,2021-09-29,
NIFTY_MIDCAP_150,SKFINDIA,SKFINDIA,2016-04-01,2025-03-27,
NIFTY_MIDCAP_150,SKSMICRO,BHARATFIN,2016-04-01,2016-09-29,
NIFTY_MIDCAP_150,SOLARINDS,SOLARINDS,2016-04-01,2025-09-29,
NIFTY_MIDCAP_150,SPARC,SPARC,2016-04-01,2019-09-26,
NIFTY_MIDCAP_150,SRF,SRF,2016-04-01,2022-03-30,
NIFTY_MIDCAP_150,STAR,STAR,2016-04-01,2018-02-04,
NIFTY_MIDCAP_150,SUNDARMFIN,SUNDARMFIN,2016-04-01,2017-11-12,
NIFTY_MIDCAP_150,SUNTV,SUNTV,2016-04-01,2017-05-25,
NIFTY_MIDCAP_150,SUPREMEIND,SUPREMEIND,2016-04-01,,
NIFTY_MIDCAP_150,SUZLON,SUZLON,2016-04-01,2018-09-27,
NIFTY_MIDCAP_150,SYMPHONY,SYMPHONY,2016-04-01,2021-03-30,
NIFTY_MIDCAP_150,SYNDIBANK,SYNDIBANK,2016-04-01,2018-04-01,
NIFTY_MIDCAP_150,SYNGENE,SYNGENE,2016-04-01,2026-03-29,
NIFTY_MIDCAP_150,TATACHEM,TATACHEM,2016-04-01,2019-12-26,
NIFTY_MIDCAP_150,TATACOMM,TATACOMM,2016-04-01,2018-06-28,
NIFTY_MIDCAP_150,TATAELXSI,TATAELXSI,2016-04-01,2017-03-30,
NIFTY_MIDCAP_150,TATAGLOBAL,TATACONSUM,2016-04-01,2020-03-18,
NIFTY_MIDCAP_150,THERMAX,THERMAX,2016-04-01,,
NIFTY_MIDCAP_150,THOMASCOOK,THOMASCOOK,2016-04-01,2019-09-26,
NIFTY_MIDCAP_150,TORNTPOWER,TORNTPOWER,2016-04-01,,
NIFTY_MIDCAP_150,TRENT,TRENT,2016-04-01,2023-09-28,
NIFTY_MIDCAP_150,TTKPRESTIG,TTKPRESTIG,2016-04-01,2018-09-27,
NIFTY_MIDCAP_150,TUBEINVEST,TUBEINVEST,2016-04-01,2017-05-25,
NIFTY_MIDCAP_150,TV18BRDCST,TV18BRDCST,2016-04-01,2019-03-28,
NIFTY_MIDCAP_150,TVSMOTOR,TVSMOTOR,2016-04-01,2023-09-28,
NIFTY_MIDCAP_150,UCOBANK,UCOBANK,2016-04-01,2016-09-29,
NIFTY_MIDCAP_150,UNIONBANK,UNIONBANK,2016-04-01,2024-09-29,
NIFTY_MIDCAP_150,VAKRANSOFT,VAKRANGEE,2016-04-01,2016-09-29,
NIFTY_MIDCAP_150,VIDEOIND,VIDEOIND,2016-04-01,2016-09-29,
NIFTY_MIDCAP_150,VOLTAS,VOLTAS,2016-04-01,,
NIFTY_MIDCAP_150,VTL,VTL,2016-04-01,2018-04-01,
NIFTY_MIDCAP_150,WABCOINDIA,ZFCVINDIA,2016-04-01,2021-03-30,
NIFTY_MIDCAP_150,WELSPUNIND,WELSPUNLIV,2016-04-01,2018-04-01,
NIFTY_MIDCAP_150,WHIRLPOOL,WHIRLPOOL,2016-04-01,2024-03-27,
NIFTY_MIDCAP_150,WOCKPHARMA,WOCKPHARMA,2016-04-01,2018-09-27,
NIFTY_MIDCAP_150,ABFRL,ABFRL,2016-09-30,2025-09-29,
NIFTY_MIDCAP_150,ABIRLANUVO,ABIRLANUVO,2016-09-30,2017-05-25,
NIFTY_MIDCAP_150,ALKEM,ALKEM,2016-09-30,2020-09-24,
NIFTY_MIDCAP_150,BHARATFIN,BHARATFIN,2016-09-30,2018-12-27,
NIFTY_MIDCAP_150,DHFL,DHFL,2016-09-30,2019-09-26,
NIFTY_MIDCAP_150,GET&D,GVT&D,2016-09-30,2019-03-28,
NIFTY_MIDCAP_150,IDFCBANK,IDFCFIRSTB,2016-09-30,2019-03-28,
NIFTY_MIDCAP_150,LALPATHLAB,LALPATHLAB,2016-09-30,2018-04-01,
NIFTY_MIDCAP_150,MFSL,MFSL,2016-09-30,2017-01-22,
NIFTY_MIDCAP_150,NH,NH,2016-09-30,2018-04-01,
NIFTY_MIDCAP_150,RCOM,RCOM,2016-09-30,2018-04-01,
NIFTY_MIDCAP_150,RECLTD,RECLTD,2016-09-30,2017-03-30,
NIFTY_MIDCAP_150,VAKRANGEE,VAKRANGEE,2016-09-30,2019-03-28,
NIFTY_MIDCAP_150,CROMPTON,CROMPTON,2016-11-15,2024-03-27,
NIFTY_MIDCAP_150,RBLBANK,RBLBANK,2017-01-23,2022-03-30,
NIFTY_MIDCAP_150,APOLLOHOSP,APOLLOHOSP,2017-03-31,2021-03-30,
NIFTY_MIDCAP_150,BHARATFORG,BHARATFORG,2017-03-31,,
NIFTY_MIDCAP_150,CASTROLIND,CASTROLIND,2017-03-31,2022-03-30,
NIFTY_MIDCAP_150,ENDURANCE,ENDURANCE,2017-03-31,,
NIFTY_MIDCAP_150,LTI,LTM,2017-03-31,2020-09-24,
NIFTY_MIDCAP_150,LTTS,LTTS,2017-03-31,,
NIFTY_MIDCAP_150,MANAPPURAM,MANAPPURAM,2017-03-31,2022-09-29,
NIFTY_MIDCAP_150,MOTILALOFS,MOTILALOFS,2017-03-31,2022-03-30,
NIFTY_MIDCAP_150,QUESS,QUESS,2017-03-31,2020-09-24,
NIFTY_MIDCAP_150,FRETAIL,FRETAIL,2017-05-26,2017-10-29,
NIFTY_MIDCAP_150,MGL,MGL,2017-05-26,2022-03-30,
NIFTY_MIDCAP_150,PNBHOUSING,PNBHOUSING,2017-05-26,2020-09-24,
NIFTY_MIDCAP_150,KRBL,KRBL,2017-06-23,2020-06-25,
NIFTY_MIDCAP_150,ADANITRANS,ADANIENSOL,2017-09-29,2020-03-18,
NIFTY_MIDCAP_150,DIVISLAB,DIVISLAB,2017-09-29,2019-03-28,
NIFTY_MIDCAP_150,FINCABLES,FINCABLES,2017-09-29,2019-09-26,
NIFTY_MIDCAP_150,JMFINANCIL,JMFINANCIL,2017-09-29,2019-09-26,
NIFTY_MIDCAP_150,MFSL,MFSL,2017-09-29,,
NIFTY_MIDCAP_150,SUNDRMFAST,SUNDRMFAST,2017-09-29,2025-03-27,
NIFTY_MIDCAP_150,UBL,UBL,2017-09-29,2019-03-28,
NIFTY_MIDCAP_150,VBL,VBL,2017-09-29,2023-03-30,
NIFTY_MIDCAP_150,VGUARD,VGUARD,2017-09-29,2021-09-29,
NIFTY_MIDCAP_150,VIJAYABANK,VIJAYABANK,2017-09-29,2018-04-01,
NIFTY_MIDCAP_150,HUDCO,HUDCO,2017-10-30,2021-03-30,
NIFTY_MIDCAP_150,AUBANK,AUBANK,2017-11-13,,
NIFTY_MIDCAP_150,HATSUN,HATSUN,2018-02-05,2023-03-30,
NIFTY_MIDCAP_150,RELCAPITAL,RELCAPITAL,2018-02-05,2019-09-26,
NIFTY_MIDCAP_150,TIFIN,CHOLAHLDNG,2018-02-05,2019-06-27,
NIFTY_MIDCAP_150,AVANTIFEED,AVANTIFEED,2018-04-02,2019-03-28,
NIFTY_MIDCAP_150,DBL,DBL,2018-04-02,2019-09-26,
NIFTY_MIDCAP_150,FCONSUMER,FCONSUMER,2018-04-02,2020-06-25,
NIFTY_MIDCAP_150,GLAXO,GLAXO,2018-04-02,,
NIFTY_MIDCAP_150,GLENMARK,GLENMARK,2018-04-02,2022-09-29,
NIFTY_MIDCAP_150,GODREJAGRO,GODREJAGRO,2018-04-02,2021-09-29,
NIFTY_MIDCAP_150,GSKCONS,GSKCONS,2018-04-02,2019-09-26,
NIFTY_MIDCAP_150,HONAUT,HONAUT,2018-04-02,2026-09-29,
NIFTY_MIDCAP_150,IBREALEST,EMBDL,2018-04-02,2018-09-27,
NIFTY_MIDCAP_150,IBVENTURES,DHANI,2018-04-02,2021-03-30,
NIFTY_MIDCAP_150,ICICIGI,ICICIGI,2018-04-02,2018-09-27,
NIFTY_MIDCAP_150,IIFL,IIFL,2018-04-02,2018-12-27,
NIFTY_MIDCAP_150,STRTECH,STLTECH,2018-04-02,2020-06-25,
NIFTY_MIDCAP_150,TATAPOWER,TATAPOWER,2018-04-02,2022-08-07,
NIFTY_MIDCAP_150,TORNTPHARM,TORNTPHARM,2018-04-02,2020-06-25,
NIFTY_MIDCAP_150,FRETAIL,FRETAIL,2018-06-29,2021-03-30,
NIFTY_MIDCAP_150,KIOCL,KIOCL,2018-06-29,2019-09-26,
NIFTY_MIDCAP_150,ASTRAL,ASTRAL,2018-09-28,,
NIFTY_MIDCAP_150,CUMMINSIND,CUMMINSIND,2018-09-28,2026-03-29,
NIFTY_MIDCAP_150,EMAMILTD,EMAMILTD,2018-09-28,2025-09-29,
NIFTY_MIDCAP_150,ESCORTS,ESCORTS,2018-09-28,,
NIFTY_MIDCAP_150,GRAPHITE,GRAPHITE,2018-09-28,2020-06-25,
NIFTY_MIDCAP_150,HAL,HAL,2018-09-28,2022-09-29,
NIFTY_MIDCAP_150,HEG,HEGAM,2018-09-28,2020-06-25,
NIFTY_MIDCAP_150,ISEC,ISEC,2018-09-28,2024-09-29,
NIFTY_MIDCAP_150,PFC,PFC,2018-09-28,2019-09-26,
NIFTY_MIDCAP_150,PNB,PNB,2018-09-28,2019-09-26,
NIFTY_MIDCAP_150,RECLTD,RECLTD,2018-09-28,2024-03-27,
NIFTY_MIDCAP_150,RNAM,NAM-INDIA,2018-09-28,2020-03-18,
NIFTY_MIDCAP_150,SUNDARMFIN,SUNDARMFIN,2018-09-28,,
NIFTY_MIDCAP_150,AARTIIND,AARTIIND,2018-12-28,2019-03-28,
NIFTY_MIDCAP_150,BBTC,BBTC,2018-12-28,2021-09-29,
NIFTY_MIDCAP_150,VARROC,VARROC,2018-12-28,2020-06-25,
NIFTY_MIDCAP_150,ABCAPITAL,ABCAPITAL,2019-03-29,,
NIFTY_MIDCAP_150,ATUL,ATUL,2019-03-29,2024-09-29,
NIFTY_MIDCAP_150,BEL,BEL,2019-03-29,2022-09-29,
NIFTY_MIDCAP_150,ERIS,ERIS,2019-03-29,2021-03-30,
NIFTY_MIDCAP_150,GUJFLUORO,GUJFLUORO,2019-03-29,2019-06-27,
NIFTY_MIDCAP_150,IDFCFIRSTB,IDFCFIRSTB,2019-03-29,,
NIFTY_MIDCAP_150,IPCALAB,IPCALAB,2019-03-29,,
NIFTY_MIDCAP_150,LICHSGFIN,LICHSGFIN,2019-03-29,,
NIFTY_MIDCAP_150,OIL,OIL,2019-03-29,,
NIFTY_MIDCAP_150,RELAXO,RELAXO,2019-03-29,2024-03-27,
NIFTY_MIDCAP_150,SUNTV,SUNTV,2019-03-29,2025-09-29,
NIFTY_MIDCAP_150,CHOLAHLDNG,CHOLAHLDNG,2019-06-28,2022-03-30,
NIFTY_MIDCAP_150,DALBHARAT,DALBHARAT,2019-06-28,,
NIFTY_MIDCAP_150,AAVAS,AAVAS,2019-09-27,2023-09-28,
NIFTY_MIDCAP_150,ABBOTINDIA,ABBOTINDIA,2019-09-27,2020-06-25,
NIFTY_MIDCAP_150,ADANIGAS,ATGL,2019-09-27,2021-03-30,
NIFTY_MIDCAP_150,ALBK,ALBK,2019-09-27,2019-12-26,
NIFTY_MIDCAP_150,BAYERCROP,BAYERCROP,2019-09-27,2025-03-27,
NIFTY_MIDCAP_150,BHEL,BHEL,2019-09-27,2024-09-29,
NIFTY_MIDCAP_150,CESC,CESC,2019-09-27,2021-09-29,
NIFTY_MIDCAP_150,CORPBANK,CORPBANK,2019-09-27,2019-12-26,
NIFTY_MIDCAP_150,FORTIS,FORTIS,2019-09-27,,
NIFTY_MIDCAP_150,IOB,IOB,2019-09-27,2020-09-24,
NIFTY_MIDCAP_150,MRF,MRF,2019-09-27,2021-03-30,
NIFTY_MIDCAP_150,ORIENTBANK,ORIENTBANK,2019-09-27,2019-12-26,
NIFTY_MIDCAP_150,SAIL,SAIL,2019-09-27,2021-09-29,
NIFTY_MIDCAP_150,TTKPRESTIG,TTKPRESTIG,2019-09-27,2022-03-30,
NIFTY_MIDCAP_150,UCOBANK,UCOBANK,2019-09-27,2020-09-24,
NIFTY_MIDCAP_150,VINATIORGA,VINATIORGA,2019-09-27,2024-03-27,
NIFTY_MIDCAP_150,AARTIIND,AARTIIND,2019-12-27,2022-05-03,
NIFTY_MIDCAP_150,LALPATHLAB,LALPATHLAB,2019-12-27,2024-09-29,
NIFTY_MIDCAP_150,POLYCAB,POLYCAB,2019-12-27,2026-09-29,
NIFTY_MIDCAP_150,SCHAEFFLER,SCHAEFFLER,2019-12-27,,
NIFTY_MIDCAP_150,ADANIGREEN,ADANIGREEN,2020-03-19,2020-09-24,
NIFTY_MIDCAP_150,NAM-INDIA,NAM-INDIA,2020-03-19,2023-09-28,
NIFTY_MIDCAP_150,TATACONSUM,TATACONSUM,2020-03-19,2020-09-24,
NIFTY_MIDCAP_150,ABB,ABB,2020-06-26,2023-03-30,
NIFTY_MIDCAP_150,AKZOINDIA,JSWDULUX,2020-06-26,2021-09-29,
NIFTY_MIDCAP_150,ASHOKLEY,ASHOKLEY,2020-06-26,,
NIFTY_MIDCAP_150,CREDITACC,CREDITACC,2020-06-26,2021-09-29,
NIFTY_MIDCAP_150,IBULHSGFIN,SAMMAANCAP,2020-06-26,2021-09-29,
NIFTY_MIDCAP_150,IDEA,IDEA,2020-06-26,2026-09-29,
NIFTY_MIDCAP_150,IIFLWAM,360ONE,2020-06-26,2021-09-29,
NIFTY_MIDCAP_150,IRCTC,IRCTC,2020-06-26,2022-09-29,
NIFTY_MIDCAP_150,JKCEMENT,JKCEMENT,2020-06-26,,
NIFTY_MIDCAP_150,L&TFH,LTF,2020-06-26,2024-09-29,
NIFTY_MIDCAP_150,MINDAIND,UNOMINDA,2020-06-26,2022-08-07,
NIFTY_MIDCAP_150,NIACL,NIACL,2020-06-26,2026-09-29,
NIFTY_MIDCAP_150,NIITTECH,COFORGE,2020-06-26,2020-09-24,
NIFTY_MIDCAP_150,SUMICHEM,SUMICHEM,2020-06-26,2024-09-29,
NIFTY_MIDCAP_150,TATACOMM,TATACOMM,2020-06-26,,
NIFTY_MIDCAP_150,ADANIENT,ADANIENT,2020-09-25,2021-03-30,
NIFTY_MIDCAP_150,ASTRAZEN,ASTRAZEN,2020-09-25,2021-09-29,
NIFTY_MIDCAP_150,COFORGE,COFORGE,2020-09-25,,
NIFTY_MIDCAP_150,ITI,ITI,2020-09-25,2022-03-30,
NIFTY_MIDCAP_150,JMFINANCIL,JMFINANCIL,2020-09-25,2021-09-29,
NIFTY_MIDCAP_150,METROPOLIS,METROPOLIS,2020-09-25,2022-09-29,
NIFTY_MIDCAP_150,NAVINFLUOR,NAVINFLUOR,2020-09-25,2024-03-27,
NIFTY_MIDCAP_150,NHPC,NHPC,2020-09-25,2024-09-29,
NIFTY_MIDCAP_150,PAGEIND,PAGEIND,2020-09-25,2023-03-30,
NIFTY_MIDCAP_150,SFL,SFL,2020-09-25,2021-03-30,
NIFTY_MIDCAP_150,SRTRANSFIN,SHRIRAMFIN,2020-09-25,2023-03-30,
NIFTY_MIDCAP_150,TATACHEM,TATACHEM,2020-09-25,2025-03-27,
NIFTY_MIDCAP_150,TIINDIA,TIINDIA,2020-09-25,,
NIFTY_MIDCAP_150,YESBANK,YESBANK,2020-09-25,2021-03-30,
NIFTY_MIDCAP_150,ZEEL,ZEEL,2020-09-25,2024-09-29,
NIFTY_MIDCAP_150,ZYDUSWELL,ZYDUSWELL,2020-09-25,2022-03-30,
NIFTY_MIDCAP_150,ATGL,ATGL,2021-03-31,2022-09-29,
NIFTY_MIDCAP_150,BANKBARODA,BANKBARODA,2021-03-31,2021-09-29,
NIFTY_MIDCAP_150,CONCOR,CONCOR,2021-03-31,,
NIFTY_MIDCAP_150,DEEPAKNTR,DEEPAKNTR,2021-03-31,2026-03-29,
NIFTY_MIDCAP_150,DHANI,DHANI,2021-03-31,2022-03-30,
NIFTY_MIDCAP_150,DIXON,DIXON,2021-03-31,,
NIFTY_MIDCAP_150,GICRE,GICRE,2021-03-31,,
NIFTY_MIDCAP_150,HINDZINC,HINDZINC,2021-03-31,2025-09-29,
NIFTY_MIDCAP_150,IDBI,IDBI,2021-03-31,2021-09-29,
NIFTY_MIDCAP_150,INDIAMART,INDIAMART,2021-03-31,2023-03-30,
NIFTY_MIDCAP_150,LAURUSLABS,LAURUSLABS,2021-03-31,2024-09-29,
NIFTY_MIDCAP_150,MAXHEALTH,MAXHEALTH,2021-03-31,2025-09-29,
NIFTY_MIDCAP_150,OFSS,OFSS,2021-03-31,,
NIFTY_MIDCAP_150,PERSISTENT,PERSISTENT,2021-03-31,,
NIFTY_MIDCAP_150,PFC,PFC,2021-03-31,2024-03-27,
NIFTY_MIDCAP_150,PGHL,PGHL,2021-03-31,2021-09-29,
NIFTY_MIDCAP_150,SUVENPHAR,COHANCE,2021-03-31,2022-03-30,
NIFTY_MIDCAP_150,TATAELXSI,TATAELXSI,2021-03-31,2026-09-29,
NIFTY_MIDCAP_150,ABBOTINDIA,ABBOTINDIA,2021-09-30,,
NIFTY_MIDCAP_150,AFFLE,AFFLE,2021-09-30,2023-09-28,
NIFTY_MIDCAP_150,ALKEM,ALKEM,2021-09-30,,
NIFTY_MIDCAP_150,ALKYLAMINE,ALKYLAMINE,2021-09-30,2023-09-28,
NIFTY_MIDCAP_150,APLAPOLLO,APLAPOLLO,2021-09-30,,
NIFTY_MIDCAP_150,BLUEDART,BLUEDART,2021-09-30,2024-03-27,
NIFTY_MIDCAP_150,HINDCOPPER,HINDCOPPER,2021-09-30,2022-03-30,
NIFTY_MIDCAP_150,INDIANB,INDIANB,2021-09-30,,
NIFTY_MIDCAP_150,IRFC,IRFC,2021-09-30,2024-03-27,
NIFTY_MIDCAP_150,KAJARIACER,KAJARIACER,2021-09-30,2024-09-29,
NIFTY_MIDCAP_150,LINDEINDIA,LINDEINDIA,2021-09-30,,
NIFTY_MIDCAP_150,LODHA,LODHA,2021-09-30,2024-09-29,
NIFTY_MIDCAP_150,MRF,MRF,2021-09-30,,
NIFTY_MIDCAP_150,NATIONALUM,NATIONALUM,2021-09-30,2023-03-30,
NIFTY_MIDCAP_150,PETRONET,PETRONET,2021-09-30,,
NIFTY_MIDCAP_150,UBL,UBL,2021-09-30,,
NIFTY_MIDCAP_150,VAIBHAVGBL,VAIBHAVGBL,2021-09-30,2022-03-30,
NIFTY_MIDCAP_150,WABCOINDIA,ZFCVINDIA,2021-09-30,2022-05-03,
NIFTY_MIDCAP_150,SONACOMS,SONACOMS,2021-10-29,2026-03-29,
NIFTY_MIDCAP_150,AUROPHARMA,AUROPHARMA,2022-03-31,,
NIFTY_MIDCAP_150,CGPOWER,CGPOWER,2022-03-31,2025-03-27,
NIFTY_MIDCAP_150,CLEAN,CLEAN,2022-03-31,2023-09-28,
NIFTY_MIDCAP_150,FLUOROCHEM,FLUOROCHEM,2022-03-31,,
NIFTY_MIDCAP_150,GRINDWELL,GRINDWELL,2022-03-31,2025-03-27,
NIFTY_MIDCAP_150,HAPPSTMNDS,HAPPSTMNDS,2022-03-31,2023-09-28,
NIFTY_MIDCAP_150,HINDPETRO,HINDPETRO,2022-03-31,,
NIFTY_MIDCAP_150,IDBI,IDBI,2022-03-31,2022-09-29,
NIFTY_MIDCAP_150,IEX,IEX,2022-03-31,2023-03-30,
NIFTY_MIDCAP_150,IGL,IGL,2022-03-31,2026-03-29,
NIFTY_MIDCAP_150,JINDALSTEL,JINDALSTEL,2022-03-31,2023-07-12,
NIFTY_MIDCAP_150,NUVOCO,NUVOCO,2022-03-31,2022-09-29,
NIFTY_MIDCAP_150,POLICYBZR,POLICYBZR,2022-03-31,,
NIFTY_MIDCAP_150,STARHEALTH,STARHEALTH,2022-03-31,2025-09-29,
NIFTY_MIDCAP_150,TRIDENT,TRIDENT,2022-03-31,2024-03-27,
NIFTY_MIDCAP_150,TTML,TTML,2022-03-31,2023-09-28,
NIFTY_MIDCAP_150,YESBANK,YESBANK,2022-03-31,,
NIFTY_MIDCAP_150,GMRINFRA,GMRAIRPORT,2022-05-04,2025-03-27,
NIFTY_MIDCAP_150,ZFCVINDIA,ZFCVINDIA,2022-05-04,2025-03-27,
NIFTY_MIDCAP_150,DELHIVERY,DELHIVERY,2022-08-08,2025-03-27,
NIFTY_MIDCAP_150,UNOMINDA,UNOMINDA,2022-08-08,,
NIFTY_MIDCAP_150,AWL,AWL,2022-09-30,2023-03-30,
NIFTY_MIDCAP_150,DEVYANI,DEVYANI,2022-09-30,2024-09-29,
NIFTY_MIDCAP_150,JUBLFOOD,JUBLFOOD,2022-09-30,,
NIFTY_MIDCAP_150,KPRMILL,KPRMILL,2022-09-30,,
NIFTY_MIDCAP_150,LUPIN,LUPIN,2022-09-30,,
NIFTY_MIDCAP_150,MANYAVAR,MANYAVAR,2022-09-30,2024-09-29,
NIFTY_MIDCAP_150,MSUMI,MSUMI,2022-09-30,2025-09-29,
NIFTY_MIDCAP_150,PATANJALI,PATANJALI,2022-09-30,,
NIFTY_MIDCAP_150,PNB,PNB,2022-09-30,2023-09-28,
NIFTY_MIDCAP_150,POONAWALLA,POONAWALLA,2022-09-30,2025-03-27,
NIFTY_MIDCAP_150,SAIL,SAIL,2022-09-30,,
NIFTY_MIDCAP_150,ZYDUSLIFE,ZYDUSLIFE,2022-09-30,2023-09-28,
NIFTY_MIDCAP_150,AARTIIND,AARTIIND,2023-03-31,2024-03-27,
NIFTY_MIDCAP_150,ADANIPOWER,ADANIPOWER,2023-03-31,2024-03-27,
NIFTY_MIDCAP_150,APOLLOTYRE,APOLLOTYRE,2023-03-31,2026-09-29,
NIFTY_MIDCAP_150,BANDHANBNK,BANDHANBNK,2023-03-31,2025-09-29,
NIFTY_MIDCAP_150,BIOCON,BIOCON,2023-03-31,,
NIFTY_MIDCAP_150,FINEORG,FINEORG,2023-03-31,2023-09-28,
NIFTY_MIDCAP_150,GLAND,GLAND,2023-03-31,2025-09-29,
NIFTY_MIDCAP_150,METROBRAND,METROBRAND,2023-03-31,2025-03-27,
NIFTY_MIDCAP_150,MPHASIS,MPHASIS,2023-03-31,,
NIFTY_MIDCAP_150,NMDC,NMDC,2023-03-31,,
NIFTY_MIDCAP_150,PAYTM,PAYTM,2023-03-31,,
NIFTY_MIDCAP_150,PEL,PIRAMALFIN,2023-03-31,2024-09-29,ALIAS_INFERRED_MERGER_SUCCESSOR;INFERRED_MERGER_SUCCESSOR
NIFTY_MIDCAP_150,SHRIRAMFIN,SHRIRAMFIN,2023-03-31,2023-09-28,
NIFTY_MIDCAP_150,TIMKEN,TIMKEN,2023-03-31,2025-03-27,
NIFTY_MIDCAP_150,MANKIND,MANKIND,2023-07-13,,
NIFTY_MIDCAP_150,ACC,ACC,2023-09-29,2026-09-29,
NIFTY_MIDCAP_150,BDL,BDL,2023-09-29,,
NIFTY_MIDCAP_150,CARBORUNIV,CARBORUNIV,2023-09-29,2025-03-27,
NIFTY_MIDCAP_150,FACT,FACT,2023-09-29,2025-03-27,
NIFTY_MIDCAP_150,HDFCAMC,HDFCAMC,2023-09-29,2026-03-29,
NIFTY_MIDCAP_150,INDUSTOWER,INDUSTOWER,2023-09-29,,
NIFTY_MIDCAP_150,JSL,JSL,2023-09-29,,
NIFTY_MIDCAP_150,KPITTECH,KPITTECH,2023-09-29,2026-09-29,
NIFTY_MIDCAP_150,MAHABANK,MAHABANK,2023-09-29,,
NIFTY_MIDCAP_150,MAZDOCK,MAZDOCK,2023-09-29,2025-09-29,
NIFTY_MIDCAP_150,NYKAA,NYKAA,2023-09-29,,
NIFTY_MIDCAP_150,PAGEIND,PAGEIND,2023-09-29,,
NIFTY_MIDCAP_150,RVNL,RVNL,2023-09-29,,
NIFTY_MIDCAP_150,AWL,AWL,2024-03-28,2026-09-29,
NIFTY_MIDCAP_150,BSE,BSE,2024-03-28,2026-09-29,
NIFTY_MIDCAP_150,IDBI,IDBI,2024-03-28,2025-03-27,
NIFTY_MIDCAP_150,JSWINFRA,JSWINFRA,2024-03-28,,
NIFTY_MIDCAP_150,KALYANKJIL,KALYANKJIL,2024-03-28,,
NIFTY_MIDCAP_150,KEI,KEI,2024-03-28,,
NIFTY_MIDCAP_150,LLOYDSME,LLOYDSME,2024-03-28,,
NIFTY_MIDCAP_150,MUTHOOTFIN,MUTHOOTFIN,2024-03-28,2026-03-29,
NIFTY_MIDCAP_150,PGHH,PGHH,2024-03-28,2025-03-27,
NIFTY_MIDCAP_150,PIIND,PIIND,2024-03-28,,
NIFTY_MIDCAP_150,SJVN,SJVN,2024-03-28,2026-09-29,
NIFTY_MIDCAP_150,SUZLON,SUZLON,2024-03-28,,
NIFTY_MIDCAP_150,TATATECH,TATATECH,2024-03-28,2026-03-29,
NIFTY_MIDCAP_150,UPL,UPL,2024-03-28,,
NIFTY_MIDCAP_150,BERGEPAINT,BERGEPAINT,2024-09-30,,
NIFTY_MIDCAP_150,BHARTIHEXA,BHARTIHEXA,2024-09-30,,
NIFTY_MIDCAP_150,COCHINSHIP,COCHINSHIP,2024-09-30,,
NIFTY_MIDCAP_150,COLPAL,COLPAL,2024-09-30,,
NIFTY_MIDCAP_150,EXIDEIND,EXIDEIND,2024-09-30,,
NIFTY_MIDCAP_150,HUDCO,HUDCO,2024-09-30,,
NIFTY_MIDCAP_150,IOB,IOB,2024-09-30,2025-03-27,
NIFTY_MIDCAP_150,IRB,IRB,2024-09-30,2026-03-29,
NIFTY_MIDCAP_150,IREDA,IREDA,2024-09-30,,
NIFTY_MIDCAP_150,LTF,LTF,2024-09-30,,
NIFTY_MIDCAP_150,MARICO,MARICO,2024-09-30,,
NIFTY_MIDCAP_150,MEDANTA,MEDANTA,2024-09-30,,
NIFTY_MIDCAP_150,MRPL,MRPL,2024-09-30,2025-09-29,
NIFTY_MIDCAP_150,NAM-INDIA,NAM-INDIA,2024-09-30,,
NIFTY_MIDCAP_150,NLCINDIA,NLCINDIA,2024-09-30,,
NIFTY_MIDCAP_150,POWERINDIA,POWERINDIA,2024-09-30,2026-09-29,
NIFTY_MIDCAP_150,SBICARD,SBICARD,2024-09-30,,
NIFTY_MIDCAP_150,SRF,SRF,2024-09-30,,
NIFTY_MIDCAP_150,TATAINVEST,TATAINVEST,2024-09-30,,
NIFTY_MIDCAP_150,360ONE,360ONE,2025-03-28,,
NIFTY_MIDCAP_150,APARINDS,APARINDS,2025-03-28,,
NIFTY_MIDCAP_150,ATGL,ATGL,2025-03-28,,
NIFTY_MIDCAP_150,BHEL,BHEL,2025-03-28,,
NIFTY_MIDCAP_150,BLUESTARCO,BLUESTARCO,2025-03-28,,
NIFTY_MIDCAP_150,GLENMARK,GLENMARK,2025-03-28,,
NIFTY_MIDCAP_150,GMRAIRPORT,GMRAIRPORT,2025-03-28,,
NIFTY_MIDCAP_150,GVT&D,GVT&D,2025-03-28,,
NIFTY_MIDCAP_150,IRCTC,IRCTC,2025-03-28,,
NIFTY_MIDCAP_150,MOTILALOFS,MOTILALOFS,2025-03-28,,
NIFTY_MIDCAP_150,NATIONALUM,NATIONALUM,2025-03-28,,
NIFTY_MIDCAP_150,NHPC,NHPC,2025-03-28,,
NIFTY_MIDCAP_150,NTPCGREEN,NTPCGREEN,2025-03-28,,
NIFTY_MIDCAP_150,OLAELEC,OLAELEC,2025-03-28,2025-09-29,
NIFTY_MIDCAP_150,PREMIERENE,PREMIERENE,2025-03-28,,
NIFTY_MIDCAP_150,UNIONBANK,UNIONBANK,2025-03-28,2026-03-29,
NIFTY_MIDCAP_150,VMM,VMM,2025-03-28,,
NIFTY_MIDCAP_150,WAAREEENER,WAAREEENER,2025-03-28,,
NIFTY_MIDCAP_150,DABUR,DABUR,2025-09-30,,
NIFTY_MIDCAP_150,FACT,FACT,2025-09-30,2026-03-29,
NIFTY_MIDCAP_150,GODFRYPHLP,GODFRYPHLP,2025-09-30,,
NIFTY_MIDCAP_150,HEROMOTOCO,HEROMOTOCO,2025-09-30,,
NIFTY_MIDCAP_150,HEXT,HEXT,2025-09-30,,
NIFTY_MIDCAP_150,ICICIPRULI,ICICIPRULI,2025-09-30,,
NIFTY_MIDCAP_150,IDBI,IDBI,2025-09-30,2026-03-29,
NIFTY_MIDCAP_150,INDUSINDBK,INDUSINDBK,2025-09-30,,
NIFTY_MIDCAP_150,IOB,IOB,2025-09-30,2026-03-29,
NIFTY_MIDCAP_150,ITCHOTELS,ITCHOTELS,2025-09-30,,
NIFTY_MIDCAP_150,PGHH,PGHH,2025-09-30,2026-03-29,
NIFTY_MIDCAP_150,SWIGGY,SWIGGY,2025-09-30,,
NIFTY_MIDCAP_150,UCOBANK,UCOBANK,2025-09-30,2026-03-29,
NIFTY_MIDCAP_150,AIIL,AIIL,2026-03-30,,
NIFTY_MIDCAP_150,ANTHEM,ANTHEM,2026-03-30,,
NIFTY_MIDCAP_150,BAJAJHFL,BAJAJHFL,2026-03-30,,
NIFTY_MIDCAP_150,GROWW,GROWW,2026-03-30,,
NIFTY_MIDCAP_150,HAVELLS,HAVELLS,2026-03-30,,
NIFTY_MIDCAP_150,HDBFS,HDBFS,2026-03-30,,
NIFTY_MIDCAP_150,ICICIAMC,ICICIAMC,2026-03-30,,
NIFTY_MIDCAP_150,ICICIGI,ICICIGI,2026-03-30,,
NIFTY_MIDCAP_150,JSWENERGY,JSWENERGY,2026-03-30,,
NIFTY_MIDCAP_150,LAURUSLABS,LAURUSLABS,2026-03-30,,
NIFTY_MIDCAP_150,LENSKART,LENSKART,2026-03-30,,
NIFTY_MIDCAP_150,LGEINDIA,LGEINDIA,2026-03-30,,
NIFTY_MIDCAP_150,LICI,LICI,2026-03-30,,
NIFTY_MIDCAP_150,MCX,MCX,2026-03-30,,
NIFTY_MIDCAP_150,NAUKRI,NAUKRI,2026-03-30,,
NIFTY_MIDCAP_150,RADICO,RADICO,2026-03-30,,
NIFTY_MIDCAP_150,ASTERDM,ASTERDM,2026-09-30,,
NIFTY_MIDCAP_150,EMBASSY,EMBASSY,2026-09-30,,
NIFTY_MIDCAP_150,FACT,FACT,2026-09-30,,
NIFTY_MIDCAP_150,HINDCOPPER,HINDCOPPER,2026-09-30,,
NIFTY_MIDCAP_150,INDHOTEL,INDHOTEL,2026-09-30,,
NIFTY_MIDCAP_150,IOB,IOB,2026-09-30,,
NIFTY_MIDCAP_150,LODHA,LODHA,2026-09-30,,
NIFTY_MIDCAP_150,MEESHO,MEESHO,2026-09-30,,
NIFTY_MIDCAP_150,NH,NH,2026-09-30,,
NIFTY_MIDCAP_150,PIRAMALFIN,PIRAMALFIN,2026-09-30,,INFERRED_MERGER_SUCCESSOR
NIFTY_MIDCAP_150,RECLTD,RECLTD,2026-09-30,,
NIFTY_MIDCAP_150,SHREECEM,SHREECEM,2026-09-30,,
NIFTY_MIDCAP_150,UNITDSPR,UNITDSPR,2026-09-30,,
NIFTY_NEXT_50,ABIRLANUVO,ABIRLANUVO,2010-01-01,2015-10-18,
NIFTY_NEXT_50,ADANIENT,ADANIENT,2010-01-01,2015-05-28,
NIFTY_NEXT_50,ADANIPORTS,ADANIPORTS,2010-01-01,2015-09-27,
NIFTY_NEXT_50,ANDHRABANK,ANDHRABANK,2010-01-01,2012-09-27,
NIFTY_NEXT_50,ASHOKLEY,ASHOKLEY,2010-01-01,2013-09-26,
NIFTY_NEXT_50,ASIANPAINT,ASIANPAINT,2010-01-01,2012-04-26,
NIFTY_NEXT_50,BAJAJ-AUTO,BAJAJ-AUTO,2010-01-01,2010-09-30,
NIFTY_NEXT_50,BANKBARODA,BANKBARODA,2010-01-01,2012-04-26,
NIFTY_NEXT_50,BANKINDIA,BANKINDIA,2010-01-01,2016-03-31,
NIFTY_NEXT_50,BEL,BEL,2010-01-01,2012-09-27,
NIFTY_NEXT_50,BHARATFORG,BHARATFORG,2010-01-01,2017-03-30,
NIFTY_NEXT_50,BIOCON,BIOCON,2010-01-01,2013-03-31,
NIFTY_NEXT_50,CANBK,CANBK,2010-01-01,2016-03-31,
NIFTY_NEXT_50,COLPAL,COLPAL,2010-01-01,2024-09-29,
NIFTY_NEXT_50,CONCOR,CONCOR,2010-01-01,2021-03-30,
NIFTY_NEXT_50,CORPBANK,CORPBANK,2010-01-01,2011-03-24,
NIFTY_NEXT_50,CROMPGREAV,CGPOWER,2010-01-01,2015-09-27,
NIFTY_NEXT_50,CUMMINSIND,CUMMINSIND,2010-01-01,2018-09-27,
NIFTY_NEXT_50,DRREDDY,DRREDDY,2010-01-01,2010-09-30,
NIFTY_NEXT_50,FEDERALBNK,FEDERALBNK,2010-01-01,2016-03-31,
NIFTY_NEXT_50,GLAXO,GLAXO,2010-01-01,2018-04-01,
NIFTY_NEXT_50,GLENMARK,GLENMARK,2010-01-01,2018-04-01,
NIFTY_NEXT_50,GMRINFRA,GMRAIRPORT,2010-01-01,2013-03-31,
NIFTY_NEXT_50,HDIL,HDIL,2010-01-01,2012-04-26,
NIFTY_NEXT_50,HINDPETRO,HINDPETRO,2010-01-01,2017-09-28,
NIFTY_NEXT_50,IBREALEST,EMBDL,2010-01-01,2011-04-20,
NIFTY_NEXT_50,IDBI,IDBI,2010-01-01,2014-03-27,
NIFTY_NEXT_50,IFCI,IFCI,2010-01-01,2012-04-26,
NIFTY_NEXT_50,INDHOTEL,INDHOTEL,2010-01-01,2013-09-26,
NIFTY_NEXT_50,IOB,IOB,2010-01-01,2012-04-26,
NIFTY_NEXT_50,JSWSTEEL,JSWSTEEL,2010-01-01,2018-09-27,
NIFTY_NEXT_50,KOTAKBANK,KOTAKBANK,2010-01-01,2010-04-07,
NIFTY_NEXT_50,LICHSGFIN,LICHSGFIN,2010-01-01,2019-03-28,
NIFTY_NEXT_50,LUPIN,LUPIN,2010-01-01,2012-09-27,
NIFTY_NEXT_50,MCDOWELL-N,UNITDSPR,2010-01-01,2014-03-27,
NIFTY_NEXT_50,MOSERBAER,MOSERBAER,2010-01-01,2010-04-07,
NIFTY_NEXT_50,MPHASIS,MPHASIS,2010-01-01,2014-09-18,
NIFTY_NEXT_50,MRPL,MRPL,2010-01-01,2011-03-24,
NIFTY_NEXT_50,OFSS,OFSS,2010-01-01,2021-03-30,
NIFTY_NEXT_50,PATNI,PATNI,2010-01-01,2011-10-09,
NIFTY_NEXT_50,PFC,PFC,2010-01-01,2018-09-27,
NIFTY_NEXT_50,RNRL,RNRL,2010-01-01,2010-10-06,
NIFTY_NEXT_50,SESAGOA,VEDL,2010-01-01,2010-09-30,
NIFTY_NEXT_50,SYNDIBANK,SYNDIBANK,2010-01-01,2011-10-09,
NIFTY_NEXT_50,TECHM,TECHM,2010-01-01,2014-03-27,
NIFTY_NEXT_50,TTML,TTML,2010-01-01,2010-09-30,
NIFTY_NEXT_50,ULTRACEMCO,ULTRACEMCO,2010-01-01,2012-09-27,
NIFTY_NEXT_50,UNIONBANK,UNIONBANK,2010-01-01,2015-09-27,
NIFTY_NEXT_50,UPL,UPL,2010-01-01,2017-09-28,
NIFTY_NEXT_50,ZEEL,ZEEL,2010-01-01,2010-10-06,
NIFTY_NEXT_50,PUNJLLOYD,PUNJLLOYD,2010-04-08,2011-10-09,
NIFTY_NEXT_50,TORNTPOWER,TORNTPOWER,2010-04-08,2013-03-31,
NIFTY_NEXT_50,GRASIM,GRASIM,2010-10-01,2011-03-24,
NIFTY_NEXT_50,RECLTD,RECLTD,2010-10-01,2016-09-29,
NIFTY_NEXT_50,SRTRANSFIN,SHRIRAMFIN,2010-10-01,2020-09-24,
NIFTY_NEXT_50,YESBANK,YESBANK,2010-10-01,2015-03-26,
NIFTY_NEXT_50,EXIDEIND,EXIDEIND,2010-10-07,2016-03-31,
NIFTY_NEXT_50,TATACHEM,TATACHEM,2010-10-07,2016-03-31,
NIFTY_NEXT_50,INDUSINDBK,INDUSINDBK,2011-03-25,2013-03-31,
NIFTY_NEXT_50,TITAN,TITAN,2011-03-25,2018-04-01,
NIFTY_NEXT_50,ZEEL,ZEEL,2011-03-25,2014-09-18,
NIFTY_NEXT_50,COALINDIA,COALINDIA,2011-04-21,2011-10-09,
NIFTY_NEXT_50,BOSCHLTD,BOSCHLTD,2011-10-10,2015-05-28,
NIFTY_NEXT_50,DABUR,DABUR,2011-10-10,2025-09-29,
NIFTY_NEXT_50,IDEA,IDEA,2011-10-10,2015-03-26,
NIFTY_NEXT_50,RELCAPITAL,RELCAPITAL,2011-10-10,2016-03-31,
NIFTY_NEXT_50,DIVISLAB,DIVISLAB,2012-04-27,2017-09-28,
NIFTY_NEXT_50,GSKCONS,GSKCONS,2012-04-27,2018-04-01,
NIFTY_NEXT_50,PETRONET,PETRONET,2012-04-27,2016-03-31,
NIFTY_NEXT_50,RCOM,RCOM,2012-04-27,2016-09-29,
NIFTY_NEXT_50,RPOWER,RPOWER,2012-04-27,2015-09-27,
NIFTY_NEXT_50,APOLLOHOSP,APOLLOHOSP,2012-09-28,2017-03-30,
NIFTY_NEXT_50,BAJAJHLDNG,BAJAJHLDNG,2012-09-28,2016-03-31,
NIFTY_NEXT_50,GODREJCP,GODREJCP,2012-09-28,,
NIFTY_NEXT_50,SAIL,SAIL,2012-09-28,2019-09-26,
NIFTY_NEXT_50,BAJAJFINSV,BAJAJFINSV,2013-04-01,2018-04-01,
NIFTY_NEXT_50,SIEMENS,SIEMENS,2013-04-01,,
NIFTY_NEXT_50,TATAGLOBAL,TATACONSUM,2013-04-01,2016-03-31,
NIFTY_NEXT_50,UBL,UBL,2013-04-01,2017-09-28,
NIFTY_NEXT_50,M&MFIN,M&MFIN,2013-09-27,2016-03-31,
NIFTY_NEXT_50,OIL,OIL,2013-09-27,2019-03-28,
NIFTY_NEXT_50,INFRATEL,INDUSTOWER,2014-03-28,2016-03-31,
NIFTY_NEXT_50,INGVYSYABK,INGVYSYABK,2014-03-28,2015-02-01,
NIFTY_NEXT_50,RANBAXY,RANBAXY,2014-03-28,2014-11-27,
NIFTY_NEXT_50,AUROPHARMA,AUROPHARMA,2014-09-19,2016-03-31,
NIFTY_NEXT_50,MOTHERSUMI,MOTHERSON,2014-09-19,2021-06-29,
NIFTY_NEXT_50,RELINFRA,RELINFRA,2014-11-28,2016-03-31,
NIFTY_NEXT_50,EICHERMOT,EICHERMOT,2015-02-02,2016-03-31,
NIFTY_NEXT_50,IBULHSGFIN,SAMMAANCAP,2015-03-27,2017-03-30,
NIFTY_NEXT_50,MCDOWELL-N,UNITDSPR,2015-03-27,2024-09-29,
NIFTY_NEXT_50,BRITANNIA,BRITANNIA,2015-05-29,2019-03-28,
NIFTY_NEXT_50,MRF,MRF,2015-05-29,2016-03-31,
NIFTY_NEXT_50,ASHOKLEY,ASHOKLEY,2015-09-28,2020-06-25,
NIFTY_NEXT_50,MARICO,MARICO,2015-09-28,2024-09-29,
NIFTY_NEXT_50,NMDC,NMDC,2015-09-28,2022-08-07,
NIFTY_NEXT_50,SUNDARMFIN,SUNDARMFIN,2015-09-28,2016-03-31,
NIFTY_NEXT_50,IOC,IOC,2015-10-19,2017-03-30,
NIFTY_NEXT_50,ABB,ABB,2016-04-01,2019-09-26,
NIFTY_NEXT_50,BAJFINANCE,BAJFINANCE,2016-04-01,2017-09-28,
NIFTY_NEXT_50,BEL,BEL,2016-04-01,2019-03-28,
NIFTY_NEXT_50,CADILAHC,ZYDUSLIFE,2016-04-01,2022-03-30,
NIFTY_NEXT_50,CAIRN,CAIRN,2016-04-01,2016-11-14,
NIFTY_NEXT_50,CASTROLIND,CASTROLIND,2016-04-01,2017-03-30,
NIFTY_NEXT_50,DLF,DLF,2016-04-01,,
NIFTY_NEXT_50,EMAMILTD,EMAMILTD,2016-04-01,2018-09-27,
NIFTY_NEXT_50,HINDZINC,HINDZINC,2016-04-01,2021-03-30,
NIFTY_NEXT_50,NHPC,NHPC,2016-04-01,2020-09-24,
NIFTY_NEXT_50,PGHH,PGHH,2016-04-01,2024-03-27,
NIFTY_NEXT_50,PIDILITIND,PIDILITIND,2016-04-01,,
NIFTY_NEXT_50,PNB,PNB,2016-04-01,2018-09-27,
NIFTY_NEXT_50,SHREECEM,SHREECEM,2016-04-01,2020-03-18,
NIFTY_NEXT_50,TORNTPHARM,TORNTPHARM,2016-04-01,2018-04-01,
NIFTY_NEXT_50,VEDL,VEDL,2016-04-01,2017-05-25,
NIFTY_NEXT_50,INDIGO,INDIGO,2016-09-30,2025-09-29,
NIFTY_NEXT_50,PEL,PIRAMALFIN,2016-09-30,2022-08-07,ALIAS_INFERRED_MERGER_SUCCESSOR;INFERRED_MERGER_SUCCESSOR
NIFTY_NEXT_50,HAVELLS,HAVELLS,2016-11-15,2026-03-29,
NIFTY_NEXT_50,BHEL,BHEL,2017-03-31,2019-09-26,
NIFTY_NEXT_50,ICICIPRULI,ICICIPRULI,2017-03-31,2025-09-29,
NIFTY_NEXT_50,IDEA,IDEA,2017-03-31,2020-06-25,
NIFTY_NEXT_50,PETRONET,PETRONET,2017-03-31,2021-09-29,
NIFTY_NEXT_50,RECLTD,RECLTD,2017-03-31,2018-09-27,
NIFTY_NEXT_50,SUNTV,SUNTV,2017-05-26,2019-03-28,
NIFTY_NEXT_50,ACC,ACC,2017-09-29,2023-09-28,
NIFTY_NEXT_50,BANKBARODA,BANKBARODA,2017-09-29,2021-03-30,
NIFTY_NEXT_50,DMART,DMART,2017-09-29,,
NIFTY_NEXT_50,MRF,MRF,2017-09-29,2019-09-26,
NIFTY_NEXT_50,TATAPOWER,TATAPOWER,2017-09-29,2018-04-01,
NIFTY_NEXT_50,ABCAPITAL,ABCAPITAL,2018-04-02,2019-03-28,
NIFTY_NEXT_50,AMBUJACEM,AMBUJACEM,2018-04-02,,
NIFTY_NEXT_50,AUROPHARMA,AUROPHARMA,2018-04-02,2022-03-30,
NIFTY_NEXT_50,BOSCHLTD,BOSCHLTD,2018-04-02,,
NIFTY_NEXT_50,GICRE,GICRE,2018-04-02,2021-03-30,
NIFTY_NEXT_50,L&TFH,LTF,2018-04-02,2020-06-25,
NIFTY_NEXT_50,SBILIFE,SBILIFE,2018-04-02,2020-09-24,
NIFTY_NEXT_50,BANDHANBNK,BANDHANBNK,2018-09-28,2023-03-30,
NIFTY_NEXT_50,BIOCON,BIOCON,2018-09-28,2023-03-30,
NIFTY_NEXT_50,HDFCLIFE,HDFCLIFE,2018-09-28,2020-07-30,
NIFTY_NEXT_50,ICICIGI,ICICIGI,2018-09-28,2026-03-29,
NIFTY_NEXT_50,LUPIN,LUPIN,2018-09-28,2022-09-29,
NIFTY_NEXT_50,NIACL,NIACL,2018-09-28,2020-06-25,
NIFTY_NEXT_50,BAJAJHLDNG,BAJAJHLDNG,2019-03-29,,
NIFTY_NEXT_50,DIVISLAB,DIVISLAB,2019-03-29,2020-09-24,
NIFTY_NEXT_50,HDFCAMC,HDFCAMC,2019-03-29,2023-09-28,
NIFTY_NEXT_50,HINDPETRO,HINDPETRO,2019-03-29,2022-03-30,
NIFTY_NEXT_50,PAGEIND,PAGEIND,2019-03-29,2020-09-24,
NIFTY_NEXT_50,UBL,UBL,2019-03-29,2021-09-29,
NIFTY_NEXT_50,BERGEPAINT,BERGEPAINT,2019-09-27,2024-09-29,
NIFTY_NEXT_50,IBULHSGFIN,SAMMAANCAP,2019-09-27,2020-06-25,
NIFTY_NEXT_50,PFC,PFC,2019-09-27,2021-03-30,
NIFTY_NEXT_50,PNB,PNB,2019-09-27,2022-09-29,
NIFTY_NEXT_50,ADANITRANS,ADANIENSOL,2020-03-19,2023-09-28,
NIFTY_NEXT_50,ABBOTINDIA,ABBOTINDIA,2020-06-26,2021-09-29,
NIFTY_NEXT_50,IGL,IGL,2020-06-26,2022-03-30,
NIFTY_NEXT_50,MUTHOOTFIN,MUTHOOTFIN,2020-06-26,2024-03-27,
NIFTY_NEXT_50,NAUKRI,NAUKRI,2020-06-26,2026-03-29,
NIFTY_NEXT_50,TORNTPHARM,TORNTPHARM,2020-06-26,,
NIFTY_NEXT_50,SBICARD,SBICARD,2020-07-31,2024-09-29,
NIFTY_NEXT_50,ADANIGREEN,ADANIGREEN,2020-09-25,,
NIFTY_NEXT_50,ALKEM,ALKEM,2020-09-25,2021-09-29,
NIFTY_NEXT_50,INFRATEL,INDUSTOWER,2020-09-25,2021-03-30,
NIFTY_NEXT_50,LTI,LTM,2020-09-25,2023-03-30,
NIFTY_NEXT_50,TATACONSUM,TATACONSUM,2020-09-25,2021-03-30,
NIFTY_NEXT_50,ADANIENT,ADANIENT,2021-03-31,2022-09-29,
NIFTY_NEXT_50,APOLLOHOSP,APOLLOHOSP,2021-03-31,2022-03-30,
NIFTY_NEXT_50,GAIL,GAIL,2021-03-31,,
NIFTY_NEXT_50,INDUSTOWER,INDUSTOWER,2021-03-31,2023-09-28,
NIFTY_NEXT_50,JUBLFOOD,JUBLFOOD,2021-03-31,2022-09-29,
NIFTY_NEXT_50,MRF,MRF,2021-03-31,2021-09-29,
NIFTY_NEXT_50,VEDL,VEDL,2021-03-31,,
NIFTY_NEXT_50,YESBANK,YESBANK,2021-03-31,2022-03-30,
NIFTY_NEXT_50,GLAND,GLAND,2021-06-30,2023-03-30,
NIFTY_NEXT_50,BANKBARODA,BANKBARODA,2021-09-30,,
NIFTY_NEXT_50,CHOLAFIN,CHOLAFIN,2021-09-30,,
NIFTY_NEXT_50,JINDALSTEL,JINDALSTEL,2021-09-30,2022-03-30,
NIFTY_NEXT_50,PIIND,PIIND,2021-09-30,2024-03-27,
NIFTY_NEXT_50,SAIL,SAIL,2021-09-30,2022-09-29,
NIFTY_NEXT_50,IOC,IOC,2022-03-31,,
NIFTY_NEXT_50,MINDTREE,MINDTREE,2022-03-31,2022-09-29,
NIFTY_NEXT_50,NYKAA,NYKAA,2022-03-31,2023-09-28,
NIFTY_NEXT_50,PAYTM,PAYTM,2022-03-31,2023-03-30,
NIFTY_NEXT_50,SRF,SRF,2022-03-31,2024-09-29,
NIFTY_NEXT_50,ZOMATO,ETERNAL,2022-03-31,2025-03-27,
NIFTY_NEXT_50,ZYDUSLIFE,ZYDUSLIFE,2022-03-31,2022-09-29,
NIFTY_NEXT_50,LICI,LICI,2022-08-08,2026-03-29,
NIFTY_NEXT_50,TATAPOWER,TATAPOWER,2022-08-08,,
NIFTY_NEXT_50,ATGL,ATGL,2022-09-30,2025-03-27,
NIFTY_NEXT_50,BEL,BEL,2022-09-30,2024-09-29,
NIFTY_NEXT_50,HAL,HAL,2022-09-30,,
NIFTY_NEXT_50,IRCTC,IRCTC,2022-09-30,2025-03-27,
NIFTY_NEXT_50,MOTHERSON,MOTHERSON,2022-09-30,,
NIFTY_NEXT_50,MPHASIS,MPHASIS,2022-09-30,2023-03-30,
NIFTY_NEXT_50,SHREECEM,SHREECEM,2022-09-30,2026-09-29,
NIFTY_NEXT_50,ABB,ABB,2023-03-31,,
NIFTY_NEXT_50,AWL,AWL,2023-03-31,2024-03-27,
NIFTY_NEXT_50,CANBK,CANBK,2023-03-31,,
NIFTY_NEXT_50,LTIM,LTM,2023-03-31,2023-07-12,
NIFTY_NEXT_50,PAGEIND,PAGEIND,2023-03-31,2023-09-28,
NIFTY_NEXT_50,VBL,VBL,2023-03-31,,
NIFTY_NEXT_50,JINDALSTEL,JINDALSTEL,2023-07-13,,
NIFTY_NEXT_50,ADANIENSOL,ADANIENSOL,2023-09-29,,
NIFTY_NEXT_50,PNB,PNB,2023-09-29,,
NIFTY_NEXT_50,SHRIRAMFIN,SHRIRAMFIN,2023-09-29,2024-03-27,
NIFTY_NEXT_50,TRENT,TRENT,2023-09-29,2024-09-29,
NIFTY_NEXT_50,TVSMOTOR,TVSMOTOR,2023-09-29,,
NIFTY_NEXT_50,ZYDUSLIFE,ZYDUSLIFE,2023-09-29,,
NIFTY_NEXT_50,ADANIPOWER,ADANIPOWER,2024-03-28,,
NIFTY_NEXT_50,IRFC,IRFC,2024-03-28,,
NIFTY_NEXT_50,JIOFIN,JIOFIN,2024-03-28,2025-03-27,
NIFTY_NEXT_50,PFC,PFC,2024-03-28,,
NIFTY_NEXT_50,RECLTD,RECLTD,2024-03-28,2026-09-29,
NIFTY_NEXT_50,BHEL,BHEL,2024-09-30,2025-03-27,
NIFTY_NEXT_50,DIVISLAB,DIVISLAB,2024-09-30,,
NIFTY_NEXT_50,JSWENERGY,JSWENERGY,2024-09-30,2026-03-29,
NIFTY_NEXT_50,LODHA,LODHA,2024-09-30,2026-09-29,
NIFTY_NEXT_50,LTIM,LTM,2024-09-30,2026-03-29,
NIFTY_NEXT_50,NHPC,NHPC,2024-09-30,2025-03-27,
NIFTY_NEXT_50,UNIONBANK,UNIONBANK,2024-09-30,2025-03-27,
NIFTY_NEXT_50,UNITDSPR,UNITDSPR,2024-09-30,2026-09-29,
NIFTY_NEXT_50,BAJAJHFL,BAJAJHFL,2025-03-28,2026-03-29,
NIFTY_NEXT_50,BPCL,BPCL,2025-03-28,,
NIFTY_NEXT_50,BRITANNIA,BRITANNIA,2025-03-28,,
NIFTY_NEXT_50,CGPOWER,CGPOWER,2025-03-28,,
NIFTY_NEXT_50,HYUNDAI,HYUNDAI,2025-03-28,,
NIFTY_NEXT_50,INDHOTEL,INDHOTEL,2025-03-28,2026-09-29,
NIFTY_NEXT_50,SWIGGY,SWIGGY,2025-03-28,2025-09-29,
NIFTY_NEXT_50,ENRIN,ENRIN,2025-09-30,,
NIFTY_NEXT_50,HINDZINC,HINDZINC,2025-09-30,,
NIFTY_NEXT_50,MAZDOCK,MAZDOCK,2025-09-30,,
NIFTY_NEXT_50,SOLARINDS,SOLARINDS,2025-09-30,,
NIFTY_NEXT_50,CUMMINSIND,CUMMINSIND,2026-03-30,,
NIFTY_NEXT_50,HDFCAMC,HDFCAMC,2026-03-30,,
NIFTY_NEXT_50,LTM,LTM,2026-03-30,,
NIFTY_NEXT_50,MUTHOOTFIN,MUTHOOTFIN,2026-03-30,,
NIFTY_NEXT_50,TATACAP,TATACAP,2026-03-30,,
NIFTY_NEXT_50,TMCV,TMCV,2026-03-30,,
NIFTY_NEXT_50,UNIONBANK,UNIONBANK,2026-03-30,,
NIFTY_NEXT_50,IDEA,IDEA,2026-09-30,,
NIFTY_NEXT_50,POLYCAB,POLYCAB,2026-09-30,,
NIFTY_NEXT_50,POWERINDIA,POWERINDIA,2026-09-30,,
NIFTY_NEXT_50,VAML,VAML,2026-09-30,,
NIFTY_NEXT_50,WIPRO,WIPRO,2026-09-30,,
NIFTY_SMALLCAP_250,8KMILES,8KMILES,2016-04-01,2019-03-28,
NIFTY_SMALLCAP_250,AARTIDRUGS,AARTIDRUGS,2016-04-01,2016-09-29,
NIFTY_SMALLCAP_250,AARTIIND,AARTIIND,2016-04-01,2018-12-27,
NIFTY_SMALLCAP_250,ABAN,ABAN,2016-04-01,2018-09-27,
NIFTY_SMALLCAP_250,ABFRL,ABFRL,2016-04-01,2016-09-29,
NIFTY_SMALLCAP_250,ABGSHIP,ABGSHIP,2016-04-01,2016-09-29,
NIFTY_SMALLCAP_250,ADANITRANS,ADANIENSOL,2016-04-01,2017-09-28,
NIFTY_SMALLCAP_250,ADVANTA,ADVANTA,2016-04-01,2016-04-28,
NIFTY_SMALLCAP_250,AEGISCHEM,AEGISLOG,2016-04-01,2024-09-29,
NIFTY_SMALLCAP_250,AHLUCONT,AHLUCONT,2016-04-01,2018-04-01,
NIFTY_SMALLCAP_250,ALLCARGO,ALLCARGO,2016-04-01,2020-11-01,
NIFTY_SMALLCAP_250,ALOKTEXT,ALOKTEXT,2016-04-01,2017-03-30,
NIFTY_SMALLCAP_250,AMTEKAUTO,AMTEKAUTO,2016-04-01,2017-09-28,
NIFTY_SMALLCAP_250,ANANTRAJ,ANANTRAJ,2016-04-01,2017-09-28,
NIFTY_SMALLCAP_250,ANDHRABANK,ANDHRABANK,2016-04-01,2019-12-26,
NIFTY_SMALLCAP_250,APARINDS,APARINDS,2016-04-01,2018-04-01,
NIFTY_SMALLCAP_250,ASHIANA,ASHIANA,2016-04-01,2016-09-29,
NIFTY_SMALLCAP_250,ASHOKA,ASHOKA,2016-04-01,2022-03-30,
NIFTY_SMALLCAP_250,ASTRAL,ASTRAL,2016-04-01,2018-09-27,
NIFTY_SMALLCAP_250,ASTRAZEN,ASTRAZEN,2016-04-01,2018-04-01,
NIFTY_SMALLCAP_250,ATUL,ATUL,2016-04-01,2019-03-28,
NIFTY_SMALLCAP_250,AVANTIFEED,AVANTIFEED,2016-04-01,2018-04-01,
NIFTY_SMALLCAP_250,BAJAJELEC,BAJAJELEC,2016-04-01,2023-04-27,
NIFTY_SMALLCAP_250,BAJAJHIND,BAJAJHIND,2016-04-01,2018-09-27,
NIFTY_SMALLCAP_250,BALLARPUR,BALLARPUR,2016-04-01,2018-09-27,
NIFTY_SMALLCAP_250,BALMLAWRIE,BALMLAWRIE,2016-04-01,2021-09-29,
NIFTY_SMALLCAP_250,BALRAMCHIN,BALRAMCHIN,2016-04-01,,
NIFTY_SMALLCAP_250,BBTC,BBTC,2016-04-01,2018-12-27,
NIFTY_SMALLCAP_250,BFUTILITIE,BFUTILITIE,2016-04-01,2018-09-27,
NIFTY_SMALLCAP_250,BGRENERGY,BGRENERGY,2016-04-01,2018-09-27,
NIFTY_SMALLCAP_250,BHUSANSTL,TATASTLBSL,2016-04-01,2018-09-27,
NIFTY_SMALLCAP_250,BIRLACORPN,BIRLACORPN,2016-04-01,2025-03-27,
NIFTY_SMALLCAP_250,BLISSGVS,BLISSGVS,2016-04-01,2021-09-29,
NIFTY_SMALLCAP_250,BLUESTARCO,BLUESTARCO,2016-04-01,2025-03-27,
NIFTY_SMALLCAP_250,BOMDYEING,BOMDYEING,2016-04-01,2021-03-30,
NIFTY_SMALLCAP_250,BRFL,BRFL,2016-04-01,2017-03-30,
NIFTY_SMALLCAP_250,BRIGADE,BRIGADE,2016-04-01,2017-03-30,
NIFTY_SMALLCAP_250,CANFINHOME,CANFINHOME,2016-04-01,,
NIFTY_SMALLCAP_250,CAPF,CAPF,2016-04-01,2018-12-27,
NIFTY_SMALLCAP_250,CAPLIPOINT,CAPLIPOINT,2016-04-01,2023-03-30,
NIFTY_SMALLCAP_250,CARERATING,CARERATING,2016-04-01,2021-03-30,
NIFTY_SMALLCAP_250,CASTEXTECH,CASTEXTECH,2016-04-01,2016-09-29,
NIFTY_SMALLCAP_250,CCL,CCL,2016-04-01,,
NIFTY_SMALLCAP_250,CEATLTD,CEATLTD,2016-04-01,,
NIFTY_SMALLCAP_250,CENTURYPLY,CENTURYPLY,2016-04-01,2026-03-29,
NIFTY_SMALLCAP_250,CERA,CERA,2016-04-01,2026-03-29,
NIFTY_SMALLCAP_250,CHAMBLFERT,CHAMBLFERT,2016-04-01,,
NIFTY_SMALLCAP_250,CHENNPETRO,CHENNPETRO,2016-04-01,2021-03-30,
NIFTY_SMALLCAP_250,CLNINDIA,CLNINDIA,2016-04-01,2016-09-29,
NIFTY_SMALLCAP_250,CORPBANK,CORPBANK,2016-04-01,2018-04-01,
NIFTY_SMALLCAP_250,COX&KINGS,COX&KINGS,2016-04-01,2018-06-28,
NIFTY_SMALLCAP_250,DBREALTY,DBREALTY,2016-04-01,2018-09-27,
NIFTY_SMALLCAP_250,DCB,DCBBANK,2016-04-01,2016-04-28,
NIFTY_SMALLCAP_250,DCMSHRIRAM,DCMSHRIRAM,2016-04-01,2024-09-29,
NIFTY_SMALLCAP_250,DEEPAKFERT,DEEPAKFERT,2016-04-01,2019-09-26,
NIFTY_SMALLCAP_250,DELTACORP,DELTACORP,2016-04-01,2024-03-27,
NIFTY_SMALLCAP_250,DEN,DEN,2016-04-01,2019-03-28,
NIFTY_SMALLCAP_250,DENABANK,DENABANK,2016-04-01,2019-01-27,
NIFTY_SMALLCAP_250,DHANUKA,DHANUKA,2016-04-01,2018-04-01,
NIFTY_SMALLCAP_250,DISHMAN,DISHMAN,2016-04-01,2017-01-22,
NIFTY_SMALLCAP_250,DREDGECORP,DREDGECORP,2016-04-01,2019-03-28,
NIFTY_SMALLCAP_250,DYNAMATECH,DYNAMATECH,2016-04-01,2017-03-30,
NIFTY_SMALLCAP_250,EIDPARRY,EIDPARRY,2016-04-01,,
NIFTY_SMALLCAP_250,ELECTCAST,ELECTCAST,2016-04-01,2016-09-29,
NIFTY_SMALLCAP_250,ELGIEQUIP,ELGIEQUIP,2016-04-01,2016-09-29,
NIFTY_SMALLCAP_250,EROSMEDIA,EROSMEDIA,2016-04-01,2019-03-28,
NIFTY_SMALLCAP_250,ESCORTS,ESCORTS,2016-04-01,2018-09-27,
NIFTY_SMALLCAP_250,ESSDEE,ESSDEE,2016-04-01,2016-09-29,
NIFTY_SMALLCAP_250,ESSELPACK,EPL,2016-04-01,2018-04-01,
NIFTY_SMALLCAP_250,EVEREADY,EVEREADY,2016-04-01,2019-03-28,
NIFTY_SMALLCAP_250,FCEL,FCONSUMER,2016-04-01,2017-01-22,
NIFTY_SMALLCAP_250,FDC,FDC,2016-04-01,2017-09-28,
NIFTY_SMALLCAP_250,FINANTECH,63MOONS,2016-04-01,2016-09-29,
NIFTY_SMALLCAP_250,FINCABLES,FINCABLES,2016-04-01,2017-09-28,
NIFTY_SMALLCAP_250,FINPIPE,FINPIPE,2016-04-01,2026-03-29,
NIFTY_SMALLCAP_250,FLFL,FLFL,2016-04-01,2017-03-30,
NIFTY_SMALLCAP_250,FSL,FSL,2016-04-01,,
NIFTY_SMALLCAP_250,GATI,ACLGATI,2016-04-01,2018-09-27,
NIFTY_SMALLCAP_250,GAYAPROJ,GAYAPROJ,2016-04-01,2017-11-19,
NIFTY_SMALLCAP_250,GDL,GDL,2016-04-01,2019-09-26,
NIFTY_SMALLCAP_250,GEPIL,GVPIL,2016-04-01,2021-09-29,
NIFTY_SMALLCAP_250,GLOBOFFS,GLOBOFFS,2016-04-01,2016-09-29,
NIFTY_SMALLCAP_250,GMDCLTD,GMDCLTD,2016-04-01,2021-03-30,
NIFTY_SMALLCAP_250,GODFRYPHLP,GODFRYPHLP,2016-04-01,2025-09-29,
NIFTY_SMALLCAP_250,GRANULES,GRANULES,2016-04-01,,
NIFTY_SMALLCAP_250,GREAVESCOT,GREAVESCOT,2016-04-01,2022-03-30,
NIFTY_SMALLCAP_250,GREENPLY,GREENPLY,2016-04-01,2019-03-28,
NIFTY_SMALLCAP_250,GRINDWELL,GRINDWELL,2016-04-01,2017-09-28,
NIFTY_SMALLCAP_250,GSFC,GSFC,2016-04-01,2025-03-27,
NIFTY_SMALLCAP_250,GVKPIL,GVKPIL,2016-04-01,2019-03-28,
NIFTY_SMALLCAP_250,HATHWAY,HATHWAY,2016-04-01,2019-12-26,
NIFTY_SMALLCAP_250,HCC,HCC,2016-04-01,2019-03-28,
NIFTY_SMALLCAP_250,HCL-INSYS,HCL-INSYS,2016-04-01,2019-03-28,
NIFTY_SMALLCAP_250,HDIL,HDIL,2016-04-01,2018-09-27,
NIFTY_SMALLCAP_250,HEIDELBERG,HEIDELBERG,2016-04-01,2022-03-30,
NIFTY_SMALLCAP_250,HFCL,HFCL,2016-04-01,,
NIFTY_SMALLCAP_250,HIMATSEIDE,HIMATSEIDE,2016-04-01,2020-09-24,
NIFTY_SMALLCAP_250,HITACHIHOM,BOSCH-HCIL,2016-04-01,2016-09-29,
NIFTY_SMALLCAP_250,HMT,HMT,2016-04-01,2016-09-29,
NIFTY_SMALLCAP_250,HMVL,HMVL,2016-04-01,2017-09-28,
NIFTY_SMALLCAP_250,HOTELEELA,HOTELEELA,2016-04-01,2016-09-29,
NIFTY_SMALLCAP_250,HSIL,AGI,2016-04-01,2018-12-27,
NIFTY_SMALLCAP_250,HTMEDIA,HTMEDIA,2016-04-01,2018-06-28,
NIFTY_SMALLCAP_250,IBPOW,RTNPOWER,2016-04-01,2016-04-28,
NIFTY_SMALLCAP_250,IBREALEST,EMBDL,2016-04-01,2018-04-01,
NIFTY_SMALLCAP_250,ICIL,ICIL,2016-04-01,2019-03-28,
NIFTY_SMALLCAP_250,ICRA,ICRA,2016-04-01,2018-04-01,
NIFTY_SMALLCAP_250,IFBIND,IFBIND,2016-04-01,2016-09-29,
NIFTY_SMALLCAP_250,IFCI,IFCI,2016-04-01,2020-09-24,
NIFTY_SMALLCAP_250,IGARASHI,IGARASHI,2016-04-01,2018-04-01,
NIFTY_SMALLCAP_250,IL&FSTRANS,IL&FSTRANS,2016-04-01,2019-03-28,
NIFTY_SMALLCAP_250,INDIACEM,INDIACEM,2016-04-01,,
NIFTY_SMALLCAP_250,INDOCO,INDOCO,2016-04-01,2019-09-26,
NIFTY_SMALLCAP_250,INGERRAND,INGERRAND,2016-04-01,2017-03-30,
NIFTY_SMALLCAP_250,INOXLEISUR,INOXLEISUR,2016-04-01,2023-02-16,
NIFTY_SMALLCAP_250,INTELLECT,INTELLECT,2016-04-01,2020-09-24,
NIFTY_SMALLCAP_250,IPAPPM,ANDPAPER,2016-04-01,2017-03-30,
NIFTY_SMALLCAP_250,J&KBANK,J&KBANK,2016-04-01,2021-03-30,
NIFTY_SMALLCAP_250,JAICORPLTD,JAICORPLTD,2016-04-01,2021-03-30,
NIFTY_SMALLCAP_250,JBCHEPHARM,JBCHEPHARM,2016-04-01,2026-07-16,
NIFTY_SMALLCAP_250,JBFIND,JBFIND,2016-04-01,2018-09-27,
NIFTY_SMALLCAP_250,JINDALPOLY,JINDALPOLY,2016-04-01,2018-09-27,
NIFTY_SMALLCAP_250,JINDALSAW,JINDALSAW,2016-04-01,2016-04-28,
NIFTY_SMALLCAP_250,JINDALSWHL,JSWHL,2016-04-01,2016-04-28,
NIFTY_SMALLCAP_250,JISLJALEQS,JISLJALEQS,2016-04-01,2020-06-25,
NIFTY_SMALLCAP_250,JKCEMENT,JKCEMENT,2016-04-01,2020-06-25,
NIFTY_SMALLCAP_250,JKIL,JKIL,2016-04-01,2019-03-28,
NIFTY_SMALLCAP_250,JKLAKSHMI,JKLAKSHMI,2016-04-01,2025-03-27,
NIFTY_SMALLCAP_250,JKTYRE,JKTYRE,2016-04-01,2022-03-30,
NIFTY_SMALLCAP_250,JMFINANCIL,JMFINANCIL,2016-04-01,2017-09-28,
NIFTY_SMALLCAP_250,JMTAUTOLTD,JMTAUTOLTD,2016-04-01,2017-09-28,
NIFTY_SMALLCAP_250,JPASSOCIAT,JPASSOCIAT,2016-04-01,2019-09-26,
NIFTY_SMALLCAP_250,JPINFRATEC,JPINFRATEC,2016-04-01,2017-03-30,
NIFTY_SMALLCAP_250,JPPOWER,JPPOWER,2016-04-01,2017-03-30,
NIFTY_SMALLCAP_250,KEC,KEC,2016-04-01,,
NIFTY_SMALLCAP_250,KESORAMIND,KESORAMIND,2016-04-01,2018-09-27,
NIFTY_SMALLCAP_250,KIRLOSENG,KIRLOSENG,2016-04-01,2016-09-29,
NIFTY_SMALLCAP_250,KITEX,KITEX,2016-04-01,2018-09-27,
NIFTY_SMALLCAP_250,KOLTEPATIL,KOLTEPATIL,2016-04-01,2021-03-30,
NIFTY_SMALLCAP_250,KPIL,KPIL,2016-04-01,,
NIFTY_SMALLCAP_250,KPIT,KPIT,2016-04-01,2018-09-27,
NIFTY_SMALLCAP_250,KPRMILL,KPRMILL,2016-04-01,2020-09-24,
NIFTY_SMALLCAP_250,KRBL,KRBL,2016-04-01,2017-06-22,
NIFTY_SMALLCAP_250,KSCL,KSCL,2016-04-01,2022-03-30,
NIFTY_SMALLCAP_250,KSK,KSK,2016-04-01,2016-09-29,
NIFTY_SMALLCAP_250,KTKBANK,KTKBANK,2016-04-01,2021-03-30,
NIFTY_SMALLCAP_250,KWALITY,KWALITY,2016-04-01,2018-09-27,
NIFTY_SMALLCAP_250,LAKSHVILAS,LAKSHVILAS,2016-04-01,2020-06-25,
NIFTY_SMALLCAP_250,LAOPALA,LAOPALA,2016-04-01,2017-03-30,
NIFTY_SMALLCAP_250,LAXMIMACH,LMW,2016-04-01,2024-03-27,
NIFTY_SMALLCAP_250,LITL,LITL,2016-04-01,2017-03-30,
NIFTY_SMALLCAP_250,MAGMA,POONAWALLA,2016-04-01,2020-06-25,
NIFTY_SMALLCAP_250,MAHLIFE,MAHLIFE,2016-04-01,2017-03-30,
NIFTY_SMALLCAP_250,MANAPPURAM,MANAPPURAM,2016-04-01,2017-03-30,
NIFTY_SMALLCAP_250,MANPASAND,MANPASAND,2016-04-01,2019-03-28,
NIFTY_SMALLCAP_250,MARKSANS,MARKSANS,2016-04-01,2018-09-27,
NIFTY_SMALLCAP_250,MAYURUNIQ,MAYURUNIQ,2016-04-01,2017-03-30,
NIFTY_SMALLCAP_250,MCLEODRUSS,MCLEODRUSS,2016-04-01,2019-03-28,
NIFTY_SMALLCAP_250,MHRIL,MHRIL,2016-04-01,2024-09-29,
NIFTY_SMALLCAP_250,MINDACORP,MINDACORP,2016-04-01,2016-09-29,
NIFTY_SMALLCAP_250,MOIL,MOIL,2016-04-01,2023-03-30,
NIFTY_SMALLCAP_250,MONSANTO,MONSANTO,2016-04-01,2018-04-01,
NIFTY_SMALLCAP_250,MOTILALOFS,MOTILALOFS,2016-04-01,2017-03-30,
NIFTY_SMALLCAP_250,MTNL,MTNL,2016-04-01,2018-09-27,
NIFTY_SMALLCAP_250,NAVKARCORP,NAVKARCORP,2016-04-01,2019-03-28,
NIFTY_SMALLCAP_250,NCC,NCC,2016-04-01,,
NIFTY_SMALLCAP_250,NIITTECH,COFORGE,2016-04-01,2020-06-25,
NIFTY_SMALLCAP_250,NITINFIRE,NITINFIRE,2016-04-01,2017-09-28,
NIFTY_SMALLCAP_250,OMAXE,OMAXE,2016-04-01,2021-03-30,
NIFTY_SMALLCAP_250,ORIENTBANK,ORIENTBANK,2016-04-01,2019-09-26,
NIFTY_SMALLCAP_250,ORIENTCEM,ORIENTCEM,2016-04-01,2021-03-30,
NIFTY_SMALLCAP_250,ORISSAMINE,ORISSAMINE,2016-04-01,2017-09-28,
NIFTY_SMALLCAP_250,PARSVNATH,PARSVNATH,2016-04-01,2016-09-29,
NIFTY_SMALLCAP_250,PFS,PFS,2016-04-01,2019-03-28,
NIFTY_SMALLCAP_250,PGHL,PGHL,2016-04-01,2021-03-30,
NIFTY_SMALLCAP_250,PIPAVAVYD,RNAVAL,2016-04-01,2016-04-28,
NIFTY_SMALLCAP_250,PNCINFRA,PNCINFRA,2016-04-01,2025-09-29,
NIFTY_SMALLCAP_250,POLARIS,POLARIS,2016-04-01,2018-02-04,
NIFTY_SMALLCAP_250,PRAJIND,PRAJIND,2016-04-01,2021-03-30,
NIFTY_SMALLCAP_250,PTC,PTC,2016-04-01,2021-03-30,
NIFTY_SMALLCAP_250,PUNJLLOYD,PUNJLLOYD,2016-04-01,2017-09-28,
NIFTY_SMALLCAP_250,PURVA,PURVA,2016-04-01,2016-09-29,
NIFTY_SMALLCAP_250,PVR,PVRINOX,2016-04-01,2023-09-28,
NIFTY_SMALLCAP_250,RADICO,RADICO,2016-04-01,2026-03-29,
NIFTY_SMALLCAP_250,RAIN,RAIN,2016-04-01,2024-03-27,
NIFTY_SMALLCAP_250,RALLIS,RALLIS,2016-04-01,2024-03-27,
NIFTY_SMALLCAP_250,RAMCOSYS,RAMCOSYS,2016-04-01,2018-09-27,
NIFTY_SMALLCAP_250,RATNAMANI,RATNAMANI,2016-04-01,2016-09-29,
NIFTY_SMALLCAP_250,RAYMOND,RAYMOND,2016-04-01,2021-09-29,
NIFTY_SMALLCAP_250,RCF,RCF,2016-04-01,2026-03-29,
NIFTY_SMALLCAP_250,RENUKA,RENUKA,2016-04-01,2020-09-24,
NIFTY_SMALLCAP_250,REPCOHOME,REPCOHOME,2016-04-01,2020-09-13,
NIFTY_SMALLCAP_250,RIIL,RIIL,2016-04-01,2017-09-28,
NIFTY_SMALLCAP_250,RKFORGE,RKFORGE,2016-04-01,2019-09-26,
NIFTY_SMALLCAP_250,ROLTA,ROLTA,2016-04-01,2017-09-28,
NIFTY_SMALLCAP_250,RUCHISOYA,RUCHISOYA,2016-04-01,2017-09-28,
NIFTY_SMALLCAP_250,SADBHIN,SADBHIN,2016-04-01,2016-09-29,
NIFTY_SMALLCAP_250,SBBJ,SBBJ,2016-04-01,2017-03-30,
NIFTY_SMALLCAP_250,SCHNEIDER,SCHNEIDER,2016-04-01,2018-04-01,
NIFTY_SMALLCAP_250,SCI,SCI,2016-04-01,2019-09-26,
NIFTY_SMALLCAP_250,SHARDACROP,SHARDACROP,2016-04-01,2018-04-01,
NIFTY_SMALLCAP_250,SHILPAMED,SHILPAMED,2016-04-01,2018-04-01,
NIFTY_SMALLCAP_250,SHOPERSTOP,SHOPERSTOP,2016-04-01,2017-03-30,
NIFTY_SMALLCAP_250,SIMPLEXINF,SIMPLEXINF,2016-04-01,2017-03-30,
NIFTY_SMALLCAP_250,SINTEX,SINTEX,2016-04-01,2017-03-30,
NIFTY_SMALLCAP_250,SITICABLE,SITINET,2016-04-01,2016-09-29,
NIFTY_SMALLCAP_250,SMLISUZU,SMLMAH,2016-04-01,2018-09-27,
NIFTY_SMALLCAP_250,SNOWMAN,SNOWMAN,2016-04-01,2018-04-01,
NIFTY_SMALLCAP_250,SOBHA,SOBHA,2016-04-01,,
NIFTY_SMALLCAP_250,SOMANYCERA,SOMANYCERA,2016-04-01,2018-04-01,
NIFTY_SMALLCAP_250,SONATSOFTW,SONATSOFTW,2016-04-01,2026-09-29,
NIFTY_SMALLCAP_250,SOUTHBANK,SOUTHBANK,2016-04-01,2021-03-30,
NIFTY_SMALLCAP_250,SREINFRA,SREINFRA,2016-04-01,2019-09-26,
NIFTY_SMALLCAP_250,STCINDIA,STCINDIA,2016-04-01,2017-09-28,
NIFTY_SMALLCAP_250,STYABS,INEOSSTYRO,2016-04-01,2016-04-28,
NIFTY_SMALLCAP_250,SUNDRMFAST,SUNDRMFAST,2016-04-01,2017-09-28,
NIFTY_SMALLCAP_250,SUNTECK,SUNTECK,2016-04-01,2024-09-29,
NIFTY_SMALLCAP_250,SUVEN,SUVEN,2016-04-01,2020-01-15,
NIFTY_SMALLCAP_250,SWANENERGY,SWANCORP,2016-04-01,2021-09-29,
NIFTY_SMALLCAP_250,TAKE,TAKE,2016-04-01,2020-09-24,
NIFTY_SMALLCAP_250,TATACOFFEE,TATACOFFEE,2016-04-01,2019-09-26,
NIFTY_SMALLCAP_250,TATASPONGE,TATASTLLP,2016-04-01,2019-03-28,
NIFTY_SMALLCAP_250,TBZ,TBZ,2016-04-01,2016-09-29,
NIFTY_SMALLCAP_250,TCI,TCI,2016-04-01,2016-04-28,
NIFTY_SMALLCAP_250,TECHNO,TECHNO,2016-04-01,2018-08-07,
NIFTY_SMALLCAP_250,TEXRAIL,TEXRAIL,2016-04-01,2019-03-28,
NIFTY_SMALLCAP_250,TIDEWATER,TIDEWATER,2016-04-01,2017-09-28,
NIFTY_SMALLCAP_250,TIMKEN,TIMKEN,2016-04-01,2023-03-30,
NIFTY_SMALLCAP_250,TNPL,TNPL,2016-04-01,2019-09-26,
NIFTY_SMALLCAP_250,TREEHOUSE,TREEHOUSE,2016-04-01,2016-09-29,
NIFTY_SMALLCAP_250,TRIDENT,TRIDENT,2016-04-01,2022-03-30,
NIFTY_SMALLCAP_250,TRITURBINE,TRITURBINE,2016-04-01,2017-09-28,
NIFTY_SMALLCAP_250,TTML,TTML,2016-04-01,2016-09-29,
NIFTY_SMALLCAP_250,TVSSRICHAK,TVSSRICHAK,2016-04-01,2019-03-28,
NIFTY_SMALLCAP_250,UFLEX,UFLEX,2016-04-01,2023-09-28,
NIFTY_SMALLCAP_250,UNICHEMLAB,UNICHEMLAB,2016-04-01,2019-03-28,
NIFTY_SMALLCAP_250,UNITECH,UNITECH,2016-04-01,2018-09-27,
NIFTY_SMALLCAP_250,VAIBHAVGBL,VAIBHAVGBL,2016-04-01,2016-09-29,
NIFTY_SMALLCAP_250,VGUARD,VGUARD,2016-04-01,2017-09-28,
NIFTY_SMALLCAP_250,VIJAYABANK,VIJAYABANK,2016-04-01,2017-09-28,
NIFTY_SMALLCAP_250,VINATIORGA,VINATIORGA,2016-04-01,2019-09-26,
NIFTY_SMALLCAP_250,VIPIND,VIPIND,2016-04-01,2025-03-27,
NIFTY_SMALLCAP_250,VRLLOG,VRLLOG,2016-04-01,2021-03-30,
NIFTY_SMALLCAP_250,VSTIND,VSTIND,2016-04-01,2017-09-28,
NIFTY_SMALLCAP_250,WABAG,WABAG,2016-04-01,2020-06-25,
NIFTY_SMALLCAP_250,WELCORP,WELCORP,2016-04-01,,
NIFTY_SMALLCAP_250,WONDERLA,WONDERLA,2016-04-01,2017-09-28,
NIFTY_SMALLCAP_250,ZEELEARN,ZEELEARN,2016-04-01,2018-09-27,
NIFTY_SMALLCAP_250,ZENSARTECH,ZENSARTECH,2016-04-01,2018-04-01,
NIFTY_SMALLCAP_250,ZYDUSWELL,ZYDUSWELL,2016-04-01,2017-09-28,
NIFTY_SMALLCAP_250,DCBBANK,DCBBANK,2016-04-29,2022-03-30,
NIFTY_SMALLCAP_250,GULFOILLUB,GULFOILLUB,2016-04-29,2021-09-29,
NIFTY_SMALLCAP_250,INEOSSTYRO,INEOSSTYRO,2016-04-29,2016-09-29,
NIFTY_SMALLCAP_250,JSWHL,JSWHL,2016-04-29,2017-03-30,
NIFTY_SMALLCAP_250,RDEL,RNAVAL,2016-04-29,2017-09-28,
NIFTY_SMALLCAP_250,RTNPOWER,RTNPOWER,2016-04-29,2018-09-27,
NIFTY_SMALLCAP_250,SHK,SHK,2016-04-29,2020-06-25,
NIFTY_SMALLCAP_250,TVTODAY,TVTODAY,2016-04-29,2021-03-30,
NIFTY_SMALLCAP_250,ALBK,ALBK,2016-09-30,2019-09-26,
NIFTY_SMALLCAP_250,APLAPOLLO,APLAPOLLO,2016-09-30,2021-09-29,
NIFTY_SMALLCAP_250,BASF,BASF,2016-09-30,2023-09-28,
NIFTY_SMALLCAP_250,BEML,BEML,2016-09-30,2022-04-11,
NIFTY_SMALLCAP_250,CARBORUNIV,CARBORUNIV,2016-09-30,2023-09-28,
NIFTY_SMALLCAP_250,COFFEEDAY,COFFEEDAY,2016-09-30,2019-12-25,
NIFTY_SMALLCAP_250,CROMPGREAV,CGPOWER,2016-09-30,2017-03-30,
NIFTY_SMALLCAP_250,EQUITAS,EQUITAS,2016-09-30,2022-09-29,
NIFTY_SMALLCAP_250,INFIBEAM,CCAVENUE,2016-09-30,2020-11-24,
NIFTY_SMALLCAP_250,ITDCEM,CEMPRO,2016-09-30,2020-06-25,
NIFTY_SMALLCAP_250,JCHAC,BOSCH-HCIL,2016-09-30,2019-03-28,
NIFTY_SMALLCAP_250,KSBPUMPS,KSB,2016-09-30,2017-03-30,
NIFTY_SMALLCAP_250,LINDEINDIA,LINDEINDIA,2016-09-30,2017-03-30,
NIFTY_SMALLCAP_250,MMTC,MMTC,2016-09-30,,
NIFTY_SMALLCAP_250,MYSOREBANK,MYSOREBANK,2016-09-30,2017-03-30,
NIFTY_SMALLCAP_250,NAVINFLUOR,NAVINFLUOR,2016-09-30,2020-09-24,
NIFTY_SMALLCAP_250,NILKAMAL,NILKAMAL,2016-09-30,2022-03-30,
NIFTY_SMALLCAP_250,OCL,OCL,2016-09-30,2017-01-22,
NIFTY_SMALLCAP_250,PRISMCEM,PRSMJOHNSN,2016-09-30,2018-06-28,
NIFTY_SMALLCAP_250,REDINGTON,REDINGTON,2016-09-30,,
NIFTY_SMALLCAP_250,RELIGARE,RELIGARE,2016-09-30,2018-09-27,
NIFTY_SMALLCAP_250,SBT,SBT,2016-09-30,2017-03-30,
NIFTY_SMALLCAP_250,SEQUENT,VIYASH,2016-09-30,2017-03-30,
NIFTY_SMALLCAP_250,SFCL,SFCL,2016-09-30,2017-01-22,
NIFTY_SMALLCAP_250,SITINET,SITINET,2016-09-30,2017-03-30,
NIFTY_SMALLCAP_250,SUPRAJIT,SUPRAJIT,2016-09-30,2017-03-30,
NIFTY_SMALLCAP_250,UCOBANK,UCOBANK,2016-09-30,2019-09-26,
NIFTY_SMALLCAP_250,VIDEOIND,VIDEOIND,2016-09-30,2018-04-01,
NIFTY_SMALLCAP_250,ADVENZYMES,ADVENZYMES,2017-01-23,2022-09-29,
NIFTY_SMALLCAP_250,ASAHIINDIA,ASAHIINDIA,2017-01-23,2017-09-28,
NIFTY_SMALLCAP_250,FCONSUMER,FCONSUMER,2017-01-23,2018-04-01,
NIFTY_SMALLCAP_250,UJJIVAN,UJJIVAN,2017-01-23,2022-03-30,
NIFTY_SMALLCAP_250,CGPOWER,CGPOWER,2017-03-31,2019-12-25,
NIFTY_SMALLCAP_250,DBL,DBL,2017-03-31,2018-04-01,
NIFTY_SMALLCAP_250,FMGOETZE,FMGOETZE,2017-03-31,2017-09-28,
NIFTY_SMALLCAP_250,FRETAIL,FRETAIL,2017-03-31,2017-05-25,
NIFTY_SMALLCAP_250,GHCL,GHCL,2017-03-31,2021-04-28,
NIFTY_SMALLCAP_250,GNFC,GNFC,2017-03-31,2025-09-29,
NIFTY_SMALLCAP_250,GUJALKALI,GUJALKALI,2017-03-31,2024-03-27,
NIFTY_SMALLCAP_250,INOXWIND,INOXWIND,2017-03-31,2019-09-26,
NIFTY_SMALLCAP_250,JETAIRWAYS,JETAIRWAYS,2017-03-31,2019-09-23,
NIFTY_SMALLCAP_250,JUSTDIAL,JUSTDIAL,2017-03-31,2025-09-29,
NIFTY_SMALLCAP_250,KNRCON,KNRCON,2017-03-31,2017-09-28,
NIFTY_SMALLCAP_250,MAXINDIA,MAXINDIA,2017-03-31,2019-12-26,
NIFTY_SMALLCAP_250,MGL,MGL,2017-03-31,2017-05-25,
NIFTY_SMALLCAP_250,MINDACORP,MINDACORP,2017-03-31,2022-03-30,
NIFTY_SMALLCAP_250,MINDAIND,UNOMINDA,2017-03-31,2020-06-25,
NIFTY_SMALLCAP_250,NAVNETEDUL,NAVNETEDUL,2017-03-31,2018-04-01,
NIFTY_SMALLCAP_250,NBVENTURES,NAVA,2017-03-31,2020-09-24,
NIFTY_SMALLCAP_250,NETWORK18,NETWORK18,2017-03-31,2020-06-25,
NIFTY_SMALLCAP_250,PARAGMILK,PARAGMILK,2017-03-31,2020-06-25,
NIFTY_SMALLCAP_250,PERSISTENT,PERSISTENT,2017-03-31,2021-03-30,
NIFTY_SMALLCAP_250,RATNAMANI,RATNAMANI,2017-03-31,2017-09-28,
NIFTY_SMALLCAP_250,SADBHAV,SADBHAV,2017-03-31,2020-09-24,
NIFTY_SMALLCAP_250,SHILPI,SHILPI,2017-03-31,2017-11-12,
NIFTY_SMALLCAP_250,STRTECH,STLTECH,2017-03-31,2018-04-01,
NIFTY_SMALLCAP_250,SUDARSCHEM,SUDARSCHEM,2017-03-31,2023-03-30,
NIFTY_SMALLCAP_250,TATAELXSI,TATAELXSI,2017-03-31,2021-03-30,
NIFTY_SMALLCAP_250,TATAINVEST,TATAINVEST,2017-03-31,2021-09-29,
NIFTY_SMALLCAP_250,THYROCARE,THYROCARE,2017-03-31,2023-03-30,
NIFTY_SMALLCAP_250,LAURUSLABS,LAURUSLABS,2017-05-26,2021-03-30,
NIFTY_SMALLCAP_250,VBL,VBL,2017-05-26,2017-09-28,
NIFTY_SMALLCAP_250,SFL,SFL,2017-06-23,2018-09-27,
NIFTY_SMALLCAP_250,BAJAJCORP,BAJAJCON,2017-09-29,2019-01-27,
NIFTY_SMALLCAP_250,BRFL,BRFL,2017-09-29,2018-09-27,
NIFTY_SMALLCAP_250,BRIGADE,BRIGADE,2017-09-29,,
NIFTY_SMALLCAP_250,BSE,BSE,2017-09-29,2024-03-27,
NIFTY_SMALLCAP_250,CYIENT,CYIENT,2017-09-29,,
NIFTY_SMALLCAP_250,ECLERX,ECLERX,2017-09-29,,
NIFTY_SMALLCAP_250,FLFL,FLFL,2017-09-29,2020-06-25,
NIFTY_SMALLCAP_250,GESHIP,GESHIP,2017-09-29,,
NIFTY_SMALLCAP_250,HERITGFOOD,HERITGFOOD,2017-09-29,2021-03-30,
NIFTY_SMALLCAP_250,HINDCOPPER,HINDCOPPER,2017-09-29,2021-09-29,
NIFTY_SMALLCAP_250,IBVENTURES,DHANI,2017-09-29,2018-04-01,
NIFTY_SMALLCAP_250,IFBIND,IFBIND,2017-09-29,2023-09-28,
NIFTY_SMALLCAP_250,INGERRAND,INGERRAND,2017-09-29,2018-04-01,
NIFTY_SMALLCAP_250,ITDC,ITDC,2017-09-29,2020-09-24,
NIFTY_SMALLCAP_250,ITI,ITI,2017-09-29,2020-09-24,
NIFTY_SMALLCAP_250,JAGRAN,JAGRAN,2017-09-29,2021-03-30,
NIFTY_SMALLCAP_250,JINDALSAW,JINDALSAW,2017-09-29,2022-03-30,
NIFTY_SMALLCAP_250,JPPOWER,JPPOWER,2017-09-29,2019-03-28,
NIFTY_SMALLCAP_250,JSL,JSL,2017-09-29,2023-09-28,
NIFTY_SMALLCAP_250,JSLHISAR,JSLHISAR,2017-09-29,2022-05-30,
NIFTY_SMALLCAP_250,LINDEINDIA,LINDEINDIA,2017-09-29,2018-04-01,
NIFTY_SMALLCAP_250,NFL,NFL,2017-09-29,2022-03-30,
NIFTY_SMALLCAP_250,RNAVAL,RNAVAL,2017-09-29,2019-03-28,
NIFTY_SMALLCAP_250,RUPA,RUPA,2017-09-29,2019-09-26,
NIFTY_SMALLCAP_250,SHOPERSTOP,SHOPERSTOP,2017-09-29,2021-09-29,
NIFTY_SMALLCAP_250,SUPPETRO,SUPPETRO,2017-09-29,2018-04-01,
NIFTY_SMALLCAP_250,SUPRAJIT,SUPRAJIT,2017-09-29,2018-04-01,
NIFTY_SMALLCAP_250,TIMETECHNO,TIMETECHNO,2017-09-29,2020-09-24,
NIFTY_SMALLCAP_250,UNITEDBNK,UNITEDBNK,2017-09-29,2018-04-01,
NIFTY_SMALLCAP_250,VESUVIUS,VESUVIUS,2017-09-29,2018-04-01,
NIFTY_SMALLCAP_250,RELAXO,RELAXO,2017-11-13,2019-03-28,
NIFTY_SMALLCAP_250,STARCEMENT,STARCEMENT,2017-11-20,2022-03-30,
NIFTY_SMALLCAP_250,COCHINSHIP,COCHINSHIP,2018-02-05,2024-09-29,
NIFTY_SMALLCAP_250,ASAHIINDIA,ASAHIINDIA,2018-04-02,2018-09-27,
NIFTY_SMALLCAP_250,CDSL,CDSL,2018-04-02,,
NIFTY_SMALLCAP_250,DBCORP,DBCORP,2018-04-02,2021-03-30,
NIFTY_SMALLCAP_250,DCAL,DCAL,2018-04-02,2021-09-29,
NIFTY_SMALLCAP_250,DIXON,DIXON,2018-04-02,2021-03-30,
NIFTY_SMALLCAP_250,ERIS,ERIS,2018-04-02,2019-03-28,
NIFTY_SMALLCAP_250,GPPL,GPPL,2018-04-02,2025-09-29,
NIFTY_SMALLCAP_250,GRAPHITE,GRAPHITE,2018-04-02,2018-09-27,
NIFTY_SMALLCAP_250,HEG,HEGAM,2018-04-02,2018-09-27,
NIFTY_SMALLCAP_250,HSCL,HSCL,2018-04-02,2021-09-29,
NIFTY_SMALLCAP_250,IEX,IEX,2018-04-02,2022-03-30,
NIFTY_SMALLCAP_250,IOB,IOB,2018-04-02,2019-09-26,
NIFTY_SMALLCAP_250,IPCALAB,IPCALAB,2018-04-02,2019-03-28,
NIFTY_SMALLCAP_250,JYOTHYLAB,JYOTHYLAB,2018-04-02,2026-03-29,
NIFTY_SMALLCAP_250,KNRCON,KNRCON,2018-04-02,2025-09-29,
NIFTY_SMALLCAP_250,LALPATHLAB,LALPATHLAB,2018-04-02,2019-12-26,
NIFTY_SMALLCAP_250,MASFIN,MASFIN,2018-04-02,2021-09-29,
NIFTY_SMALLCAP_250,NESCO,NESCO,2018-04-02,2022-09-29,
NIFTY_SMALLCAP_250,NH,NH,2018-04-02,2026-09-29,
NIFTY_SMALLCAP_250,RCOM,RCOM,2018-04-02,2019-09-26,
NIFTY_SMALLCAP_250,RHFL,RHFL,2018-04-02,2019-09-26,
NIFTY_SMALLCAP_250,SADBHIN,SADBHIN,2018-04-02,2019-03-28,
NIFTY_SMALLCAP_250,SHANKARA,SHANKARA,2018-04-02,2019-09-26,
NIFTY_SMALLCAP_250,SIS,SIS,2018-04-02,2023-03-30,
NIFTY_SMALLCAP_250,SPTL,SPTL,2018-04-02,2019-09-26,
NIFTY_SMALLCAP_250,SYNDIBANK,SYNDIBANK,2018-04-02,2019-12-26,
NIFTY_SMALLCAP_250,VIJAYABANK,VIJAYABANK,2018-04-02,2019-01-27,
NIFTY_SMALLCAP_250,VTL,VTL,2018-04-02,,
NIFTY_SMALLCAP_250,WELSPUNIND,WELSPUNLIV,2018-04-02,2024-03-27,
NIFTY_SMALLCAP_250,ASTERDM,ASTERDM,2018-06-29,2026-09-29,
NIFTY_SMALLCAP_250,PRSMJOHNSN,PRSMJOHNSN,2018-06-29,2024-09-29,
NIFTY_SMALLCAP_250,TIINDIA,TIINDIA,2018-06-29,2020-09-24,
NIFTY_SMALLCAP_250,BDL,BDL,2018-08-08,2023-09-28,
NIFTY_SMALLCAP_250,AKZOINDIA,JSWDULUX,2018-09-28,2020-06-25,
NIFTY_SMALLCAP_250,ELGIEQUIP,ELGIEQUIP,2018-09-28,,
NIFTY_SMALLCAP_250,EXCELCROP,EXCELCROP,2018-09-28,2019-04-14,
NIFTY_SMALLCAP_250,FDC,FDC,2018-09-28,2024-09-29,
NIFTY_SMALLCAP_250,GALAXYSURF,GALAXYSURF,2018-09-28,2024-03-27,
NIFTY_SMALLCAP_250,GAYAPROJ,GAYAPROJ,2018-09-28,2020-06-25,AMBIGUOUS_2020-03-27_TO_2020-06-25
NIFTY_SMALLCAP_250,GRINDWELL,GRINDWELL,2018-09-28,2022-03-30,
NIFTY_SMALLCAP_250,GUJFLUORO,GUJFLUORO,2018-09-28,2019-03-28,
NIFTY_SMALLCAP_250,IBREALEST,EMBDL,2018-09-28,2023-09-28,
NIFTY_SMALLCAP_250,IDFC,IDFC,2018-09-28,2024-10-09,
NIFTY_SMALLCAP_250,IRB,IRB,2018-09-28,2024-09-29,
NIFTY_SMALLCAP_250,KAJARIACER,KAJARIACER,2018-09-28,2021-09-29,
NIFTY_SMALLCAP_250,KARURVYSYA,KARURVYSYA,2018-09-28,,
NIFTY_SMALLCAP_250,LEMONTREE,LEMONTREE,2018-09-28,2022-03-30,
NIFTY_SMALLCAP_250,LINDEINDIA,LINDEINDIA,2018-09-28,2021-09-29,
NIFTY_SMALLCAP_250,LUXIND,LUXIND,2018-09-28,2024-03-27,
NIFTY_SMALLCAP_250,MAHLOG,MAHLOG,2018-09-28,2023-09-28,
NIFTY_SMALLCAP_250,MONSANTO,MONSANTO,2018-09-28,2019-06-27,
NIFTY_SMALLCAP_250,PHILIPCARB,PCBL,2018-09-28,2022-03-30,
NIFTY_SMALLCAP_250,SCHAEFFLER,SCHAEFFLER,2018-09-28,2019-12-26,
NIFTY_SMALLCAP_250,SHILPAMED,SHILPAMED,2018-09-28,2020-06-25,
NIFTY_SMALLCAP_250,STAR,STAR,2018-09-28,2022-09-29,
NIFTY_SMALLCAP_250,SUZLON,SUZLON,2018-09-28,2024-03-27,
NIFTY_SMALLCAP_250,TEAMLEASE,TEAMLEASE,2018-09-28,2024-03-27,
NIFTY_SMALLCAP_250,TTKPRESTIG,TTKPRESTIG,2018-09-28,2019-09-26,
NIFTY_SMALLCAP_250,VENKEYS,VENKEYS,2018-09-28,2022-09-29,
NIFTY_SMALLCAP_250,VMART,VMART,2018-09-28,2024-03-27,
NIFTY_SMALLCAP_250,WOCKPHARMA,WOCKPHARMA,2018-09-28,2023-03-30,
NIFTY_SMALLCAP_250,ZENSARTECH,ZENSARTECH,2018-09-28,,
NIFTY_SMALLCAP_250,ZYDUSWELL,ZYDUSWELL,2018-09-28,2020-09-24,
NIFTY_SMALLCAP_250,ADANIGREEN,ADANIGREEN,2018-12-28,2020-03-18,
NIFTY_SMALLCAP_250,FORTIS,FORTIS,2018-12-28,2019-09-26,
NIFTY_SMALLCAP_250,RITES,RITES,2018-12-28,,
NIFTY_SMALLCAP_250,SFL,SFL,2018-12-28,2020-09-24,
NIFTY_SMALLCAP_250,BAJAJCON,BAJAJCON,2019-01-28,2022-03-30,
NIFTY_SMALLCAP_250,CORPBANK,CORPBANK,2019-01-28,2019-09-26,
NIFTY_SMALLCAP_250,CREDITACC,CREDITACC,2019-01-28,2020-06-25,
NIFTY_SMALLCAP_250,AAVAS,AAVAS,2019-03-29,2019-09-26,
NIFTY_SMALLCAP_250,ASTRAZEN,ASTRAZEN,2019-03-29,2020-09-24,
NIFTY_SMALLCAP_250,AVANTIFEED,AVANTIFEED,2019-03-29,2025-03-27,
NIFTY_SMALLCAP_250,CESC,CESC,2019-03-29,2019-09-26,
NIFTY_SMALLCAP_250,COX&KINGS,COX&KINGS,2019-03-29,2019-12-25,
NIFTY_SMALLCAP_250,DEEPAKNTR,DEEPAKNTR,2019-03-29,2021-03-30,
NIFTY_SMALLCAP_250,ESSELPACK,EPL,2019-03-29,2020-11-01,
NIFTY_SMALLCAP_250,FINEORG,FINEORG,2019-03-29,2023-03-30,
NIFTY_SMALLCAP_250,GET&D,GVT&D,2019-03-29,2020-09-24,
NIFTY_SMALLCAP_250,IBULISL,YAARII,2019-03-29,2020-06-25,
NIFTY_SMALLCAP_250,ICRA,ICRA,2019-03-29,2021-03-30,
NIFTY_SMALLCAP_250,INDOSTAR,INDOSTAR,2019-03-29,2020-09-24,
NIFTY_SMALLCAP_250,IRCON,IRCON,2019-03-29,2022-09-29,
NIFTY_SMALLCAP_250,JAMNAAUTO,JAMNAAUTO,2019-03-29,2024-03-27,
NIFTY_SMALLCAP_250,JKPAPER,JKPAPER,2019-03-29,2024-09-29,
NIFTY_SMALLCAP_250,KEI,KEI,2019-03-29,2024-03-27,
NIFTY_SMALLCAP_250,KIRLOSENG,KIRLOSENG,2019-03-29,2020-06-25,
NIFTY_SMALLCAP_250,MAHABANK,MAHABANK,2019-03-29,2023-09-28,
NIFTY_SMALLCAP_250,MAHSCOOTER,MAHSCOOTER,2019-03-29,2021-09-29,
NIFTY_SMALLCAP_250,MAHSEAMLES,MAHSEAMLES,2019-03-29,2021-09-29,
NIFTY_SMALLCAP_250,ORIENTELEC,ORIENTELEC,2019-03-29,2024-03-27,
NIFTY_SMALLCAP_250,PCJEWELLER,PCJEWELLER,2019-03-29,2020-06-25,
NIFTY_SMALLCAP_250,SHARDACROP,SHARDACROP,2019-03-29,2019-09-26,
NIFTY_SMALLCAP_250,SUPRAJIT,SUPRAJIT,2019-03-29,2024-03-27,
NIFTY_SMALLCAP_250,TCNSBRANDS,TCNSBRANDS,2019-03-29,2023-09-28,
NIFTY_SMALLCAP_250,TRITURBINE,TRITURBINE,2019-03-29,2019-09-26,
NIFTY_SMALLCAP_250,TV18BRDCST,TV18BRDCST,2019-03-29,2024-10-15,
NIFTY_SMALLCAP_250,VAKRANGEE,VAKRANGEE,2019-03-29,2022-09-29,
NIFTY_SMALLCAP_250,VSTIND,VSTIND,2019-03-29,2021-09-29,
NIFTY_SMALLCAP_250,SUNCLAYLTD,SUNCLAYLTD,2019-04-15,2020-06-25,
NIFTY_SMALLCAP_250,CHALET,CHALET,2019-06-28,2020-06-25,
NIFTY_SMALLCAP_250,VAIBHAVGBL,VAIBHAVGBL,2019-09-24,2021-09-29,
NIFTY_SMALLCAP_250,AMBER,AMBER,2019-09-27,,
NIFTY_SMALLCAP_250,ARVINDFASN,ARVINDFASN,2019-09-27,2020-09-13,
NIFTY_SMALLCAP_250,BSOFT,BSOFT,2019-09-27,,
NIFTY_SMALLCAP_250,CGCL,CGCL,2019-09-27,2022-03-30,
NIFTY_SMALLCAP_250,DBL,DBL,2019-09-27,2023-03-30,
NIFTY_SMALLCAP_250,DEN,DEN,2019-09-27,2019-12-26,
NIFTY_SMALLCAP_250,DHFL,DHFL,2019-09-27,2020-06-25,
NIFTY_SMALLCAP_250,DISHTV,DISHTV,2019-09-27,2021-09-29,
NIFTY_SMALLCAP_250,FINCABLES,FINCABLES,2019-09-27,,
NIFTY_SMALLCAP_250,FMGOETZE,FMGOETZE,2019-09-27,2020-06-25,
NIFTY_SMALLCAP_250,GARFIBRES,GARFIBRES,2019-09-27,2023-09-28,
NIFTY_SMALLCAP_250,IIFL,IIFL,2019-09-27,,
NIFTY_SMALLCAP_250,JCHAC,BOSCH-HCIL,2019-09-27,2022-03-30,
NIFTY_SMALLCAP_250,JMFINANCIL,JMFINANCIL,2019-09-27,2020-09-24,
NIFTY_SMALLCAP_250,KPITTECH,KPITTECH,2019-09-27,2020-09-13,
NIFTY_SMALLCAP_250,MCX,MCX,2019-09-27,2026-03-29,
NIFTY_SMALLCAP_250,METROPOLIS,METROPOLIS,2019-09-27,2020-09-24,
NIFTY_SMALLCAP_250,ORIENTREF,RHIM,2019-09-27,2021-09-29,
NIFTY_SMALLCAP_250,POLYCAB,POLYCAB,2019-09-27,2019-12-26,
NIFTY_SMALLCAP_250,RATNAMANI,RATNAMANI,2019-09-27,2025-03-27,
NIFTY_SMALLCAP_250,RELCAPITAL,RELCAPITAL,2019-09-27,2020-06-25,
NIFTY_SMALLCAP_250,RELINFRA,RELINFRA,2019-09-27,2020-06-25,
NIFTY_SMALLCAP_250,RPOWER,RPOWER,2019-09-27,2020-06-25,
NIFTY_SMALLCAP_250,RVNL,RVNL,2019-09-27,2023-09-28,
NIFTY_SMALLCAP_250,SPARC,SPARC,2019-09-27,2025-03-27,
NIFTY_SMALLCAP_250,TCIEXP,TCIEXP,2019-09-27,2023-09-28,
NIFTY_SMALLCAP_250,TECHNOE,TECHNOE,2019-09-27,2020-06-25,
NIFTY_SMALLCAP_250,AFFLE,AFFLE,2019-12-26,2021-09-29,
NIFTY_SMALLCAP_250,MIDHANI,MIDHANI,2019-12-26,2022-03-30,
NIFTY_SMALLCAP_250,RESPONIND,RESPONIND,2019-12-26,2020-06-25,
NIFTY_SMALLCAP_250,ASAHIINDIA,ASAHIINDIA,2019-12-27,2020-09-13,
NIFTY_SMALLCAP_250,INDIAMART,INDIAMART,2019-12-27,2021-03-30,
NIFTY_SMALLCAP_250,KENNAMET,KENNAMET,2019-12-27,2020-06-25,
NIFTY_SMALLCAP_250,SPANDANA,SPANDANA,2019-12-27,2020-09-13,
NIFTY_SMALLCAP_250,SPICEJET,SPICEJET,2019-12-27,2022-09-29,
NIFTY_SMALLCAP_250,TASTYBITE,TASTYBITE,2019-12-27,2022-03-30,
NIFTY_SMALLCAP_250,TRITURBINE,TRITURBINE,2019-12-27,2020-06-25,
NIFTY_SMALLCAP_250,WESTLIFE,WESTLIFE,2019-12-27,2025-09-29,
NIFTY_SMALLCAP_250,TATASTLBSL,TATASTLBSL,2020-01-16,2021-04-28,
NIFTY_SMALLCAP_250,SWSOLAR,SWSOLAR,2020-03-19,2025-09-29,
NIFTY_SMALLCAP_250,ALKYLAMINE,ALKYLAMINE,2020-06-26,2021-09-29,
NIFTY_SMALLCAP_250,BHARATRAS,BHARATRAS,2020-06-26,2022-03-30,
NIFTY_SMALLCAP_250,CENTURYTEX,ABREL,2020-06-26,2024-10-09,
NIFTY_SMALLCAP_250,CSBBANK,CSBBANK,2020-06-26,2024-09-29,
NIFTY_SMALLCAP_250,DHANUKA,DHANUKA,2020-06-26,2022-03-30,
NIFTY_SMALLCAP_250,ENGINERSIN,ENGINERSIN,2020-06-26,,
NIFTY_SMALLCAP_250,ESABINDIA,ESABINDIA,2020-06-26,2021-03-30,
NIFTY_SMALLCAP_250,FCONSUMER,FCONSUMER,2020-06-26,2021-09-29,
NIFTY_SMALLCAP_250,FLUOROCHEM,FLUOROCHEM,2020-06-26,2022-03-30,
NIFTY_SMALLCAP_250,GMMPFAUDLR,GMMPFAUDLR,2020-06-26,2024-09-29,
NIFTY_SMALLCAP_250,GRAPHITE,GRAPHITE,2020-06-26,,
NIFTY_SMALLCAP_250,GRSE,GRSE,2020-06-26,2021-09-29,
NIFTY_SMALLCAP_250,HATHWAY,HATHWAY,2020-06-26,2021-03-30,
NIFTY_SMALLCAP_250,HEG,HEGAM,2020-06-26,2026-09-29,
NIFTY_SMALLCAP_250,INDIANB,INDIANB,2020-06-26,2021-09-29,
NIFTY_SMALLCAP_250,INDOCO,INDOCO,2020-06-26,2023-03-30,
NIFTY_SMALLCAP_250,INGERRAND,INGERRAND,2020-06-26,2022-03-30,
NIFTY_SMALLCAP_250,KRBL,KRBL,2020-06-26,2024-09-29,
NIFTY_SMALLCAP_250,KSB,KSB,2020-06-26,2022-03-30,
NIFTY_SMALLCAP_250,LAOPALA,LAOPALA,2020-06-26,2022-03-30,
NIFTY_SMALLCAP_250,MAHINDCIE,CIEINDIA,2020-06-26,2020-09-24,
NIFTY_SMALLCAP_250,NBCC,NBCC,2020-06-26,,
NIFTY_SMALLCAP_250,POLYMED,POLYMED,2020-06-26,,
NIFTY_SMALLCAP_250,SCHNEIDER,SCHNEIDER,2020-06-26,2022-03-30,
NIFTY_SMALLCAP_250,SCI,SCI,2020-06-26,2022-12-29,
NIFTY_SMALLCAP_250,SEQUENT,VIYASH,2020-06-26,2022-09-29,
NIFTY_SMALLCAP_250,STRTECH,STLTECH,2020-06-26,2020-11-01,
NIFTY_SMALLCAP_250,UJJIVANSFB,UJJIVANSFB,2020-06-26,2022-03-30,
NIFTY_SMALLCAP_250,VARROC,VARROC,2020-06-26,2025-03-27,
NIFTY_SMALLCAP_250,VESUVIUS,VESUVIUS,2020-06-26,2020-09-24,
NIFTY_SMALLCAP_250,JTEKTINDIA,JTEKTINDIA,2020-09-14,2021-09-29,
NIFTY_SMALLCAP_250,NOCIL,NOCIL,2020-09-14,2023-09-28,
NIFTY_SMALLCAP_250,PSPPROJECT,PSPPROJECT,2020-09-14,2021-03-30,
NIFTY_SMALLCAP_250,SWARAJENG,SWARAJENG,2020-09-14,2021-03-30,
NIFTY_SMALLCAP_250,TATACOFFEE,TATACOFFEE,2020-09-14,2023-03-30,
NIFTY_SMALLCAP_250,AARTIDRUGS,AARTIDRUGS,2020-09-25,2024-03-27,
NIFTY_SMALLCAP_250,ALEMBICLTD,ALEMBICLTD,2020-09-25,2022-03-30,
NIFTY_SMALLCAP_250,ALOKINDS,ALOKINDS,2020-09-25,2023-03-30,
NIFTY_SMALLCAP_250,BLUEDART,BLUEDART,2020-09-25,2021-09-29,
NIFTY_SMALLCAP_250,CENTRALBK,CENTRALBK,2020-09-25,,
NIFTY_SMALLCAP_250,CHALET,CHALET,2020-09-25,2026-09-29,
NIFTY_SMALLCAP_250,EIHOTEL,EIHOTEL,2020-09-25,,
NIFTY_SMALLCAP_250,GAEL,GAEL,2020-09-25,2025-03-27,
NIFTY_SMALLCAP_250,IDBI,IDBI,2020-09-25,2021-03-30,
NIFTY_SMALLCAP_250,IOB,IOB,2020-09-25,2024-09-29,
NIFTY_SMALLCAP_250,IOLCP,IOLCP,2020-09-25,2022-03-30,
NIFTY_SMALLCAP_250,NAVNETEDUL,NAVNETEDUL,2020-09-25,2021-03-30,
NIFTY_SMALLCAP_250,PAPERPROD,HUHTAMAKI,2020-09-25,2021-03-30,
NIFTY_SMALLCAP_250,PNBHOUSING,PNBHOUSING,2020-09-25,,
NIFTY_SMALLCAP_250,POLYPLEX,POLYPLEX,2020-09-25,2024-03-27,
NIFTY_SMALLCAP_250,POWERINDIA,POWERINDIA,2020-09-25,2024-09-29,
NIFTY_SMALLCAP_250,QUESS,QUESS,2020-09-25,2025-04-10,
NIFTY_SMALLCAP_250,SHILPAMED,SHILPAMED,2020-09-25,2023-03-30,
NIFTY_SMALLCAP_250,SOLARA,SOLARA,2020-09-25,2022-09-29,
NIFTY_SMALLCAP_250,SUPPETRO,SUPPETRO,2020-09-25,2022-04-06,
NIFTY_SMALLCAP_250,SUVENPHAR,COHANCE,2020-09-25,2021-03-30,
NIFTY_SMALLCAP_250,UCOBANK,UCOBANK,2020-09-25,2022-09-29,
NIFTY_SMALLCAP_250,EPL,EPL,2020-11-02,2024-09-29,
NIFTY_SMALLCAP_250,NETWORK18,NETWORK18,2020-11-02,2025-09-29,
NIFTY_SMALLCAP_250,STLTECH,STLTECH,2020-11-02,2024-09-29,
NIFTY_SMALLCAP_250,MAHINDCIE,CIEINDIA,2020-11-25,2023-09-28,
NIFTY_SMALLCAP_250,ANGELBRKG,ANGELONE,2021-03-31,2022-03-30,
NIFTY_SMALLCAP_250,ASAHIINDIA,ASAHIINDIA,2021-03-31,,
NIFTY_SMALLCAP_250,BALAMINES,BALAMINES,2021-03-31,2025-03-27,
NIFTY_SMALLCAP_250,CAMS,CAMS,2021-03-31,,
NIFTY_SMALLCAP_250,EDELWEISS,EDELWEISS,2021-03-31,2023-04-27,
NIFTY_SMALLCAP_250,ERIS,ERIS,2021-03-31,2022-09-29,
NIFTY_SMALLCAP_250,FRETAIL,FRETAIL,2021-03-31,2022-03-30,
NIFTY_SMALLCAP_250,HAPPSTMNDS,HAPPSTMNDS,2021-03-31,2022-03-30,
NIFTY_SMALLCAP_250,HEMIPROP,HEMIPROP,2021-03-31,2022-09-29,
NIFTY_SMALLCAP_250,HUDCO,HUDCO,2021-03-31,2024-09-29,
NIFTY_SMALLCAP_250,HUHTAMAKI,HUHTAMAKI,2021-03-31,2021-09-29,
NIFTY_SMALLCAP_250,ICIL,ICIL,2021-03-31,2022-09-29,
NIFTY_SMALLCAP_250,INTELLECT,INTELLECT,2021-03-31,,
NIFTY_SMALLCAP_250,KPITTECH,KPITTECH,2021-03-31,2023-09-28,
NIFTY_SMALLCAP_250,KPRMILL,KPRMILL,2021-03-31,2022-09-29,
NIFTY_SMALLCAP_250,MAZDOCK,MAZDOCK,2021-03-31,2023-09-28,
NIFTY_SMALLCAP_250,MRPL,MRPL,2021-03-31,2024-09-29,
NIFTY_SMALLCAP_250,NATIONALUM,NATIONALUM,2021-03-31,2021-09-29,
NIFTY_SMALLCAP_250,NLCINDIA,NLCINDIA,2021-03-31,2024-09-29,
NIFTY_SMALLCAP_250,PRINCEPIPE,PRINCEPIPE,2021-03-31,2024-09-29,
NIFTY_SMALLCAP_250,RESPONIND,RESPONIND,2021-03-31,2021-09-29,
NIFTY_SMALLCAP_250,ROSSARI,ROSSARI,2021-03-31,2024-03-27,
NIFTY_SMALLCAP_250,ROUTE,ROUTE,2021-03-31,2025-09-29,
NIFTY_SMALLCAP_250,SFL,SFL,2021-03-31,2023-03-30,
NIFTY_SMALLCAP_250,SHARDACROP,SHARDACROP,2021-03-31,2022-03-30,
NIFTY_SMALLCAP_250,SHRIRAMCIT,SHRIRAMCIT,2021-03-31,2022-08-07,
NIFTY_SMALLCAP_250,SPANDANA,SPANDANA,2021-03-31,2022-03-30,
NIFTY_SMALLCAP_250,SUNCLAYLTD,SUNCLAYLTD,2021-03-31,2021-09-29,
NIFTY_SMALLCAP_250,SYMPHONY,SYMPHONY,2021-03-31,2023-03-30,
NIFTY_SMALLCAP_250,TANLA,TANLA,2021-03-31,2025-09-29,
NIFTY_SMALLCAP_250,TRITURBINE,TRITURBINE,2021-03-31,,
NIFTY_SMALLCAP_250,UTIAMC,UTIAMC,2021-03-31,,
NIFTY_SMALLCAP_250,VALIANTORG,VALIANTORG,2021-03-31,2022-03-30,
NIFTY_SMALLCAP_250,WABCOINDIA,ZFCVINDIA,2021-03-31,2021-09-29,
NIFTY_SMALLCAP_250,BURGERKING,RBA,2021-04-29,2022-03-30,
NIFTY_SMALLCAP_250,INFIBEAM,CCAVENUE,2021-04-29,2024-03-27,
NIFTY_SMALLCAP_250,ANURAS,ANURAS,2021-09-30,2024-09-29,
NIFTY_SMALLCAP_250,ASTRAZEN,ASTRAZEN,2021-09-30,2023-03-30,
NIFTY_SMALLCAP_250,BBTC,BBTC,2021-09-30,2026-09-29,
NIFTY_SMALLCAP_250,CESC,CESC,2021-09-30,,
NIFTY_SMALLCAP_250,CGPOWER,CGPOWER,2021-09-30,2022-03-30,
NIFTY_SMALLCAP_250,CREDITACC,CREDITACC,2021-09-30,,
NIFTY_SMALLCAP_250,EQUITASBNK,EQUITASBNK,2021-09-30,2025-03-27,
NIFTY_SMALLCAP_250,FACT,FACT,2021-09-30,2023-09-28,
NIFTY_SMALLCAP_250,GODREJAGRO,GODREJAGRO,2021-09-30,2023-09-28,
NIFTY_SMALLCAP_250,HATHWAY,HATHWAY,2021-09-30,2022-09-29,
NIFTY_SMALLCAP_250,HGS,HGS,2021-09-30,2023-09-28,
NIFTY_SMALLCAP_250,HIKAL,HIKAL,2021-09-30,2023-09-28,
NIFTY_SMALLCAP_250,HOMEFIRST,HOMEFIRST,2021-09-30,,
NIFTY_SMALLCAP_250,IBULHSGFIN,SAMMAANCAP,2021-09-30,2024-09-29,
NIFTY_SMALLCAP_250,IDBI,IDBI,2021-09-30,2022-03-30,
NIFTY_SMALLCAP_250,IIFLWAM,360ONE,2021-09-30,2023-02-16,
NIFTY_SMALLCAP_250,INDIGOPNTS,INDIGOPNTS,2021-09-30,2024-09-29,
NIFTY_SMALLCAP_250,JMFINANCIL,JMFINANCIL,2021-09-30,,
NIFTY_SMALLCAP_250,JUBLINGREA,JUBLINGREA,2021-09-30,,
NIFTY_SMALLCAP_250,JUBLPHARMA,JUBLPHARMA,2021-09-30,2026-09-29,
NIFTY_SMALLCAP_250,KALYANKJIL,KALYANKJIL,2021-09-30,2024-03-27,
NIFTY_SMALLCAP_250,LXCHEM,LXCHEM,2021-09-30,2024-09-29,
NIFTY_SMALLCAP_250,MASTEK,MASTEK,2021-09-30,2025-09-29,
NIFTY_SMALLCAP_250,NAZARA,NAZARA,2021-09-30,2024-03-27,
NIFTY_SMALLCAP_250,PGHL,PGHL,2021-09-30,2023-03-30,
NIFTY_SMALLCAP_250,POONAWALLA,POONAWALLA,2021-09-30,2022-09-29,
NIFTY_SMALLCAP_250,PRAJIND,PRAJIND,2021-09-30,2026-03-29,
NIFTY_SMALLCAP_250,RAILTEL,RAILTEL,2021-09-30,2022-09-29,
NIFTY_SMALLCAP_250,RHIM,RHIM,2021-09-30,,
NIFTY_SMALLCAP_250,SJVN,SJVN,2021-09-30,2024-03-27,
NIFTY_SMALLCAP_250,TATASTLLP,TATASTLLP,2021-09-30,2022-09-29,
NIFTY_SMALLCAP_250,TTML,TTML,2021-09-30,2022-03-30,
NIFTY_SMALLCAP_250,VGUARD,VGUARD,2021-09-30,2026-03-29,
NIFTY_SMALLCAP_250,ABSLAMC,ABSLAMC,2022-03-31,2023-03-30,
NIFTY_SMALLCAP_250,ALLCARGO,ALLCARGO,2022-03-31,2022-12-29,
NIFTY_SMALLCAP_250,AMARAJABAT,ARE&M,2022-03-31,2024-03-27,
NIFTY_SMALLCAP_250,ANGELONE,ANGELONE,2022-03-31,,
NIFTY_SMALLCAP_250,APTUS,APTUS,2022-03-31,,
NIFTY_SMALLCAP_250,BCG,BCG,2022-03-31,2024-03-27,
NIFTY_SMALLCAP_250,BORORENEW,BORORENEW,2022-03-31,2024-09-29,
NIFTY_SMALLCAP_250,CASTROLIND,CASTROLIND,2022-03-31,,
NIFTY_SMALLCAP_250,CHEMPLASTS,CHEMPLASTS,2022-03-31,2025-03-27,
NIFTY_SMALLCAP_250,CHOLAHLDNG,CHOLAHLDNG,2022-03-31,,
NIFTY_SMALLCAP_250,CUB,CUB,2022-03-31,,
NIFTY_SMALLCAP_250,DEVYANI,DEVYANI,2022-03-31,2022-09-29,
NIFTY_SMALLCAP_250,DHANI,DHANI,2022-03-31,2023-03-30,
NIFTY_SMALLCAP_250,EASEMYTRIP,EASEMYTRIP,2022-03-31,2025-03-27,
NIFTY_SMALLCAP_250,GLS,ALIVUS,2022-03-31,2022-09-29,
NIFTY_SMALLCAP_250,GOCOLORS,GOCOLORS,2022-03-31,2024-03-27,
NIFTY_SMALLCAP_250,GRINFRA,GRINFRA,2022-03-31,2024-03-27,
NIFTY_SMALLCAP_250,HINDCOPPER,HINDCOPPER,2022-03-31,2026-09-29,
NIFTY_SMALLCAP_250,HLEGLAS,HLEGLAS,2022-03-31,2024-03-27,
NIFTY_SMALLCAP_250,ITI,ITI,2022-03-31,,
NIFTY_SMALLCAP_250,KIMS,KIMS,2022-03-31,,
NIFTY_SMALLCAP_250,LATENTVIEW,LATENTVIEW,2022-03-31,2026-09-29,
NIFTY_SMALLCAP_250,MAPMYINDIA,MAPMYINDIA,2022-03-31,2026-09-29,
NIFTY_SMALLCAP_250,MEDPLUS,MEDPLUS,2022-03-31,2024-09-29,
NIFTY_SMALLCAP_250,METROBRAND,METROBRAND,2022-03-31,2023-03-30,
NIFTY_SMALLCAP_250,MGL,MGL,2022-03-31,,
NIFTY_SMALLCAP_250,MOTILALOFS,MOTILALOFS,2022-03-31,2025-03-27,
NIFTY_SMALLCAP_250,PCBL,PCBL,2022-03-31,,
NIFTY_SMALLCAP_250,PRIVISCL,PRIVISCL,2022-03-31,2023-03-30,
NIFTY_SMALLCAP_250,RBA,RBA,2022-03-31,2024-09-29,
NIFTY_SMALLCAP_250,RBLBANK,RBLBANK,2022-03-31,,
NIFTY_SMALLCAP_250,RENUKA,RENUKA,2022-03-31,2025-09-29,
NIFTY_SMALLCAP_250,RTNINDIA,RTNINDIA,2022-03-31,2025-09-29,
NIFTY_SMALLCAP_250,SAPPHIRE,SAPPHIRE,2022-03-31,2026-09-29,
NIFTY_SMALLCAP_250,SAREGAMA,SAREGAMA,2022-03-31,2022-12-29,
NIFTY_SMALLCAP_250,SHYAMMETL,SHYAMMETL,2022-03-31,,
NIFTY_SMALLCAP_250,SUVENPHAR,COHANCE,2022-03-31,2025-09-22,
NIFTY_SMALLCAP_250,TATAINVEST,TATAINVEST,2022-03-31,2024-09-29,
NIFTY_SMALLCAP_250,TTKPRESTIG,TTKPRESTIG,2022-03-31,2024-03-27,
NIFTY_SMALLCAP_250,VAIBHAVGBL,VAIBHAVGBL,2022-03-31,2024-09-29,
NIFTY_SMALLCAP_250,VIJAYA,VIJAYA,2022-03-31,,
NIFTY_SMALLCAP_250,ZYDUSWELL,ZYDUSWELL,2022-03-31,2024-03-27,
NIFTY_SMALLCAP_250,MTARTECH,MTARTECH,2022-04-07,2024-09-29,
NIFTY_SMALLCAP_250,CGCL,CGCL,2022-04-12,,
NIFTY_SMALLCAP_250,TRIVENI,TRIVENI,2022-05-31,2026-03-29,
NIFTY_SMALLCAP_250,CAMPUS,CAMPUS,2022-08-08,2026-03-29,
NIFTY_SMALLCAP_250,AETHER,AETHER,2022-09-30,2024-09-29,
NIFTY_SMALLCAP_250,APOLLOTYRE,APOLLOTYRE,2022-09-30,2023-03-30,
NIFTY_SMALLCAP_250,BHARATRAS,BHARATRAS,2022-09-30,2023-03-30,
NIFTY_SMALLCAP_250,DEEPAKFERT,DEEPAKFERT,2022-09-30,,
NIFTY_SMALLCAP_250,EXIDEIND,EXIDEIND,2022-09-30,2024-09-29,
NIFTY_SMALLCAP_250,GLENMARK,GLENMARK,2022-09-30,2025-03-27,
NIFTY_SMALLCAP_250,GREENPANEL,GREENPANEL,2022-09-30,2023-09-28,
NIFTY_SMALLCAP_250,IDBI,IDBI,2022-09-30,2024-03-27,
NIFTY_SMALLCAP_250,JBMA,JBMA,2022-09-30,,
NIFTY_SMALLCAP_250,MAHLIFE,MAHLIFE,2022-09-30,2025-03-27,
NIFTY_SMALLCAP_250,MANAPPURAM,MANAPPURAM,2022-09-30,,
NIFTY_SMALLCAP_250,METROPOLIS,METROPOLIS,2022-09-30,2026-03-29,
NIFTY_SMALLCAP_250,NIITLTD,NIITLTD,2022-09-30,2022-12-29,
NIFTY_SMALLCAP_250,NUVOCO,NUVOCO,2022-09-30,2025-03-27,
NIFTY_SMALLCAP_250,OLECTRA,OLECTRA,2022-09-30,,
NIFTY_SMALLCAP_250,RAYMOND,RAYMOND,2022-09-30,2025-09-29,
NIFTY_SMALLCAP_250,SHARDACROP,SHARDACROP,2022-09-30,2024-03-27,
NIFTY_SMALLCAP_250,SHOPERSTOP,SHOPERSTOP,2022-09-30,2024-03-27,
NIFTY_SMALLCAP_250,SWANENERGY,SWANCORP,2022-09-30,2025-09-22,
NIFTY_SMALLCAP_250,TCI,TCI,2022-09-30,2023-09-28,
NIFTY_SMALLCAP_250,TEJASNET,TEJASNET,2022-09-30,,
NIFTY_SMALLCAP_250,BEML,BEML,2022-12-30,,
NIFTY_SMALLCAP_250,LEMONTREE,LEMONTREE,2022-12-30,,
NIFTY_SMALLCAP_250,RAINBOW,RAINBOW,2022-12-30,,
NIFTY_SMALLCAP_250,UCOBANK,UCOBANK,2022-12-30,2025-09-29,
NIFTY_SMALLCAP_250,360ONE,360ONE,2023-02-17,2025-03-27,
NIFTY_SMALLCAP_250,PPLPHARMA,PPLPHARMA,2023-02-17,,
NIFTY_SMALLCAP_250,ACI,ACI,2023-03-31,2025-03-27,
NIFTY_SMALLCAP_250,APARINDS,APARINDS,2023-03-31,2025-03-27,
NIFTY_SMALLCAP_250,APLLTD,APLLTD,2023-03-31,2026-03-29,
NIFTY_SMALLCAP_250,BIKAJI,BIKAJI,2023-03-31,2026-09-29,
NIFTY_SMALLCAP_250,BLS,BLS,2023-03-31,,
NIFTY_SMALLCAP_250,CRAFTSMAN,CRAFTSMAN,2023-03-31,,
NIFTY_SMALLCAP_250,DATAPATTNS,DATAPATTNS,2023-03-31,,
NIFTY_SMALLCAP_250,FIVESTAR,FIVESTAR,2023-03-31,,
NIFTY_SMALLCAP_250,GSPL,GSPL,2023-03-31,2026-05-11,
NIFTY_SMALLCAP_250,IEX,IEX,2023-03-31,,
NIFTY_SMALLCAP_250,INDIAMART,INDIAMART,2023-03-31,,
NIFTY_SMALLCAP_250,INGERRAND,INGERRAND,2023-03-31,2024-03-27,
NIFTY_SMALLCAP_250,JINDWORLD,JINDWORLD,2023-03-31,2023-09-28,
NIFTY_SMALLCAP_250,KENNAMET,KENNAMET,2023-03-31,2023-09-28,
NIFTY_SMALLCAP_250,KFINTECH,KFINTECH,2023-03-31,,
NIFTY_SMALLCAP_250,KSB,KSB,2023-03-31,2025-03-27,
NIFTY_SMALLCAP_250,MEDANTA,MEDANTA,2023-03-31,2024-09-29,
NIFTY_SMALLCAP_250,MFL,EPIGRAL,2023-03-31,2023-09-28,
NIFTY_SMALLCAP_250,NATCOPHARM,NATCOPHARM,2023-03-31,,
NIFTY_SMALLCAP_250,NATIONALUM,NATIONALUM,2023-03-31,2025-03-27,
NIFTY_SMALLCAP_250,RUSTOMJEE,RUSTOMJEE,2023-03-31,2023-09-28,
NIFTY_SMALLCAP_250,SANOFI,SANOFI,2023-03-31,2025-03-27,
NIFTY_SMALLCAP_250,TMB,TMB,2023-03-31,2023-09-28,
NIFTY_SMALLCAP_250,ERIS,ERIS,2023-04-28,2026-09-29,
NIFTY_SMALLCAP_250,NSLNISP,NSLNISP,2023-04-28,,
NIFTY_SMALLCAP_250,AAVAS,AAVAS,2023-09-29,,
NIFTY_SMALLCAP_250,AFFLE,AFFLE,2023-09-29,,
NIFTY_SMALLCAP_250,ALKYLAMINE,ALKYLAMINE,2023-09-29,2026-03-29,
NIFTY_SMALLCAP_250,ALLCARGO,ALLCARGO,2023-09-29,2024-09-29,
NIFTY_SMALLCAP_250,ALOKINDS,ALOKINDS,2023-09-29,2026-03-29,
NIFTY_SMALLCAP_250,CIEINDIA,CIEINDIA,2023-09-29,2025-03-27,
NIFTY_SMALLCAP_250,CLEAN,CLEAN,2023-09-29,,
NIFTY_SMALLCAP_250,EPIGRAL,EPIGRAL,2023-09-29,2024-03-27,
NIFTY_SMALLCAP_250,FINEORG,FINEORG,2023-09-29,2025-03-27,
NIFTY_SMALLCAP_250,GILLETTE,GILLETTE,2023-09-29,,
NIFTY_SMALLCAP_250,GLS,ALIVUS,2023-09-29,2024-09-29,
NIFTY_SMALLCAP_250,GPIL,GPIL,2023-09-29,,
NIFTY_SMALLCAP_250,HAPPSTMNDS,HAPPSTMNDS,2023-09-29,2026-03-29,
NIFTY_SMALLCAP_250,IRCON,IRCON,2023-09-29,,
NIFTY_SMALLCAP_250,JINDALSAW,JINDALSAW,2023-09-29,,
NIFTY_SMALLCAP_250,KAYNES,KAYNES,2023-09-29,,
NIFTY_SMALLCAP_250,KIRLFER,KIRLFER,2023-09-29,2023-10-25,
NIFTY_SMALLCAP_250,MINDACORP,MINDACORP,2023-09-29,,
NIFTY_SMALLCAP_250,NAM-INDIA,NAM-INDIA,2023-09-29,2024-09-29,
NIFTY_SMALLCAP_250,PGHL,PGHL,2023-09-29,2024-03-27,
NIFTY_SMALLCAP_250,PVRINOX,PVRINOX,2023-09-29,,
NIFTY_SMALLCAP_250,SAFARI,SAFARI,2023-09-29,2024-09-29,
NIFTY_SMALLCAP_250,SAREGAMA,SAREGAMA,2023-09-29,2026-09-29,
NIFTY_SMALLCAP_250,SFL,SFL,2023-09-29,2024-03-27,
NIFTY_SMALLCAP_250,SYMPHONY,SYMPHONY,2023-09-29,2024-03-27,
NIFTY_SMALLCAP_250,SYRMA,SYRMA,2023-09-29,,
NIFTY_SMALLCAP_250,TTML,TTML,2023-09-29,,
NIFTY_SMALLCAP_250,UJJIVANSFB,UJJIVANSFB,2023-09-29,2025-03-27,
NIFTY_SMALLCAP_250,USHAMART,USHAMART,2023-09-29,,
NIFTY_SMALLCAP_250,CONCORDBIO,CONCORDBIO,2023-10-26,,
NIFTY_SMALLCAP_250,AARTIIND,AARTIIND,2024-03-28,,
NIFTY_SMALLCAP_250,ACE,ACE,2024-03-28,,
NIFTY_SMALLCAP_250,ANANDRATHI,ANANDRATHI,2024-03-28,,
NIFTY_SMALLCAP_250,ARE&M,ARE&M,2024-03-28,,
NIFTY_SMALLCAP_250,ASTRAZEN,ASTRAZEN,2024-03-28,2026-03-29,
NIFTY_SMALLCAP_250,BLUEDART,BLUEDART,2024-03-28,2026-09-29,
NIFTY_SMALLCAP_250,CAPLIPOINT,CAPLIPOINT,2024-03-28,,
NIFTY_SMALLCAP_250,CELLO,CELLO,2024-03-28,2025-03-27,
NIFTY_SMALLCAP_250,CHENNPETRO,CHENNPETRO,2024-03-28,,
NIFTY_SMALLCAP_250,CROMPTON,CROMPTON,2024-03-28,,
NIFTY_SMALLCAP_250,DOMS,DOMS,2024-03-28,,
NIFTY_SMALLCAP_250,ELECON,ELECON,2024-03-28,,
NIFTY_SMALLCAP_250,GMDCLTD,GMDCLTD,2024-03-28,,
NIFTY_SMALLCAP_250,GRSE,GRSE,2024-03-28,,
NIFTY_SMALLCAP_250,HAPPYFORGE,HAPPYFORGE,2024-03-28,2024-09-29,
NIFTY_SMALLCAP_250,HBLPOWER,HBLENGINE,2024-03-28,2025-03-20,
NIFTY_SMALLCAP_250,HONASA,HONASA,2024-03-28,,
NIFTY_SMALLCAP_250,HSCL,HSCL,2024-03-28,,
NIFTY_SMALLCAP_250,INOXWIND,INOXWIND,2024-03-28,,
NIFTY_SMALLCAP_250,J&KBANK,J&KBANK,2024-03-28,,
NIFTY_SMALLCAP_250,JAIBALAJI,JAIBALAJI,2024-03-28,2024-09-29,
NIFTY_SMALLCAP_250,JWL,JWL,2024-03-28,,
NIFTY_SMALLCAP_250,MAHSEAMLES,MAHSEAMLES,2024-03-28,2026-03-29,
NIFTY_SMALLCAP_250,NAVINFLUOR,NAVINFLUOR,2024-03-28,,
NIFTY_SMALLCAP_250,NUVAMA,NUVAMA,2024-03-28,,
NIFTY_SMALLCAP_250,RAILTEL,RAILTEL,2024-03-28,,
NIFTY_SMALLCAP_250,RAJESHEXPO,RAJESHEXPO,2024-03-28,2025-03-27,
NIFTY_SMALLCAP_250,RKFORGE,RKFORGE,2024-03-28,,
NIFTY_SMALLCAP_250,RRKABEL,RRKABEL,2024-03-28,,
NIFTY_SMALLCAP_250,SBFC,SBFC,2024-03-28,2026-09-29,
NIFTY_SMALLCAP_250,SCHNEIDER,SCHNEIDER,2024-03-28,,
NIFTY_SMALLCAP_250,SIGNATURE,SIGNATURE,2024-03-28,,
NIFTY_SMALLCAP_250,TITAGARH,TITAGARH,2024-03-28,,
NIFTY_SMALLCAP_250,TMB,TMB,2024-03-28,2024-09-29,
NIFTY_SMALLCAP_250,TRIDENT,TRIDENT,2024-03-28,,
NIFTY_SMALLCAP_250,TVSSCS,TVSSCS,2024-03-28,2025-03-27,
NIFTY_SMALLCAP_250,WELSPUNLIV,WELSPUNLIV,2024-03-28,,
NIFTY_SMALLCAP_250,WHIRLPOOL,WHIRLPOOL,2024-03-28,,
NIFTY_SMALLCAP_250,AADHARHFC,AADHARHFC,2024-09-30,,
NIFTY_SMALLCAP_250,ABSLAMC,ABSLAMC,2024-09-30,,
NIFTY_SMALLCAP_250,AEGISLOG,AEGISLOG,2024-09-30,,
NIFTY_SMALLCAP_250,ANANTRAJ,ANANTRAJ,2024-09-30,,
NIFTY_SMALLCAP_250,ATUL,ATUL,2024-09-30,,
NIFTY_SMALLCAP_250,BASF,BASF,2024-09-30,2026-03-29,
NIFTY_SMALLCAP_250,BATAINDIA,BATAINDIA,2024-09-30,,
NIFTY_SMALLCAP_250,DBREALTY,DBREALTY,2024-09-30,2026-03-29,
NIFTY_SMALLCAP_250,DEVYANI,DEVYANI,2024-09-30,,
NIFTY_SMALLCAP_250,GET&D,GVT&D,2024-09-30,2025-03-20,
NIFTY_SMALLCAP_250,GODIGIT,GODIGIT,2024-09-30,2026-09-29,
NIFTY_SMALLCAP_250,GODREJAGRO,GODREJAGRO,2024-09-30,2026-03-29,
NIFTY_SMALLCAP_250,GRINFRA,GRINFRA,2024-09-30,2025-03-27,
NIFTY_SMALLCAP_250,IFCI,IFCI,2024-09-30,,
NIFTY_SMALLCAP_250,INDGN,INDGN,2024-09-30,2026-09-29,
NIFTY_SMALLCAP_250,INOXINDIA,INOXINDIA,2024-09-30,2026-03-29,
NIFTY_SMALLCAP_250,ISEC,ISEC,2024-09-30,2025-03-20,
NIFTY_SMALLCAP_250,JKTYRE,JKTYRE,2024-09-30,,
NIFTY_SMALLCAP_250,JPPOWER,JPPOWER,2024-09-30,,
NIFTY_SMALLCAP_250,JYOTICNC,JYOTICNC,2024-09-30,,
NIFTY_SMALLCAP_250,KAJARIACER,KAJARIACER,2024-09-30,,
NIFTY_SMALLCAP_250,KANSAINER,KANSAINER,2024-09-30,2025-09-29,
NIFTY_SMALLCAP_250,KIRLOSBROS,KIRLOSBROS,2024-09-30,2026-03-29,
NIFTY_SMALLCAP_250,KIRLOSENG,KIRLOSENG,2024-09-30,,
NIFTY_SMALLCAP_250,LALPATHLAB,LALPATHLAB,2024-09-30,,
NIFTY_SMALLCAP_250,LAURUSLABS,LAURUSLABS,2024-09-30,2026-03-29,
NIFTY_SMALLCAP_250,MANYAVAR,MANYAVAR,2024-09-30,2026-03-29,
NIFTY_SMALLCAP_250,NETWEB,NETWEB,2024-09-30,,
NIFTY_SMALLCAP_250,NEWGEN,NEWGEN,2024-09-30,2026-09-29,
NIFTY_SMALLCAP_250,PEL,PIRAMALFIN,2024-09-30,2025-09-22,ALIAS_INFERRED_MERGER_SUCCESSOR;INFERRED_MERGER_SUCCESSOR
NIFTY_SMALLCAP_250,PFIZER,PFIZER,2024-09-30,2026-09-29,
NIFTY_SMALLCAP_250,PTCIL,PTCIL,2024-09-30,,
NIFTY_SMALLCAP_250,RAMCOCEM,RAMCOCEM,2024-09-30,,
NIFTY_SMALLCAP_250,SAMMAANCAP,SAMMAANCAP,2024-09-30,,
NIFTY_SMALLCAP_250,SCI,SCI,2024-09-30,,
NIFTY_SMALLCAP_250,SUMICHEM,SUMICHEM,2024-09-30,,
NIFTY_SMALLCAP_250,TBOTEK,TBOTEK,2024-09-30,,
NIFTY_SMALLCAP_250,TECHNOE,TECHNOE,2024-09-30,,
NIFTY_SMALLCAP_250,VINATIORGA,VINATIORGA,2024-09-30,2025-03-27,
NIFTY_SMALLCAP_250,ZEEL,ZEEL,2024-09-30,,
NIFTY_SMALLCAP_250,ABREL,ABREL,2024-10-10,,
NIFTY_SMALLCAP_250,EMCURE,EMCURE,2024-10-10,,
NIFTY_SMALLCAP_250,AKUMS,AKUMS,2024-10-16,2026-03-29,
NIFTY_SMALLCAP_250,GVT&D,GVT&D,2025-03-21,2025-03-27,
NIFTY_SMALLCAP_250,HBLENGINE,HBLENGINE,2025-03-21,,
NIFTY_SMALLCAP_250,RAYMONDLSL,RAYMONDLSL,2025-03-21,2025-09-29,
NIFTY_SMALLCAP_250,ACMESOLAR,ACMESOLAR,2025-03-28,,
NIFTY_SMALLCAP_250,AFCONS,AFCONS,2025-03-28,,
NIFTY_SMALLCAP_250,AIIL,AIIL,2025-03-28,2026-03-29,
NIFTY_SMALLCAP_250,ALIVUS,ALIVUS,2025-03-28,2025-09-29,
NIFTY_SMALLCAP_250,BAYERCROP,BAYERCROP,2025-03-28,2026-09-29,
NIFTY_SMALLCAP_250,CARBORUNIV,CARBORUNIV,2025-03-28,,
NIFTY_SMALLCAP_250,DCMSHRIRAM,DCMSHRIRAM,2025-03-28,2026-09-29,
NIFTY_SMALLCAP_250,DELHIVERY,DELHIVERY,2025-03-28,,
NIFTY_SMALLCAP_250,FACT,FACT,2025-03-28,2025-09-29,
NIFTY_SMALLCAP_250,FIRSTCRY,FIRSTCRY,2025-03-28,,
NIFTY_SMALLCAP_250,GRAVITA,GRAVITA,2025-03-28,,
NIFTY_SMALLCAP_250,IDBI,IDBI,2025-03-28,2025-09-29,
NIFTY_SMALLCAP_250,IGIL,IGIL,2025-03-28,,
NIFTY_SMALLCAP_250,IKS,IKS,2025-03-28,,
NIFTY_SMALLCAP_250,IOB,IOB,2025-03-28,2025-09-29,
NIFTY_SMALLCAP_250,JSWHL,JSWHL,2025-03-28,2025-09-29,
NIFTY_SMALLCAP_250,LTFOODS,LTFOODS,2025-03-28,,
NIFTY_SMALLCAP_250,NAVA,NAVA,2025-03-28,,
NIFTY_SMALLCAP_250,NEULANDLAB,NEULANDLAB,2025-03-28,,
NIFTY_SMALLCAP_250,NIVABUPA,NIVABUPA,2025-03-28,2026-09-29,
NIFTY_SMALLCAP_250,PGEL,PGEL,2025-03-28,,
NIFTY_SMALLCAP_250,POONAWALLA,POONAWALLA,2025-03-28,,
NIFTY_SMALLCAP_250,RPOWER,RPOWER,2025-03-28,,
NIFTY_SMALLCAP_250,SAGILITY,SAGILITY,2025-03-28,,
NIFTY_SMALLCAP_250,SAILIFE,SAILIFE,2025-03-28,,
NIFTY_SMALLCAP_250,SARDAEN,SARDAEN,2025-03-28,,
NIFTY_SMALLCAP_250,SKFINDIA,SKFINDIA,2025-03-28,2025-12-30,
NIFTY_SMALLCAP_250,TARIL,TARIL,2025-03-28,,
NIFTY_SMALLCAP_250,TATACHEM,TATACHEM,2025-03-28,,
NIFTY_SMALLCAP_250,TIMKEN,TIMKEN,2025-03-28,,
NIFTY_SMALLCAP_250,WOCKPHARMA,WOCKPHARMA,2025-03-28,,
NIFTY_SMALLCAP_250,ZENTEC,ZENTEC,2025-03-28,,
NIFTY_SMALLCAP_250,ZFCVINDIA,ZFCVINDIA,2025-03-28,,
NIFTY_SMALLCAP_250,SUNDRMFAST,SUNDRMFAST,2025-04-11,2026-03-29,
NIFTY_SMALLCAP_250,COHANCE,COHANCE,2025-09-23,,
NIFTY_SMALLCAP_250,RELINFRA,RELINFRA,2025-09-23,2026-03-29,
NIFTY_SMALLCAP_250,SWANCORP,SWANCORP,2025-09-23,,
NIFTY_SMALLCAP_250,ABFRL,ABFRL,2025-09-30,2026-09-29,
NIFTY_SMALLCAP_250,ABLBL,ABLBL,2025-09-30,2026-09-29,
NIFTY_SMALLCAP_250,AEGISVOPAK,AEGISVOPAK,2025-09-30,,
NIFTY_SMALLCAP_250,AGARWALEYE,AGARWALEYE,2025-09-30,2026-03-29,
NIFTY_SMALLCAP_250,AKZOINDIA,JSWDULUX,2025-09-30,2026-05-11,
NIFTY_SMALLCAP_250,ATHERENERG,ATHERENERG,2025-09-30,,
NIFTY_SMALLCAP_250,BANDHANBNK,BANDHANBNK,2025-09-30,,
NIFTY_SMALLCAP_250,BLUEJET,BLUEJET,2025-09-30,2026-09-29,
NIFTY_SMALLCAP_250,CHOICEIN,CHOICEIN,2025-09-30,,
NIFTY_SMALLCAP_250,EMAMILTD,EMAMILTD,2025-09-30,,
NIFTY_SMALLCAP_250,FORCEMOT,FORCEMOT,2025-09-30,,
NIFTY_SMALLCAP_250,GLAND,GLAND,2025-09-30,,
NIFTY_SMALLCAP_250,KSB,KSB,2025-09-30,2026-03-29,
NIFTY_SMALLCAP_250,MAHSCOOTER,MAHSCOOTER,2025-09-30,2026-03-29,
NIFTY_SMALLCAP_250,MRPL,MRPL,2025-09-30,,
NIFTY_SMALLCAP_250,MSUMI,MSUMI,2025-09-30,,
NIFTY_SMALLCAP_250,NUVOCO,NUVOCO,2025-09-30,,
NIFTY_SMALLCAP_250,OLAELEC,OLAELEC,2025-09-30,,
NIFTY_SMALLCAP_250,ONESOURCE,ONESOURCE,2025-09-30,,
NIFTY_SMALLCAP_250,STARHEALTH,STARHEALTH,2025-09-30,,
NIFTY_SMALLCAP_250,SUNTV,SUNTV,2025-09-30,,
NIFTY_SMALLCAP_250,THELEELA,THELEELA,2025-09-30,2026-09-29,
NIFTY_SMALLCAP_250,VENTIVE,VENTIVE,2025-09-30,2026-03-29,
NIFTY_SMALLCAP_250,JSWCEMENT,JSWCEMENT,2025-12-31,,
NIFTY_SMALLCAP_250,ABDL,ABDL,2026-03-30,,
NIFTY_SMALLCAP_250,ACUTAAS,ACUTAAS,2026-03-30,,
NIFTY_SMALLCAP_250,ANURAS,ANURAS,2026-03-30,,
NIFTY_SMALLCAP_250,BELRISE,BELRISE,2026-03-30,,
NIFTY_SMALLCAP_250,CANHLIFE,CANHLIFE,2026-03-30,,
NIFTY_SMALLCAP_250,CARTRADE,CARTRADE,2026-03-30,,
NIFTY_SMALLCAP_250,CEMPRO,CEMPRO,2026-03-30,,
NIFTY_SMALLCAP_250,CPPLUS,CPPLUS,2026-03-30,,
NIFTY_SMALLCAP_250,DEEPAKNTR,DEEPAKNTR,2026-03-30,,
NIFTY_SMALLCAP_250,EMMVEE,EMMVEE,2026-03-30,,
NIFTY_SMALLCAP_250,FACT,FACT,2026-03-30,2026-09-29,
NIFTY_SMALLCAP_250,GABRIEL,GABRIEL,2026-03-30,,
NIFTY_SMALLCAP_250,GALLANTT,GALLANTT,2026-03-30,,
NIFTY_SMALLCAP_250,IDBI,IDBI,2026-03-30,,
NIFTY_SMALLCAP_250,IGL,IGL,2026-03-30,,
NIFTY_SMALLCAP_250,IOB,IOB,2026-03-30,2026-09-29,
NIFTY_SMALLCAP_250,IRB,IRB,2026-03-30,,
NIFTY_SMALLCAP_250,JAINREC,JAINREC,2026-03-30,,
NIFTY_SMALLCAP_250,MEESHO,MEESHO,2026-03-30,2026-09-29,
NIFTY_SMALLCAP_250,PARADEEP,PARADEEP,2026-03-30,,
NIFTY_SMALLCAP_250,PINELABS,PINELABS,2026-03-30,,
NIFTY_SMALLCAP_250,PIRAMALFIN,PIRAMALFIN,2026-03-30,2026-09-29,INFERRED_MERGER_SUCCESSOR
NIFTY_SMALLCAP_250,PWL,PWL,2026-03-30,,
NIFTY_SMALLCAP_250,SONACOMS,SONACOMS,2026-03-30,,
NIFTY_SMALLCAP_250,SPLPETRO,SPLPETRO,2026-03-30,2026-09-29,
NIFTY_SMALLCAP_250,SYNGENE,SYNGENE,2026-03-30,,
NIFTY_SMALLCAP_250,TATATECH,TATATECH,2026-03-30,,
NIFTY_SMALLCAP_250,TEGA,TEGA,2026-03-30,,
NIFTY_SMALLCAP_250,TENNIND,TENNIND,2026-03-30,,
NIFTY_SMALLCAP_250,TRAVELFOOD,TRAVELFOOD,2026-03-30,2026-09-29,
NIFTY_SMALLCAP_250,UCOBANK,UCOBANK,2026-03-30,,
NIFTY_SMALLCAP_250,URBANCO,URBANCO,2026-03-30,,
NIFTY_SMALLCAP_250,ZYDUSWELL,ZYDUSWELL,2026-03-30,,
NIFTY_SMALLCAP_250,CIEINDIA,CIEINDIA,2026-05-12,,
NIFTY_SMALLCAP_250,JSWDULUX,JSWDULUX,2026-05-12,2026-09-29,
NIFTY_SMALLCAP_250,PFOCUS,PFOCUS,2026-07-17,,
NIFTY_SMALLCAP_250,ACC,ACC,2026-09-30,,
NIFTY_SMALLCAP_250,AETHER,AETHER,2026-09-30,,
NIFTY_SMALLCAP_250,APOLLOTYRE,APOLLOTYRE,2026-09-30,,
NIFTY_SMALLCAP_250,AVANTIFEED,AVANTIFEED,2026-09-30,,
NIFTY_SMALLCAP_250,AWL,AWL,2026-09-30,,
NIFTY_SMALLCAP_250,AZAD,AZAD,2026-09-30,,
NIFTY_SMALLCAP_250,BAGMANE,BAGMANE,2026-09-30,,
NIFTY_SMALLCAP_250,BBOX,BBOX,2026-09-30,,
NIFTY_SMALLCAP_250,BHARATCOAL,BHARATCOAL,2026-09-30,,
NIFTY_SMALLCAP_250,BIRET,BIRET,2026-09-30,,
NIFTY_SMALLCAP_250,CLEANMAX,CLEANMAX,2026-09-30,,
NIFTY_SMALLCAP_250,CMPDI,CMPDI,2026-09-30,,
NIFTY_SMALLCAP_250,CUPID,CUPID,2026-09-30,,
NIFTY_SMALLCAP_250,FRACTAL,FRACTAL,2026-09-30,,
NIFTY_SMALLCAP_250,HEGAM,HEGAM,2026-09-30,,
NIFTY_SMALLCAP_250,HONAUT,HONAUT,2026-09-30,,
NIFTY_SMALLCAP_250,INOXINDIA,INOXINDIA,2026-09-30,,
NIFTY_SMALLCAP_250,KIRLOSBROS,KIRLOSBROS,2026-09-30,,
NIFTY_SMALLCAP_250,KPITTECH,KPITTECH,2026-09-30,,
NIFTY_SMALLCAP_250,KSB,KSB,2026-09-30,,
NIFTY_SMALLCAP_250,MTARTECH,MTARTECH,2026-09-30,,
NIFTY_SMALLCAP_250,NIACL,NIACL,2026-09-30,,
NIFTY_SMALLCAP_250,PRIVISCL,PRIVISCL,2026-09-30,,
NIFTY_SMALLCAP_250,RUBICON,RUBICON,2026-09-30,,
NIFTY_SMALLCAP_250,SANSERA,SANSERA,2026-09-30,,
NIFTY_SMALLCAP_250,SHRIPISTON,SHRIPISTON,2026-09-30,,
NIFTY_SMALLCAP_250,SJVN,SJVN,2026-09-30,,
NIFTY_SMALLCAP_250,STLTECH,STLTECH,2026-09-30,,
NIFTY_SMALLCAP_250,TATAELXSI,TATAELXSI,2026-09-30,,
NIFTY_SMALLCAP_250,TDPOWERSYS,TDPOWERSYS,2026-09-30,,
NIFTY_SMALLCAP_250,THANGAMAYL,THANGAMAYL,2026-09-30,,
NIFTY_SMALLCAP_250,VEDPOWER,VEDPOWER,2026-09-30,,
NIFTY_SMALLCAP_250,VISL,VISL,2026-09-30,,
NIFTY_SMALLCAP_250,VOGL,VOGL,2026-09-30,,
NIFTY_TOTAL_MARKET,3MINDIA,3MINDIA,2021-10-29,2026-09-29,
NIFTY_TOTAL_MARKET,AARTIDRUGS,AARTIDRUGS,2021-10-29,2026-09-29,
NIFTY_TOTAL_MARKET,AARTIIND,AARTIIND,2021-10-29,2022-05-03,
NIFTY_TOTAL_MARKET,AAVAS,AAVAS,2021-10-29,,
NIFTY_TOTAL_MARKET,ABB,ABB,2021-10-29,,
NIFTY_TOTAL_MARKET,ABBOTINDIA,ABBOTINDIA,2021-10-29,,
NIFTY_TOTAL_MARKET,ABCAPITAL,ABCAPITAL,2021-10-29,,
NIFTY_TOTAL_MARKET,ABFRL,ABFRL,2021-10-29,,
NIFTY_TOTAL_MARKET,ACC,ACC,2021-10-29,,
NIFTY_TOTAL_MARKET,ACCELYA,ACCELYA,2021-10-29,2024-09-29,
NIFTY_TOTAL_MARKET,ACE,ACE,2021-10-29,,
NIFTY_TOTAL_MARKET,ADANIENT,ADANIENT,2021-10-29,,
NIFTY_TOTAL_MARKET,ADANIGREEN,ADANIGREEN,2021-10-29,,
NIFTY_TOTAL_MARKET,ADANIPORTS,ADANIPORTS,2021-10-29,,
NIFTY_TOTAL_MARKET,ADANITRANS,ADANIENSOL,2021-10-29,2023-09-28,
NIFTY_TOTAL_MARKET,ADFFOODS,ADFFOODS,2021-10-29,2022-09-29,
NIFTY_TOTAL_MARKET,ADVENZYMES,ADVENZYMES,2021-10-29,,
NIFTY_TOTAL_MARKET,AEGISCHEM,AEGISLOG,2021-10-29,2024-08-29,
NIFTY_TOTAL_MARKET,AFFLE,AFFLE,2021-10-29,,
NIFTY_TOTAL_MARKET,AIAENG,AIAENG,2021-10-29,,
NIFTY_TOTAL_MARKET,AJANTPHARM,AJANTPHARM,2021-10-29,,
NIFTY_TOTAL_MARKET,ALEMBICLTD,ALEMBICLTD,2021-10-29,2023-03-30,
NIFTY_TOTAL_MARKET,ALKEM,ALKEM,2021-10-29,,
NIFTY_TOTAL_MARKET,ALKYLAMINE,ALKYLAMINE,2021-10-29,,
NIFTY_TOTAL_MARKET,ALLCARGO,ALLCARGO,2021-10-29,2022-12-29,
NIFTY_TOTAL_MARKET,ALOKINDS,ALOKINDS,2021-10-29,2026-09-29,
NIFTY_TOTAL_MARKET,AMARAJABAT,ARE&M,2021-10-29,2024-01-18,
NIFTY_TOTAL_MARKET,AMBER,AMBER,2021-10-29,,
NIFTY_TOTAL_MARKET,AMBUJACEM,AMBUJACEM,2021-10-29,,
NIFTY_TOTAL_MARKET,AMRUTANJAN,AMRUTANJAN,2021-10-29,2023-03-30,
NIFTY_TOTAL_MARKET,ANANTRAJ,ANANTRAJ,2021-10-29,,
NIFTY_TOTAL_MARKET,ANDHRSUGAR,ANDHRSUGAR,2021-10-29,2023-09-28,
NIFTY_TOTAL_MARKET,ANGELBRKG,ANGELONE,2021-10-29,2022-03-30,
NIFTY_TOTAL_MARKET,ANURAS,ANURAS,2021-10-29,2025-03-27,
NIFTY_TOTAL_MARKET,APARINDS,APARINDS,2021-10-29,,
NIFTY_TOTAL_MARKET,APCOTEXIND,APCOTEXIND,2021-10-29,2024-03-27,
NIFTY_TOTAL_MARKET,APLAPOLLO,APLAPOLLO,2021-10-29,,
NIFTY_TOTAL_MARKET,APLLTD,APLLTD,2021-10-29,2026-09-29,
NIFTY_TOTAL_MARKET,APOLLOHOSP,APOLLOHOSP,2021-10-29,,
NIFTY_TOTAL_MARKET,APOLLOTYRE,APOLLOTYRE,2021-10-29,,
NIFTY_TOTAL_MARKET,ARVIND,ARVIND,2021-10-29,,
NIFTY_TOTAL_MARKET,ARVINDFASN,ARVINDFASN,2021-10-29,,
NIFTY_TOTAL_MARKET,ASAHIINDIA,ASAHIINDIA,2021-10-29,,
NIFTY_TOTAL_MARKET,ASHIANA,ASHIANA,2021-10-29,2022-09-29,
NIFTY_TOTAL_MARKET,ASHOKA,ASHOKA,2021-10-29,,
NIFTY_TOTAL_MARKET,ASHOKLEY,ASHOKLEY,2021-10-29,,
NIFTY_TOTAL_MARKET,ASIANPAINT,ASIANPAINT,2021-10-29,,
NIFTY_TOTAL_MARKET,ASTEC,ASTEC,2021-10-29,2024-03-27,
NIFTY_TOTAL_MARKET,ASTERDM,ASTERDM,2021-10-29,,
NIFTY_TOTAL_MARKET,ASTRAL,ASTRAL,2021-10-29,,
NIFTY_TOTAL_MARKET,ASTRAMICRO,ASTRAMICRO,2021-10-29,,
NIFTY_TOTAL_MARKET,ASTRAZEN,ASTRAZEN,2021-10-29,2026-03-29,
NIFTY_TOTAL_MARKET,ATFL,ATFL,2021-10-29,2022-03-30,
NIFTY_TOTAL_MARKET,ATGL,ATGL,2021-10-29,,
NIFTY_TOTAL_MARKET,ATUL,ATUL,2021-10-29,,
NIFTY_TOTAL_MARKET,AUBANK,AUBANK,2021-10-29,,
NIFTY_TOTAL_MARKET,AUROPHARMA,AUROPHARMA,2021-10-29,,
NIFTY_TOTAL_MARKET,AUTOAXLES,AUTOAXLES,2021-10-29,2024-03-27,
NIFTY_TOTAL_MARKET,AVANTIFEED,AVANTIFEED,2021-10-29,,
NIFTY_TOTAL_MARKET,AXISBANK,AXISBANK,2021-10-29,,
NIFTY_TOTAL_MARKET,BAJAJ-AUTO,BAJAJ-AUTO,2021-10-29,,
NIFTY_TOTAL_MARKET,BAJAJCON,BAJAJCON,2021-10-29,2025-03-27,
NIFTY_TOTAL_MARKET,BAJAJELEC,BAJAJELEC,2021-10-29,2023-04-27,
NIFTY_TOTAL_MARKET,BAJAJFINSV,BAJAJFINSV,2021-10-29,,
NIFTY_TOTAL_MARKET,BAJAJHIND,BAJAJHIND,2021-10-29,2025-09-29,
NIFTY_TOTAL_MARKET,BAJAJHLDNG,BAJAJHLDNG,2021-10-29,,
NIFTY_TOTAL_MARKET,BAJFINANCE,BAJFINANCE,2021-10-29,,
NIFTY_TOTAL_MARKET,BALAMINES,BALAMINES,2021-10-29,,
NIFTY_TOTAL_MARKET,BALKRISIND,BALKRISIND,2021-10-29,,
NIFTY_TOTAL_MARKET,BALMLAWRIE,BALMLAWRIE,2021-10-29,2025-03-27,
NIFTY_TOTAL_MARKET,BALRAMCHIN,BALRAMCHIN,2021-10-29,,
NIFTY_TOTAL_MARKET,BANCOINDIA,BANCOINDIA,2021-10-29,2022-03-30,
NIFTY_TOTAL_MARKET,BANDHANBNK,BANDHANBNK,2021-10-29,,
NIFTY_TOTAL_MARKET,BANKBARODA,BANKBARODA,2021-10-29,,
NIFTY_TOTAL_MARKET,BANKINDIA,BANKINDIA,2021-10-29,,
NIFTY_TOTAL_MARKET,BARBEQUE,BARBEQUE,2021-10-29,2024-09-29,
NIFTY_TOTAL_MARKET,BASF,BASF,2021-10-29,2023-09-28,
NIFTY_TOTAL_MARKET,BATAINDIA,BATAINDIA,2021-10-29,,
NIFTY_TOTAL_MARKET,BAYERCROP,BAYERCROP,2021-10-29,2026-09-29,
NIFTY_TOTAL_MARKET,BBTC,BBTC,2021-10-29,2026-09-29,
NIFTY_TOTAL_MARKET,BDL,BDL,2021-10-29,,
NIFTY_TOTAL_MARKET,BECTORFOOD,BECTORFOOD,2021-10-29,,
NIFTY_TOTAL_MARKET,BEL,BEL,2021-10-29,,
NIFTY_TOTAL_MARKET,BEML,BEML,2021-10-29,2022-04-11,
NIFTY_TOTAL_MARKET,BEPL,BEPL,2021-10-29,2025-09-29,
NIFTY_TOTAL_MARKET,BERGEPAINT,BERGEPAINT,2021-10-29,,
NIFTY_TOTAL_MARKET,BFINVEST,BFINVEST,2021-10-29,2022-03-30,
NIFTY_TOTAL_MARKET,BFUTILITIE,BFUTILITIE,2021-10-29,2023-09-28,
NIFTY_TOTAL_MARKET,BHARATFORG,BHARATFORG,2021-10-29,,
NIFTY_TOTAL_MARKET,BHARATRAS,BHARATRAS,2021-10-29,2023-03-30,
NIFTY_TOTAL_MARKET,BHARTIARTL,BHARTIARTL,2021-10-29,,
NIFTY_TOTAL_MARKET,BHEL,BHEL,2021-10-29,,
NIFTY_TOTAL_MARKET,BIOCON,BIOCON,2021-10-29,,
NIFTY_TOTAL_MARKET,BIRLACORPN,BIRLACORPN,2021-10-29,,
NIFTY_TOTAL_MARKET,BLISSGVS,BLISSGVS,2021-10-29,2022-03-30,
NIFTY_TOTAL_MARKET,BLS,BLS,2021-10-29,,
NIFTY_TOTAL_MARKET,BLUEDART,BLUEDART,2021-10-29,2026-09-29,
NIFTY_TOTAL_MARKET,BLUESTARCO,BLUESTARCO,2021-10-29,,
NIFTY_TOTAL_MARKET,BODALCHEM,BODALCHEM,2021-10-29,2022-03-30,
NIFTY_TOTAL_MARKET,BOMDYEING,BOMDYEING,2021-10-29,2025-09-29,
NIFTY_TOTAL_MARKET,BOROLTD,BOROLTD,2021-10-29,2023-03-30,
NIFTY_TOTAL_MARKET,BORORENEW,BORORENEW,2021-10-29,,
NIFTY_TOTAL_MARKET,BOSCHLTD,BOSCHLTD,2021-10-29,,
NIFTY_TOTAL_MARKET,BPCL,BPCL,2021-10-29,,
NIFTY_TOTAL_MARKET,BRIGADE,BRIGADE,2021-10-29,,
NIFTY_TOTAL_MARKET,BRITANNIA,BRITANNIA,2021-10-29,,
NIFTY_TOTAL_MARKET,BSE,BSE,2021-10-29,,
NIFTY_TOTAL_MARKET,BSOFT,BSOFT,2021-10-29,,
NIFTY_TOTAL_MARKET,BURGERKING,RBA,2021-10-29,2022-03-30,
NIFTY_TOTAL_MARKET,CADILAHC,ZYDUSLIFE,2021-10-29,2022-03-30,
NIFTY_TOTAL_MARKET,CAMLINFINE,CAMLINFINE,2021-10-29,2024-09-29,
NIFTY_TOTAL_MARKET,CAMS,CAMS,2021-10-29,,
NIFTY_TOTAL_MARKET,CANBK,CANBK,2021-10-29,,
NIFTY_TOTAL_MARKET,CANFINHOME,CANFINHOME,2021-10-29,,
NIFTY_TOTAL_MARKET,CAPACITE,CAPACITE,2021-10-29,2022-03-30,
NIFTY_TOTAL_MARKET,CAPLIPOINT,CAPLIPOINT,2021-10-29,,
NIFTY_TOTAL_MARKET,CARBORUNIV,CARBORUNIV,2021-10-29,,
NIFTY_TOTAL_MARKET,CARERATING,CARERATING,2021-10-29,2024-09-29,
NIFTY_TOTAL_MARKET,CASTROLIND,CASTROLIND,2021-10-29,,
NIFTY_TOTAL_MARKET,CCL,CCL,2021-10-29,,
NIFTY_TOTAL_MARKET,CDSL,CDSL,2021-10-29,,
NIFTY_TOTAL_MARKET,CEATLTD,CEATLTD,2021-10-29,,
NIFTY_TOTAL_MARKET,CENTRALBK,CENTRALBK,2021-10-29,,
NIFTY_TOTAL_MARKET,CENTRUM,CENTRUM,2021-10-29,2022-09-29,
NIFTY_TOTAL_MARKET,CENTURYPLY,CENTURYPLY,2021-10-29,2026-09-29,
NIFTY_TOTAL_MARKET,CENTURYTEX,ABREL,2021-10-29,2024-10-09,
NIFTY_TOTAL_MARKET,CERA,CERA,2021-10-29,,
NIFTY_TOTAL_MARKET,CESC,CESC,2021-10-29,,
NIFTY_TOTAL_MARKET,CGCL,CGCL,2021-10-29,,
NIFTY_TOTAL_MARKET,CGPOWER,CGPOWER,2021-10-29,,
NIFTY_TOTAL_MARKET,CHALET,CHALET,2021-10-29,,
NIFTY_TOTAL_MARKET,CHAMBLFERT,CHAMBLFERT,2021-10-29,,
NIFTY_TOTAL_MARKET,CHEMCON,CHEMCON,2021-10-29,2022-09-29,
NIFTY_TOTAL_MARKET,CHENNPETRO,CHENNPETRO,2021-10-29,,
NIFTY_TOTAL_MARKET,CHOLAFIN,CHOLAFIN,2021-10-29,,
NIFTY_TOTAL_MARKET,CHOLAHLDNG,CHOLAHLDNG,2021-10-29,,
NIFTY_TOTAL_MARKET,CIGNITITEC,CIGNITITEC,2021-10-29,2026-05-14,
NIFTY_TOTAL_MARKET,CIPLA,CIPLA,2021-10-29,,
NIFTY_TOTAL_MARKET,CLNINDIA,CLNINDIA,2021-10-29,2022-03-30,
NIFTY_TOTAL_MARKET,COALINDIA,COALINDIA,2021-10-29,,
NIFTY_TOTAL_MARKET,COCHINSHIP,COCHINSHIP,2021-10-29,,
NIFTY_TOTAL_MARKET,COFORGE,COFORGE,2021-10-29,,
NIFTY_TOTAL_MARKET,COLPAL,COLPAL,2021-10-29,,
NIFTY_TOTAL_MARKET,CONCOR,CONCOR,2021-10-29,,
NIFTY_TOTAL_MARKET,CONFIPET,CONFIPET,2021-10-29,2025-03-27,
NIFTY_TOTAL_MARKET,COROMANDEL,COROMANDEL,2021-10-29,,
NIFTY_TOTAL_MARKET,COSMOFILMS,COSMOFIRST,2021-10-29,2022-08-07,
NIFTY_TOTAL_MARKET,CRAFTSMAN,CRAFTSMAN,2021-10-29,,
NIFTY_TOTAL_MARKET,CREDITACC,CREDITACC,2021-10-29,,
NIFTY_TOTAL_MARKET,CRISIL,CRISIL,2021-10-29,,
NIFTY_TOTAL_MARKET,CROMPTON,CROMPTON,2021-10-29,,
NIFTY_TOTAL_MARKET,CSBBANK,CSBBANK,2021-10-29,,
NIFTY_TOTAL_MARKET,CUB,CUB,2021-10-29,,
NIFTY_TOTAL_MARKET,CUMMINSIND,CUMMINSIND,2021-10-29,,
NIFTY_TOTAL_MARKET,CYIENT,CYIENT,2021-10-29,,
NIFTY_TOTAL_MARKET,DABUR,DABUR,2021-10-29,,
NIFTY_TOTAL_MARKET,DALBHARAT,DALBHARAT,2021-10-29,,
NIFTY_TOTAL_MARKET,DALMIASUG,DALMIASUG,2021-10-29,2024-09-29,
NIFTY_TOTAL_MARKET,DBCORP,DBCORP,2021-10-29,2022-09-29,
NIFTY_TOTAL_MARKET,DBL,DBL,2021-10-29,,
NIFTY_TOTAL_MARKET,DCAL,DCAL,2021-10-29,2026-03-29,
NIFTY_TOTAL_MARKET,DCBBANK,DCBBANK,2021-10-29,,
NIFTY_TOTAL_MARKET,DCMSHRIRAM,DCMSHRIRAM,2021-10-29,2026-09-29,
NIFTY_TOTAL_MARKET,DEEPAKFERT,DEEPAKFERT,2021-10-29,,
NIFTY_TOTAL_MARKET,DEEPAKNTR,DEEPAKNTR,2021-10-29,,
NIFTY_TOTAL_MARKET,DELTACORP,DELTACORP,2021-10-29,2025-03-27,
NIFTY_TOTAL_MARKET,DEN,DEN,2021-10-29,2025-03-27,
NIFTY_TOTAL_MARKET,DFMFOODS,DFMFOODS,2021-10-29,2023-02-16,
NIFTY_TOTAL_MARKET,DHAMPURSUG,DHAMPURSUG,2021-10-29,2022-03-30,
NIFTY_TOTAL_MARKET,DHANI,DHANI,2021-10-29,2025-10-27,
NIFTY_TOTAL_MARKET,DHANUKA,DHANUKA,2021-10-29,2023-03-30,
NIFTY_TOTAL_MARKET,DIAMONDYD,DIAMONDYD,2021-10-29,2022-09-29,
NIFTY_TOTAL_MARKET,DISHTV,DISHTV,2021-10-29,2025-03-27,
NIFTY_TOTAL_MARKET,DIVISLAB,DIVISLAB,2021-10-29,,
NIFTY_TOTAL_MARKET,DIXON,DIXON,2021-10-29,,
NIFTY_TOTAL_MARKET,DLF,DLF,2021-10-29,,
NIFTY_TOTAL_MARKET,DMART,DMART,2021-10-29,,
NIFTY_TOTAL_MARKET,DOLATALGO,DOLATALGO,2021-10-29,2023-03-30,
NIFTY_TOTAL_MARKET,DOLLAR,DOLLAR,2021-10-29,2024-03-27,
NIFTY_TOTAL_MARKET,DREDGECORP,DREDGECORP,2021-10-29,2022-03-30,
NIFTY_TOTAL_MARKET,DRREDDY,DRREDDY,2021-10-29,,
NIFTY_TOTAL_MARKET,EASEMYTRIP,EASEMYTRIP,2021-10-29,2026-03-29,
NIFTY_TOTAL_MARKET,ECLERX,ECLERX,2021-10-29,,
NIFTY_TOTAL_MARKET,EDELWEISS,EDELWEISS,2021-10-29,2023-04-27,
NIFTY_TOTAL_MARKET,EICHERMOT,EICHERMOT,2021-10-29,,
NIFTY_TOTAL_MARKET,EIDPARRY,EIDPARRY,2021-10-29,,
NIFTY_TOTAL_MARKET,EIHOTEL,EIHOTEL,2021-10-29,,
NIFTY_TOTAL_MARKET,ELECTCAST,ELECTCAST,2021-10-29,,
NIFTY_TOTAL_MARKET,ELGIEQUIP,ELGIEQUIP,2021-10-29,,
NIFTY_TOTAL_MARKET,EMAMILTD,EMAMILTD,2021-10-29,,
NIFTY_TOTAL_MARKET,ENDURANCE,ENDURANCE,2021-10-29,,
NIFTY_TOTAL_MARKET,ENGINERSIN,ENGINERSIN,2021-10-29,,
NIFTY_TOTAL_MARKET,EPL,EPL,2021-10-29,,
NIFTY_TOTAL_MARKET,EQUITAS,EQUITAS,2021-10-29,2022-09-29,
NIFTY_TOTAL_MARKET,EQUITASBNK,EQUITASBNK,2021-10-29,,
NIFTY_TOTAL_MARKET,ERIS,ERIS,2021-10-29,2022-09-29,
NIFTY_TOTAL_MARKET,ESABINDIA,ESABINDIA,2021-10-29,2024-03-27,
NIFTY_TOTAL_MARKET,ESCORTS,ESCORTS,2021-10-29,,
NIFTY_TOTAL_MARKET,EVEREADY,EVEREADY,2021-10-29,2025-03-27,
NIFTY_TOTAL_MARKET,EXCELINDUS,EXCELINDUS,2021-10-29,2022-03-30,
NIFTY_TOTAL_MARKET,EXIDEIND,EXIDEIND,2021-10-29,,
NIFTY_TOTAL_MARKET,FACT,FACT,2021-10-29,,
NIFTY_TOTAL_MARKET,FCONSUMER,FCONSUMER,2021-10-29,2022-09-29,
NIFTY_TOTAL_MARKET,FDC,FDC,2021-10-29,2026-03-29,
NIFTY_TOTAL_MARKET,FEDERALBNK,FEDERALBNK,2021-10-29,,
NIFTY_TOTAL_MARKET,FILATEX,FILATEX,2021-10-29,2023-09-28,
NIFTY_TOTAL_MARKET,FINCABLES,FINCABLES,2021-10-29,,
NIFTY_TOTAL_MARKET,FINEORG,FINEORG,2021-10-29,2026-03-29,
NIFTY_TOTAL_MARKET,FINPIPE,FINPIPE,2021-10-29,,
NIFTY_TOTAL_MARKET,FLUOROCHEM,FLUOROCHEM,2021-10-29,,
NIFTY_TOTAL_MARKET,FMGOETZE,FMGOETZE,2021-10-29,2022-03-30,
NIFTY_TOTAL_MARKET,FORCEMOT,FORCEMOT,2021-10-29,2023-10-25,
NIFTY_TOTAL_MARKET,FORTIS,FORTIS,2021-10-29,,
NIFTY_TOTAL_MARKET,FRETAIL,FRETAIL,2021-10-29,2022-10-24,
NIFTY_TOTAL_MARKET,FSL,FSL,2021-10-29,,
NIFTY_TOTAL_MARKET,GABRIEL,GABRIEL,2021-10-29,,
NIFTY_TOTAL_MARKET,GAEL,GAEL,2021-10-29,,
NIFTY_TOTAL_MARKET,GAIL,GAIL,2021-10-29,,
NIFTY_TOTAL_MARKET,GALAXYSURF,GALAXYSURF,2021-10-29,2024-09-29,
NIFTY_TOTAL_MARKET,GARFIBRES,GARFIBRES,2021-10-29,2024-03-27,
NIFTY_TOTAL_MARKET,GATI,ACLGATI,2021-10-29,2024-01-18,
NIFTY_TOTAL_MARKET,GENUSPOWER,GENUSPOWER,2021-10-29,2022-04-11,
NIFTY_TOTAL_MARKET,GEOJITFSL,GEOJITFSL,2021-10-29,2023-03-30,
NIFTY_TOTAL_MARKET,GEPIL,GVPIL,2021-10-29,2022-09-29,
NIFTY_TOTAL_MARKET,GESHIP,GESHIP,2021-10-29,,
NIFTY_TOTAL_MARKET,GET&D,GVT&D,2021-10-29,2022-09-29,
NIFTY_TOTAL_MARKET,GICRE,GICRE,2021-10-29,,
NIFTY_TOTAL_MARKET,GILLETTE,GILLETTE,2021-10-29,2022-03-30,
NIFTY_TOTAL_MARKET,GIPCL,GIPCL,2021-10-29,2022-03-30,
NIFTY_TOTAL_MARKET,GLAND,GLAND,2021-10-29,,
NIFTY_TOTAL_MARKET,GLAXO,GLAXO,2021-10-29,,
NIFTY_TOTAL_MARKET,GLENMARK,GLENMARK,2021-10-29,,
NIFTY_TOTAL_MARKET,GMBREW,GMBREW,2021-10-29,2022-03-30,
NIFTY_TOTAL_MARKET,GMDCLTD,GMDCLTD,2021-10-29,,
NIFTY_TOTAL_MARKET,GMMPFAUDLR,GMMPFAUDLR,2021-10-29,2026-09-29,
NIFTY_TOTAL_MARKET,GNFC,GNFC,2021-10-29,,
NIFTY_TOTAL_MARKET,GODFRYPHLP,GODFRYPHLP,2021-10-29,,
NIFTY_TOTAL_MARKET,GODREJAGRO,GODREJAGRO,2021-10-29,,
NIFTY_TOTAL_MARKET,GODREJCP,GODREJCP,2021-10-29,,
NIFTY_TOTAL_MARKET,GODREJIND,GODREJIND,2021-10-29,,
NIFTY_TOTAL_MARKET,GODREJPROP,GODREJPROP,2021-10-29,,
NIFTY_TOTAL_MARKET,GOODYEAR,GOODYEAR,2021-10-29,2023-10-25,
NIFTY_TOTAL_MARKET,GPIL,GPIL,2021-10-29,,
NIFTY_TOTAL_MARKET,GPPL,GPPL,2021-10-29,,
NIFTY_TOTAL_MARKET,GRANULES,GRANULES,2021-10-29,,
NIFTY_TOTAL_MARKET,GRAPHITE,GRAPHITE,2021-10-29,,
NIFTY_TOTAL_MARKET,GRASIM,GRASIM,2021-10-29,,
NIFTY_TOTAL_MARKET,GREAVESCOT,GREAVESCOT,2021-10-29,,
NIFTY_TOTAL_MARKET,GREENPANEL,GREENPANEL,2021-10-29,2026-03-29,
NIFTY_TOTAL_MARKET,GREENPLY,GREENPLY,2021-10-29,2025-09-29,
NIFTY_TOTAL_MARKET,GRINDWELL,GRINDWELL,2021-10-29,2025-03-27,
NIFTY_TOTAL_MARKET,GRSE,GRSE,2021-10-29,,
NIFTY_TOTAL_MARKET,GSFC,GSFC,2021-10-29,,
NIFTY_TOTAL_MARKET,GSPL,GSPL,2021-10-29,2026-05-11,
NIFTY_TOTAL_MARKET,GTPL,GTPL,2021-10-29,2022-09-29,
NIFTY_TOTAL_MARKET,GUJALKALI,GUJALKALI,2021-10-29,2025-03-27,
NIFTY_TOTAL_MARKET,GUJGASLTD,GUJENERGY,2021-10-29,2026-03-29,
NIFTY_TOTAL_MARKET,GULFOILLUB,GULFOILLUB,2021-10-29,2023-03-30,
NIFTY_TOTAL_MARKET,HAL,HAL,2021-10-29,,
NIFTY_TOTAL_MARKET,HAPPSTMNDS,HAPPSTMNDS,2021-10-29,,
NIFTY_TOTAL_MARKET,HATHWAY,HATHWAY,2021-10-29,2025-09-29,
NIFTY_TOTAL_MARKET,HATSUN,HATSUN,2021-10-29,2023-03-30,
NIFTY_TOTAL_MARKET,HAVELLS,HAVELLS,2021-10-29,,
NIFTY_TOTAL_MARKET,HBLPOWER,HBLENGINE,2021-10-29,2025-03-09,
NIFTY_TOTAL_MARKET,HCC,HCC,2021-10-29,,
NIFTY_TOTAL_MARKET,HCG,HCG,2021-10-29,2024-03-27,
NIFTY_TOTAL_MARKET,HCLTECH,HCLTECH,2021-10-29,,
NIFTY_TOTAL_MARKET,HDFC,HDFC,2021-10-29,2023-07-12,
NIFTY_TOTAL_MARKET,HDFCAMC,HDFCAMC,2021-10-29,,
NIFTY_TOTAL_MARKET,HDFCBANK,HDFCBANK,2021-10-29,,
NIFTY_TOTAL_MARKET,HDFCLIFE,HDFCLIFE,2021-10-29,,
NIFTY_TOTAL_MARKET,HEG,HEGAM,2021-10-29,2026-09-29,
NIFTY_TOTAL_MARKET,HEIDELBERG,HEIDELBERG,2021-10-29,2025-09-29,
NIFTY_TOTAL_MARKET,HEMIPROP,HEMIPROP,2021-10-29,2026-09-29,
NIFTY_TOTAL_MARKET,HERANBA,HERANBA,2021-10-29,2023-09-28,
NIFTY_TOTAL_MARKET,HERITGFOOD,HERITGFOOD,2021-10-29,,
NIFTY_TOTAL_MARKET,HEROMOTOCO,HEROMOTOCO,2021-10-29,,
NIFTY_TOTAL_MARKET,HESTERBIO,HESTERBIO,2021-10-29,2022-09-29,
NIFTY_TOTAL_MARKET,HFCL,HFCL,2021-10-29,,
NIFTY_TOTAL_MARKET,HGINFRA,HGINFRA,2021-10-29,,
NIFTY_TOTAL_MARKET,HGS,HGS,2021-10-29,2024-03-27,
NIFTY_TOTAL_MARKET,HIKAL,HIKAL,2021-10-29,2026-03-29,
NIFTY_TOTAL_MARKET,HIL,HIL,2021-10-29,2024-03-27,
NIFTY_TOTAL_MARKET,HIMATSEIDE,HIMATSEIDE,2021-10-29,2023-03-30,
NIFTY_TOTAL_MARKET,HINDALCO,HINDALCO,2021-10-29,,
NIFTY_TOTAL_MARKET,HINDCOPPER,HINDCOPPER,2021-10-29,,
NIFTY_TOTAL_MARKET,HINDOILEXP,HINDOILEXP,2021-10-29,2025-03-27,
NIFTY_TOTAL_MARKET,HINDPETRO,HINDPETRO,2021-10-29,,
NIFTY_TOTAL_MARKET,HINDUNILVR,HINDUNILVR,2021-10-29,,
NIFTY_TOTAL_MARKET,HINDWAREAP,HINDWAREAP,2021-10-29,2025-03-27,
NIFTY_TOTAL_MARKET,HINDZINC,HINDZINC,2021-10-29,,
NIFTY_TOTAL_MARKET,HLEGLAS,HLEGLAS,2021-10-29,2024-09-29,
NIFTY_TOTAL_MARKET,HNDFDS,HNDFDS,2021-10-29,2022-03-30,
NIFTY_TOTAL_MARKET,HOMEFIRST,HOMEFIRST,2021-10-29,,
NIFTY_TOTAL_MARKET,HONAUT,HONAUT,2021-10-29,,
NIFTY_TOTAL_MARKET,HSCL,HSCL,2021-10-29,,
NIFTY_TOTAL_MARKET,HSIL,AGI,2021-10-29,2022-05-30,
NIFTY_TOTAL_MARKET,HUDCO,HUDCO,2021-10-29,,
NIFTY_TOTAL_MARKET,HUHTAMAKI,HUHTAMAKI,2021-10-29,2022-03-30,
NIFTY_TOTAL_MARKET,IBREALEST,EMBDL,2021-10-29,2024-08-29,
NIFTY_TOTAL_MARKET,IBULHSGFIN,SAMMAANCAP,2021-10-29,2024-08-29,
NIFTY_TOTAL_MARKET,ICICIBANK,ICICIBANK,2021-10-29,,
NIFTY_TOTAL_MARKET,ICICIGI,ICICIGI,2021-10-29,,
NIFTY_TOTAL_MARKET,ICICIPRULI,ICICIPRULI,2021-10-29,,
NIFTY_TOTAL_MARKET,ICIL,ICIL,2021-10-29,,
NIFTY_TOTAL_MARKET,ICRA,ICRA,2021-10-29,2022-03-30,
NIFTY_TOTAL_MARKET,IDBI,IDBI,2021-10-29,,
NIFTY_TOTAL_MARKET,IDEA,IDEA,2021-10-29,,
NIFTY_TOTAL_MARKET,IDFC,IDFC,2021-10-29,2024-10-09,
NIFTY_TOTAL_MARKET,IDFCFIRSTB,IDFCFIRSTB,2021-10-29,,
NIFTY_TOTAL_MARKET,IEX,IEX,2021-10-29,,
NIFTY_TOTAL_MARKET,IFBIND,IFBIND,2021-10-29,,
NIFTY_TOTAL_MARKET,IFCI,IFCI,2021-10-29,,
NIFTY_TOTAL_MARKET,IGARASHI,IGARASHI,2021-10-29,2022-09-29,
NIFTY_TOTAL_MARKET,IGL,IGL,2021-10-29,,
NIFTY_TOTAL_MARKET,IGPL,IGPL,2021-10-29,2023-03-30,
NIFTY_TOTAL_MARKET,IIFL,IIFL,2021-10-29,,
NIFTY_TOTAL_MARKET,IIFLSEC,IIFLCAPS,2021-10-29,2023-03-30,
NIFTY_TOTAL_MARKET,IIFLWAM,360ONE,2021-10-29,2023-02-16,
NIFTY_TOTAL_MARKET,IMFA,IMFA,2021-10-29,,
NIFTY_TOTAL_MARKET,INDHOTEL,INDHOTEL,2021-10-29,,
NIFTY_TOTAL_MARKET,INDIACEM,INDIACEM,2021-10-29,,
NIFTY_TOTAL_MARKET,INDIAGLYCO,INDIAGLYCO,2021-10-29,,
NIFTY_TOTAL_MARKET,INDIAMART,INDIAMART,2021-10-29,,
NIFTY_TOTAL_MARKET,INDIANB,INDIANB,2021-10-29,,
NIFTY_TOTAL_MARKET,INDIANHUME,INDIANHUME,2021-10-29,2022-03-30,
NIFTY_TOTAL_MARKET,INDIGO,INDIGO,2021-10-29,,
NIFTY_TOTAL_MARKET,INDIGOPNTS,INDIGOPNTS,2021-10-29,,
NIFTY_TOTAL_MARKET,INDOCO,INDOCO,2021-10-29,2024-09-29,
NIFTY_TOTAL_MARKET,INDOSTAR,INDOSTAR,2021-10-29,2023-03-30,
NIFTY_TOTAL_MARKET,INDUSINDBK,INDUSINDBK,2021-10-29,,
NIFTY_TOTAL_MARKET,INDUSTOWER,INDUSTOWER,2021-10-29,,
NIFTY_TOTAL_MARKET,INFIBEAM,CCAVENUE,2021-10-29,2026-03-29,
NIFTY_TOTAL_MARKET,INFY,INFY,2021-10-29,,
NIFTY_TOTAL_MARKET,INGERRAND,INGERRAND,2021-10-29,2026-03-29,
NIFTY_TOTAL_MARKET,INOXLEISUR,INOXLEISUR,2021-10-29,2023-02-16,
NIFTY_TOTAL_MARKET,INOXWIND,INOXWIND,2021-10-29,,
NIFTY_TOTAL_MARKET,INSECTICID,INSECTICID,2021-10-29,2022-03-30,
NIFTY_TOTAL_MARKET,INTELLECT,INTELLECT,2021-10-29,,
NIFTY_TOTAL_MARKET,IOB,IOB,2021-10-29,,
NIFTY_TOTAL_MARKET,IOC,IOC,2021-10-29,,
NIFTY_TOTAL_MARKET,IOLCP,IOLCP,2021-10-29,2024-09-29,
NIFTY_TOTAL_MARKET,IPCALAB,IPCALAB,2021-10-29,,
NIFTY_TOTAL_MARKET,IRB,IRB,2021-10-29,,
NIFTY_TOTAL_MARKET,IRCON,IRCON,2021-10-29,,
NIFTY_TOTAL_MARKET,IRCTC,IRCTC,2021-10-29,,
NIFTY_TOTAL_MARKET,IRFC,IRFC,2021-10-29,,
NIFTY_TOTAL_MARKET,ISEC,ISEC,2021-10-29,2025-03-20,
NIFTY_TOTAL_MARKET,ISGEC,ISGEC,2021-10-29,2026-03-29,
NIFTY_TOTAL_MARKET,ITC,ITC,2021-10-29,,
NIFTY_TOTAL_MARKET,ITDC,ITDC,2021-10-29,2022-03-30,
NIFTY_TOTAL_MARKET,ITDCEM,CEMPRO,2021-10-29,2022-03-30,
NIFTY_TOTAL_MARKET,ITI,ITI,2021-10-29,,
NIFTY_TOTAL_MARKET,J&KBANK,J&KBANK,2021-10-29,,
NIFTY_TOTAL_MARKET,JAGRAN,JAGRAN,2021-10-29,2022-03-30,
NIFTY_TOTAL_MARKET,JAICORPLTD,JAICORPLTD,2021-10-29,2025-09-29,
NIFTY_TOTAL_MARKET,JAMNAAUTO,JAMNAAUTO,2021-10-29,,
NIFTY_TOTAL_MARKET,JBCHEPHARM,JBCHEPHARM,2021-10-29,2026-07-16,
NIFTY_TOTAL_MARKET,JBMA,JBMA,2021-10-29,,
NIFTY_TOTAL_MARKET,JCHAC,BOSCH-HCIL,2021-10-29,2023-03-30,
NIFTY_TOTAL_MARKET,JINDALPOLY,JINDALPOLY,2021-10-29,2024-03-27,
NIFTY_TOTAL_MARKET,JINDALSAW,JINDALSAW,2021-10-29,,
NIFTY_TOTAL_MARKET,JINDALSTEL,JINDALSTEL,2021-10-29,,
NIFTY_TOTAL_MARKET,JINDWORLD,JINDWORLD,2021-10-29,2023-09-28,
NIFTY_TOTAL_MARKET,JKCEMENT,JKCEMENT,2021-10-29,,
NIFTY_TOTAL_MARKET,JKIL,JKIL,2021-10-29,2022-03-30,
NIFTY_TOTAL_MARKET,JKLAKSHMI,JKLAKSHMI,2021-10-29,2026-09-29,
NIFTY_TOTAL_MARKET,JKPAPER,JKPAPER,2021-10-29,,
NIFTY_TOTAL_MARKET,JKTYRE,JKTYRE,2021-10-29,,
NIFTY_TOTAL_MARKET,JMCPROJECT,JMCPROJECT,2021-10-29,2022-09-29,
NIFTY_TOTAL_MARKET,JMFINANCIL,JMFINANCIL,2021-10-29,,
NIFTY_TOTAL_MARKET,JPASSOCIAT,JPASSOCIAT,2021-10-29,2024-09-29,
NIFTY_TOTAL_MARKET,JPPOWER,JPPOWER,2021-10-29,,
NIFTY_TOTAL_MARKET,JSL,JSL,2021-10-29,,
NIFTY_TOTAL_MARKET,JSLHISAR,JSLHISAR,2021-10-29,2022-05-30,
NIFTY_TOTAL_MARKET,JSWENERGY,JSWENERGY,2021-10-29,,
NIFTY_TOTAL_MARKET,JSWISPL,JSWISPL,2021-10-29,2023-03-30,
NIFTY_TOTAL_MARKET,JSWSTEEL,JSWSTEEL,2021-10-29,,
NIFTY_TOTAL_MARKET,JTEKTINDIA,JTEKTINDIA,2021-10-29,2022-09-29,
NIFTY_TOTAL_MARKET,JUBLFOOD,JUBLFOOD,2021-10-29,,
NIFTY_TOTAL_MARKET,JUBLINGREA,JUBLINGREA,2021-10-29,,
NIFTY_TOTAL_MARKET,JUBLPHARMA,JUBLPHARMA,2021-10-29,,
NIFTY_TOTAL_MARKET,JUSTDIAL,JUSTDIAL,2021-10-29,,
NIFTY_TOTAL_MARKET,JYOTHYLAB,JYOTHYLAB,2021-10-29,,
NIFTY_TOTAL_MARKET,KAJARIACER,KAJARIACER,2021-10-29,,
NIFTY_TOTAL_MARKET,KALYANKJIL,KALYANKJIL,2021-10-29,,
NIFTY_TOTAL_MARKET,KANSAINER,KANSAINER,2021-10-29,2025-09-29,
NIFTY_TOTAL_MARKET,KARURVYSYA,KARURVYSYA,2021-10-29,,
NIFTY_TOTAL_MARKET,KCP,KCP,2021-10-29,2023-09-28,
NIFTY_TOTAL_MARKET,KEC,KEC,2021-10-29,,
NIFTY_TOTAL_MARKET,KEI,KEI,2021-10-29,,
NIFTY_TOTAL_MARKET,KIRIINDUS,KIRIINDUS,2021-10-29,2024-03-27,
NIFTY_TOTAL_MARKET,KIRLFER,KIRLFER,2021-10-29,2023-10-25,
NIFTY_TOTAL_MARKET,KIRLOSBROS,KIRLOSBROS,2021-10-29,2022-03-30,
NIFTY_TOTAL_MARKET,KIRLOSENG,KIRLOSENG,2021-10-29,,
NIFTY_TOTAL_MARKET,KNRCON,KNRCON,2021-10-29,,
NIFTY_TOTAL_MARKET,KOLTEPATIL,KOLTEPATIL,2021-10-29,2025-03-27,
NIFTY_TOTAL_MARKET,KOTAKBANK,KOTAKBANK,2021-10-29,,
NIFTY_TOTAL_MARKET,KPIL,KPIL,2021-10-29,,
NIFTY_TOTAL_MARKET,KPITTECH,KPITTECH,2021-10-29,,
NIFTY_TOTAL_MARKET,KPRMILL,KPRMILL,2021-10-29,,
NIFTY_TOTAL_MARKET,KRBL,KRBL,2021-10-29,,
NIFTY_TOTAL_MARKET,KSB,KSB,2021-10-29,,
NIFTY_TOTAL_MARKET,KSCL,KSCL,2021-10-29,,
NIFTY_TOTAL_MARKET,KSL,KSL,2021-10-29,2022-09-29,
NIFTY_TOTAL_MARKET,KTKBANK,KTKBANK,2021-10-29,,
NIFTY_TOTAL_MARKET,L&TFH,LTF,2021-10-29,2024-04-25,
NIFTY_TOTAL_MARKET,LALPATHLAB,LALPATHLAB,2021-10-29,,
NIFTY_TOTAL_MARKET,LAOPALA,LAOPALA,2021-10-29,2024-09-29,
NIFTY_TOTAL_MARKET,LAURUSLABS,LAURUSLABS,2021-10-29,,
NIFTY_TOTAL_MARKET,LAXMIMACH,LMW,2021-10-29,2024-03-27,
NIFTY_TOTAL_MARKET,LEMONTREE,LEMONTREE,2021-10-29,,
NIFTY_TOTAL_MARKET,LGBBROSLTD,LGBBROSLTD,2021-10-29,2024-09-29,
NIFTY_TOTAL_MARKET,LICHSGFIN,LICHSGFIN,2021-10-29,,
NIFTY_TOTAL_MARKET,LINDEINDIA,LINDEINDIA,2021-10-29,,
NIFTY_TOTAL_MARKET,LODHA,LODHA,2021-10-29,,
NIFTY_TOTAL_MARKET,LT,LT,2021-10-29,,
NIFTY_TOTAL_MARKET,LTFOODS,LTFOODS,2021-10-29,,
NIFTY_TOTAL_MARKET,LTI,LTM,2021-10-29,2022-12-29,
NIFTY_TOTAL_MARKET,LTTS,LTTS,2021-10-29,,
NIFTY_TOTAL_MARKET,LUMAXTECH,LUMAXTECH,2021-10-29,2022-03-30,
NIFTY_TOTAL_MARKET,LUPIN,LUPIN,2021-10-29,,
NIFTY_TOTAL_MARKET,LUXIND,LUXIND,2021-10-29,2026-03-29,
NIFTY_TOTAL_MARKET,LXCHEM,LXCHEM,2021-10-29,,
NIFTY_TOTAL_MARKET,M&M,M&M,2021-10-29,,
NIFTY_TOTAL_MARKET,M&MFIN,M&MFIN,2021-10-29,,
NIFTY_TOTAL_MARKET,MAHABANK,MAHABANK,2021-10-29,,
NIFTY_TOTAL_MARKET,MAHINDCIE,CIEINDIA,2021-10-29,2023-07-12,
NIFTY_TOTAL_MARKET,MAHLIFE,MAHLIFE,2021-10-29,2026-03-29,
NIFTY_TOTAL_MARKET,MAHLOG,MAHLOG,2021-10-29,2025-03-27,
NIFTY_TOTAL_MARKET,MAHSCOOTER,MAHSCOOTER,2021-10-29,2023-09-28,
NIFTY_TOTAL_MARKET,MAHSEAMLES,MAHSEAMLES,2021-10-29,2026-09-29,
NIFTY_TOTAL_MARKET,MAITHANALL,MAITHANALL,2021-10-29,2025-03-27,
NIFTY_TOTAL_MARKET,MANAPPURAM,MANAPPURAM,2021-10-29,,
NIFTY_TOTAL_MARKET,MANINFRA,MANINFRA,2021-10-29,2026-03-29,
NIFTY_TOTAL_MARKET,MARICO,MARICO,2021-10-29,,
NIFTY_TOTAL_MARKET,MARKSANS,MARKSANS,2021-10-29,,
NIFTY_TOTAL_MARKET,MARUTI,MARUTI,2021-10-29,,
NIFTY_TOTAL_MARKET,MASFIN,MASFIN,2021-10-29,2024-09-29,
NIFTY_TOTAL_MARKET,MASTEK,MASTEK,2021-10-29,,
NIFTY_TOTAL_MARKET,MATRIMONY,MATRIMONY,2021-10-29,2023-03-30,
NIFTY_TOTAL_MARKET,MAXHEALTH,MAXHEALTH,2021-10-29,,
NIFTY_TOTAL_MARKET,MAYURUNIQ,MAYURUNIQ,2021-10-29,2024-03-27,
NIFTY_TOTAL_MARKET,MAZDOCK,MAZDOCK,2021-10-29,,
NIFTY_TOTAL_MARKET,MCDOWELL-N,UNITDSPR,2021-10-29,2024-08-29,
NIFTY_TOTAL_MARKET,MCX,MCX,2021-10-29,,
NIFTY_TOTAL_MARKET,METROPOLIS,METROPOLIS,2021-10-29,,
NIFTY_TOTAL_MARKET,MFSL,MFSL,2021-10-29,,
NIFTY_TOTAL_MARKET,MGL,MGL,2021-10-29,,
NIFTY_TOTAL_MARKET,MHRIL,MHRIL,2021-10-29,2025-03-27,
NIFTY_TOTAL_MARKET,MIDHANI,MIDHANI,2021-10-29,,
NIFTY_TOTAL_MARKET,MINDACORP,MINDACORP,2021-10-29,,
NIFTY_TOTAL_MARKET,MINDAIND,UNOMINDA,2021-10-29,2022-08-07,
NIFTY_TOTAL_MARKET,MINDTREE,MINDTREE,2021-10-29,2022-09-29,
NIFTY_TOTAL_MARKET,MMTC,MMTC,2021-10-29,,
NIFTY_TOTAL_MARKET,MOIL,MOIL,2021-10-29,,
NIFTY_TOTAL_MARKET,MOLDTKPAC,MOLDTKPAC,2021-10-29,2024-03-27,
NIFTY_TOTAL_MARKET,MOREPENLAB,MOREPENLAB,2021-10-29,2023-09-28,
NIFTY_TOTAL_MARKET,MOTILALOFS,MOTILALOFS,2021-10-29,,
NIFTY_TOTAL_MARKET,MPHASIS,MPHASIS,2021-10-29,,
NIFTY_TOTAL_MARKET,MRF,MRF,2021-10-29,,
NIFTY_TOTAL_MARKET,MRPL,MRPL,2021-10-29,,
NIFTY_TOTAL_MARKET,MSTCLTD,MSTCLTD,2021-10-29,,
NIFTY_TOTAL_MARKET,MTARTECH,MTARTECH,2021-10-29,,
NIFTY_TOTAL_MARKET,MTNL,MTNL,2021-10-29,2022-03-30,
NIFTY_TOTAL_MARKET,MUTHOOTFIN,MUTHOOTFIN,2021-10-29,,
NIFTY_TOTAL_MARKET,NAM-INDIA,NAM-INDIA,2021-10-29,,
NIFTY_TOTAL_MARKET,NATCOPHARM,NATCOPHARM,2021-10-29,,
NIFTY_TOTAL_MARKET,NATIONALUM,NATIONALUM,2021-10-29,,
NIFTY_TOTAL_MARKET,NAUKRI,NAUKRI,2021-10-29,,
NIFTY_TOTAL_MARKET,NAVINFLUOR,NAVINFLUOR,2021-10-29,,
NIFTY_TOTAL_MARKET,NAVNETEDUL,NAVNETEDUL,2021-10-29,2024-09-29,
NIFTY_TOTAL_MARKET,NAZARA,NAZARA,2021-10-29,,
NIFTY_TOTAL_MARKET,NBCC,NBCC,2021-10-29,,
NIFTY_TOTAL_MARKET,NBVENTURES,NAVA,2021-10-29,2022-08-07,
NIFTY_TOTAL_MARKET,NCC,NCC,2021-10-29,,
NIFTY_TOTAL_MARKET,NEOGEN,NEOGEN,2021-10-29,2024-03-27,
NIFTY_TOTAL_MARKET,NESCO,NESCO,2021-10-29,2026-09-29,
NIFTY_TOTAL_MARKET,NESTLEIND,NESTLEIND,2021-10-29,,
NIFTY_TOTAL_MARKET,NETWORK18,NETWORK18,2021-10-29,,
NIFTY_TOTAL_MARKET,NEULANDLAB,NEULANDLAB,2021-10-29,,
NIFTY_TOTAL_MARKET,NEWGEN,NEWGEN,2021-10-29,,
NIFTY_TOTAL_MARKET,NFL,NFL,2021-10-29,,
NIFTY_TOTAL_MARKET,NH,NH,2021-10-29,,
NIFTY_TOTAL_MARKET,NHPC,NHPC,2021-10-29,,
NIFTY_TOTAL_MARKET,NIACL,NIACL,2021-10-29,,
NIFTY_TOTAL_MARKET,NIITLTD,NIITLTD,2021-10-29,2022-12-29,
NIFTY_TOTAL_MARKET,NILKAMAL,NILKAMAL,2021-10-29,2022-09-29,
NIFTY_TOTAL_MARKET,NLCINDIA,NLCINDIA,2021-10-29,,
NIFTY_TOTAL_MARKET,NMDC,NMDC,2021-10-29,2022-08-07,
NIFTY_TOTAL_MARKET,NOCIL,NOCIL,2021-10-29,2025-09-29,
NIFTY_TOTAL_MARKET,NOVARTIND,NOVARTIND,2021-10-29,2022-03-30,
NIFTY_TOTAL_MARKET,NRBBEARING,NRBBEARING,2021-10-29,2025-03-27,
NIFTY_TOTAL_MARKET,NTPC,NTPC,2021-10-29,,
NIFTY_TOTAL_MARKET,NUCLEUS,NUCLEUS,2021-10-29,2022-09-29,
NIFTY_TOTAL_MARKET,OAL,OAL,2021-10-29,2022-03-30,
NIFTY_TOTAL_MARKET,OBEROIRLTY,OBEROIRLTY,2021-10-29,,
NIFTY_TOTAL_MARKET,OCCL,OCCL,2021-10-29,2022-03-30,
NIFTY_TOTAL_MARKET,OFSS,OFSS,2021-10-29,,
NIFTY_TOTAL_MARKET,OIL,OIL,2021-10-29,,
NIFTY_TOTAL_MARKET,OLECTRA,OLECTRA,2021-10-29,,
NIFTY_TOTAL_MARKET,ONGC,ONGC,2021-10-29,,
NIFTY_TOTAL_MARKET,ORIENTCEM,ORIENTCEM,2021-10-29,2026-09-29,
NIFTY_TOTAL_MARKET,ORIENTELEC,ORIENTELEC,2021-10-29,2025-03-27,
NIFTY_TOTAL_MARKET,ORISSAMINE,ORISSAMINE,2021-10-29,2023-03-30,
NIFTY_TOTAL_MARKET,PAGEIND,PAGEIND,2021-10-29,,
NIFTY_TOTAL_MARKET,PAISALO,PAISALO,2021-10-29,2025-09-29,
NIFTY_TOTAL_MARKET,PANACEABIO,PANACEABIO,2021-10-29,2022-09-29,
NIFTY_TOTAL_MARKET,PARAGMILK,PARAGMILK,2021-10-29,2022-03-30,
NIFTY_TOTAL_MARKET,PCJEWELLER,PCJEWELLER,2021-10-29,2022-03-30,
NIFTY_TOTAL_MARKET,PEL,PIRAMALFIN,2021-10-29,2022-08-07,ALIAS_INFERRED_MERGER_SUCCESSOR;INFERRED_MERGER_SUCCESSOR
NIFTY_TOTAL_MARKET,PERSISTENT,PERSISTENT,2021-10-29,,
NIFTY_TOTAL_MARKET,PETRONET,PETRONET,2021-10-29,,
NIFTY_TOTAL_MARKET,PFC,PFC,2021-10-29,,
NIFTY_TOTAL_MARKET,PFIZER,PFIZER,2021-10-29,2024-03-27,
NIFTY_TOTAL_MARKET,PFS,PFS,2021-10-29,2022-03-30,
NIFTY_TOTAL_MARKET,PGHH,PGHH,2021-10-29,2025-03-27,
NIFTY_TOTAL_MARKET,PGHL,PGHL,2021-10-29,2024-03-27,
NIFTY_TOTAL_MARKET,PHILIPCARB,PCBL,2021-10-29,2022-03-30,
NIFTY_TOTAL_MARKET,PHOENIXLTD,PHOENIXLTD,2021-10-29,,
NIFTY_TOTAL_MARKET,PIDILITIND,PIDILITIND,2021-10-29,,
NIFTY_TOTAL_MARKET,PIIND,PIIND,2021-10-29,,
NIFTY_TOTAL_MARKET,PILANIINVS,PILANIINVS,2021-10-29,2022-09-29,
NIFTY_TOTAL_MARKET,PNB,PNB,2021-10-29,,
NIFTY_TOTAL_MARKET,PNBGILTS,PNBGILTS,2021-10-29,2022-03-30,
NIFTY_TOTAL_MARKET,PNBHOUSING,PNBHOUSING,2021-10-29,,
NIFTY_TOTAL_MARKET,PNCINFRA,PNCINFRA,2021-10-29,,
NIFTY_TOTAL_MARKET,POLYCAB,POLYCAB,2021-10-29,,
NIFTY_TOTAL_MARKET,POLYMED,POLYMED,2021-10-29,,
NIFTY_TOTAL_MARKET,POLYPLEX,POLYPLEX,2021-10-29,2026-03-29,
NIFTY_TOTAL_MARKET,POONAWALLA,POONAWALLA,2021-10-29,,
NIFTY_TOTAL_MARKET,POWERGRID,POWERGRID,2021-10-29,,
NIFTY_TOTAL_MARKET,POWERINDIA,POWERINDIA,2021-10-29,,
NIFTY_TOTAL_MARKET,PRAJIND,PRAJIND,2021-10-29,,
NIFTY_TOTAL_MARKET,PRAKASH,PRAKASH,2021-10-29,2022-03-30,
NIFTY_TOTAL_MARKET,PRESTIGE,PRESTIGE,2021-10-29,,
NIFTY_TOTAL_MARKET,PRINCEPIPE,PRINCEPIPE,2021-10-29,2026-03-29,
NIFTY_TOTAL_MARKET,PRIVISCL,PRIVISCL,2021-10-29,2024-03-27,
NIFTY_TOTAL_MARKET,PRSMJOHNSN,PRSMJOHNSN,2021-10-29,2024-09-29,
NIFTY_TOTAL_MARKET,PSB,PSB,2021-10-29,2022-03-30,
NIFTY_TOTAL_MARKET,PSPPROJECT,PSPPROJECT,2021-10-29,2024-09-29,
NIFTY_TOTAL_MARKET,PTC,PTC,2021-10-29,2022-10-24,
NIFTY_TOTAL_MARKET,PUNJABCHEM,PUNJABCHEM,2021-10-29,2022-09-29,
NIFTY_TOTAL_MARKET,PURVA,PURVA,2021-10-29,2022-09-29,
NIFTY_TOTAL_MARKET,PVR,PVRINOX,2021-10-29,2023-07-12,
NIFTY_TOTAL_MARKET,QUESS,QUESS,2021-10-29,2025-04-10,
NIFTY_TOTAL_MARKET,QUICKHEAL,QUICKHEAL,2021-10-29,2022-03-30,
NIFTY_TOTAL_MARKET,RADICO,RADICO,2021-10-29,,
NIFTY_TOTAL_MARKET,RAILTEL,RAILTEL,2021-10-29,,
NIFTY_TOTAL_MARKET,RAIN,RAIN,2021-10-29,,
NIFTY_TOTAL_MARKET,RAJESHEXPO,RAJESHEXPO,2021-10-29,2025-12-25,
NIFTY_TOTAL_MARKET,RALLIS,RALLIS,2021-10-29,,
NIFTY_TOTAL_MARKET,RAMCOCEM,RAMCOCEM,2021-10-29,,
NIFTY_TOTAL_MARKET,RAMCOIND,RAMCOIND,2021-10-29,2022-09-29,
NIFTY_TOTAL_MARKET,RAMCOSYS,RAMCOSYS,2021-10-29,2022-03-30,
NIFTY_TOTAL_MARKET,RANEHOLDIN,RANEHOLDIN,2021-10-29,2022-03-30,
NIFTY_TOTAL_MARKET,RATNAMANI,RATNAMANI,2021-10-29,2025-03-27,
NIFTY_TOTAL_MARKET,RAYMOND,RAYMOND,2021-10-29,2025-09-29,
NIFTY_TOTAL_MARKET,RBLBANK,RBLBANK,2021-10-29,,
NIFTY_TOTAL_MARKET,RCF,RCF,2021-10-29,,
NIFTY_TOTAL_MARKET,RECLTD,RECLTD,2021-10-29,,
NIFTY_TOTAL_MARKET,REDINGTON,REDINGTON,2021-10-29,,
NIFTY_TOTAL_MARKET,RELAXO,RELAXO,2021-10-29,2024-03-27,
NIFTY_TOTAL_MARKET,RELIANCE,RELIANCE,2021-10-29,,
NIFTY_TOTAL_MARKET,RELIGARE,RELIGARE,2021-10-29,,
NIFTY_TOTAL_MARKET,RELINFRA,RELINFRA,2021-10-29,2026-03-29,
NIFTY_TOTAL_MARKET,RENUKA,RENUKA,2021-10-29,,
NIFTY_TOTAL_MARKET,REPCOHOME,REPCOHOME,2021-10-29,2022-09-29,
NIFTY_TOTAL_MARKET,RHIM,RHIM,2021-10-29,,
NIFTY_TOTAL_MARKET,RITES,RITES,2021-10-29,,
NIFTY_TOTAL_MARKET,RKFORGE,RKFORGE,2021-10-29,,
NIFTY_TOTAL_MARKET,ROSSARI,ROSSARI,2021-10-29,2025-09-29,
NIFTY_TOTAL_MARKET,ROUTE,ROUTE,2021-10-29,,
NIFTY_TOTAL_MARKET,RPOWER,RPOWER,2021-10-29,2024-09-29,
NIFTY_TOTAL_MARKET,RPSGVENT,RPSGVENT,2021-10-29,2023-03-30,
NIFTY_TOTAL_MARKET,RSYSTEMS,RSYSTEMS,2021-10-29,2022-09-29,
NIFTY_TOTAL_MARKET,RTNINDIA,RTNINDIA,2021-10-29,2026-09-29,
NIFTY_TOTAL_MARKET,RTNPOWER,RTNPOWER,2021-10-29,2024-09-29,
NIFTY_TOTAL_MARKET,RUPA,RUPA,2021-10-29,2024-03-27,
NIFTY_TOTAL_MARKET,RVNL,RVNL,2021-10-29,,
NIFTY_TOTAL_MARKET,SADBHAV,SADBHAV,2021-10-29,2022-03-30,
NIFTY_TOTAL_MARKET,SAGCEM,SAGCEM,2021-10-29,2023-09-28,
NIFTY_TOTAL_MARKET,SAIL,SAIL,2021-10-29,,
NIFTY_TOTAL_MARKET,SANDHAR,SANDHAR,2021-10-29,2022-09-29,
NIFTY_TOTAL_MARKET,SANGHIIND,SANGHIIND,2021-10-29,2022-09-29,
NIFTY_TOTAL_MARKET,SANOFI,SANOFI,2021-10-29,2026-03-29,
NIFTY_TOTAL_MARKET,SARDAEN,SARDAEN,2021-10-29,,
NIFTY_TOTAL_MARKET,SAREGAMA,SAREGAMA,2021-10-29,2022-12-29,
NIFTY_TOTAL_MARKET,SASKEN,SASKEN,2021-10-29,2022-09-29,
NIFTY_TOTAL_MARKET,SATIA,SATIA,2021-10-29,2022-03-30,
NIFTY_TOTAL_MARKET,SBICARD,SBICARD,2021-10-29,,
NIFTY_TOTAL_MARKET,SBILIFE,SBILIFE,2021-10-29,,
NIFTY_TOTAL_MARKET,SBIN,SBIN,2021-10-29,,
NIFTY_TOTAL_MARKET,SCHAEFFLER,SCHAEFFLER,2021-10-29,,
NIFTY_TOTAL_MARKET,SCHNEIDER,SCHNEIDER,2021-10-29,,
NIFTY_TOTAL_MARKET,SCI,SCI,2021-10-29,2022-12-29,
NIFTY_TOTAL_MARKET,SEAMECLTD,SEAMECLTD,2021-10-29,2023-03-30,
NIFTY_TOTAL_MARKET,SEQUENT,VIYASH,2021-10-29,2026-03-29,
NIFTY_TOTAL_MARKET,SESHAPAPER,SESHAPAPER,2021-10-29,2022-03-30,
NIFTY_TOTAL_MARKET,SFL,SFL,2021-10-29,2023-03-30,
NIFTY_TOTAL_MARKET,SHALBY,SHALBY,2021-10-29,2022-09-29,
NIFTY_TOTAL_MARKET,SHANKARA,SHANKARA,2021-10-29,2022-03-30,
NIFTY_TOTAL_MARKET,SHANTIGEAR,SHANTIGEAR,2021-10-29,2022-03-30,
NIFTY_TOTAL_MARKET,SHARDACROP,SHARDACROP,2021-10-29,2024-03-27,
NIFTY_TOTAL_MARKET,SHARDAMOTR,SHARDAMOTR,2021-10-29,2022-03-30,
NIFTY_TOTAL_MARKET,SHILPAMED,SHILPAMED,2021-10-29,,
NIFTY_TOTAL_MARKET,SHK,SHK,2021-10-29,2023-03-30,
NIFTY_TOTAL_MARKET,SHOPERSTOP,SHOPERSTOP,2021-10-29,2024-09-29,
NIFTY_TOTAL_MARKET,SHREECEM,SHREECEM,2021-10-29,,
NIFTY_TOTAL_MARKET,SHRIRAMCIT,SHRIRAMCIT,2021-10-29,2022-08-07,
NIFTY_TOTAL_MARKET,SIEMENS,SIEMENS,2021-10-29,,
NIFTY_TOTAL_MARKET,SIS,SIS,2021-10-29,2024-03-27,
NIFTY_TOTAL_MARKET,SIYSIL,SIYSIL,2021-10-29,2024-03-27,
NIFTY_TOTAL_MARKET,SJVN,SJVN,2021-10-29,,
NIFTY_TOTAL_MARKET,SKFINDIA,SKFINDIA,2021-10-29,2025-12-30,
NIFTY_TOTAL_MARKET,SMSPHARMA,SMSPHARMA,2021-10-29,2022-03-30,
NIFTY_TOTAL_MARKET,SNOWMAN,SNOWMAN,2021-10-29,2022-03-30,
NIFTY_TOTAL_MARKET,SOBHA,SOBHA,2021-10-29,,
NIFTY_TOTAL_MARKET,SOLARA,SOLARA,2021-10-29,2023-09-28,
NIFTY_TOTAL_MARKET,SOLARINDS,SOLARINDS,2021-10-29,,
NIFTY_TOTAL_MARKET,SOMANYCERA,SOMANYCERA,2021-10-29,2024-03-27,
NIFTY_TOTAL_MARKET,SONACOMS,SONACOMS,2021-10-29,,
NIFTY_TOTAL_MARKET,SONATSOFTW,SONATSOFTW,2021-10-29,,
NIFTY_TOTAL_MARKET,SOTL,SOTL,2021-10-29,2022-09-29,
NIFTY_TOTAL_MARKET,SOUTHBANK,SOUTHBANK,2021-10-29,,
NIFTY_TOTAL_MARKET,SPANDANA,SPANDANA,2021-10-29,2025-09-29,
NIFTY_TOTAL_MARKET,SPARC,SPARC,2021-10-29,,
NIFTY_TOTAL_MARKET,SPICEJET,SPICEJET,2021-10-29,2023-04-27,
NIFTY_TOTAL_MARKET,SRF,SRF,2021-10-29,,
NIFTY_TOTAL_MARKET,SRTRANSFIN,SHRIRAMFIN,2021-10-29,2022-12-29,
NIFTY_TOTAL_MARKET,SSWL,SSWL,2021-10-29,2025-03-27,
NIFTY_TOTAL_MARKET,STAR,STAR,2021-10-29,,
NIFTY_TOTAL_MARKET,STARCEMENT,STARCEMENT,2021-10-29,2022-09-29,
NIFTY_TOTAL_MARKET,STLTECH,STLTECH,2021-10-29,,
NIFTY_TOTAL_MARKET,STOVEKRAFT,STOVEKRAFT,2021-10-29,2023-09-28,
NIFTY_TOTAL_MARKET,STYRENIX,STYRENIX,2021-10-29,2024-03-27,
NIFTY_TOTAL_MARKET,SUBEXLTD,SUBEXLTD,2021-10-29,2024-03-27,
NIFTY_TOTAL_MARKET,SUBROS,SUBROS,2021-10-29,2022-09-29,
NIFTY_TOTAL_MARKET,SUDARSCHEM,SUDARSCHEM,2021-10-29,,
NIFTY_TOTAL_MARKET,SUMICHEM,SUMICHEM,2021-10-29,,
NIFTY_TOTAL_MARKET,SUNCLAYLTD,SUNCLAYLTD,2021-10-29,2022-12-29,
NIFTY_TOTAL_MARKET,SUNDARMFIN,SUNDARMFIN,2021-10-29,,
NIFTY_TOTAL_MARKET,SUNDRMFAST,SUNDRMFAST,2021-10-29,2025-03-27,
NIFTY_TOTAL_MARKET,SUNFLAG,SUNFLAG,2021-10-29,2022-03-30,
NIFTY_TOTAL_MARKET,SUNPHARMA,SUNPHARMA,2021-10-29,,
NIFTY_TOTAL_MARKET,SUNTECK,SUNTECK,2021-10-29,,
NIFTY_TOTAL_MARKET,SUNTV,SUNTV,2021-10-29,,
NIFTY_TOTAL_MARKET,SUPPETRO,SUPPETRO,2021-10-29,2022-04-06,
NIFTY_TOTAL_MARKET,SUPRAJIT,SUPRAJIT,2021-10-29,2025-09-29,
NIFTY_TOTAL_MARKET,SUPREMEIND,SUPREMEIND,2021-10-29,,
NIFTY_TOTAL_MARKET,SURYAROSNI,SURYAROSNI,2021-10-29,,
NIFTY_TOTAL_MARKET,SURYODAY,SURYODAY,2021-10-29,2023-03-30,
NIFTY_TOTAL_MARKET,SUVENPHAR,COHANCE,2021-10-29,2025-09-22,
NIFTY_TOTAL_MARKET,SUZLON,SUZLON,2021-10-29,,
NIFTY_TOTAL_MARKET,SWANENERGY,SWANCORP,2021-10-29,2025-09-22,
NIFTY_TOTAL_MARKET,SWARAJENG,SWARAJENG,2021-10-29,2022-09-29,
NIFTY_TOTAL_MARKET,SWSOLAR,SWSOLAR,2021-10-29,,
NIFTY_TOTAL_MARKET,SYMPHONY,SYMPHONY,2021-10-29,2024-03-27,
NIFTY_TOTAL_MARKET,SYNGENE,SYNGENE,2021-10-29,,
NIFTY_TOTAL_MARKET,TAKE,TAKE,2021-10-29,2022-03-30,
NIFTY_TOTAL_MARKET,TANLA,TANLA,2021-10-29,,
NIFTY_TOTAL_MARKET,TASTYBITE,TASTYBITE,2021-10-29,2023-03-30,
NIFTY_TOTAL_MARKET,TATACHEM,TATACHEM,2021-10-29,,
NIFTY_TOTAL_MARKET,TATACOFFEE,TATACOFFEE,2021-10-29,2023-03-30,
NIFTY_TOTAL_MARKET,TATACOMM,TATACOMM,2021-10-29,,
NIFTY_TOTAL_MARKET,TATACONSUM,TATACONSUM,2021-10-29,,
NIFTY_TOTAL_MARKET,TATAELXSI,TATAELXSI,2021-10-29,,
NIFTY_TOTAL_MARKET,TATAINVEST,TATAINVEST,2021-10-29,,
NIFTY_TOTAL_MARKET,TATAMETALI,TATAMETALI,2021-10-29,2024-02-05,
NIFTY_TOTAL_MARKET,TATAMTRDVR,TATAMTRDVR,2021-10-29,2024-08-29,
NIFTY_TOTAL_MARKET,TATAPOWER,TATAPOWER,2021-10-29,,
NIFTY_TOTAL_MARKET,TATASTEEL,TATASTEEL,2021-10-29,,
NIFTY_TOTAL_MARKET,TATASTLLP,TATASTLLP,2021-10-29,2023-09-28,
NIFTY_TOTAL_MARKET,TCI,TCI,2021-10-29,2024-03-27,
NIFTY_TOTAL_MARKET,TCIEXP,TCIEXP,2021-10-29,2024-03-27,
NIFTY_TOTAL_MARKET,TCNSBRANDS,TCNSBRANDS,2021-10-29,2024-09-02,
NIFTY_TOTAL_MARKET,TCS,TCS,2021-10-29,,
NIFTY_TOTAL_MARKET,TEAMLEASE,TEAMLEASE,2021-10-29,2026-03-29,
NIFTY_TOTAL_MARKET,TECHM,TECHM,2021-10-29,,
NIFTY_TOTAL_MARKET,TECHNOE,TECHNOE,2021-10-29,,
NIFTY_TOTAL_MARKET,TEJASNET,TEJASNET,2021-10-29,,
NIFTY_TOTAL_MARKET,THERMAX,THERMAX,2021-10-29,,
NIFTY_TOTAL_MARKET,THOMASCOOK,THOMASCOOK,2021-10-29,,
NIFTY_TOTAL_MARKET,THYROCARE,THYROCARE,2021-10-29,2024-03-27,
NIFTY_TOTAL_MARKET,TIINDIA,TIINDIA,2021-10-29,,
NIFTY_TOTAL_MARKET,TIMETECHNO,TIMETECHNO,2021-10-29,,
NIFTY_TOTAL_MARKET,TIMKEN,TIMKEN,2021-10-29,,
NIFTY_TOTAL_MARKET,TINPLATE,TINPLATE,2021-10-29,2024-01-18,
NIFTY_TOTAL_MARKET,TIRUMALCHM,TIRUMALCHM,2021-10-29,2025-09-29,
NIFTY_TOTAL_MARKET,TITAN,TITAN,2021-10-29,,
NIFTY_TOTAL_MARKET,TMPV,TMPV,2021-10-29,,
NIFTY_TOTAL_MARKET,TNPL,TNPL,2021-10-29,2022-03-30,
NIFTY_TOTAL_MARKET,TORNTPHARM,TORNTPHARM,2021-10-29,,
NIFTY_TOTAL_MARKET,TORNTPOWER,TORNTPOWER,2021-10-29,,
NIFTY_TOTAL_MARKET,TRENT,TRENT,2021-10-29,,
NIFTY_TOTAL_MARKET,TRIDENT,TRIDENT,2021-10-29,,
NIFTY_TOTAL_MARKET,TRITURBINE,TRITURBINE,2021-10-29,,
NIFTY_TOTAL_MARKET,TRIVENI,TRIVENI,2021-10-29,2026-09-29,
NIFTY_TOTAL_MARKET,TTKPRESTIG,TTKPRESTIG,2021-10-29,2024-09-29,
NIFTY_TOTAL_MARKET,TTML,TTML,2021-10-29,,
NIFTY_TOTAL_MARKET,TV18BRDCST,TV18BRDCST,2021-10-29,2024-10-15,
NIFTY_TOTAL_MARKET,TVSMOTOR,TVSMOTOR,2021-10-29,,
NIFTY_TOTAL_MARKET,TVSSRICHAK,TVSSRICHAK,2021-10-29,2022-09-29,
NIFTY_TOTAL_MARKET,TVTODAY,TVTODAY,2021-10-29,2023-09-28,
NIFTY_TOTAL_MARKET,UBL,UBL,2021-10-29,,
NIFTY_TOTAL_MARKET,UCOBANK,UCOBANK,2021-10-29,2022-09-29,
NIFTY_TOTAL_MARKET,UFLEX,UFLEX,2021-10-29,2024-09-29,
NIFTY_TOTAL_MARKET,UJJIVAN,UJJIVAN,2021-10-29,2022-03-30,
NIFTY_TOTAL_MARKET,UJJIVANSFB,UJJIVANSFB,2021-10-29,,
NIFTY_TOTAL_MARKET,ULTRACEMCO,ULTRACEMCO,2021-10-29,,
NIFTY_TOTAL_MARKET,UNICHEMLAB,UNICHEMLAB,2021-10-29,2022-09-29,
NIFTY_TOTAL_MARKET,UNIONBANK,UNIONBANK,2021-10-29,,
NIFTY_TOTAL_MARKET,UPL,UPL,2021-10-29,,
NIFTY_TOTAL_MARKET,USHAMART,USHAMART,2021-10-29,,
NIFTY_TOTAL_MARKET,UTIAMC,UTIAMC,2021-10-29,,
NIFTY_TOTAL_MARKET,VAIBHAVGBL,VAIBHAVGBL,2021-10-29,,
NIFTY_TOTAL_MARKET,VAKRANGEE,VAKRANGEE,2021-10-29,2023-04-27,
NIFTY_TOTAL_MARKET,VALIANTORG,VALIANTORG,2021-10-29,2023-09-28,
NIFTY_TOTAL_MARKET,VARROC,VARROC,2021-10-29,2026-09-29,
NIFTY_TOTAL_MARKET,VBL,VBL,2021-10-29,,
NIFTY_TOTAL_MARKET,VEDL,VEDL,2021-10-29,,
NIFTY_TOTAL_MARKET,VEEDOL,VEEDOL,2021-10-29,2025-03-27,
NIFTY_TOTAL_MARKET,VENKEYS,VENKEYS,2021-10-29,2025-03-27,
NIFTY_TOTAL_MARKET,VESUVIUS,VESUVIUS,2021-10-29,2022-03-30,
NIFTY_TOTAL_MARKET,VGUARD,VGUARD,2021-10-29,,
NIFTY_TOTAL_MARKET,VINATIORGA,VINATIORGA,2021-10-29,2024-03-27,
NIFTY_TOTAL_MARKET,VINDHYATEL,VINDHYATEL,2021-10-29,2022-03-30,
NIFTY_TOTAL_MARKET,VIPIND,VIPIND,2021-10-29,,
NIFTY_TOTAL_MARKET,VMART,VMART,2021-10-29,,
NIFTY_TOTAL_MARKET,VOLTAMP,VOLTAMP,2021-10-29,,
NIFTY_TOTAL_MARKET,VOLTAS,VOLTAS,2021-10-29,,
NIFTY_TOTAL_MARKET,VRLLOG,VRLLOG,2021-10-29,2024-09-29,
NIFTY_TOTAL_MARKET,VSTIND,VSTIND,2021-10-29,2023-09-28,
NIFTY_TOTAL_MARKET,VSTTILLERS,VSTTILLERS,2021-10-29,2024-09-29,
NIFTY_TOTAL_MARKET,VTL,VTL,2021-10-29,,
NIFTY_TOTAL_MARKET,WABAG,WABAG,2021-10-29,,
NIFTY_TOTAL_MARKET,WABCOINDIA,ZFCVINDIA,2021-10-29,2022-04-06,
NIFTY_TOTAL_MARKET,WELCORP,WELCORP,2021-10-29,,
NIFTY_TOTAL_MARKET,WELENT,WELENT,2021-10-29,,
NIFTY_TOTAL_MARKET,WELSPUNIND,WELSPUNLIV,2021-10-29,2024-01-18,
NIFTY_TOTAL_MARKET,WESTLIFE,WESTLIFE,2021-10-29,,
NIFTY_TOTAL_MARKET,WHEELS,WHEELS,2021-10-29,2022-03-30,
NIFTY_TOTAL_MARKET,WHIRLPOOL,WHIRLPOOL,2021-10-29,,
NIFTY_TOTAL_MARKET,WIPRO,WIPRO,2021-10-29,,
NIFTY_TOTAL_MARKET,WOCKPHARMA,WOCKPHARMA,2021-10-29,,
NIFTY_TOTAL_MARKET,WONDERLA,WONDERLA,2021-10-29,2022-03-30,
NIFTY_TOTAL_MARKET,WSTCSTPAPR,WSTCSTPAPR,2021-10-29,2025-03-27,
NIFTY_TOTAL_MARKET,YESBANK,YESBANK,2021-10-29,,
NIFTY_TOTAL_MARKET,ZEEL,ZEEL,2021-10-29,,
NIFTY_TOTAL_MARKET,ZENSARTECH,ZENSARTECH,2021-10-29,,
NIFTY_TOTAL_MARKET,ZYDUSWELL,ZYDUSWELL,2021-10-29,,
NIFTY_TOTAL_MARKET,ABSLAMC,ABSLAMC,2022-03-31,2023-03-30,
NIFTY_TOTAL_MARKET,AHLUCONT,AHLUCONT,2022-03-31,2023-03-30,
NIFTY_TOTAL_MARKET,AMIORG,ACUTAAS,2022-03-31,2025-09-22,
NIFTY_TOTAL_MARKET,ANANDRATHI,ANANDRATHI,2022-03-31,,
NIFTY_TOTAL_MARKET,ANGELONE,ANGELONE,2022-03-31,,
NIFTY_TOTAL_MARKET,APOLLOPIPE,APOLLOPIPE,2022-03-31,2024-03-27,
NIFTY_TOTAL_MARKET,APTUS,APTUS,2022-03-31,,
NIFTY_TOTAL_MARKET,BCG,BCG,2022-03-31,2024-04-25,
NIFTY_TOTAL_MARKET,BESTAGRO,BESTAGRO,2022-03-31,2023-04-27,
NIFTY_TOTAL_MARKET,CARTRADE,CARTRADE,2022-03-31,,
NIFTY_TOTAL_MARKET,CHEMPLASTS,CHEMPLASTS,2022-03-31,2025-09-29,
NIFTY_TOTAL_MARKET,CLEAN,CLEAN,2022-03-31,,
NIFTY_TOTAL_MARKET,CMSINFO,CMSINFO,2022-03-31,,
NIFTY_TOTAL_MARKET,DATAPATTNS,DATAPATTNS,2022-03-31,,
NIFTY_TOTAL_MARKET,DEVYANI,DEVYANI,2022-03-31,,
NIFTY_TOTAL_MARKET,DODLA,DODLA,2022-03-31,2022-09-29,
NIFTY_TOTAL_MARKET,FAIRCHEMOR,FAIRCHEMOR,2022-03-31,2023-09-28,
NIFTY_TOTAL_MARKET,FINOPB,FINOPB,2022-03-31,2024-03-27,
NIFTY_TOTAL_MARKET,GHCL,GHCL,2022-03-31,2022-09-29,
NIFTY_TOTAL_MARKET,GLOBUSSPR,GLOBUSSPR,2022-03-31,2024-09-29,
NIFTY_TOTAL_MARKET,GLS,ALIVUS,2022-03-31,2025-03-09,
NIFTY_TOTAL_MARKET,GOCOLORS,GOCOLORS,2022-03-31,2025-03-27,
NIFTY_TOTAL_MARKET,GREENLAM,GREENLAM,2022-03-31,2022-09-29,
NIFTY_TOTAL_MARKET,GRINFRA,GRINFRA,2022-03-31,2026-03-29,
NIFTY_TOTAL_MARKET,GTLINFRA,GTLINFRA,2022-03-31,2023-09-28,
NIFTY_TOTAL_MARKET,IPL,IPL,2022-03-31,2023-09-28,
NIFTY_TOTAL_MARKET,KENNAMET,KENNAMET,2022-03-31,2023-09-28,
NIFTY_TOTAL_MARKET,KIMS,KIMS,2022-03-31,,
NIFTY_TOTAL_MARKET,KRSNAA,KRSNAA,2022-03-31,2024-09-29,
NIFTY_TOTAL_MARKET,LATENTVIEW,LATENTVIEW,2022-03-31,,
NIFTY_TOTAL_MARKET,MAPMYINDIA,MAPMYINDIA,2022-03-31,,
NIFTY_TOTAL_MARKET,MEDPLUS,MEDPLUS,2022-03-31,,
NIFTY_TOTAL_MARKET,METROBRAND,METROBRAND,2022-03-31,2025-03-27,
NIFTY_TOTAL_MARKET,MFL,EPIGRAL,2022-03-31,2023-09-28,
NIFTY_TOTAL_MARKET,MOL,MOL,2022-03-31,2024-03-27,
NIFTY_TOTAL_MARKET,NUVOCO,NUVOCO,2022-03-31,,
NIFTY_TOTAL_MARKET,NYKAA,NYKAA,2022-03-31,,
NIFTY_TOTAL_MARKET,OPTIEMUS,OPTIEMUS,2022-03-31,2026-09-29,
NIFTY_TOTAL_MARKET,PARAS,PARAS,2022-03-31,,
NIFTY_TOTAL_MARKET,PAYTM,PAYTM,2022-03-31,,
NIFTY_TOTAL_MARKET,PCBL,PCBL,2022-03-31,,
NIFTY_TOTAL_MARKET,POLICYBZR,POLICYBZR,2022-03-31,,
NIFTY_TOTAL_MARKET,RATEGAIN,RATEGAIN,2022-03-31,,
NIFTY_TOTAL_MARKET,RBA,RBA,2022-03-31,,
NIFTY_TOTAL_MARKET,RESPONIND,RESPONIND,2022-03-31,2023-03-30,
NIFTY_TOTAL_MARKET,ROLEXRINGS,ROLEXRINGS,2022-03-31,2024-03-27,
NIFTY_TOTAL_MARKET,SANSERA,SANSERA,2022-03-31,,
NIFTY_TOTAL_MARKET,SAPPHIRE,SAPPHIRE,2022-03-31,,
NIFTY_TOTAL_MARKET,SHAREINDIA,SHAREINDIA,2022-03-31,,
NIFTY_TOTAL_MARKET,SHYAMMETL,SHYAMMETL,2022-03-31,,
NIFTY_TOTAL_MARKET,STARHEALTH,STARHEALTH,2022-03-31,,
NIFTY_TOTAL_MARKET,SUPRIYA,SUPRIYA,2022-03-31,,
NIFTY_TOTAL_MARKET,TARSONS,TARSONS,2022-03-31,2024-09-29,
NIFTY_TOTAL_MARKET,TATVA,TATVA,2022-03-31,2024-03-27,
NIFTY_TOTAL_MARKET,TEGA,TEGA,2022-03-31,,
NIFTY_TOTAL_MARKET,VIJAYA,VIJAYA,2022-03-31,,
NIFTY_TOTAL_MARKET,ZOMATO,ETERNAL,2022-03-31,2025-04-10,
NIFTY_TOTAL_MARKET,ZYDUSLIFE,ZYDUSLIFE,2022-03-31,,
NIFTY_TOTAL_MARKET,JISLJALEQS,JISLJALEQS,2022-04-07,2026-03-29,
NIFTY_TOTAL_MARKET,ZFCVINDIA,ZFCVINDIA,2022-04-07,,
NIFTY_TOTAL_MARKET,AKZOINDIA,JSWDULUX,2022-04-12,2023-09-28,
NIFTY_TOTAL_MARKET,IONEXCHANG,IONEXCHANG,2022-04-12,,
NIFTY_TOTAL_MARKET,GMRINFRA,GMRAIRPORT,2022-05-04,2025-03-09,
NIFTY_TOTAL_MARKET,AGI,AGI,2022-05-31,2026-03-29,
NIFTY_TOTAL_MARKET,GATEWAY,GATEWAY,2022-05-31,2026-03-29,
NIFTY_TOTAL_MARKET,CAMPUS,CAMPUS,2022-08-08,,
NIFTY_TOTAL_MARKET,COSMOFIRST,COSMOFIRST,2022-08-08,2024-03-27,
NIFTY_TOTAL_MARKET,DELHIVERY,DELHIVERY,2022-08-08,,
NIFTY_TOTAL_MARKET,LICI,LICI,2022-08-08,,
NIFTY_TOTAL_MARKET,NAVA,NAVA,2022-08-08,,
NIFTY_TOTAL_MARKET,UNOMINDA,UNOMINDA,2022-08-08,,
NIFTY_TOTAL_MARKET,ACRYSIL,CARYSIL,2022-09-30,2022-12-29,
NIFTY_TOTAL_MARKET,AETHER,AETHER,2022-09-30,,
NIFTY_TOTAL_MARKET,AWL,AWL,2022-09-30,,
NIFTY_TOTAL_MARKET,BUTTERFLY,BUTTERFLY,2022-09-30,2023-09-28,
NIFTY_TOTAL_MARKET,CHOICEIN,CHOICEIN,2022-09-30,2023-03-30,
NIFTY_TOTAL_MARKET,DATAMATICS,DATAMATICS,2022-09-30,,
NIFTY_TOTAL_MARKET,DBREALTY,DBREALTY,2022-09-30,,
NIFTY_TOTAL_MARKET,DWARKESH,DWARKESH,2022-09-30,2024-03-27,
NIFTY_TOTAL_MARKET,EKC,EKC,2022-09-30,2023-03-30,
NIFTY_TOTAL_MARKET,ELECON,ELECON,2022-09-30,,
NIFTY_TOTAL_MARKET,EMUDHRA,EMUDHRA,2022-09-30,2026-03-29,
NIFTY_TOTAL_MARKET,ETHOSLTD,ETHOSLTD,2022-09-30,2026-09-29,
NIFTY_TOTAL_MARKET,FCL,FCL,2022-09-30,2025-09-29,
NIFTY_TOTAL_MARKET,GANESHHOUC,GANESHHOU,2022-09-30,2023-03-30,
NIFTY_TOTAL_MARKET,GOKEX,GOKEX,2022-09-30,,
NIFTY_TOTAL_MARKET,GRAVITA,GRAVITA,2022-09-30,,
NIFTY_TOTAL_MARKET,GRWRHITECH,GRWRHITECH,2022-09-30,2023-03-30,
NIFTY_TOTAL_MARKET,GUFICBIO,GUFICBIO,2022-09-30,2024-09-29,
NIFTY_TOTAL_MARKET,HNDFDS,HNDFDS,2022-09-30,2023-04-27,
NIFTY_TOTAL_MARKET,ICRA,ICRA,2022-09-30,2023-09-28,
NIFTY_TOTAL_MARKET,INDORAMA,INDORAMA,2022-09-30,2023-03-30,
NIFTY_TOTAL_MARKET,JKIL,JKIL,2022-09-30,2026-03-29,
NIFTY_TOTAL_MARKET,MANALIPETC,MANALIPETC,2022-09-30,2023-09-28,
NIFTY_TOTAL_MARKET,MANYAVAR,MANYAVAR,2022-09-30,,
NIFTY_TOTAL_MARKET,MMFL,MMFL,2022-09-30,2023-09-28,
NIFTY_TOTAL_MARKET,MOTHERSON,MOTHERSON,2022-09-30,,
NIFTY_TOTAL_MARKET,MSUMI,MSUMI,2022-09-30,,
NIFTY_TOTAL_MARKET,OMAXE,OMAXE,2022-09-30,2023-03-30,
NIFTY_TOTAL_MARKET,PANAMAPET,PANAMAPET,2022-09-30,2023-09-28,
NIFTY_TOTAL_MARKET,PARADEEP,PARADEEP,2022-09-30,,
NIFTY_TOTAL_MARKET,PATANJALI,PATANJALI,2022-09-30,,
NIFTY_TOTAL_MARKET,POKARNA,POKARNA,2022-09-30,2023-09-28,
NIFTY_TOTAL_MARKET,PRUDENT,PRUDENT,2022-09-30,2024-03-27,
NIFTY_TOTAL_MARKET,RAINBOW,RAINBOW,2022-09-30,,
NIFTY_TOTAL_MARKET,RAJRATAN,RAJRATAN,2022-09-30,2024-03-27,
NIFTY_TOTAL_MARKET,SAFARI,SAFARI,2022-09-30,,
NIFTY_TOTAL_MARKET,SBCL,SBCL,2022-09-30,2025-09-29,
NIFTY_TOTAL_MARKET,SPLPETRO,SPLPETRO,2022-09-30,2024-03-27,
NIFTY_TOTAL_MARKET,STEELXIND,STEELXIND,2022-09-30,2023-03-30,
NIFTY_TOTAL_MARKET,TIIL,TIIL,2022-09-30,2023-03-30,
NIFTY_TOTAL_MARKET,VIDHIING,VIDHIING,2022-09-30,2023-03-30,
NIFTY_TOTAL_MARKET,SYRMA,SYRMA,2022-10-25,,
NIFTY_TOTAL_MARKET,VESUVIUS,VESUVIUS,2022-10-25,2024-03-27,
NIFTY_TOTAL_MARKET,BEML,BEML,2022-12-30,,
NIFTY_TOTAL_MARKET,CARYSIL,CARYSIL,2022-12-30,2024-03-27,
NIFTY_TOTAL_MARKET,LTIM,LTM,2022-12-30,2026-03-29,
NIFTY_TOTAL_MARKET,PDSL,PDSL,2022-12-30,2024-09-29,
NIFTY_TOTAL_MARKET,SHRIRAMFIN,SHRIRAMFIN,2022-12-30,,
NIFTY_TOTAL_MARKET,STARCEMENT,STARCEMENT,2022-12-30,2026-09-29,
NIFTY_TOTAL_MARKET,TMB,TMB,2022-12-30,2024-09-29,
NIFTY_TOTAL_MARKET,UCOBANK,UCOBANK,2022-12-30,,
NIFTY_TOTAL_MARKET,360ONE,360ONE,2023-02-17,,
NIFTY_TOTAL_MARKET,ERIS,ERIS,2023-02-17,,
NIFTY_TOTAL_MARKET,PPLPHARMA,PPLPHARMA,2023-02-17,,
NIFTY_TOTAL_MARKET,AARTIIND,AARTIIND,2023-03-31,,
NIFTY_TOTAL_MARKET,ACI,ACI,2023-03-31,,
NIFTY_TOTAL_MARKET,ADANIPOWER,ADANIPOWER,2023-03-31,,
NIFTY_TOTAL_MARKET,BIKAJI,BIKAJI,2023-03-31,2026-09-29,
NIFTY_TOTAL_MARKET,DCXINDIA,DCXINDIA,2023-03-31,2025-09-29,
NIFTY_TOTAL_MARKET,EMIL,EMIL,2023-03-31,,
NIFTY_TOTAL_MARKET,FIEMIND,FIEMIND,2023-03-31,,
NIFTY_TOTAL_MARKET,FIVESTAR,FIVESTAR,2023-03-31,,
NIFTY_TOTAL_MARKET,FUSION,FUSION,2023-03-31,2025-03-27,
NIFTY_TOTAL_MARKET,GRMOVER,GRMOVER,2023-03-31,2023-09-28,
NIFTY_TOTAL_MARKET,HARSHA,HARSHA,2023-03-31,2024-03-27,
NIFTY_TOTAL_MARKET,JTEKTINDIA,JTEKTINDIA,2023-03-31,2025-03-27,
NIFTY_TOTAL_MARKET,JWL,JWL,2023-03-31,,
NIFTY_TOTAL_MARKET,KAYNES,KAYNES,2023-03-31,,
NIFTY_TOTAL_MARKET,KFINTECH,KFINTECH,2023-03-31,,
NIFTY_TOTAL_MARKET,KIRLOSBROS,KIRLOSBROS,2023-03-31,,
NIFTY_TOTAL_MARKET,KKCL,KKCL,2023-03-31,2024-03-27,
NIFTY_TOTAL_MARKET,LANDMARK,LANDMARK,2023-03-31,2025-03-27,
NIFTY_TOTAL_MARKET,MEDANTA,MEDANTA,2023-03-31,,
NIFTY_TOTAL_MARKET,NDTV,NDTV,2023-03-31,2023-09-28,
NIFTY_TOTAL_MARKET,NMDC,NMDC,2023-03-31,,
NIFTY_TOTAL_MARKET,PCJEWELLER,PCJEWELLER,2023-03-31,2023-09-28,
NIFTY_TOTAL_MARKET,PEL,PIRAMALFIN,2023-03-31,2025-09-22,ALIAS_INFERRED_MERGER_SUCCESSOR;INFERRED_MERGER_SUCCESSOR
NIFTY_TOTAL_MARKET,PGEL,PGEL,2023-03-31,,
NIFTY_TOTAL_MARKET,POWERMECH,POWERMECH,2023-03-31,,
NIFTY_TOTAL_MARKET,PRICOLLTD,PRICOLLTD,2023-03-31,,
NIFTY_TOTAL_MARKET,PTC,PTC,2023-03-31,,
NIFTY_TOTAL_MARKET,PURVA,PURVA,2023-03-31,2023-09-28,
NIFTY_TOTAL_MARKET,RUSTOMJEE,RUSTOMJEE,2023-03-31,2023-09-28,
NIFTY_TOTAL_MARKET,SHANTIGEAR,SHANTIGEAR,2023-03-31,2024-03-27,
NIFTY_TOTAL_MARKET,SOTL,SOTL,2023-03-31,2023-09-28,
NIFTY_TOTAL_MARKET,SULA,SULA,2023-03-31,2025-09-29,
NIFTY_TOTAL_MARKET,TIPSINDLTD,TIPSMUSIC,2023-03-31,2024-09-29,
NIFTY_TOTAL_MARKET,UJJIVAN,UJJIVAN,2023-03-31,2024-05-02,
NIFTY_TOTAL_MARKET,UNICHEMLAB,UNICHEMLAB,2023-03-31,2024-03-27,
NIFTY_TOTAL_MARKET,UNIPARTS,UNIPARTS,2023-03-31,2024-09-29,
NIFTY_TOTAL_MARKET,AARTIPHARM,AARTIPHARM,2023-04-28,,
NIFTY_TOTAL_MARKET,AHLUCONT,AHLUCONT,2023-04-28,2026-09-29,
NIFTY_TOTAL_MARKET,CHOICEIN,CHOICEIN,2023-04-28,,
NIFTY_TOTAL_MARKET,JCHAC,BOSCH-HCIL,2023-04-28,2025-12-25,
NIFTY_TOTAL_MARKET,NSLNISP,NSLNISP,2023-04-28,,
NIFTY_TOTAL_MARKET,TWL,TITAGARH,2023-04-28,2023-07-12,
NIFTY_TOTAL_MARKET,CIEINDIA,CIEINDIA,2023-07-13,,
NIFTY_TOTAL_MARKET,MANKIND,MANKIND,2023-07-13,,
NIFTY_TOTAL_MARKET,PVRINOX,PVRINOX,2023-07-13,,
NIFTY_TOTAL_MARKET,TITAGARH,TITAGARH,2023-07-13,,
NIFTY_TOTAL_MARKET,ADANIENSOL,ADANIENSOL,2023-09-29,,
NIFTY_TOTAL_MARKET,ALLCARGO,ALLCARGO,2023-09-29,2026-03-29,
NIFTY_TOTAL_MARKET,AVALON,AVALON,2023-09-29,,
NIFTY_TOTAL_MARKET,DBCORP,DBCORP,2023-09-29,2024-09-29,
NIFTY_TOTAL_MARKET,DIVGIITTS,DIVGIITTS,2023-09-29,2024-03-27,
NIFTY_TOTAL_MARKET,DODLA,DODLA,2023-09-29,2026-03-29,
NIFTY_TOTAL_MARKET,DREAMFOLKS,DREAMFOLKS,2023-09-29,2025-03-27,
NIFTY_TOTAL_MARKET,EDELWEISS,EDELWEISS,2023-09-29,,
NIFTY_TOTAL_MARKET,EPIGRAL,EPIGRAL,2023-09-29,2026-03-29,
NIFTY_TOTAL_MARKET,GANESHHOUC,GANESHHOU,2023-09-29,2025-09-22,
NIFTY_TOTAL_MARKET,GET&D,GVT&D,2023-09-29,2024-03-27,
NIFTY_TOTAL_MARKET,GHCL,GHCL,2023-09-29,2026-09-29,
NIFTY_TOTAL_MARKET,GILLETTE,GILLETTE,2023-09-29,,
NIFTY_TOTAL_MARKET,GRAUWEIL,GRAUWEIL,2023-09-29,2023-10-25,
NIFTY_TOTAL_MARKET,GREENLAM,GREENLAM,2023-09-29,2024-03-27,
NIFTY_TOTAL_MARKET,HNDFDS,HNDFDS,2023-09-29,2024-03-27,
NIFTY_TOTAL_MARKET,IKIO,IKIO,2023-09-29,2024-09-29,
NIFTY_TOTAL_MARKET,ITDCEM,CEMPRO,2023-09-29,2025-09-22,
NIFTY_TOTAL_MARKET,JTLIND,JTLIND,2023-09-29,2025-09-29,
NIFTY_TOTAL_MARKET,KIRLPNU,KIRLPNU,2023-09-29,2024-03-27,
NIFTY_TOTAL_MARKET,LSIL,LLOYDSENGG,2023-09-29,2023-10-25,
NIFTY_TOTAL_MARKET,PTCIL,PTCIL,2023-09-29,2024-03-27,
NIFTY_TOTAL_MARKET,RAMKY,RAMKY,2023-09-29,2025-03-27,
NIFTY_TOTAL_MARKET,RESPONIND,RESPONIND,2023-09-29,2025-09-29,
NIFTY_TOTAL_MARKET,SAKSOFT,SAKSOFT,2023-09-29,2024-03-27,
NIFTY_TOTAL_MARKET,SAREGAMA,SAREGAMA,2023-09-29,,
NIFTY_TOTAL_MARKET,SCI,SCI,2023-09-29,,
NIFTY_TOTAL_MARKET,SFL,SFL,2023-09-29,,
NIFTY_TOTAL_MARKET,STYLAMIND,STYLAMIND,2023-09-29,2025-09-29,
NIFTY_TOTAL_MARKET,SUNFLAG,SUNFLAG,2023-09-29,2026-03-29,
NIFTY_TOTAL_MARKET,TDPOWERSYS,TDPOWERSYS,2023-09-29,,
NIFTY_TOTAL_MARKET,TI,TI,2023-09-29,,
NIFTY_TOTAL_MARKET,TIIL,TIIL,2023-09-29,2024-03-27,
NIFTY_TOTAL_MARKET,WONDERLA,WONDERLA,2023-09-29,2025-09-29,
NIFTY_TOTAL_MARKET,ZENTEC,ZENTEC,2023-09-29,,
NIFTY_TOTAL_MARKET,CONCORDBIO,CONCORDBIO,2023-10-26,,
NIFTY_TOTAL_MARKET,JINDWORLD,JINDWORLD,2023-10-26,2026-03-29,
NIFTY_TOTAL_MARKET,LLOYDSENGG,LLOYDSENGG,2023-10-26,,
NIFTY_TOTAL_MARKET,SBFC,SBFC,2023-10-26,,
NIFTY_TOTAL_MARKET,TVSSCS,TVSSCS,2023-10-26,,
NIFTY_TOTAL_MARKET,ACLGATI,ACLGATI,2024-01-19,2024-03-27,
NIFTY_TOTAL_MARKET,ARE&M,ARE&M,2024-01-19,,
NIFTY_TOTAL_MARKET,TVSHLTD,TVSHLTD,2024-01-19,2024-09-29,
NIFTY_TOTAL_MARKET,WELSPUNLIV,WELSPUNLIV,2024-01-19,,
NIFTY_TOTAL_MARKET,BASF,BASF,2024-02-06,2026-03-29,
NIFTY_TOTAL_MARKET,ASKAUTOLTD,ASKAUTOLTD,2024-03-28,2026-09-29,
NIFTY_TOTAL_MARKET,AZAD,AZAD,2024-03-28,,
NIFTY_TOTAL_MARKET,BANCOINDIA,BANCOINDIA,2024-03-28,,
NIFTY_TOTAL_MARKET,BLUEJET,BLUEJET,2024-03-28,,
NIFTY_TOTAL_MARKET,CELLO,CELLO,2024-03-28,,
NIFTY_TOTAL_MARKET,CYIENTDLM,CYIENTDLM,2024-03-28,2026-03-29,
NIFTY_TOTAL_MARKET,DHANUKA,DHANUKA,2024-03-28,2025-03-27,
NIFTY_TOTAL_MARKET,DOMS,DOMS,2024-03-28,,
NIFTY_TOTAL_MARKET,ESAFSFB,ESAFSFB,2024-03-28,2025-03-27,
NIFTY_TOTAL_MARKET,FEDFINA,FEDFINA,2024-03-28,2024-09-29,
NIFTY_TOTAL_MARKET,FLAIR,FLAIR,2024-03-28,2024-09-29,
NIFTY_TOTAL_MARKET,GRWRHITECH,GRWRHITECH,2024-03-28,,
NIFTY_TOTAL_MARKET,GULFOILLUB,GULFOILLUB,2024-03-28,2026-03-29,
NIFTY_TOTAL_MARKET,HAPPYFORGE,HAPPYFORGE,2024-03-28,2025-03-27,
NIFTY_TOTAL_MARKET,HMAAGRO,HMAAGRO,2024-03-28,2024-09-29,
NIFTY_TOTAL_MARKET,HONASA,HONASA,2024-03-28,,
NIFTY_TOTAL_MARKET,IDEAFORGE,IDEAFORGE,2024-03-28,2025-03-27,
NIFTY_TOTAL_MARKET,IIFLSEC,IIFLCAPS,2024-03-28,2025-03-09,
NIFTY_TOTAL_MARKET,INDIASHLTR,INDIASHLTR,2024-03-28,2026-09-29,
NIFTY_TOTAL_MARKET,INOXINDIA,INOXINDIA,2024-03-28,,
NIFTY_TOTAL_MARKET,IPL,IPL,2024-03-28,2025-03-27,
NIFTY_TOTAL_MARKET,JAIBALAJI,JAIBALAJI,2024-03-28,,
NIFTY_TOTAL_MARKET,JIOFIN,JIOFIN,2024-03-28,,
NIFTY_TOTAL_MARKET,JLHL,JLHL,2024-03-28,2025-03-27,
NIFTY_TOTAL_MARKET,JSWHL,JSWHL,2024-03-28,2024-09-29,
NIFTY_TOTAL_MARKET,JSWINFRA,JSWINFRA,2024-03-28,,
NIFTY_TOTAL_MARKET,JYOTICNC,JYOTICNC,2024-03-28,,
NIFTY_TOTAL_MARKET,KALAMANDIR,KALAMANDIR,2024-03-28,2025-03-27,
NIFTY_TOTAL_MARKET,KESORAMIND,KESORAMIND,2024-03-28,2025-03-09,
NIFTY_TOTAL_MARKET,KPIGREEN,KPIGREEN,2024-03-28,2024-09-29,
NIFTY_TOTAL_MARKET,LLOYDSME,LLOYDSME,2024-03-28,,
NIFTY_TOTAL_MARKET,MUTHOOTMF,MUTHOOTMF,2024-03-28,2025-03-27,
NIFTY_TOTAL_MARKET,NETWEB,NETWEB,2024-03-28,,
NIFTY_TOTAL_MARKET,NIITMTS,NIITMTS,2024-03-28,2025-03-27,
NIFTY_TOTAL_MARKET,NUCLEUS,NUCLEUS,2024-03-28,2024-09-29,
NIFTY_TOTAL_MARKET,NUVAMA,NUVAMA,2024-03-28,,
NIFTY_TOTAL_MARKET,ORISSAMINE,ORISSAMINE,2024-03-28,2025-09-29,
NIFTY_TOTAL_MARKET,PATELENG,PATELENG,2024-03-28,2026-03-29,
NIFTY_TOTAL_MARKET,PURVA,PURVA,2024-03-28,2025-03-27,
NIFTY_TOTAL_MARKET,REDTAPE,REDTAPE,2024-03-28,2025-09-29,
NIFTY_TOTAL_MARKET,RRKABEL,RRKABEL,2024-03-28,,
NIFTY_TOTAL_MARKET,SAGCEM,SAGCEM,2024-03-28,2024-09-29,
NIFTY_TOTAL_MARKET,SAMHI,SAMHI,2024-03-28,,
NIFTY_TOTAL_MARKET,SANDUMA,SANDUMA,2024-03-28,2025-03-27,
NIFTY_TOTAL_MARKET,SANGHIIND,SANGHIIND,2024-03-28,2025-03-27,
NIFTY_TOTAL_MARKET,SANGHVIMOV,SANGHVIMOV,2024-03-28,2025-03-27,
NIFTY_TOTAL_MARKET,SENCO,SENCO,2024-03-28,,
NIFTY_TOTAL_MARKET,SHARDAMOTR,SHARDAMOTR,2024-03-28,2025-03-27,
NIFTY_TOTAL_MARKET,SIGNATURE,SIGNATURE,2024-03-28,,
NIFTY_TOTAL_MARKET,SINDHUTRAD,SINDHUTRAD,2024-03-28,2025-03-27,
NIFTY_TOTAL_MARKET,SUNCLAY,SUNCLAY,2024-03-28,2024-09-29,
NIFTY_TOTAL_MARKET,TARC,TARC,2024-03-28,,
NIFTY_TOTAL_MARKET,TATATECH,TATATECH,2024-03-28,,
NIFTY_TOTAL_MARKET,TEXRAIL,TEXRAIL,2024-03-28,,
NIFTY_TOTAL_MARKET,UTKARSHBNK,UTKARSHBNK,2024-03-28,2025-03-27,
NIFTY_TOTAL_MARKET,YATHARTH,YATHARTH,2024-03-28,,
NIFTY_TOTAL_MARKET,LTF,LTF,2024-04-26,,
NIFTY_TOTAL_MARKET,SPLPETRO,SPLPETRO,2024-04-26,2025-03-27,
NIFTY_TOTAL_MARKET,JUNIPER,JUNIPER,2024-05-03,2025-03-27,
NIFTY_TOTAL_MARKET,AEGISLOG,AEGISLOG,2024-08-30,,
NIFTY_TOTAL_MARKET,EMBDL,EMBDL,2024-08-30,,
NIFTY_TOTAL_MARKET,SAMMAANCAP,SAMMAANCAP,2024-08-30,,
NIFTY_TOTAL_MARKET,UNITDSPR,UNITDSPR,2024-08-30,,
NIFTY_TOTAL_MARKET,KSL,KSL,2024-09-03,2026-03-29,
NIFTY_TOTAL_MARKET,AADHARHFC,AADHARHFC,2024-09-30,,
NIFTY_TOTAL_MARKET,ABSLAMC,ABSLAMC,2024-09-30,,
NIFTY_TOTAL_MARKET,BAJAJELEC,BAJAJELEC,2024-09-30,2025-03-27,
NIFTY_TOTAL_MARKET,BBL,BBL,2024-09-30,2026-03-29,
NIFTY_TOTAL_MARKET,BHARTIHEXA,BHARTIHEXA,2024-09-30,,
NIFTY_TOTAL_MARKET,BOROLTD,BOROLTD,2024-09-30,2025-09-29,
NIFTY_TOTAL_MARKET,DYNAMATECH,DYNAMATECH,2024-09-30,,
NIFTY_TOTAL_MARKET,ENTERO,ENTERO,2024-09-30,,
NIFTY_TOTAL_MARKET,FORCEMOT,FORCEMOT,2024-09-30,,
NIFTY_TOTAL_MARKET,GET&D,GVT&D,2024-09-30,2025-03-09,
NIFTY_TOTAL_MARKET,GODIGIT,GODIGIT,2024-09-30,2026-09-29,
NIFTY_TOTAL_MARKET,GOPAL,GOPAL,2024-09-30,2025-09-29,
NIFTY_TOTAL_MARKET,HARSHA,HARSHA,2024-09-30,2025-03-27,
NIFTY_TOTAL_MARKET,HCG,HCG,2024-09-30,,
NIFTY_TOTAL_MARKET,HNDFDS,HNDFDS,2024-09-30,2025-03-27,
NIFTY_TOTAL_MARKET,IMAGICAA,IMAGICAA,2024-09-30,2026-03-29,
NIFTY_TOTAL_MARKET,INDGN,INDGN,2024-09-30,,
NIFTY_TOTAL_MARKET,INOXGREEN,INOXGREEN,2024-09-30,2026-09-29,
NIFTY_TOTAL_MARKET,IREDA,IREDA,2024-09-30,,
NIFTY_TOTAL_MARKET,IXIGO,IXIGO,2024-09-30,,
NIFTY_TOTAL_MARKET,JSFB,JSFB,2024-09-30,,
NIFTY_TOTAL_MARKET,KIRLPNU,KIRLPNU,2024-09-30,,
NIFTY_TOTAL_MARKET,LAXMIMACH,LMW,2024-09-30,2024-10-09,
NIFTY_TOTAL_MARKET,NEOGEN,NEOGEN,2024-09-30,,
NIFTY_TOTAL_MARKET,ORCHPHARMA,ORCHPHARMA,2024-09-30,2026-03-29,
NIFTY_TOTAL_MARKET,PARKHOTELS,PARKHOTELS,2024-09-30,2026-03-29,
NIFTY_TOTAL_MARKET,PFIZER,PFIZER,2024-09-30,2026-09-29,
NIFTY_TOTAL_MARKET,PGHL,PGHL,2024-09-30,2025-03-27,
NIFTY_TOTAL_MARKET,PRUDENT,PRUDENT,2024-09-30,2026-09-29,
NIFTY_TOTAL_MARKET,PTCIL,PTCIL,2024-09-30,,
NIFTY_TOTAL_MARKET,ROLEXRINGS,ROLEXRINGS,2024-09-30,2025-03-27,
NIFTY_TOTAL_MARKET,SHRIPISTON,SHRIPISTON,2024-09-30,,
NIFTY_TOTAL_MARKET,SUBROS,SUBROS,2024-09-30,,
NIFTY_TOTAL_MARKET,SYMPHONY,SYMPHONY,2024-09-30,2026-03-29,
NIFTY_TOTAL_MARKET,TBOTEK,TBOTEK,2024-09-30,,
NIFTY_TOTAL_MARKET,TCIEXP,TCIEXP,2024-09-30,2025-03-27,
NIFTY_TOTAL_MARKET,TIIL,TIIL,2024-09-30,2025-09-29,
NIFTY_TOTAL_MARKET,TIPSMUSIC,TIPSMUSIC,2024-09-30,,
NIFTY_TOTAL_MARKET,VENUSPIPES,VENUSPIPES,2024-09-30,2025-09-29,
NIFTY_TOTAL_MARKET,VESUVIUS,VESUVIUS,2024-09-30,2026-03-29,
NIFTY_TOTAL_MARKET,VINATIORGA,VINATIORGA,2024-09-30,2025-03-27,
NIFTY_TOTAL_MARKET,VSTIND,VSTIND,2024-09-30,2026-03-29,
NIFTY_TOTAL_MARKET,ABREL,ABREL,2024-10-10,,
NIFTY_TOTAL_MARKET,EMCURE,EMCURE,2024-10-10,,
NIFTY_TOTAL_MARKET,LMW,LMW,2024-10-10,2026-03-29,
NIFTY_TOTAL_MARKET,AKUMS,AKUMS,2024-10-16,,
NIFTY_TOTAL_MARKET,ALIVUS,ALIVUS,2025-03-10,2026-09-29,
NIFTY_TOTAL_MARKET,GMRAIRPORT,GMRAIRPORT,2025-03-10,,
NIFTY_TOTAL_MARKET,GVT&D,GVT&D,2025-03-10,,
NIFTY_TOTAL_MARKET,HBLENGINE,HBLENGINE,2025-03-10,,
NIFTY_TOTAL_MARKET,IIFLCAPS,IIFLCAPS,2025-03-10,,
NIFTY_TOTAL_MARKET,INNOVACAP,INNOVACAP,2025-03-10,2026-03-29,
NIFTY_TOTAL_MARKET,RAYMONDLSL,RAYMONDLSL,2025-03-21,,
NIFTY_TOTAL_MARKET,ABDL,ABDL,2025-03-28,,
NIFTY_TOTAL_MARKET,ACMESOLAR,ACMESOLAR,2025-03-28,,
NIFTY_TOTAL_MARKET,AFCONS,AFCONS,2025-03-28,,
NIFTY_TOTAL_MARKET,AIIL,AIIL,2025-03-28,,
NIFTY_TOTAL_MARKET,AKZOINDIA,JSWDULUX,2025-03-28,2026-05-11,
NIFTY_TOTAL_MARKET,ANUP,ANUP,2025-03-28,2026-09-29,
NIFTY_TOTAL_MARKET,AURIONPRO,AURIONPRO,2025-03-28,,
NIFTY_TOTAL_MARKET,AVL,AVL,2025-03-28,2025-09-29,
NIFTY_TOTAL_MARKET,AWFIS,AWFIS,2025-03-28,2026-09-29,
NIFTY_TOTAL_MARKET,BAJAJHFL,BAJAJHFL,2025-03-28,,
NIFTY_TOTAL_MARKET,BALUFORGE,BALUFORGE,2025-03-28,,
NIFTY_TOTAL_MARKET,BANSALWIRE,BANSALWIRE,2025-03-28,2025-09-29,
NIFTY_TOTAL_MARKET,BLACKBUCK,BLACKBUCK,2025-03-28,,
NIFTY_TOTAL_MARKET,CEIGALL,CEIGALL,2025-03-28,2026-03-29,
NIFTY_TOTAL_MARKET,EIEL,EIEL,2025-03-28,,
NIFTY_TOTAL_MARKET,EUREKAFORB,EUREKAFORB,2025-03-28,2026-09-29,
NIFTY_TOTAL_MARKET,FIRSTCRY,FIRSTCRY,2025-03-28,,
NIFTY_TOTAL_MARKET,GANECOS,GANECOS,2025-03-28,2026-03-29,
NIFTY_TOTAL_MARKET,GARFIBRES,GARFIBRES,2025-03-28,2026-03-29,
NIFTY_TOTAL_MARKET,GMRP&UI,GMRP&UI,2025-03-28,,
NIFTY_TOTAL_MARKET,HYUNDAI,HYUNDAI,2025-03-28,,
NIFTY_TOTAL_MARKET,IGIL,IGIL,2025-03-28,,
NIFTY_TOTAL_MARKET,IKS,IKS,2025-03-28,,
NIFTY_TOTAL_MARKET,JSWHL,JSWHL,2025-03-28,2025-09-29,
NIFTY_TOTAL_MARKET,KPIGREEN,KPIGREEN,2025-03-28,,
NIFTY_TOTAL_MARKET,LLOYDSENT,LLOYDSENT,2025-03-28,,
NIFTY_TOTAL_MARKET,MAHSCOOTER,MAHSCOOTER,2025-03-28,2026-09-29,
NIFTY_TOTAL_MARKET,MAXESTATES,MAXESTATES,2025-03-28,2026-03-29,
NIFTY_TOTAL_MARKET,NIVABUPA,NIVABUPA,2025-03-28,,
NIFTY_TOTAL_MARKET,NTPCGREEN,NTPCGREEN,2025-03-28,,
NIFTY_TOTAL_MARKET,OLAELEC,OLAELEC,2025-03-28,,
NIFTY_TOTAL_MARKET,PCJEWELLER,PCJEWELLER,2025-03-28,,
NIFTY_TOTAL_MARKET,PGIL,PGIL,2025-03-28,,
NIFTY_TOTAL_MARKET,PNGJL,PNGJL,2025-03-28,,
NIFTY_TOTAL_MARKET,PREMIERENE,PREMIERENE,2025-03-28,,
NIFTY_TOTAL_MARKET,PRSMJOHNSN,PRSMJOHNSN,2025-03-28,2026-09-29,
NIFTY_TOTAL_MARKET,REFEX,REFEX,2025-03-28,,
NIFTY_TOTAL_MARKET,RPOWER,RPOWER,2025-03-28,,
NIFTY_TOTAL_MARKET,RTNPOWER,RTNPOWER,2025-03-28,,
NIFTY_TOTAL_MARKET,SAGILITY,SAGILITY,2025-03-28,,
NIFTY_TOTAL_MARKET,SAILIFE,SAILIFE,2025-03-28,,
NIFTY_TOTAL_MARKET,SANOFICONR,SANOFICONR,2025-03-28,2026-03-29,
NIFTY_TOTAL_MARKET,SHAILY,SHAILY,2025-03-28,,
NIFTY_TOTAL_MARKET,SHAKTIPUMP,SHAKTIPUMP,2025-03-28,,
NIFTY_TOTAL_MARKET,SHARDACROP,SHARDACROP,2025-03-28,,
NIFTY_TOTAL_MARKET,SHOPERSTOP,SHOPERSTOP,2025-03-28,2025-09-29,
NIFTY_TOTAL_MARKET,SKIPPER,SKIPPER,2025-03-28,,
NIFTY_TOTAL_MARKET,SWIGGY,SWIGGY,2025-03-28,,
NIFTY_TOTAL_MARKET,TARIL,TARIL,2025-03-28,,
NIFTY_TOTAL_MARKET,THANGAMAYL,THANGAMAYL,2025-03-28,,
NIFTY_TOTAL_MARKET,TRANSRAILL,TRANSRAILL,2025-03-28,,
NIFTY_TOTAL_MARKET,UNIMECH,UNIMECH,2025-03-28,2026-03-29,
NIFTY_TOTAL_MARKET,VENTIVE,VENTIVE,2025-03-28,2026-03-29,
NIFTY_TOTAL_MARKET,VMM,VMM,2025-03-28,,
NIFTY_TOTAL_MARKET,WAAREEENER,WAAREEENER,2025-03-28,,
NIFTY_TOTAL_MARKET,WEBELSOLAR,WEBELSOLAR,2025-03-28,,
NIFTY_TOTAL_MARKET,ZAGGLE,ZAGGLE,2025-03-28,,
NIFTY_TOTAL_MARKET,ETERNAL,ETERNAL,2025-04-11,,
NIFTY_TOTAL_MARKET,SUNDRMFAST,SUNDRMFAST,2025-04-11,2026-03-29,
NIFTY_TOTAL_MARKET,ACUTAAS,ACUTAAS,2025-09-23,,
NIFTY_TOTAL_MARKET,CEMPRO,CEMPRO,2025-09-23,,
NIFTY_TOTAL_MARKET,COHANCE,COHANCE,2025-09-23,,
NIFTY_TOTAL_MARKET,GANESHHOU,GANESHHOU,2025-09-23,2026-03-29,
NIFTY_TOTAL_MARKET,KITEX,KITEX,2025-09-23,,
NIFTY_TOTAL_MARKET,SWANCORP,SWANCORP,2025-09-23,,
NIFTY_TOTAL_MARKET,ABLBL,ABLBL,2025-09-30,,
NIFTY_TOTAL_MARKET,AEGISVOPAK,AEGISVOPAK,2025-09-30,,
NIFTY_TOTAL_MARKET,AGARWALEYE,AGARWALEYE,2025-09-30,2026-09-29,
NIFTY_TOTAL_MARKET,AJAXENGG,AJAXENGG,2025-09-30,2026-03-29,
NIFTY_TOTAL_MARKET,ANURAS,ANURAS,2025-09-30,,
NIFTY_TOTAL_MARKET,ATHERENERG,ATHERENERG,2025-09-30,,
NIFTY_TOTAL_MARKET,BAJAJELEC,BAJAJELEC,2025-09-30,2026-09-29,
NIFTY_TOTAL_MARKET,BELRISE,BELRISE,2025-09-30,,
NIFTY_TOTAL_MARKET,DHANUKA,DHANUKA,2025-09-30,2026-03-29,
NIFTY_TOTAL_MARKET,DIACABS,DIACABS,2025-09-30,,
NIFTY_TOTAL_MARKET,ENRIN,ENRIN,2025-09-30,,
NIFTY_TOTAL_MARKET,GALLANTT,GALLANTT,2025-09-30,,
NIFTY_TOTAL_MARKET,HEXT,HEXT,2025-09-30,,
NIFTY_TOTAL_MARKET,ITCHOTELS,ITCHOTELS,2025-09-30,,
NIFTY_TOTAL_MARKET,KRN,KRN,2025-09-30,,
NIFTY_TOTAL_MARKET,LUMAXTECH,LUMAXTECH,2025-09-30,,
NIFTY_TOTAL_MARKET,MANORAMA,MANORAMA,2025-09-30,,
NIFTY_TOTAL_MARKET,ONESOURCE,ONESOURCE,2025-09-30,,
NIFTY_TOTAL_MARKET,OSWALPUMPS,OSWALPUMPS,2025-09-30,,
NIFTY_TOTAL_MARKET,PGHH,PGHH,2025-09-30,2026-03-29,
NIFTY_TOTAL_MARKET,PRIVISCL,PRIVISCL,2025-09-30,,
NIFTY_TOTAL_MARKET,PURVA,PURVA,2025-09-30,,
NIFTY_TOTAL_MARKET,QUESS,QUESS,2025-09-30,,
NIFTY_TOTAL_MARKET,RELAXO,RELAXO,2025-09-30,,
NIFTY_TOTAL_MARKET,SANDUMA,SANDUMA,2025-09-30,,
NIFTY_TOTAL_MARKET,SHARDAMOTR,SHARDAMOTR,2025-09-30,2026-03-29,
NIFTY_TOTAL_MARKET,SKYGOLD,SKYGOLD,2025-09-30,,
NIFTY_TOTAL_MARKET,STYRENIX,STYRENIX,2025-09-30,2026-09-29,
NIFTY_TOTAL_MARKET,SUNDARMHLD,TSFINV,2025-09-30,2025-10-27,
NIFTY_TOTAL_MARKET,THELEELA,THELEELA,2025-09-30,,
NIFTY_TOTAL_MARKET,THYROCARE,THYROCARE,2025-09-30,,
NIFTY_TOTAL_MARKET,V2RETAIL,V2RETAIL,2025-09-30,,
NIFTY_TOTAL_MARKET,VINATIORGA,VINATIORGA,2025-09-30,2026-03-29,
NIFTY_TOTAL_MARKET,WAAREERTL,WAAREERTL,2025-09-30,,
NIFTY_TOTAL_MARKET,RATNAMANI,RATNAMANI,2025-10-28,2026-03-29,
NIFTY_TOTAL_MARKET,TSFINV,TSFINV,2025-10-28,2026-09-29,
NIFTY_TOTAL_MARKET,BOSCH-HCIL,BOSCH-HCIL,2025-12-26,2026-03-29,
NIFTY_TOTAL_MARKET,KANSAINER,KANSAINER,2025-12-26,,
NIFTY_TOTAL_MARKET,JSWCEMENT,JSWCEMENT,2025-12-31,,
NIFTY_TOTAL_MARKET,AEQUS,AEQUS,2026-03-30,,
NIFTY_TOTAL_MARKET,ANTHEM,ANTHEM,2026-03-30,,
NIFTY_TOTAL_MARKET,APOLLO,APOLLO,2026-03-30,,
NIFTY_TOTAL_MARKET,ASHAPURMIN,ASHAPURMIN,2026-03-30,,
NIFTY_TOTAL_MARKET,ATLANTAELE,ATLANTAELE,2026-03-30,,
NIFTY_TOTAL_MARKET,AVL,AVL,2026-03-30,,
NIFTY_TOTAL_MARKET,AXISCADES,AXISCADES,2026-03-30,,
NIFTY_TOTAL_MARKET,BBOX,BBOX,2026-03-30,,
NIFTY_TOTAL_MARKET,BLUESTONE,BLUESTONE,2026-03-30,,
NIFTY_TOTAL_MARKET,CANHLIFE,CANHLIFE,2026-03-30,,
NIFTY_TOTAL_MARKET,CAPILLARY,CAPILLARY,2026-03-30,,
NIFTY_TOTAL_MARKET,CCAVENUE,CCAVENUE,2026-03-30,,
NIFTY_TOTAL_MARKET,CORONA,CORONA,2026-03-30,2026-09-29,
NIFTY_TOTAL_MARKET,CPPLUS,CPPLUS,2026-03-30,,
NIFTY_TOTAL_MARKET,CRAMC,CRAMC,2026-03-30,,
NIFTY_TOTAL_MARKET,CRIZAC,CRIZAC,2026-03-30,2026-09-29,
NIFTY_TOTAL_MARKET,CUPID,CUPID,2026-03-30,,
NIFTY_TOTAL_MARKET,ELLEN,ELLEN,2026-03-30,,
NIFTY_TOTAL_MARKET,EMMVEE,EMMVEE,2026-03-30,,
NIFTY_TOTAL_MARKET,FEDFINA,FEDFINA,2026-03-30,,
NIFTY_TOTAL_MARKET,GOKULAGRO,GOKULAGRO,2026-03-30,,
NIFTY_TOTAL_MARKET,GROWW,GROWW,2026-03-30,,
NIFTY_TOTAL_MARKET,HDBFS,HDBFS,2026-03-30,,
NIFTY_TOTAL_MARKET,ICICIAMC,ICICIAMC,2026-03-30,,
NIFTY_TOTAL_MARKET,JAINREC,JAINREC,2026-03-30,,
NIFTY_TOTAL_MARKET,JAYNECOIND,JAYNECOIND,2026-03-30,,
NIFTY_TOTAL_MARKET,JLHL,JLHL,2026-03-30,2026-09-29,
NIFTY_TOTAL_MARKET,JSLL,JSLL,2026-03-30,,
NIFTY_TOTAL_MARKET,LENSKART,LENSKART,2026-03-30,,
NIFTY_TOTAL_MARKET,LGEINDIA,LGEINDIA,2026-03-30,,
NIFTY_TOTAL_MARKET,LOTUSDEV,LOTUSDEV,2026-03-30,,
NIFTY_TOTAL_MARKET,LTM,LTM,2026-03-30,,
NIFTY_TOTAL_MARKET,MEESHO,MEESHO,2026-03-30,,
NIFTY_TOTAL_MARKET,ORKLAINDIA,ORKLAINDIA,2026-03-30,2026-09-29,
NIFTY_TOTAL_MARKET,PARKHOSPS,PARKHOSPS,2026-03-30,,
NIFTY_TOTAL_MARKET,PFOCUS,PFOCUS,2026-03-30,,
NIFTY_TOTAL_MARKET,PICCADIL,PICCADIL,2026-03-30,,
NIFTY_TOTAL_MARKET,PINELABS,PINELABS,2026-03-30,,
NIFTY_TOTAL_MARKET,PIRAMALFIN,PIRAMALFIN,2026-03-30,,INFERRED_MERGER_SUCCESSOR
NIFTY_TOTAL_MARKET,PWL,PWL,2026-03-30,,
NIFTY_TOTAL_MARKET,QPOWER,QPOWER,2026-03-30,,
NIFTY_TOTAL_MARKET,REDTAPE,REDTAPE,2026-03-30,2026-09-29,
NIFTY_TOTAL_MARKET,RUBICON,RUBICON,2026-03-30,,
NIFTY_TOTAL_MARKET,SAATVIKGL,SAATVIKGL,2026-03-30,2026-09-29,
NIFTY_TOTAL_MARKET,SKFINDIA,SKFINDIA,2026-03-30,2026-09-29,
NIFTY_TOTAL_MARKET,SKFINDUS,SKFINDUS,2026-03-30,2026-09-29,
NIFTY_TOTAL_MARKET,SMARTWORKS,SMARTWORKS,2026-03-30,2026-09-29,
NIFTY_TOTAL_MARKET,SMLMAH,SMLMAH,2026-03-30,,
NIFTY_TOTAL_MARKET,SPLPETRO,SPLPETRO,2026-03-30,,
NIFTY_TOTAL_MARKET,STYL,STYL,2026-03-30,2026-09-29,
NIFTY_TOTAL_MARKET,SUDEEPPHRM,SUDEEPPHRM,2026-03-30,,
NIFTY_TOTAL_MARKET,TATACAP,TATACAP,2026-03-30,,
NIFTY_TOTAL_MARKET,TENNIND,TENNIND,2026-03-30,,
NIFTY_TOTAL_MARKET,TMB,TMB,2026-03-30,,
NIFTY_TOTAL_MARKET,TMCV,TMCV,2026-03-30,,
NIFTY_TOTAL_MARKET,TRAVELFOOD,TRAVELFOOD,2026-03-30,2026-09-29,
NIFTY_TOTAL_MARKET,URBANCO,URBANCO,2026-03-30,,
NIFTY_TOTAL_MARKET,UTLSOLAR,UTLSOLAR,2026-03-30,,
NIFTY_TOTAL_MARKET,VIKRAMSOLR,VIKRAMSOLR,2026-03-30,,
NIFTY_TOTAL_MARKET,VIYASH,VIYASH,2026-03-30,,
NIFTY_TOTAL_MARKET,WAKEFIT,WAKEFIT,2026-03-30,,
NIFTY_TOTAL_MARKET,WEWORK,WEWORK,2026-03-30,,
NIFTY_TOTAL_MARKET,JSWDULUX,JSWDULUX,2026-05-12,2026-09-29,
NIFTY_TOTAL_MARKET,RATNAMANI,RATNAMANI,2026-05-12,,
NIFTY_TOTAL_MARKET,SANOFICONR,SANOFICONR,2026-05-15,2026-09-29,
NIFTY_TOTAL_MARKET,GRINDWELL,GRINDWELL,2026-07-17,,
NIFTY_TOTAL_MARKET,AEROFLEX,AEROFLEX,2026-09-30,,
NIFTY_TOTAL_MARKET,AMAGI,AMAGI,2026-09-30,,
NIFTY_TOTAL_MARKET,BAGMANE,BAGMANE,2026-09-30,,
NIFTY_TOTAL_MARKET,BAJAJCON,BAJAJCON,2026-09-30,,
NIFTY_TOTAL_MARKET,BHARATCOAL,BHARATCOAL,2026-09-30,,
NIFTY_TOTAL_MARKET,BIRET,BIRET,2026-09-30,,
NIFTY_TOTAL_MARKET,CEIGALL,CEIGALL,2026-09-30,,
NIFTY_TOTAL_MARKET,CENTUM,CENTUM,2026-09-30,,
NIFTY_TOTAL_MARKET,CLEANMAX,CLEANMAX,2026-09-30,,
NIFTY_TOTAL_MARKET,CMPDI,CMPDI,2026-09-30,,
NIFTY_TOTAL_MARKET,CMRGREEN,CMRGREEN,2026-09-30,,
NIFTY_TOTAL_MARKET,E2E,E2E,2026-09-30,,
NIFTY_TOTAL_MARKET,EBGNG,EBGNG,2026-09-30,,
NIFTY_TOTAL_MARKET,EMBASSY,EMBASSY,2026-09-30,,
NIFTY_TOTAL_MARKET,FRACTAL,FRACTAL,2026-09-30,,
NIFTY_TOTAL_MARKET,GENUSPOWER,GENUSPOWER,2026-09-30,,
NIFTY_TOTAL_MARKET,GOLDIAM,GOLDIAM,2026-09-30,,
NIFTY_TOTAL_MARKET,GUJALKALI,GUJALKALI,2026-09-30,,
NIFTY_TOTAL_MARKET,HAPPYFORGE,HAPPYFORGE,2026-09-30,,
NIFTY_TOTAL_MARKET,HEGAM,HEGAM,2026-09-30,,
NIFTY_TOTAL_MARKET,KISSHT,KISSHT,2026-09-30,,
NIFTY_TOTAL_MARKET,KMEW,KMEW,2026-09-30,,
NIFTY_TOTAL_MARKET,KWIL,KWIL,2026-09-30,,
NIFTY_TOTAL_MARKET,LUMAXIND,LUMAXIND,2026-09-30,,
NIFTY_TOTAL_MARKET,MBAPL,MBAPL,2026-09-30,,
NIFTY_TOTAL_MARKET,NEPHROPLUS,NEPHROPLUS,2026-09-30,,
NIFTY_TOTAL_MARKET,NORTHARC,NORTHARC,2026-09-30,,
NIFTY_TOTAL_MARKET,OMNI,OMNI,2026-09-30,,
NIFTY_TOTAL_MARKET,PAISALO,PAISALO,2026-09-30,,
NIFTY_TOTAL_MARKET,PDSL,PDSL,2026-09-30,,
NIFTY_TOTAL_MARKET,PGHL,PGHL,2026-09-30,,
NIFTY_TOTAL_MARKET,POWERICA,POWERICA,2026-09-30,,
NIFTY_TOTAL_MARKET,PRECWIRE,PRECWIRE,2026-09-30,,
NIFTY_TOTAL_MARKET,RESPONIND,RESPONIND,2026-09-30,,
NIFTY_TOTAL_MARKET,SEDEMAC,SEDEMAC,2026-09-30,,
NIFTY_TOTAL_MARKET,SENORES,SENORES,2026-09-30,,
NIFTY_TOTAL_MARKET,SGMART,SGMART,2026-09-30,,
NIFTY_TOTAL_MARKET,SHADOWFAX,SHADOWFAX,2026-09-30,,
NIFTY_TOTAL_MARKET,SHILCTECH,SHILCTECH,2026-09-30,,
NIFTY_TOTAL_MARKET,SHREEJISPG,SHREEJISPG,2026-09-30,,
NIFTY_TOTAL_MARKET,SIGMAADV,SIGMAADV,2026-09-30,,
NIFTY_TOTAL_MARKET,SJS,SJS,2026-09-30,,
NIFTY_TOTAL_MARKET,STYLAMIND,STYLAMIND,2026-09-30,,
NIFTY_TOTAL_MARKET,SUNDRMFAST,SUNDRMFAST,2026-09-30,,
NIFTY_TOTAL_MARKET,SUNFLAG,SUNFLAG,2026-09-30,,
NIFTY_TOTAL_MARKET,SUVEN,SUVEN,2026-09-30,,
NIFTY_TOTAL_MARKET,TIMEX,TIMEX,2026-09-30,,
NIFTY_TOTAL_MARKET,TTKPRESTIG,TTKPRESTIG,2026-09-30,,
NIFTY_TOTAL_MARKET,UNIMECH,UNIMECH,2026-09-30,,
NIFTY_TOTAL_MARKET,VAML,VAML,2026-09-30,,
NIFTY_TOTAL_MARKET,VEDPOWER,VEDPOWER,2026-09-30,,
NIFTY_TOTAL_MARKET,VESUVIUS,VESUVIUS,2026-09-30,,
NIFTY_TOTAL_MARKET,VISL,VISL,2026-09-30,,
NIFTY_TOTAL_MARKET,VOGL,VOGL,2026-09-30,,
