index,result,nse_date,action,nse_name,reconstruction_date,symbol
NIFTY_50,match,2010-04-08,IN,Kotak Mahindra Bank Ltd.,2010-04-08,KOTAKBANK
NIFTY_50,match,2010-04-08,OUT,Grasim Industries Ltd.,2010-04-08,GRASIM
NIFTY_50,match,2010-10-01,IN,Sesa Goa Limited,2010-10-01,SESAGOA
NIFTY_50,match,2010-10-01,IN,Dr. Reddy's Laboratories Ltd.,2010-10-01,DRREDDY
NIFTY_50,match,2010-10-01,IN,Bajaj Auto Ltd.,2010-10-01,BAJAJ-AUTO
NIFTY_50,match,2010-10-01,OUT,Unitech Ltd.,2010-10-01,UNITECH
NIFTY_50,match,2010-10-01,OUT,Idea Cellular Ltd.,2010-10-01,IDEA
NIFTY_50,match,2010-10-01,OUT,ABB India Ltd.,2010-10-01,ABB
NIFTY_50,match,2011-03-25,IN,Grasim Industries Ltd.,2011-03-25,GRASIM
NIFTY_50,match,2011-03-25,OUT,Suzlon Energy Ltd.,2011-03-25,SUZLON
NIFTY_50,match,2011-10-10,IN,Coal India Ltd.,2011-10-10,COALINDIA
NIFTY_50,match,2011-10-10,OUT,Reliance Capital Ltd.,2011-10-10,RELCAPITAL
NIFTY_50,match,2012-04-27,IN,Asian Paints Ltd.,2012-04-27,ASIANPAINT
NIFTY_50,match,2012-04-27,IN,Bank of Baroda,2012-04-27,BANKBARODA
NIFTY_50,match,2012-04-27,OUT,Reliance Communications Ltd.,2012-04-27,RCOM
NIFTY_50,match,2012-04-27,OUT,Reliance Power Ltd.,2012-04-27,RPOWER
NIFTY_50,match,2012-09-28,IN,Lupin Ltd.,2012-09-28,LUPIN
NIFTY_50,match,2012-09-28,IN,UltraTech Cement Ltd.,2012-09-28,ULTRACEMCO
NIFTY_50,match,2012-09-28,OUT,Steel Authority of India Ltd.,2012-09-28,SAIL
NIFTY_50,match,2012-09-28,OUT,Sterlite Industries (India) Ltd.,2012-09-28,STER
NIFTY_50,match,2013-04-01,IN,IndusInd Bank Ltd.,2013-04-01,INDUSINDBK
NIFTY_50,match,2013-04-01,IN,NMDC Ltd.,2013-04-01,NMDC
NIFTY_50,match,2013-04-01,OUT,Siemens Ltd.,2013-04-01,SIEMENS
NIFTY_50,match,2013-04-01,OUT,Wipro Ltd.,2013-04-01,WIPRO
NIFTY_50,match,2013-09-27,IN,Wipro Ltd.,2013-09-27,WIPRO
NIFTY_50,match,2013-09-27,OUT,Reliance Infrastructure Ltd.,2013-09-27,RELINFRA
NIFTY_50,match,2014-03-28,OUT,Jaiprakash Associates Ltd.,2014-03-28,JPASSOCIAT
NIFTY_50,match,2014-03-28,OUT,Ranbaxy Laboratories Ltd.,2014-03-28,RANBAXY
NIFTY_50,match,2014-03-28,IN,Tech Mahindra Ltd.,2014-03-28,TECHM
NIFTY_50,match,2014-03-28,IN,United Spirits Ltd.,2014-03-28,MCDOWELL-N
NIFTY_50,match,2014-09-19,OUT,United Spirits Ltd.,2014-09-19,MCDOWELL-N
NIFTY_50,match,2014-09-19,IN,Zee Entertainment Enterprises Ltd.,2014-09-19,ZEEL
NIFTY_50,match,2015-03-27,OUT,DLF Ltd.,2015-03-27,DLF
NIFTY_50,match,2015-03-27,OUT,Jindal Steel & Power Ltd.,2015-03-27,JINDALSTEL
NIFTY_50,match,2015-03-27,IN,Idea Cellular Ltd.,2015-03-27,IDEA
NIFTY_50,match,2015-03-27,IN,Yes Bank Ltd.,2015-03-27,YESBANK
NIFTY_50,match,2015-05-29,OUT,IDFC Ltd,2015-05-29,IDFC
NIFTY_50,match,2015-05-29,IN,Bosch Ltd.,2015-05-29,BOSCHLTD
NIFTY_50,match,2015-09-28,OUT,NMDC Ltd.,2015-09-28,NMDC
NIFTY_50,match,2015-09-28,IN,Adani Ports and Special Economic Zone Ltd.,2015-09-28,ADANIPORTS
NIFTY_50,match,2016-04-01,OUT,Cairn India Ltd.,2016-04-01,CAIRN
NIFTY_50,match,2016-04-01,OUT,Punjab National Bank,2016-04-01,PNB
NIFTY_50,match,2016-04-01,OUT,Vedanta Ltd.,2016-04-01,VEDL
NIFTY_50,match,2016-04-01,IN,Aurobindo Pharma Ltd.,2016-04-01,AUROPHARMA
NIFTY_50,match,2016-04-01,IN,Bharti Infratel Ltd.,2016-04-01,INFRATEL
NIFTY_50,match,2016-04-01,IN,Eicher Motors Ltd.,2016-04-01,EICHERMOT
NIFTY_50,match,2016-04-01,IN,Tata Motors Ltd DVR,2016-04-01,TATAMTRDVR
NIFTY_50,match,2017-03-31,OUT,Bharat Heavy Electricals Ltd.,2017-03-31,BHEL
NIFTY_50,match,2017-03-31,OUT,Idea Cellular Ltd.,2017-03-31,IDEA
NIFTY_50,match,2017-03-31,IN,Indiabulls Housing Finance Ltd.,2017-03-31,IBULHSGFIN
NIFTY_50,match,2017-03-31,IN,Indian Oil Corporation Ltd.,2017-03-31,IOC
NIFTY_50,match,2017-05-26,OUT,Grasim Industries Ltd.,2017-05-26,GRASIM
NIFTY_50,match,2017-05-26,IN,Vedanta Ltd.,2017-05-26,VEDL
NIFTY_50,match,2017-09-29,OUT,ACC Ltd.,2017-09-29,ACC
NIFTY_50,match,2017-09-29,OUT,Bank of Baroda,2017-09-29,BANKBARODA
NIFTY_50,match,2017-09-29,OUT,Tata Motors Ltd DVR,2017-09-29,TATAMTRDVR
NIFTY_50,match,2017-09-29,OUT,Tata Power Co. Ltd.,2017-09-29,TATAPOWER
NIFTY_50,match,2017-09-29,IN,Bajaj Finance Ltd.,2017-09-29,BAJFINANCE
NIFTY_50,match,2017-09-29,IN,Hindustan Petroleum Corporation Ltd.,2017-09-29,HINDPETRO
NIFTY_50,match,2017-09-29,IN,UPL Ltd.,2017-09-29,UPL
NIFTY_50,match,2018-04-02,OUT,Ambuja Cements Ltd.,2018-04-02,AMBUJACEM
NIFTY_50,match,2018-04-02,OUT,Aurobindo Pharma Ltd.,2018-04-02,AUROPHARMA
NIFTY_50,match,2018-04-02,OUT,Bosch Ltd.,2018-04-02,BOSCHLTD
NIFTY_50,match,2018-04-02,IN,Bajaj Finserv Ltd.,2018-04-02,BAJAJFINSV
NIFTY_50,match,2018-04-02,IN,Grasim Industries Ltd.,2018-04-02,GRASIM
NIFTY_50,match,2018-04-02,IN,Titan Company Ltd.,2018-04-02,TITAN
NIFTY_50,match,2018-09-28,OUT,Lupin Ltd.,2018-09-28,LUPIN
NIFTY_50,match,2018-09-28,IN,JSW Steel Ltd.,2018-09-28,JSWSTEEL
NIFTY_50,match,2019-03-29,OUT,Hindustan Petroleum Corporation Ltd.,2019-03-29,HINDPETRO
NIFTY_50,match,2019-03-29,IN,Britannia Industries Ltd.,2019-03-29,BRITANNIA
NIFTY_50,match,2019-09-27,OUT,Indiabulls Housing Finance Ltd.,2019-09-27,IBULHSGFIN
NIFTY_50,match,2019-09-27,IN,Nestle India Ltd.,2019-09-27,NESTLEIND
NIFTY_50,match,2020-03-19,IN,Shree Cement Ltd.,2020-03-19,SHREECEM
NIFTY_50,match,2020-03-19,OUT,Yes Bank Ltd.,2020-03-19,YESBANK
NIFTY_50,match,2020-07-31,OUT,Vedanta Ltd.,2020-07-31,VEDL
NIFTY_50,match,2020-07-31,IN,HDFC Life Insurance Company Ltd.,2020-07-31,HDFCLIFE
NIFTY_NEXT_50,match,2010-04-08,OUT,Kotak Mahindra Bank Ltd.,2010-04-08,KOTAKBANK
NIFTY_NEXT_50,match,2010-04-08,OUT,Moser Baer India Ltd.,2010-04-08,MOSERBAER
NIFTY_NEXT_50,match,2010-04-08,IN,Punj Lloyd Ltd.,2010-04-08,PUNJLLOYD
NIFTY_NEXT_50,match,2010-04-08,IN,Torrent Power Ltd.,2010-04-08,TORNTPOWER
NIFTY_NEXT_50,match,2010-10-01,OUT,Bajaj Auto Ltd.,2010-10-01,BAJAJ-AUTO
NIFTY_NEXT_50,match,2010-10-01,OUT,Dr. Reddy's Laboratories Ltd.,2010-10-01,DRREDDY
NIFTY_NEXT_50,match,2010-10-01,IN,Grasim Industries Ltd.,2010-10-01,GRASIM
NIFTY_NEXT_50,match,2010-10-01,IN,Rural Electrification Corporation Ltd.,2010-10-01,RECLTD
NIFTY_NEXT_50,match,2010-10-01,OUT,Sesa Goa Ltd.,2010-10-01,SESAGOA
NIFTY_NEXT_50,match,2010-10-01,IN,Shriram Transport Finance Co. Ltd.,2010-10-01,SRTRANSFIN
NIFTY_NEXT_50,match,2010-10-01,OUT,Tata Teleservices (Maharashtra) Ltd.,2010-10-01,TTML
NIFTY_NEXT_50,match,2010-10-01,IN,Yes Bank Ltd.,2010-10-01,YESBANK
NIFTY_NEXT_50,match,2010-10-07,IN,Exide Industries Ltd.,2010-10-07,EXIDEIND
NIFTY_NEXT_50,match,2010-10-07,OUT,Reliance Natural Resources Ltd.,2010-10-07,RNRL
NIFTY_NEXT_50,match,2010-10-07,IN,Tata Chemicals Ltd.,2010-10-07,TATACHEM
NIFTY_NEXT_50,match,2010-10-07,OUT,Zee Entertainment Enterprises Ltd.,2010-10-07,ZEEL
NIFTY_NEXT_50,match,2011-03-25,OUT,Corporation Bank,2011-03-25,CORPBANK
NIFTY_NEXT_50,match,2011-03-25,OUT,Grasim Industries Ltd.,2011-03-25,GRASIM
NIFTY_NEXT_50,match,2011-03-25,OUT,Mangalore Refinery & Petrochemicals Ltd.,2011-03-25,MRPL
NIFTY_NEXT_50,match,2011-03-25,IN,IndusInd Bank Ltd.,2011-03-25,INDUSINDBK
NIFTY_NEXT_50,match,2011-03-25,IN,Titan Industries Ltd.,2011-03-25,TITAN
NIFTY_NEXT_50,match,2011-03-25,IN,Zee Entertainment Enterprises Ltd.,2011-03-25,ZEEL
NIFTY_NEXT_50,match,2011-04-21,OUT,Indiabulls Real Estate Ltd.,2011-04-21,IBREALEST
NIFTY_NEXT_50,match,2011-04-21,IN,Coal India Ltd.,2011-04-21,COALINDIA
NIFTY_NEXT_50,match,2011-10-10,OUT,Punj Lloyd Ltd.,2011-10-10,PUNJLLOYD
NIFTY_NEXT_50,match,2011-10-10,OUT,Patni Computer Systems Ltd,2011-10-10,PATNI
NIFTY_NEXT_50,match,2011-10-10,OUT,Coal India Ltd.,2011-10-10,COALINDIA
NIFTY_NEXT_50,match,2011-10-10,OUT,Syndicate Bank,2011-10-10,SYNDIBANK
NIFTY_NEXT_50,match,2011-10-10,IN,Bosch Ltd.,2011-10-10,BOSCHLTD
NIFTY_NEXT_50,match,2011-10-10,IN,Dabur India Ltd.,2011-10-10,DABUR
NIFTY_NEXT_50,match,2011-10-10,IN,Idea Cellular Ltd.,2011-10-10,IDEA
NIFTY_NEXT_50,match,2011-10-10,IN,Reliance Capital Ltd.,2011-10-10,RELCAPITAL
NIFTY_NEXT_50,match,2012-04-27,OUT,Asian Paints Ltd.,2012-04-27,ASIANPAINT
NIFTY_NEXT_50,match,2012-04-27,OUT,Bank of Baroda,2012-04-27,BANKBARODA
NIFTY_NEXT_50,match,2012-04-27,IN,Divi's Laboratories Ltd.,2012-04-27,DIVISLAB
NIFTY_NEXT_50,match,2012-04-27,IN,GlaxoSmithkline Consumer Healthcare Ltd.,2012-04-27,GSKCONS
NIFTY_NEXT_50,match,2012-04-27,OUT,Housing Development and Infrastructure Ltd.,2012-04-27,HDIL
NIFTY_NEXT_50,match,2012-04-27,OUT,IFCI Ltd.,2012-04-27,IFCI
NIFTY_NEXT_50,match,2012-04-27,OUT,Indian Overseas Bank,2012-04-27,IOB
NIFTY_NEXT_50,match,2012-04-27,IN,Petronet LNG Ltd.,2012-04-27,PETRONET
NIFTY_NEXT_50,match,2012-04-27,IN,Reliance Communications Ltd.,2012-04-27,RCOM
NIFTY_NEXT_50,match,2012-04-27,IN,Reliance Power Ltd.,2012-04-27,RPOWER
NIFTY_NEXT_50,match,2012-09-28,OUT,Andhra Bank,2012-09-28,ANDHRABANK
NIFTY_NEXT_50,match,2012-09-28,IN,Bajaj Holdings & Investment Ltd.,2012-09-28,BAJAJHLDNG
NIFTY_NEXT_50,match,2012-09-28,OUT,Bharat Electronics Ltd.,2012-09-28,BEL
NIFTY_NEXT_50,match,2012-09-28,IN,Godrej Consumer Products Ltd.,2012-09-28,GODREJCP
NIFTY_NEXT_50,match,2012-09-28,OUT,Lupin Ltd.,2012-09-28,LUPIN
NIFTY_NEXT_50,match,2012-09-28,IN,Steel Authority of India Ltd.,2012-09-28,SAIL
NIFTY_NEXT_50,match,2012-09-28,OUT,UltraTech Cement Ltd.,2012-09-28,ULTRACEMCO
NIFTY_NEXT_50,match,2013-04-01,IN,Bajaj Finserv Ltd.,2013-04-01,BAJAJFINSV
NIFTY_NEXT_50,match,2013-04-01,OUT,Biocon Ltd.,2013-04-01,BIOCON
NIFTY_NEXT_50,match,2013-04-01,OUT,GMR Infrastructure Ltd.,2013-04-01,GMRINFRA
NIFTY_NEXT_50,match,2013-04-01,OUT,IndusInd Bank Ltd.,2013-04-01,INDUSINDBK
NIFTY_NEXT_50,match,2013-04-01,IN,Siemens Ltd.,2013-04-01,SIEMENS
NIFTY_NEXT_50,match,2013-04-01,IN,Tata Global Beverages Ltd.,2013-04-01,TATAGLOBAL
NIFTY_NEXT_50,match,2013-04-01,OUT,Torrent Power Ltd.,2013-04-01,TORNTPOWER
NIFTY_NEXT_50,match,2013-04-01,IN,United Breweries Ltd.,2013-04-01,UBL
NIFTY_NEXT_50,match,2013-09-27,OUT,Ashok Leyland Ltd.,2013-09-27,ASHOKLEY
NIFTY_NEXT_50,match,2013-09-27,OUT,Indian Hotels Co. Ltd.,2013-09-27,INDHOTEL
NIFTY_NEXT_50,match,2013-09-27,IN,Mahindra & Mahindra Financial Services Ltd.,2013-09-27,M&MFIN
NIFTY_NEXT_50,match,2013-09-27,IN,Oil India Ltd.,2013-09-27,OIL
NIFTY_NEXT_50,match,2014-03-28,IN,Bharti Infratel Ltd.,2014-03-28,INFRATEL
NIFTY_NEXT_50,match,2014-03-28,OUT,IDBI Bank Ltd.,2014-03-28,IDBI
NIFTY_NEXT_50,match,2014-03-28,IN,ING Vysya Bank Ltd.,2014-03-28,INGVYSYABK
NIFTY_NEXT_50,match,2014-03-28,IN,Ranbaxy Laboratories Ltd.,2014-03-28,RANBAXY
NIFTY_NEXT_50,match,2014-03-28,OUT,Tech Mahindra Ltd.,2014-03-28,TECHM
NIFTY_NEXT_50,match,2014-03-28,OUT,United Spirits Ltd.,2014-03-28,MCDOWELL-N
NIFTY_NEXT_50,match,2014-09-19,IN,Aurobindo Pharma Ltd.,2014-09-19,AUROPHARMA
NIFTY_NEXT_50,match,2014-09-19,IN,Motherson Sumi Systems Ltd.,2014-09-19,MOTHERSUMI
NIFTY_NEXT_50,match,2014-09-19,OUT,MphasiS Ltd.,2014-09-19,MPHASIS
NIFTY_NEXT_50,match,2014-09-19,OUT,Zee Entertainment Enterprises Ltd.,2014-09-19,ZEEL
NIFTY_NEXT_50,match,2014-11-28,IN,Reliance Infrastructure Ltd.,2014-11-28,RELINFRA
NIFTY_NEXT_50,match,2014-11-28,OUT,Ranbaxy Laboratories Ltd.,2014-11-28,RANBAXY
NIFTY_NEXT_50,match,2015-02-02,IN,Eicher Motors Ltd.,2015-02-02,EICHERMOT
NIFTY_NEXT_50,match,2015-02-02,OUT,ING Vysya Bank Ltd.,2015-02-02,INGVYSYABK
NIFTY_NEXT_50,match,2015-03-27,OUT,Idea Cellular Ltd.,2015-03-27,IDEA
NIFTY_NEXT_50,match,2015-03-27,OUT,Yes Bank Ltd.,2015-03-27,YESBANK
NIFTY_NEXT_50,match,2015-03-27,IN,Indiabulls Housing Finance Ltd.,2015-03-27,IBULHSGFIN
NIFTY_NEXT_50,match,2015-03-27,IN,United Spirits Ltd.,2015-03-27,MCDOWELL-N
NIFTY_NEXT_50,match,2015-05-29,OUT,Adani Enterprises Ltd.,2015-05-29,ADANIENT
NIFTY_NEXT_50,match,2015-05-29,OUT,Bosch Ltd.,2015-05-29,BOSCHLTD
NIFTY_NEXT_50,match,2015-05-29,IN,Britannia Industries Ltd.,2015-05-29,BRITANNIA
NIFTY_NEXT_50,match,2015-05-29,IN,MRF Ltd.,2015-05-29,MRF
NIFTY_NEXT_50,match,2015-09-28,OUT,Adani Ports and Special Economic Zone Ltd.,2015-09-28,ADANIPORTS
NIFTY_NEXT_50,match,2015-09-28,OUT,Reliance Power Ltd.,2015-09-28,RPOWER
NIFTY_NEXT_50,match,2015-09-28,OUT,Union Bank of India,2015-09-28,UNIONBANK
NIFTY_NEXT_50,match,2015-09-28,OUT,Crompton Greaves Ltd.,2015-09-28,CROMPGREAV
NIFTY_NEXT_50,match,2015-09-28,IN,Marico Ltd.,2015-09-28,MARICO
NIFTY_NEXT_50,match,2015-09-28,IN,NMDC Ltd.,2015-09-28,NMDC
NIFTY_NEXT_50,match,2015-09-28,IN,Sundaram Finance Ltd.,2015-09-28,SUNDARMFIN
NIFTY_NEXT_50,match,2015-09-28,IN,Ashok Leyland Ltd.,2015-09-28,ASHOKLEY
NIFTY_NEXT_50,match,2015-10-19,OUT,Aditya Birla Nuvo Ltd.,2015-10-19,ABIRLANUVO
NIFTY_NEXT_50,match,2015-10-19,IN,Indian Oil Corporation Ltd.,2015-10-19,IOC
NIFTY_NEXT_50,match,2016-04-01,OUT,Aurobindo Pharma Ltd.,2016-04-01,AUROPHARMA
NIFTY_NEXT_50,match,2016-04-01,OUT,Bajaj Holdings & Investment Ltd.,2016-04-01,BAJAJHLDNG
NIFTY_NEXT_50,match,2016-04-01,OUT,Bank of India,2016-04-01,BANKINDIA
NIFTY_NEXT_50,match,2016-04-01,OUT,Bharti Infratel Ltd.,2016-04-01,INFRATEL
NIFTY_NEXT_50,match,2016-04-01,OUT,Canara Bank,2016-04-01,CANBK
NIFTY_NEXT_50,match,2016-04-01,OUT,Eicher Motors Ltd.,2016-04-01,EICHERMOT
NIFTY_NEXT_50,match,2016-04-01,OUT,Exide Industries Ltd.,2016-04-01,EXIDEIND
NIFTY_NEXT_50,match,2016-04-01,OUT,Federal Bank Ltd.,2016-04-01,FEDERALBNK
NIFTY_NEXT_50,match,2016-04-01,OUT,Mahindra & Mahindra Financial Services Ltd.,2016-04-01,M&MFIN
NIFTY_NEXT_50,match,2016-04-01,OUT,MRF Ltd.,2016-04-01,MRF
NIFTY_NEXT_50,match,2016-04-01,OUT,Petronet LNG Ltd.,2016-04-01,PETRONET
NIFTY_NEXT_50,match,2016-04-01,OUT,Reliance Capital Ltd.,2016-04-01,RELCAPITAL
NIFTY_NEXT_50,match,2016-04-01,OUT,Reliance Infrastructure Ltd.,2016-04-01,RELINFRA
NIFTY_NEXT_50,match,2016-04-01,OUT,Sundaram Finance Ltd.,2016-04-01,SUNDARMFIN
NIFTY_NEXT_50,match,2016-04-01,OUT,Tata Chemicals Ltd.,2016-04-01,TATACHEM
NIFTY_NEXT_50,match,2016-04-01,OUT,Tata Global Beverages Ltd.,2016-04-01,TATAGLOBAL
NIFTY_NEXT_50,match,2016-04-01,IN,ABB India Ltd.,2016-04-01,ABB
NIFTY_NEXT_50,match,2016-04-01,IN,Bajaj Finance Ltd.,2016-04-01,BAJFINANCE
NIFTY_NEXT_50,match,2016-04-01,IN,Bharat Electronics Ltd.,2016-04-01,BEL
NIFTY_NEXT_50,match,2016-04-01,IN,Cadila Healthcare Ltd.,2016-04-01,CADILAHC
NIFTY_NEXT_50,match,2016-04-01,IN,Cairn India Ltd.,2016-04-01,CAIRN
NIFTY_NEXT_50,match,2016-04-01,IN,Castrol India Ltd.,2016-04-01,CASTROLIND
NIFTY_NEXT_50,match,2016-04-01,IN,DLF Ltd.,2016-04-01,DLF
NIFTY_NEXT_50,match,2016-04-01,IN,Emami Ltd.,2016-04-01,EMAMILTD
NIFTY_NEXT_50,match,2016-04-01,IN,Hindustan Zinc Ltd.,2016-04-01,HINDZINC
NIFTY_NEXT_50,match,2016-04-01,IN,NHPC Ltd.,2016-04-01,NHPC
NIFTY_NEXT_50,match,2016-04-01,IN,Pidilite Industries Ltd.,2016-04-01,PIDILITIND
NIFTY_NEXT_50,match,2016-04-01,IN,Procter & Gamble Hygiene & Health Care Ltd.,2016-04-01,PGHH
NIFTY_NEXT_50,match,2016-04-01,IN,Punjab National Bank,2016-04-01,PNB
NIFTY_NEXT_50,match,2016-04-01,IN,Shree Cement Ltd.,2016-04-01,SHREECEM
NIFTY_NEXT_50,match,2016-04-01,IN,Torrent Pharmaceuticals Ltd.,2016-04-01,TORNTPHARM
NIFTY_NEXT_50,match,2016-04-01,IN,Vedanta Ltd.,2016-04-01,VEDL
NIFTY_NEXT_50,match,2016-09-30,IN,InterGlobe Aviation Ltd.,2016-09-30,INDIGO
NIFTY_NEXT_50,match,2016-09-30,IN,Piramal Enterprises Ltd.,2016-09-30,PEL
NIFTY_NEXT_50,match,2016-09-30,OUT,Reliance Communications Ltd.,2016-09-30,RCOM
NIFTY_NEXT_50,match,2016-09-30,OUT,Rural Electrification Corporation Ltd.,2016-09-30,RECLTD
NIFTY_NEXT_50,match,2016-11-15,OUT,Cairn India Ltd.,2016-11-15,CAIRN
NIFTY_NEXT_50,match,2016-11-15,IN,Havells India Ltd.,2016-11-15,HAVELLS
NIFTY_NEXT_50,match,2017-03-31,OUT,Bharat Forge Ltd.,2017-03-31,BHARATFORG
NIFTY_NEXT_50,match,2017-03-31,OUT,Castrol India Ltd.,2017-03-31,CASTROLIND
NIFTY_NEXT_50,match,2017-03-31,OUT,Indiabulls Housing Finance Ltd.,2017-03-31,IBULHSGFIN
NIFTY_NEXT_50,match,2017-03-31,OUT,Indian Oil Corporation Ltd.,2017-03-31,IOC
NIFTY_NEXT_50,match,2017-03-31,IN,Bharat Heavy Electricals Ltd.,2017-03-31,BHEL
NIFTY_NEXT_50,match,2017-03-31,IN,ICICI Prudential Life Insurance Company Ltd.,2017-03-31,ICICIPRULI
NIFTY_NEXT_50,match,2017-03-31,IN,Idea Cellular Ltd.,2017-03-31,IDEA
NIFTY_NEXT_50,match,2017-03-31,IN,Petronet LNG Ltd.,2017-03-31,PETRONET
NIFTY_NEXT_50,match,2017-03-31,IN,Rural Electrification Corporation Ltd.,2017-03-31,RECLTD
NIFTY_NEXT_50,match,2017-05-26,OUT,Vedanta Ltd.,2017-05-26,VEDL
NIFTY_NEXT_50,match,2017-05-26,IN,Sun TV Network Ltd.,2017-05-26,SUNTV
NIFTY_NEXT_50,match,2017-09-29,OUT,Bajaj Finance Ltd.,2017-09-29,BAJFINANCE
NIFTY_NEXT_50,match,2017-09-29,OUT,Divi's Laboratories Ltd.,2017-09-29,DIVISLAB
NIFTY_NEXT_50,match,2017-09-29,OUT,Hindustan Petroleum Corporation Ltd.,2017-09-29,HINDPETRO
NIFTY_NEXT_50,match,2017-09-29,OUT,United Breweries Ltd.,2017-09-29,UBL
NIFTY_NEXT_50,match,2017-09-29,OUT,UPL Ltd.,2017-09-29,UPL
NIFTY_NEXT_50,match,2017-09-29,IN,ACC Ltd.,2017-09-29,ACC
NIFTY_NEXT_50,match,2017-09-29,IN,Avenue Supermarts Ltd.,2017-09-29,DMART
NIFTY_NEXT_50,match,2017-09-29,IN,Bank of Baroda,2017-09-29,BANKBARODA
NIFTY_NEXT_50,match,2017-09-29,IN,MRF Ltd.,2017-09-29,MRF
NIFTY_NEXT_50,match,2017-09-29,IN,Tata Power Co. Ltd.,2017-09-29,TATAPOWER
NIFTY_NEXT_50,match,2018-04-02,OUT,Bajaj Finserv Ltd.,2018-04-02,BAJAJFINSV
NIFTY_NEXT_50,match,2018-04-02,OUT,Glaxosmithkline Pharmaceuticals Ltd.,2018-04-02,GLAXO
NIFTY_NEXT_50,match,2018-04-02,OUT,Glenmark Pharmaceuticals Ltd.,2018-04-02,GLENMARK
NIFTY_NEXT_50,match,2018-04-02,OUT,GlaxoSmithkline Consumer Healthcare Ltd.,2018-04-02,GSKCONS
NIFTY_NEXT_50,match,2018-04-02,OUT,Tata Power Co. Ltd.,2018-04-02,TATAPOWER
NIFTY_NEXT_50,match,2018-04-02,OUT,Titan Company Ltd.,2018-04-02,TITAN
NIFTY_NEXT_50,match,2018-04-02,OUT,Torrent Pharmaceuticals Ltd.,2018-04-02,TORNTPHARM
NIFTY_NEXT_50,match,2018-04-02,IN,Aditya Birla Capital Ltd.,2018-04-02,ABCAPITAL
NIFTY_NEXT_50,match,2018-04-02,IN,Ambuja Cements Ltd.,2018-04-02,AMBUJACEM
NIFTY_NEXT_50,match,2018-04-02,IN,Aurobindo Pharma Ltd.,2018-04-02,AUROPHARMA
NIFTY_NEXT_50,match,2018-04-02,IN,Bosch Ltd.,2018-04-02,BOSCHLTD
NIFTY_NEXT_50,match,2018-04-02,IN,General Insurance Corporation of India,2018-04-02,GICRE
NIFTY_NEXT_50,match,2018-04-02,IN,L&T Finance Holdings Ltd.,2018-04-02,L&TFH
NIFTY_NEXT_50,match,2018-04-02,IN,SBI Life Insurance Company Ltd.,2018-04-02,SBILIFE
NIFTY_NEXT_50,match,2018-09-28,OUT,Cummins India Ltd.,2018-09-28,CUMMINSIND
NIFTY_NEXT_50,match,2018-09-28,OUT,Emami Ltd.,2018-09-28,EMAMILTD
NIFTY_NEXT_50,match,2018-09-28,OUT,JSW Steel Ltd.,2018-09-28,JSWSTEEL
NIFTY_NEXT_50,match,2018-09-28,OUT,Power Finance Corporation Ltd.,2018-09-28,PFC
NIFTY_NEXT_50,match,2018-09-28,OUT,Punjab National Bank,2018-09-28,PNB
NIFTY_NEXT_50,match,2018-09-28,OUT,Rural Electrification Corporation Ltd.,2018-09-28,RECLTD
NIFTY_NEXT_50,match,2018-09-28,IN,Bandhan Bank Ltd.,2018-09-28,BANDHANBNK
NIFTY_NEXT_50,match,2018-09-28,IN,Biocon Ltd.,2018-09-28,BIOCON
NIFTY_NEXT_50,match,2018-09-28,IN,HDFC Standard Life Insurance Company Ltd.,2018-09-28,HDFCLIFE
NIFTY_NEXT_50,match,2018-09-28,IN,ICICI Lombard General Insurance Company Ltd.,2018-09-28,ICICIGI
NIFTY_NEXT_50,match,2018-09-28,IN,Lupin Ltd.,2018-09-28,LUPIN
NIFTY_NEXT_50,match,2018-09-28,IN,The New India Assurance Company Ltd.,2018-09-28,NIACL
NIFTY_NEXT_50,match,2019-03-29,OUT,Aditya Birla Capital Ltd.,2019-03-29,ABCAPITAL
NIFTY_NEXT_50,match,2019-03-29,OUT,Bharat Electronics Ltd.,2019-03-29,BEL
NIFTY_NEXT_50,match,2019-03-29,OUT,Britannia Industries Ltd.,2019-03-29,BRITANNIA
NIFTY_NEXT_50,match,2019-03-29,OUT,LIC Housing Finance Ltd.,2019-03-29,LICHSGFIN
NIFTY_NEXT_50,match,2019-03-29,OUT,Oil India Ltd.,2019-03-29,OIL
NIFTY_NEXT_50,match,2019-03-29,OUT,Sun TV Network Ltd.,2019-03-29,SUNTV
NIFTY_NEXT_50,match,2019-03-29,IN,Bajaj Holdings & Investment Ltd.,2019-03-29,BAJAJHLDNG
NIFTY_NEXT_50,match,2019-03-29,IN,Divi's Laboratories Ltd.,2019-03-29,DIVISLAB
NIFTY_NEXT_50,match,2019-03-29,IN,HDFC Asset Management Company Ltd.,2019-03-29,HDFCAMC
NIFTY_NEXT_50,match,2019-03-29,IN,Hindustan Petroleum Corporation Ltd.,2019-03-29,HINDPETRO
NIFTY_NEXT_50,match,2019-03-29,IN,Page Industries Ltd.,2019-03-29,PAGEIND
NIFTY_NEXT_50,match,2019-03-29,IN,United Breweries Ltd.,2019-03-29,UBL
NIFTY_NEXT_50,match,2019-09-27,OUT,ABB India Ltd.,2019-09-27,ABB
NIFTY_NEXT_50,match,2019-09-27,IN,Berger Paints India Ltd.,2019-09-27,BERGEPAINT
NIFTY_NEXT_50,match,2019-09-27,OUT,Bharat Heavy Electricals Ltd.,2019-09-27,BHEL
NIFTY_NEXT_50,match,2019-09-27,IN,Indiabulls Housing Finance Ltd.,2019-09-27,IBULHSGFIN
NIFTY_NEXT_50,match,2019-09-27,OUT,MRF Ltd.,2019-09-27,MRF
NIFTY_NEXT_50,match,2019-09-27,IN,Power Finance Corporation Ltd.,2019-09-27,PFC
NIFTY_NEXT_50,match,2019-09-27,IN,Punjab National Bank,2019-09-27,PNB
NIFTY_NEXT_50,match,2019-09-27,OUT,Steel Authority of India Ltd.,2019-09-27,SAIL
NIFTY_NEXT_50,match,2020-03-19,IN,Adani Transmission Ltd.,2020-03-19,ADANITRANS
NIFTY_NEXT_50,match,2020-03-19,OUT,Shree Cement Ltd.,2020-03-19,SHREECEM
NIFTY_NEXT_50,match,2020-06-26,OUT,Ashok Leyland Ltd.,2020-06-26,ASHOKLEY
NIFTY_NEXT_50,match,2020-06-26,IN,Abbott India Ltd.,2020-06-26,ABBOTINDIA
NIFTY_NEXT_50,match,2020-06-26,IN,Torrent Pharmaceuticals Ltd.,2020-06-26,TORNTPHARM
NIFTY_NEXT_50,match,2020-06-26,IN,Indraprastha Gas Ltd.,2020-06-26,IGL
NIFTY_NEXT_50,match,2020-06-26,IN,Info Edge (India) Ltd.,2020-06-26,NAUKRI
NIFTY_NEXT_50,match,2020-06-26,IN,Muthoot Finance Ltd.,2020-06-26,MUTHOOTFIN
NIFTY_NEXT_50,match,2020-06-26,OUT,L&T Finance Holdings Ltd.,2020-06-26,L&TFH
NIFTY_NEXT_50,match,2020-06-26,OUT,Indiabulls Housing Finance Ltd.,2020-06-26,IBULHSGFIN
NIFTY_NEXT_50,match,2020-06-26,OUT,The New India Assurance Company Ltd.,2020-06-26,NIACL
NIFTY_NEXT_50,match,2020-07-31,OUT,HDFC Life Insurance Company Ltd.,2020-07-31,HDFCLIFE
NIFTY_NEXT_50,match,2020-07-31,IN,SBI Cards and Payment Services Ltd.,2020-07-31,SBICARD
NIFTY_NEXT_50,match_renamed,2017-03-31,OUT,Apollo Hospitals Enterprises Ltd.,2017-03-31,APOLLOHOSP
NIFTY_NEXT_50,match_renamed,2012-09-28,IN,Apollo Hospitals Enterprises Ltd.,2012-09-28,APOLLOHOSP
NIFTY_NEXT_50,only_nse,2020-06-26,OUT,Vodafone Idea Ltd.,,
NIFTY_NEXT_50,only_reconstruction,,OUT,Idea Cellular Ltd.,2020-06-26,IDEA
NIFTY_500,match,2010-02-24,OUT,Asian Hotels (North) Ltd.,2010-02-24,ASIANHOTNR
NIFTY_500,match,2010-02-24,IN,Peninsula Land Ltd.,2010-02-24,PENINLAND
NIFTY_500,match,2010-03-09,IN,Brigade Enterprises Ltd.,2010-03-09,BRIGADE
NIFTY_500,match,2010-03-09,OUT,Kirloskar Brothers Ltd.,2010-03-09,KIRLOSBROS
NIFTY_500,match,2010-04-06,OUT,Micro Inks Ltd.,2010-04-06,MICRO
NIFTY_500,match,2010-04-06,IN,NHPC Ltd.,2010-04-06,NHPC
NIFTY_500,match,2010-04-08,IN,Banco Products (India) Ltd.,2010-04-08,BANCOINDIA
NIFTY_500,match,2010-04-08,IN,Binani Cement Ltd.,2010-04-08,BINANICEM
NIFTY_500,match,2010-04-08,OUT,Consolidated Finvest & Holdings Ltd.,2010-04-08,CONSOFINVT
NIFTY_500,match,2010-04-08,OUT,Donear Industries Ltd.,2010-04-08,DONEAR
NIFTY_500,match,2010-04-08,IN,Gammon Infrastructure Projects Ltd.,2010-04-08,GAMMNINFRA
NIFTY_500,match,2010-04-08,IN,Karuturi Global Ltd.,2010-04-08,KGL
NIFTY_500,match,2010-04-08,OUT,Mukta Arts Ltd,2010-04-08,MUKTAARTS
NIFTY_500,match,2010-04-08,OUT,Sirpur Paper Mills Ltd.,2010-04-08,SIRPAPER
NIFTY_500,match,2010-04-08,OUT,Smartlink Network Systems Ltd.,2010-04-08,SMARTLINK
NIFTY_500,match,2010-04-15,IN,Adani Power Ltd.,2010-04-15,ADANIPOWER
NIFTY_500,match,2010-04-15,IN,Oil India Ltd.,2010-04-15,OIL
NIFTY_500,match,2010-05-26,OUT,Grasim Industries Ltd.,2010-05-26,GRASIM
NIFTY_500,match,2010-05-26,IN,JSW Energy Ltd.,2010-05-26,JSWENERGY
NIFTY_500,match,2010-07-08,OUT,HSBC InvestDirect (India) Ltd.,2010-07-08,HINVDIR
NIFTY_500,match,2010-07-08,IN,Tinplate Company of India Ltd.,2010-07-08,TINPLATE
NIFTY_500,match,2010-08-31,IN,Grasim Industries Ltd.,2010-08-31,GRASIM
NIFTY_500,match,2010-08-31,OUT,Harrisons Malayalam Ltd.,2010-08-31,HARRMALAYA
NIFTY_500,match,2010-09-17,IN,Jaypee Infratech Ltd.,2010-09-17,JPINFRATEC
NIFTY_500,match,2010-09-24,IN,D B Realty Ltd.,2010-09-24,DBREALTY
NIFTY_500,match,2010-10-07,IN,Jaiprakash Power Ventures Ltd.,2010-10-07,JPPOWER
NIFTY_500,match,2010-10-07,IN,Jubilant Foodworks Ltd.,2010-10-07,JUBLFOOD
NIFTY_500,match,2010-10-07,OUT,Reliance Natural Resources Ltd.,2010-10-07,RNRL
NIFTY_500,match,2010-10-07,OUT,Zee Entertainment Enterprises Ltd.,2010-10-07,ZEEL
NIFTY_500,match,2010-11-25,OUT,Jubilant Life Sciences Ltd.,2010-11-25,JUBILANT
NIFTY_500,match,2010-11-25,IN,Sunteck Realty Ltd.,2010-11-25,SUNTECK
NIFTY_500,match,2011-01-20,IN,Hathway Cable & Datacom Ltd.,2011-01-20,HATHWAY
NIFTY_500,match,2011-01-20,OUT,Hindustan Motors Ltd.,2011-01-20,HINDMOTOR
NIFTY_500,match,2011-01-20,IN,Shree Ashtavinayak Cine Vision Ltd.,2011-01-20,SHREEASHTA
NIFTY_500,match,2011-02-08,IN,Reliance MediaWorks Ltd.,2011-02-08,RELMEDIA
NIFTY_500,match,2011-03-24,OUT,Nirma Ltd.,2011-03-24,NIRMA
NIFTY_500,match,2011-03-24,IN,Orbit Corporation Ltd.,2011-03-24,ORBITCORP
NIFTY_500,match,2011-03-25,OUT,AGC Networks Ltd.,2011-03-25,AGCNET
NIFTY_500,match,2011-03-25,OUT,Ajanta Pharmaceuticals Ltd.,2011-03-25,AJANTPHARM
NIFTY_500,match,2011-03-25,IN,Allied Digital Services Ltd.,2011-03-25,ADSL
NIFTY_500,match,2011-03-25,OUT,Asian Electronics Ltd.,2011-03-25,ASIANELEC
NIFTY_500,match,2011-03-25,IN,BGR Energy Systems Ltd,2011-03-25,BGRENERGY
NIFTY_500,match,2011-03-25,OUT,BPL Ltd.,2011-03-25,BPL
NIFTY_500,match,2011-03-25,IN,Bajaj Electricals Ltd,2011-03-25,BAJAJELEC
NIFTY_500,match,2011-03-25,IN,CORE Education & Technologies Ltd.,2011-03-25,COREPROTEC
NIFTY_500,match,2011-03-25,IN,Cox & Kings Ltd.,2011-03-25,COX&KINGS
NIFTY_500,match,2011-03-25,IN,Delta Corp Ltd.,2011-03-25,DELTACORP
NIFTY_500,match,2011-03-25,OUT,Dwarikesh Sugar Industrial Ltd.,2011-03-25,DWARKESH
NIFTY_500,match,2011-03-25,IN,Emami Ltd.,2011-03-25,EMAMILTD
NIFTY_500,match,2011-03-25,IN,Godrej Properties Ltd.,2011-03-25,GODREJPROP
NIFTY_500,match,2011-03-25,OUT,Gokaldas Exports Ltd.,2011-03-25,GOKEX
NIFTY_500,match,2011-03-25,OUT,HMT Ltd.,2011-03-25,HMT
NIFTY_500,match,2011-03-25,IN,JK Tyre & Industries Ltd..,2011-03-25,JKTYRE
NIFTY_500,match,2011-03-25,IN,Kemrock Industries and Exports Ltd.,2011-03-25,KEMROCK
NIFTY_500,match,2011-03-25,OUT,Kohinoor Foods Ltd.,2011-03-25,KOHINOOR
NIFTY_500,match,2011-03-25,OUT,Mahindra Ugine Steel Co. Ltd.,2011-03-25,MAHINDUGIN
NIFTY_500,match,2011-03-25,OUT,Mirza International Ltd.,2011-03-25,MIRZAINT
NIFTY_500,match,2011-03-25,OUT,Munjal Showa Ltd.,2011-03-25,MUNJALSHOW
NIFTY_500,match,2011-03-25,OUT,Omax Autos Ltd.,2011-03-25,OMAXAUTO
NIFTY_500,match,2011-03-25,IN,Opto Circuits (I) Ltd.,2011-03-25,OPTOCIRCUI
NIFTY_500,match,2011-03-25,IN,Orissa Min Dev Co Ltd.,2011-03-25,ORISSAMINE
NIFTY_500,match,2011-03-25,OUT,PVP Ventures Ltd.,2011-03-25,PVP
NIFTY_500,match,2011-03-25,OUT,Pearl Global Industries Ltd.,2011-03-25,PGIL
NIFTY_500,match,2011-03-25,OUT,Ramco Systems Ltd.,2011-03-25,RAMCOSYS
NIFTY_500,match,2011-03-25,IN,Sadbhav Engineering Ltd,2011-03-25,SADBHAV
NIFTY_500,match,2011-03-25,OUT,Saregama India Ltd,2011-03-25,SAREGAMA
NIFTY_500,match,2011-03-25,OUT,Vardhman Textiles Ltd.,2011-03-25,VTL
NIFTY_500,match,2011-03-25,IN,Whirlpool of India Ltd.,2011-03-25,WHIRLPOOL
NIFTY_500,match,2011-03-25,IN,Zee Entertainment Enterprises Ltd.,2011-03-25,ZEEL
NIFTY_500,match,2011-03-25,IN,Zydus Wellness Ltd.,2011-03-25,ZYDUSWELL
NIFTY_500,match,2011-04-11,OUT,Alembic Ltd.,2011-04-11,ALEMBICLTD
NIFTY_500,match,2011-04-11,IN,Coal India Ltd.,2011-04-11,COALINDIA
NIFTY_500,match,2011-04-21,OUT,Indiabulls Real Estate Ltd.,2011-04-21,IBREALEST
NIFTY_500,match,2011-04-21,IN,Oberoi Realty Ltd.,2011-04-21,OBEROIRLTY
NIFTY_500,match,2011-05-03,IN,Prestige Estates Projects Ltd.,2011-05-03,PRESTIGE
NIFTY_500,match,2011-05-03,OUT,Triveni Engineering & Industries Ltd.,2011-05-03,TRIVENI
NIFTY_500,match,2011-05-18,IN,ARSS Infrastructure Projects Ltd.,2011-05-18,ARSSINFRA
NIFTY_500,match,2011-05-18,OUT,Binani Cement Ltd.,2011-05-18,BINANICEM
NIFTY_500,match,2011-05-18,IN,IL&FS Engineering and Construction Company Ltd.,2011-05-18,IL&FSENGG
NIFTY_500,match,2011-06-21,IN,Indiabulls Real Estate Ltd.,2011-06-21,IBREALEST
NIFTY_500,match,2011-06-21,OUT,Television Eighteen India Ltd.,2011-06-21,TV-18
NIFTY_500,match,2011-08-29,IN,Dish TV India Ltd.,2011-08-29,DISHTV
NIFTY_500,match,2011-08-29,OUT,Nagarjuna Fertilizers & Chemicals Ltd.,2011-08-29,NAGARFERT
NIFTY_500,match,2011-10-10,IN,AIA Engineering Ltd.,2011-10-10,AIAENG
NIFTY_500,match,2011-10-10,OUT,Ador Welding Ltd.,2011-10-10,ADORWELD
NIFTY_500,match,2011-10-10,OUT,Aftek Ltd.,2011-10-10,AFTEK
NIFTY_500,match,2011-10-10,OUT,Aksh Optifibre Ltd.,2011-10-10,AKSHOPTFBR
NIFTY_500,match,2011-10-10,OUT,Andhra Sugars Ltd.,2011-10-10,ANDHRSUGAR
NIFTY_500,match,2011-10-10,OUT,B L Kashyap & Sons Ltd.,2011-10-10,BLKASHYAP
NIFTY_500,match,2011-10-10,IN,BF Utilities Ltd.,2011-10-10,BFUTILITIE
NIFTY_500,match,2011-10-10,IN,Central Bank of India,2011-10-10,CENTRALBK
NIFTY_500,match,2011-10-10,OUT,Cosmo Films Ltd.,2011-10-10,COSMOFILMS
NIFTY_500,match,2011-10-10,OUT,D.S. Kulkarni Developers Ltd.,2011-10-10,DSKULKARNI
NIFTY_500,match,2011-10-10,IN,Development Credit Bank Ltd,2011-10-10,DCB
NIFTY_500,match,2011-10-10,IN,Dewan Housing Finance Corporation Ltd.,2011-10-10,DEWANHOUS
NIFTY_500,match,2011-10-10,IN,Dhanlaxmi Bank Ltd.,2011-10-10,DHANBANK
NIFTY_500,match,2011-10-10,OUT,Everest Industries Ltd.,2011-10-10,EVERESTIND
NIFTY_500,match,2011-10-10,IN,Gujarat Pipavav Port Ltd.,2011-10-10,GPPL
NIFTY_500,match,2011-10-10,OUT,Heritage Foods Ltd.,2011-10-10,HERITGFOOD
NIFTY_500,match,2011-10-10,OUT,Hikal Ltd.,2011-10-10,HIKAL
NIFTY_500,match,2011-10-10,IN,Indiabulls Power Ltd.,2011-10-10,IBPOW
NIFTY_500,match,2011-10-10,IN,Indian Bank,2011-10-10,INDIANB
NIFTY_500,match,2011-10-10,IN,Jubilant Life Sciences Ltd.,2011-10-10,JUBILANT
NIFTY_500,match,2011-10-10,IN,KSK Energy Ventures Ltd,2011-10-10,KSK
NIFTY_500,match,2011-10-10,OUT,Koutons Retail India Ltd.,2011-10-10,KOUTONS
NIFTY_500,match,2011-10-10,OUT,NRB Bearings Ltd.,2011-10-10,NRBBEARING
NIFTY_500,match,2011-10-10,IN,Network18 Media & Investments Ltd.,2011-10-10,NETWORK18
NIFTY_500,match,2011-10-10,OUT,PNB Gilts Ltd.,2011-10-10,PNBGILTS
NIFTY_500,match,2011-10-10,IN,Page Industries Ltd.,2011-10-10,PAGEIND
NIFTY_500,match,2011-10-10,IN,Persistent Systems Ltd.,2011-10-10,PERSISTENT
NIFTY_500,match,2011-10-10,OUT,Pricol Ltd.,2011-10-10,PRICOL
NIFTY_500,match,2011-10-10,OUT,Rico Auto Industries Ltd.,2011-10-10,RICOAUTO
NIFTY_500,match,2011-10-10,OUT,SEAMEC Ltd.,2011-10-10,SEAMECLTD
NIFTY_500,match,2011-10-10,IN,SKS Microfinance Ltd.,2011-10-10,SKSMICRO
NIFTY_500,match,2011-10-10,OUT,Sakthi Sugars Ltd.,2011-10-10,SAKHTISUG
NIFTY_500,match,2011-10-10,IN,State Bank of Bikaner & Jaipur Ltd.,2011-10-10,SBBJ
NIFTY_500,match,2011-10-10,IN,State Bank of Travancore,2011-10-10,SBT
NIFTY_500,match,2011-10-10,IN,Sujana Towers Ltd.-old,2011-10-10,SUJANATOW
NIFTY_500,match,2011-10-10,OUT,Tamilnadu Petroproducts Ltd.,2011-10-10,TNPETRO
NIFTY_500,match,2011-10-10,OUT,Tourism Finance Corporation of India Ltd.,2011-10-10,TFCILTD
NIFTY_500,match,2011-10-10,OUT,Trident Ltd.,2011-10-10,TRIDENT
NIFTY_500,match,2011-10-10,IN,eClerx Services Ltd.,2011-10-10,ECLERX
NIFTY_500,match,2011-11-22,OUT,Jindal Saw Ltd.,2011-11-22,JINDALSAW
NIFTY_500,match,2011-12-07,OUT,Indiabulls Real Estate Ltd.,2011-12-07,IBREALEST
NIFTY_500,match,2011-12-07,IN,Jai Balaji Industries Ltd.,2011-12-07,JAIBALAJI
NIFTY_500,match,2011-12-14,IN,MVL Ltd.,2011-12-14,MVL
NIFTY_500,match,2012-03-07,IN,Jindal Saw Ltd.,2012-03-07,JINDALSAW
NIFTY_500,match,2012-03-07,OUT,Provogue (India) Ltd.,2012-03-07,PROVOGE
NIFTY_500,match,2012-03-09,OUT,Carol Info Services Ltd.,2012-03-09,CAROLINFO
NIFTY_500,match,2012-03-09,IN,Indiabulls Real Estate Ltd.,2012-03-09,IBREALEST
NIFTY_500,match,2012-03-09,IN,L&T Finance Holdings Ltd.,2012-03-09,L&TFH
NIFTY_500,match,2012-03-09,OUT,UTV Software Communication Ltd.,2012-03-09,UTVSOF
NIFTY_500,match,2012-04-09,IN,United Breweries (Holdings) Ltd.,2012-04-09,UBHOLDINGS
NIFTY_500,match,2012-04-12,OUT,Alfa Laval (India) Ltd.,2012-04-12,ALFALAVAL
NIFTY_500,match,2012-04-12,IN,J.Kumar Infraprojects Ltd.,2012-04-12,JKIL
NIFTY_500,match,2012-04-27,OUT,Allied Digital Services Ltd.,2012-04-27,ADSL
NIFTY_500,match,2012-04-27,IN,Alstom T&D India Ltd.,2012-04-27,ALSTOMT&D
NIFTY_500,match,2012-04-27,IN,Arshiya International Ltd.,2012-04-27,ARSHIYA
NIFTY_500,match,2012-04-27,OUT,Balaji Telefilms Ltd.,2012-04-27,BALAJITELE
NIFTY_500,match,2012-04-27,OUT,Dhampur Sugar Mills Ltd.,2012-04-27,DHAMPURSUG
NIFTY_500,match,2012-04-27,IN,Eros Intl Media Ltd.,2012-04-27,EROSMEDIA
NIFTY_500,match,2012-04-27,IN,ICRA Ltd.,2012-04-27,ICRA
NIFTY_500,match,2012-04-27,IN,ICSA (India) Ltd.,2012-04-27,ICSA
NIFTY_500,match,2012-04-27,OUT,Inox Leisure Ltd.,2012-04-27,INOXLEISUR
NIFTY_500,match,2012-04-27,IN,Kwality Ltd.,2012-04-27,KWALITY
NIFTY_500,match,2012-04-27,OUT,Lakshmi Energy & Foods Ltd.,2012-04-27,LAKSHMIEFL
NIFTY_500,match,2012-04-27,IN,Lovable Lingerie Ltd.,2012-04-27,LOVABLE
NIFTY_500,match,2012-04-27,IN,Muthoot Finance Ltd.,2012-04-27,MUTHOOTFIN
NIFTY_500,match,2012-04-27,OUT,NDTV Ltd.,2012-04-27,NDTV
NIFTY_500,match,2012-04-27,OUT,NELCO Ltd.,2012-04-27,NELCO
NIFTY_500,match,2012-04-27,OUT,National Fertilizers Ltd.,2012-04-27,NFL
NIFTY_500,match,2012-04-27,OUT,Panacea Biotec Ltd.,2012-04-27,PANACEABIO
NIFTY_500,match,2012-04-27,IN,Prakash Industries Ltd.,2012-04-27,PRAKASH
NIFTY_500,match,2012-04-27,IN,Ramky Infra Ltd.,2012-04-27,RAMKY
NIFTY_500,match,2012-04-27,OUT,State Trading Corporation of India Ltd.,2012-04-27,STCINDIA
NIFTY_500,match,2012-04-27,OUT,Surya Roshni Ltd.,2012-04-27,SURYAROSNI
NIFTY_500,match,2012-04-27,IN,TD Power Systems Ltd.,2012-04-27,TDPOWERSYS
NIFTY_500,match,2012-04-27,OUT,Tata Metaliks Ltd.,2012-04-27,TATAMETALI
NIFTY_500,match,2012-04-27,IN,Tree House Education & Accessories Ltd.,2012-04-27,TREEHOUSE
NIFTY_500,match,2012-04-27,IN,WABCO India Ltd.,2012-04-27,WABCOINDIA
NIFTY_500,match,2012-04-27,OUT,Wockhardt Ltd.,2012-04-27,WOCKPHARMA
NIFTY_500,match,2012-05-21,OUT,Patni Computer Systems Ltd.,2012-05-21,PATNI
NIFTY_500,match,2012-05-21,IN,S.E. Investments Ltd.,2012-05-21,SEINV
NIFTY_500,match,2012-06-18,OUT,Chemplast Sanmar Ltd.,2012-06-18,CHEMPLAST
NIFTY_500,match,2012-06-18,IN,Man Infraconstruction Ltd.,2012-06-18,MANINFRA
NIFTY_500,match,2012-09-28,OUT,3i Infotech Ltd.,2012-09-28,3IINFOTECH
NIFTY_500,match,2012-09-28,OUT,ARSS Infrastructure Projects Ltd.,2012-09-28,ARSSINFRA
NIFTY_500,match,2012-09-28,IN,Autoline Industries Ltd.,2012-09-28,AUTOIND
NIFTY_500,match,2012-09-28,IN,Balkrishna Industries Ltd.,2012-09-28,BALKRISIND
NIFTY_500,match,2012-09-28,IN,Bombay Burmah Trading Corporation Ltd.,2012-09-28,BBTC
NIFTY_500,match,2012-09-28,OUT,Everest Kanto Cylinder Ltd.,2012-09-28,EKC
NIFTY_500,match,2012-09-28,OUT,First Leasing Co. of India Ltd.,2012-09-28,FIRSTLEASE
NIFTY_500,match,2012-09-28,IN,Flexituff International Ltd.,2012-09-28,FLEXITUFF
NIFTY_500,match,2012-09-28,OUT,GTL Infrastructure Ltd.,2012-09-28,GTLINFRA
NIFTY_500,match,2012-09-28,OUT,Garden Silk Mills Ltd.,2012-09-28,GARDENSILK
NIFTY_500,match,2012-09-28,IN,Gati Ltd.,2012-09-28,GATI
NIFTY_500,match,2012-09-28,OUT,Gujarat Ambuja Exports Ltd.,2012-09-28,GAEL
NIFTY_500,match,2012-09-28,OUT,ICSA (India) Ltd.,2012-09-28,ICSA
NIFTY_500,match,2012-09-28,IN,Innoventive Industries Ltd.,2012-09-28,INNOIND
NIFTY_500,match,2012-09-28,IN,JBF Industries Ltd.,2012-09-28,JBFIND
NIFTY_500,match,2012-09-28,OUT,Jay Shree Tea & Industries Ltd.,2012-09-28,JAYSREETEA
NIFTY_500,match,2012-09-28,IN,Mandhana Industries Ltd.,2012-09-28,MANDHANA
NIFTY_500,match,2012-09-28,IN,Mangalore Chemicals & Fertilizers Ltd.,2012-09-28,MANGCHEFER
NIFTY_500,match,2012-09-28,OUT,Mirc Electronics Ltd.,2012-09-28,MIRCELECTR
NIFTY_500,match,2012-09-28,OUT,Moser Baer India Ltd.,2012-09-28,MOSERBAER
NIFTY_500,match,2012-09-28,IN,Prime Focus Ltd,2012-09-28,PFOCUS
NIFTY_500,match,2012-09-28,OUT,Reliance MediaWorks Ltd.,2012-09-28,RELMEDIA
NIFTY_500,match,2012-09-28,IN,Shri Lakshmi Cotsyn Ltd.,2012-09-28,SHLAKSHMI
NIFTY_500,match,2012-09-28,IN,Shriram City Union Finance Ltd.,2012-09-28,SHRIRAMCIT
NIFTY_500,match,2012-09-28,OUT,Sterlite Industries (India) Ltd.,2012-09-28,STER
NIFTY_500,match,2012-09-28,IN,Supreme Infrastructure India Ltd.,2012-09-28,SUPREMEINF
NIFTY_500,match,2012-09-28,IN,TTK Prestige Ltd.,2012-09-28,TTKPRESTIG
NIFTY_500,match,2012-09-28,OUT,TV Today Network Ltd.,2012-09-28,TVTODAY
NIFTY_500,match,2012-09-28,OUT,Taj GVK Hotels & Resorts Ltd.,2012-09-28,TAJGVK
NIFTY_500,match,2012-09-28,IN,Vakrangee Software Ltd.,2012-09-28,VAKRANSOFT
NIFTY_500,match,2013-01-23,OUT,Deccan Chronicle Holdings Ltd.,2013-01-23,DCHL
NIFTY_500,match,2013-01-23,IN,MOIL Ltd.,2013-01-23,MOIL
NIFTY_500,match,2013-03-07,OUT,Orient Paper & Industries Ltd.,2013-03-07,ORIENTPPR
NIFTY_500,match,2013-03-07,IN,Sun Pharma Advanced Research Company Ltd.,2013-03-07,SPARC
NIFTY_500,match,2013-03-19,OUT,Indiabulls Financial Services Ltd.,2013-03-19,INDIABULLS
NIFTY_500,match,2013-03-19,IN,PVR Ltd.,2013-03-19,PVR
NIFTY_500,match,2013-04-01,OUT,Banco Products (India) Ltd.,2013-04-01,BANCOINDIA
NIFTY_500,match,2013-04-01,OUT,Bhansali Engineering Polymers Ltd.,2013-04-01,BEPL
NIFTY_500,match,2013-04-01,IN,Den Networks Ltd.,2013-04-01,DEN
NIFTY_500,match,2013-04-01,IN,GTL Infrastructure Ltd.,2013-04-01,GTLINFRA
NIFTY_500,match,2013-04-01,OUT,GTL Ltd.,2013-04-01,GTL
NIFTY_500,match,2013-04-01,IN,Gabriel India Ltd.,2013-04-01,GABRIEL
NIFTY_500,match,2013-04-01,IN,Gruh Finance Ltd.,2013-04-01,GRUH
NIFTY_500,match,2013-04-01,IN,Heritage Foods Ltd.,2013-04-01,HERITGFOOD
NIFTY_500,match,2013-04-01,IN,Hindustan Copper Ltd.,2013-04-01,HINDCOPPER
NIFTY_500,match,2013-04-01,IN,IL&FS Transportation Networks Ltd.,2013-04-01,IL&FSTRANS
NIFTY_500,match,2013-04-01,OUT,Ind-Swift Laboratories Ltd.,2013-04-01,INDSWFTLAB
NIFTY_500,match,2013-04-01,IN,Indian Metals & Ferro Alloys Ltd.,2013-04-01,IMFA
NIFTY_500,match,2013-04-01,OUT,Indo Rama Synthetics Ltd.,2013-04-01,INDORAMA
NIFTY_500,match,2013-04-01,OUT,Jai Balaji Industries Ltd.,2013-04-01,JAIBALAJI
NIFTY_500,match,2013-04-01,OUT,Kwality Ltd.,2013-04-01,KWALITY
NIFTY_500,match,2013-04-01,OUT,MVL Ltd.,2013-04-01,MVL
NIFTY_500,match,2013-04-01,IN,NIIT Technologies Ltd.,2013-04-01,NIITTECH
NIFTY_500,match,2013-04-01,OUT,Nilkamal Ltd.,2013-04-01,NILKAMAL
NIFTY_500,match,2013-04-01,IN,Onelife Capital Advisors Ltd.,2013-04-01,ONELIFECAP
NIFTY_500,match,2013-04-01,OUT,Oriental Hotels Ltd.,2013-04-01,ORIENTHOT
NIFTY_500,match,2013-04-01,OUT,Shri Lakshmi Cotsyn Ltd.,2013-04-01,SHLAKSHMI
NIFTY_500,match,2013-04-01,OUT,Sona Koyo Steering Systems Ltd.,2013-04-01,SONASTEER
NIFTY_500,match,2013-04-01,OUT,Sterling Biotech Ltd,2013-04-01,STERLINBIO
NIFTY_500,match,2013-04-01,IN,Swan Energy Ltd.,2013-04-01,SWANENERGY
NIFTY_500,match,2013-04-01,IN,Tribhovandas Bhimji Zaveri Ltd.,2013-04-01,TBZ
NIFTY_500,match,2013-04-01,OUT,Unity Infraprojects Ltd.,2013-04-01,UNITY
NIFTY_500,match,2013-04-01,IN,Welspun India Ltd.,2013-04-01,WELSPUNIND
NIFTY_500,match,2013-04-01,OUT,Wipro Ltd.,2013-04-01,WIPRO
NIFTY_500,match,2013-04-01,IN,Wockhardt Ltd.,2013-04-01,WOCKPHARMA
NIFTY_500,match,2013-04-17,OUT,Future Retail Ltd.,2013-04-17,FRL
NIFTY_500,match,2013-04-17,IN,Geodesic Ltd.,2013-04-17,GEODESIC
NIFTY_500,match,2013-06-11,IN,Bharti Infratel Ltd.,2013-06-11,INFRATEL
NIFTY_500,match,2013-06-11,IN,D.B.Corp Ltd.,2013-06-11,DBCORP
NIFTY_500,match,2013-06-11,OUT,JSW ISPAT Steel Ltd.,2013-06-11,JSWISPAT
NIFTY_500,match,2013-06-21,IN,3i Infotech Ltd.,2013-06-21,3IINFOTECH
NIFTY_500,match,2013-06-21,OUT,K.S. Oils Ltd.,2013-06-21,KSOILS
NIFTY_500,match,2013-07-17,IN,20 Microns Ltd,2013-07-17,20MICRONS
NIFTY_500,match,2013-07-17,OUT,Century Plyboards (India) Ltd.,2013-07-17,CENTURYPLY
NIFTY_500,match,2013-07-17,IN,Infinite Computer Solutions (India) Ltd,2013-07-17,INFINITE
NIFTY_500,match,2013-07-17,OUT,Jindal Poly Films Ltd.,2013-07-17,JINDALPOLY
NIFTY_500,match,2013-08-07,OUT,Sujana Towers Ltd.-old,2013-08-07,SUJANATOW
NIFTY_500,match,2013-08-07,IN,Wipro Ltd.,2013-08-07,WIPRO
NIFTY_500,match,2013-09-27,OUT,20 Microns Ltd,2013-09-27,20MICRONS
NIFTY_500,match,2013-09-27,OUT,3i Infotech Ltd.,2013-09-27,3IINFOTECH
NIFTY_500,match,2013-09-27,OUT,Arshiya International Ltd.,2013-09-27,ARSHIYA
NIFTY_500,match,2013-09-27,OUT,Autoline Industries Ltd.,2013-09-27,AUTOIND
NIFTY_500,match,2013-09-27,OUT,Bannari Amman Sugars Ltd.,2013-09-27,BANARISUG
NIFTY_500,match,2013-09-27,OUT,Dish TV India Ltd.,2013-09-27,DISHTV
NIFTY_500,match,2013-09-27,IN,Ess Dee Aluminium Ltd.,2013-09-27,ESSDEE
NIFTY_500,match,2013-09-27,OUT,Geodesic Ltd.,2013-09-27,GEODESIC
NIFTY_500,match,2013-09-27,IN,JK Lakshmi Cement Ltd.,2013-09-27,JKLAKSHMI
NIFTY_500,match,2013-09-27,OUT,Jet Airways (India) Ltd.,2013-09-27,JETAIRWAYS
NIFTY_500,match,2013-09-27,IN,Kaveri Seed Company Ltd.,2013-09-27,KSCL
NIFTY_500,match,2013-09-27,OUT,Kemrock Industries and Exports Ltd.,2013-09-27,KEMROCK
NIFTY_500,match,2013-09-27,IN,Kewal Kiran Clothing Ltd.,2013-09-27,KKCL
NIFTY_500,match,2013-09-27,IN,Kolte-Patil Developers Ltd.,2013-09-27,KOLTEPATIL
NIFTY_500,match,2013-09-27,IN,MMTC Ltd.,2013-09-27,MMTC
NIFTY_500,match,2013-09-27,IN,MT Educare Ltd.,2013-09-27,MTEDUCARE
NIFTY_500,match,2013-09-27,IN,Magma Fincorp Ltd.,2013-09-27,MAGMA
NIFTY_500,match,2013-09-27,IN,Maharashtra Scooters Ltd.,2013-09-27,MAHSCOOTER
NIFTY_500,match,2013-09-27,IN,Mahindra Holidays & Resorts India Ltd.,2013-09-27,MHRIL
NIFTY_500,match,2013-09-27,IN,Man Industries (India) Ltd.,2013-09-27,MANINDS
NIFTY_500,match,2013-09-27,OUT,Onelife Capital Advisors Ltd.,2013-09-27,ONELIFECAP
NIFTY_500,match,2013-09-27,OUT,Ramky Infra Ltd.,2013-09-27,RAMKY
NIFTY_500,match,2013-09-27,IN,Rasoya Proteins Ltd.,2013-09-27,RASOYPR
NIFTY_500,match,2013-09-27,OUT,Sun Pharma Advanced Research Company Ltd.,2013-09-27,SPARC
NIFTY_500,match,2013-09-27,IN,Vardhman Textiles Ltd.,2013-09-27,VTL
NIFTY_500,match,2013-09-27,OUT,Varun Shipping Co. Ltd.,2013-09-27,VARUNSHIP
NIFTY_500,match,2013-11-01,OUT,Marico Ltd.,2013-11-01,MARICO
NIFTY_500,match,2013-11-01,IN,NDTV Ltd.,2013-11-01,NDTV
NIFTY_500,match,2013-11-18,OUT,Fresenius Kabi Oncology Ltd.,2013-11-18,FKONCO
NIFTY_500,match,2013-11-18,IN,Future Retail Ltd.,2013-11-18,FRL
NIFTY_500,match,2013-11-18,IN,Raj Television Network Ltd.,2013-11-18,RAJTV
NIFTY_500,match,2013-11-18,OUT,Welspun Corp Ltd.,2013-11-18,WELCORP
NIFTY_500,match,2014-02-28,OUT,Castrol (India) Ltd.,2014-02-28,CASTROL
NIFTY_500,match,2014-03-28,IN,Bajaj Corp Ltd.,2014-03-28,BAJAJCORP
NIFTY_500,match,2014-03-28,OUT,Bombay Rayon Fashions Ltd.,2014-03-28,BRFL
NIFTY_500,match,2014-03-28,IN,CARE Ltd.,2014-03-28,CARERATING
NIFTY_500,match,2014-03-28,OUT,Dr. Datsons Labs Ltd.,2014-03-28,DRDATSONS
NIFTY_500,match,2014-03-28,OUT,Dynamatic Technologies Ltd.,2014-03-28,DYNAMATECH
NIFTY_500,match,2014-03-28,OUT,Essar Oil Ltd.,2014-03-28,ESSAROIL
NIFTY_500,match,2014-03-28,IN,Indiabulls Housing Finance Ltd.,2014-03-28,IBULHSGFIN
NIFTY_500,match,2014-03-28,OUT,Innoventive Industries Ltd.,2014-03-28,INNOIND
NIFTY_500,match,2014-03-28,IN,Inox Leisure Ltd.,2014-03-28,INOXLEISUR
NIFTY_500,match,2014-03-28,IN,Justdial Ltd.,2014-03-28,JUSTDIAL
NIFTY_500,match,2014-03-28,OUT,Karuturi Global Ltd.,2014-03-28,KGL
NIFTY_500,match,2014-03-28,OUT,Mahanagar Telephone Nigam Ltd.,2014-03-28,MTNL
NIFTY_500,match,2014-03-28,IN,Mahindra Ugine Steel Co. Ltd.,2014-03-28,MAHINDUGIN
NIFTY_500,match,2014-03-28,OUT,NDTV Ltd.,2014-03-28,NDTV
NIFTY_500,match,2014-03-28,IN,National Buildings Construction Corporation Ltd.,2014-03-28,NBCC
NIFTY_500,match,2014-03-28,IN,PI Industries Ltd.,2014-03-28,PIIND
NIFTY_500,match,2014-03-28,OUT,PSL Ltd.,2014-03-28,PSL
NIFTY_500,match,2014-03-28,IN,PTC India Fin Serv Ltd.,2014-03-28,PFS
NIFTY_500,match,2014-03-28,OUT,Shree Ashtavinayak Cine Vision Ltd.,2014-03-28,SHREEASHTA
NIFTY_500,match,2014-03-28,IN,Sona Koyo Steering Systems Ltd.,2014-03-28,SONASTEER
NIFTY_500,match,2014-03-28,IN,Sun Pharma Advanced Research Company Ltd.,2014-03-28,SPARC
NIFTY_500,match,2014-03-28,IN,Trident Ltd.,2014-03-28,TRIDENT
NIFTY_500,match,2014-03-28,OUT,Tulip Telecom Ltd.,2014-03-28,TULIP
NIFTY_500,match,2014-03-28,OUT,United Breweries (Holdings) Ltd.,2014-03-28,UBHOLDINGS
NIFTY_500,match,2014-03-28,IN,Vaibhav Global Ltd.,2014-03-28,VAIBHAVGBL
NIFTY_500,match,2014-03-28,OUT,Zodiac Clothing Co. Ltd.,2014-03-28,ZODIACLOTH
NIFTY_500,match,2014-05-12,IN,Marico Ltd.,2014-05-12,MARICO
NIFTY_500,match,2014-05-12,OUT,Wyeth Ltd.,2014-05-12,WYETH
NIFTY_500,match,2014-06-30,OUT,Mahindra Ugine Steel Co. Ltd.,2014-06-30,MAHINDUGIN
NIFTY_500,match,2014-06-30,IN,Rain Industries Ltd,2014-06-30,RAIN
NIFTY_500,match,2014-07-28,IN,Castrol India Ltd.,2014-07-28,CASTROLIND
NIFTY_500,match,2014-07-28,OUT,Man Industries (India) Ltd.,2014-07-28,MANINDS
NIFTY_500,match,2014-09-19,OUT,Adani Power Ltd.,2014-09-19,ADANIPOWER
NIFTY_500,match,2014-09-19,OUT,Aptech Ltd.,2014-09-19,APTECHT
NIFTY_500,match,2014-09-19,OUT,CORE Education & Technologies Ltd.,2014-09-19,COREEDUTEC
NIFTY_500,match,2014-09-19,OUT,Era Infra Engineering Ltd.,2014-09-19,ERAINFRA
NIFTY_500,match,2014-09-19,OUT,GOL Offshore Ltd.,2014-09-19,GTOFFSHORE
NIFTY_500,match,2014-09-19,OUT,India Glycols Ltd.,2014-09-19,INDIAGLYCO
NIFTY_500,match,2014-09-19,OUT,Indraprastha Medical Corporation Ltd.,2014-09-19,INDRAMEDCO
NIFTY_500,match,2014-09-19,OUT,Infinite Computer Solutions (India) Ltd,2014-09-19,INFINITE
NIFTY_500,match,2014-09-19,OUT,Man Infraconstruction Ltd.,2014-09-19,MANINFRA
NIFTY_500,match,2014-09-19,OUT,Orbit Corporation Ltd.,2014-09-19,ORBITCORP
NIFTY_500,match,2014-09-19,OUT,S. Kumars Nationwide Ltd.,2014-09-19,SKUMARSYNF
NIFTY_500,match,2014-09-19,OUT,Tinplate Company of India Ltd.,2014-09-19,TINPLATE
NIFTY_500,match,2014-09-19,OUT,United Spirits Ltd.,2014-09-19,MCDOWELL-N
NIFTY_500,match,2014-09-19,OUT,West Coast Paper Mills Ltd.,2014-09-19,WSTCSTPAPR
NIFTY_500,match,2014-09-19,IN,Ajanta Pharmaceuticals Ltd.,2014-09-19,AJANTPHARM
NIFTY_500,match,2014-09-19,IN,Alembic Pharmaceuticals Ltd.,2014-09-19,APLLTD
NIFTY_500,match,2014-09-19,IN,Apar Industries Ltd.,2014-09-19,APARINDS
NIFTY_500,match,2014-09-19,IN,Ashoka Buildcon Ltd.,2014-09-19,ASHOKA
NIFTY_500,match,2014-09-19,IN,Astral Poly Technik Ltd.,2014-09-19,ASTRAL
NIFTY_500,match,2014-09-19,IN,Century Plyboards (India) Ltd.,2014-09-19,CENTURYPLY
NIFTY_500,match,2014-09-19,IN,Kitex Garments Ltd.,2014-09-19,KITEX
NIFTY_500,match,2014-09-19,IN,NOCIL Ltd.,2014-09-19,NOCIL
NIFTY_500,match,2014-09-19,IN,Nitin Fire Protection Industries Ltd.,2014-09-19,NITINFIRE
NIFTY_500,match,2014-09-19,IN,Ratnamani Metals & Tubes Ltd.,2014-09-19,RATNAMANI
NIFTY_500,match,2014-09-19,IN,Repco Home Finance Ltd.,2014-09-19,REPCOHOME
NIFTY_500,match,2014-09-19,IN,TV Today Network Ltd.,2014-09-19,TVTODAY
NIFTY_500,match,2014-09-19,IN,Va Tech Wabag Ltd.,2014-09-19,WABAG
NIFTY_500,match,2014-09-19,IN,Welspun Corp Ltd.,2014-09-19,WELCORP
NIFTY_500,match,2014-09-19,IN,Wheels India Ltd.,2014-09-19,WHEELS
NIFTY_500,match,2014-11-28,IN,Tilaknagar Industries Ltd.,2014-11-28,TI
NIFTY_500,match,2014-11-28,OUT,Ranbaxy Laboratories Ltd.,2014-11-28,RANBAXY
NIFTY_500,match,2015-02-02,OUT,Arvind Ltd.,2015-02-02,ARVIND
NIFTY_500,match,2015-02-02,IN,Dynamatic Technologies Ltd.,2015-02-02,DYNAMATECH
NIFTY_500,match,2015-02-02,OUT,Gujarat Gas Co. Ltd.,2015-02-02,GUJRATGAS
NIFTY_500,match,2015-02-02,OUT,ING Vysya Bank Ltd.,2015-02-02,INGVYSYABK
NIFTY_500,match,2015-02-02,IN,La Opala RG Ltd.,2015-02-02,LAOPALA
NIFTY_500,match,2015-02-02,IN,MBL Infrastructures Ltd.,2015-02-02,MBLINFRA
NIFTY_500,match,2015-03-24,OUT,Balkrishna Industries Ltd.,2015-03-24,BALKRISIND
NIFTY_500,match,2015-03-24,IN,ITD Cementation India Ltd.,2015-03-24,ITDCEM
NIFTY_500,match,2015-03-27,OUT,CMC Ltd.,2015-03-27,CMC
NIFTY_500,match,2015-03-27,OUT,DCW Ltd.,2015-03-27,DCW
NIFTY_500,match,2015-03-27,OUT,Educomp Solutions Ltd.,2015-03-27,EDUCOMP
NIFTY_500,match,2015-03-27,OUT,Elder Pharmaceuticals Ltd.,2015-03-27,ELDERPHARM
NIFTY_500,match,2015-03-27,OUT,Hubtown Ltd.,2015-03-27,HUBTOWN
NIFTY_500,match,2015-03-27,OUT,IL&FS Engineering and Construction Company Ltd.,2015-03-27,IL&FSENGG
NIFTY_500,match,2015-03-27,OUT,Indian Metals & Ferro Alloys Ltd.,2015-03-27,IMFA
NIFTY_500,match,2015-03-27,OUT,Lovable Lingerie Ltd.,2015-03-27,LOVABLE
NIFTY_500,match,2015-03-27,OUT,Mastek Ltd.,2015-03-27,MASTEK
NIFTY_500,match,2015-03-27,OUT,Prime Focus Ltd,2015-03-27,PFOCUS
NIFTY_500,match,2015-03-27,OUT,Raj Television Network Ltd.,2015-03-27,RAJTV
NIFTY_500,match,2015-03-27,OUT,Rei Agro Ltd.,2015-03-27,REIAGROLTD
NIFTY_500,match,2015-03-27,OUT,Shasun Pharmaceuticals Ltd.,2015-03-27,SHASUNPHAR
NIFTY_500,match,2015-03-27,OUT,Tilaknagar Industries Ltd.,2015-03-27,TI
NIFTY_500,match,2015-03-27,OUT,Venky's (India) Ltd.,2015-03-27,VENKEYS
NIFTY_500,match,2015-03-27,IN,Future Consumer Enterprise Ltd.,2015-03-27,FCEL
NIFTY_500,match,2015-03-27,IN,Gulf Oil Lubricants India Ltd.,2015-03-27,GULFOILLUB
NIFTY_500,match,2015-03-27,IN,IFB Industries Ltd.,2015-03-27,IFBIND
NIFTY_500,match,2015-03-27,IN,J.K. Cement Ltd.,2015-03-27,JKCEMENT
NIFTY_500,match,2015-03-27,IN,KNR Constructions Ltd.,2015-03-27,KNRCON
NIFTY_500,match,2015-03-27,IN,K.P.R. Mill Ltd.,2015-03-27,KPRMILL
NIFTY_500,match,2015-03-27,IN,LG Balakrishnan & Bros Ltd.,2015-03-27,LGBBROSLTD
NIFTY_500,match,2015-03-27,IN,Marksans Pharma Ltd.,2015-03-27,MARKSANS
NIFTY_500,match,2015-03-27,IN,Mayur Uniquoters Ltd.,2015-03-27,MAYURUNIQ
NIFTY_500,match,2015-03-27,IN,United Spirits Ltd.,2015-03-27,MCDOWELL-N
NIFTY_500,match,2015-03-27,IN,Munjal Showa Ltd.,2015-03-27,MUNJALSHOW
NIFTY_500,match,2015-03-27,IN,NDTV Ltd.,2015-03-27,NDTV
NIFTY_500,match,2015-03-27,IN,Pennar Industries Ltd.,2015-03-27,PENIND
NIFTY_500,match,2015-03-27,IN,Suven Life Sciences Ltd.,2015-03-27,SUVEN
NIFTY_500,match,2015-03-27,IN,Vinati Organics Ltd.,2015-03-27,VINATIORGA
NIFTY_500,match,2015-05-29,OUT,Adani Enterprises Ltd.,2015-05-29,ADANIENT
NIFTY_500,match,2015-05-29,OUT,IDFC Ltd.,2015-05-29,IDFC
NIFTY_500,match,2015-05-29,IN,NATCO Pharma Ltd.,2015-05-29,NATCOPHARM
NIFTY_500,match,2015-05-29,IN,Visagar Polytex Ltd.,2015-05-29,VIVIDHA
NIFTY_500,match,2015-06-15,OUT,Jindal Stainless Ltd.,2015-06-15,JSL
NIFTY_500,match,2015-06-15,IN,Ceat Ltd.,2015-06-15,CEATLTD
NIFTY_500,match,2015-09-28,OUT,Ansal Properties & Infrastructure Ltd.,2015-09-28,ANSALAPI
NIFTY_500,match,2015-09-28,OUT,BGR Energy Systems Ltd,2015-09-28,BGRENERGY
NIFTY_500,match,2015-09-28,OUT,Gammon India Ltd.,2015-09-28,GAMMONIND
NIFTY_500,match,2015-09-28,OUT,Gujarat NRE Coke Ltd.,2015-09-28,GUJNRECOKE
NIFTY_500,match,2015-09-28,OUT,Hindustan Oil Exploration Co. Ltd.,2015-09-28,HINDOILEXP
NIFTY_500,match,2015-09-28,OUT,Hotel Leela Venture Ltd.,2015-09-28,HOTELEELA
NIFTY_500,match,2015-09-28,OUT,IFB Industries Ltd.,2015-09-28,IFBIND
NIFTY_500,match,2015-09-28,OUT,Kesoram Industries Ltd.,2015-09-28,KESORAMIND
NIFTY_500,match,2015-09-28,OUT,Mangalore Chemicals & Fertilizers Ltd.,2015-09-28,MANGCHEFER
NIFTY_500,match,2015-09-28,OUT,Monnet Ispat and Energy Ltd.,2015-09-28,MONNETISPA
NIFTY_500,match,2015-09-28,OUT,Orchid Chemicals & Pharmaceuticals Ltd.,2015-09-28,ORCHIDCHEM
NIFTY_500,match,2015-09-28,OUT,Ramco Industries Ltd.,2015-09-28,RAMCOIND
NIFTY_500,match,2015-09-28,OUT,Rasoya Proteins Ltd.,2015-09-28,RASOYPR
NIFTY_500,match,2015-09-28,OUT,RattanIndia Power Ltd.,2015-09-28,RTNPOWER
NIFTY_500,match,2015-09-28,OUT,Crompton Greaves Ltd.,2015-09-28,CROMPGREAV
NIFTY_500,match,2015-09-28,OUT,Max India Ltd.,2015-09-28,MAX
NIFTY_500,match,2015-09-28,IN,Adani Power Ltd.,2015-09-28,ADANIPOWER
NIFTY_500,match,2015-09-28,IN,Balkrishna Industries Ltd.,2015-09-28,BALKRISIND
NIFTY_500,match,2015-09-28,IN,Camlin Fine Sciences Ltd.,2015-09-28,CAMLINFINE
NIFTY_500,match,2015-09-28,IN,Future Lifestyle Fashions Ltd.,2015-09-28,FLFL
NIFTY_500,match,2015-09-28,IN,IL&FS Engineering and Construction Company Ltd.,2015-09-28,IL&FSENGG
NIFTY_500,match,2015-09-28,IN,Inox Wind Ltd.,2015-09-28,INOXWIND
NIFTY_500,match,2015-09-28,IN,KRBL Ltd.,2015-09-28,KRBL
NIFTY_500,match,2015-09-28,IN,Metalyst Forgings Ltd.,2015-09-28,METALFORGE
NIFTY_500,match,2015-09-28,IN,Orient Cement Ltd.,2015-09-28,ORIENTCEM
NIFTY_500,match,2015-09-28,IN,Rico Auto Industries Ltd.,2015-09-28,RICOAUTO
NIFTY_500,match,2015-09-28,IN,Siti Cable Network Ltd.,2015-09-28,SITICABLE
NIFTY_500,match,2015-09-28,IN,Srikalahasthi Pipes Ltd.,2015-09-28,SRIPIPES
NIFTY_500,match,2015-09-28,IN,Symphony Ltd.,2015-09-28,SYMPHONY
NIFTY_500,match,2015-09-28,IN,VRL Logistics Ltd.,2015-09-28,VRLLOG
NIFTY_500,match,2015-09-28,IN,Eveready Industries India Ltd.,2015-09-28,EVEREADY
NIFTY_500,match,2015-09-28,IN,Adlabs Entertainment Ltd.,2015-09-28,ADLABS
NIFTY_500,match,2015-10-19,OUT,Aditya Birla Nuvo Ltd.,2015-10-19,ABIRLANUVO
NIFTY_500,match,2015-10-19,IN,PNC Infratech Ltd.,2015-10-19,PNCINFRA
NIFTY_500,match,2015-12-14,OUT,Future Retail Ltd.,2015-12-14,FRL
NIFTY_500,match,2015-12-14,OUT,Mandhana Industries Ltd.,2015-12-14,MANDHANA
NIFTY_500,match,2015-12-14,IN,Arvind Ltd,2015-12-14,ARVIND
NIFTY_500,match,2015-12-14,IN,Gayatri Projects Ltd.,2015-12-14,GAYAPROJ
NIFTY_500,match,2016-01-18,OUT,Sterlite Technologies Ltd.,2016-01-18,STRTECH
NIFTY_500,match,2016-01-18,IN,Schneider Electric Infrastructure Ltd.,2016-01-18,SCHNEIDER
NIFTY_500,match,2016-04-01,OUT,Adlabs Entertainment Ltd.,2016-04-01,ADLABS
NIFTY_500,match,2016-04-01,OUT,Agro Tech Foods Ltd.,2016-04-01,ATFL
NIFTY_500,match,2016-04-01,OUT,Asahi India Glass Ltd.,2016-04-01,ASAHIINDIA
NIFTY_500,match,2016-04-01,OUT,Automotive Axles Ltd.,2016-04-01,AUTOAXLES
NIFTY_500,match,2016-04-01,OUT,Camlin Fine Sciences Ltd.,2016-04-01,CAMLINFINE
NIFTY_500,match,2016-04-01,OUT,Carborundum Universal Ltd.,2016-04-01,CARBORUNIV
NIFTY_500,match,2016-04-01,OUT,Century Enka Ltd.,2016-04-01,CENTENKA
NIFTY_500,match,2016-04-01,OUT,Dhanlaxmi Bank Ltd.,2016-04-01,DHANBANK
NIFTY_500,match,2016-04-01,OUT,Entertainment Network India Ltd.,2016-04-01,ENIL
NIFTY_500,match,2016-04-01,OUT,ESAB India Ltd.,2016-04-01,ESABINDIA
NIFTY_500,match,2016-04-01,OUT,Federal-Mogul Goetze (India) Ltd.,2016-04-01,FMGOETZE
NIFTY_500,match,2016-04-01,OUT,Flexituff International Ltd.,2016-04-01,FLEXITUFF
NIFTY_500,match,2016-04-01,OUT,Gabriel India Ltd.,2016-04-01,GABRIEL
NIFTY_500,match,2016-04-01,OUT,Gammon Infrastructure Projects Ltd.,2016-04-01,GAMMNINFRA
NIFTY_500,match,2016-04-01,OUT,Geojit BNP Paribas Financial Services Ltd.,2016-04-01,GEOJITBNPP
NIFTY_500,match,2016-04-01,OUT,Geometric Ltd.,2016-04-01,GEOMETRIC
NIFTY_500,match,2016-04-01,OUT,GHCL Ltd.,2016-04-01,GHCL
NIFTY_500,match,2016-04-01,OUT,Gitanjali Gems Ltd.,2016-04-01,GITANJALI
NIFTY_500,match,2016-04-01,OUT,Graphite India Ltd.,2016-04-01,GRAPHITE
NIFTY_500,match,2016-04-01,OUT,GTL Infrastructure Ltd.,2016-04-01,GTLINFRA
NIFTY_500,match,2016-04-01,OUT,Gujarat Alkalies & Chemicals Ltd.,2016-04-01,GUJALKALI
NIFTY_500,match,2016-04-01,OUT,Gujarat Industries Power Co. Ltd.,2016-04-01,GIPCL
NIFTY_500,match,2016-04-01,OUT,Gujarat Narmada Valley Fertilizers and Chemicals Ltd.,2016-04-01,GNFC
NIFTY_500,match,2016-04-01,OUT,Gulf Oil Lubricants India Ltd.,2016-04-01,GULFOILLUB
NIFTY_500,match,2016-04-01,OUT,H.E.G. Ltd.,2016-04-01,HEG
NIFTY_500,match,2016-04-01,OUT,Heritage Foods Ltd.,2016-04-01,HERITGFOOD
NIFTY_500,match,2016-04-01,OUT,IL&FS Engineering and Construction Company Ltd.,2016-04-01,IL&FSENGG
NIFTY_500,match,2016-04-01,OUT,Indiabulls Ventures Ltd.,2016-04-01,IBVENTURES
NIFTY_500,match,2016-04-01,OUT,ITD Cementation India Ltd.,2016-04-01,ITDCEM
NIFTY_500,match,2016-04-01,OUT,IVRCL Ltd.,2016-04-01,IVRCLINFRA
NIFTY_500,match,2016-04-01,OUT,Jyoti Structures Ltd.,2016-04-01,JYOTISTRUC
NIFTY_500,match,2016-04-01,OUT,KCP Ltd.,2016-04-01,KCP
NIFTY_500,match,2016-04-01,OUT,Kewal Kiran Clothing Ltd.,2016-04-01,KKCL
NIFTY_500,match,2016-04-01,OUT,KNR Constructions Ltd.,2016-04-01,KNRCON
NIFTY_500,match,2016-04-01,OUT,KSB Pumps Ltd.,2016-04-01,KSBPUMPS
NIFTY_500,match,2016-04-01,OUT,LG Balakrishnan & Bros Ltd.,2016-04-01,LGBBROSLTD
NIFTY_500,match,2016-04-01,OUT,Linde India Ltd.,2016-04-01,LINDEINDIA
NIFTY_500,match,2016-04-01,OUT,Maharashtra Scooters Ltd.,2016-04-01,MAHSCOOTER
NIFTY_500,match,2016-04-01,OUT,Maharashtra Seamless Ltd.,2016-04-01,MAHSEAMLES
NIFTY_500,match,2016-04-01,OUT,MBL Infrastructures Ltd.,2016-04-01,MBLINFRA
NIFTY_500,match,2016-04-01,OUT,Mercator Ltd.,2016-04-01,MERCATOR
NIFTY_500,match,2016-04-01,OUT,Metalyst Forgings Ltd.,2016-04-01,METALFORGE
NIFTY_500,match,2016-04-01,OUT,MT Educare Ltd.,2016-04-01,MTEDUCARE
NIFTY_500,match,2016-04-01,OUT,Munjal Showa Ltd.,2016-04-01,MUNJALSHOW
NIFTY_500,match,2016-04-01,OUT,Nava Bharat Ventures Ltd.,2016-04-01,NBVENTURES
NIFTY_500,match,2016-04-01,OUT,Navneet Education Ltd.,2016-04-01,NAVNETEDUL
NIFTY_500,match,2016-04-01,OUT,NDTV Ltd.,2016-04-01,NDTV
NIFTY_500,match,2016-04-01,OUT,NIIT Ltd.,2016-04-01,NIITLTD
NIFTY_500,match,2016-04-01,OUT,NOCIL Ltd.,2016-04-01,NOCIL
NIFTY_500,match,2016-04-01,OUT,Noida-Toll Bridge Co. Ltd.,2016-04-01,NOIDATOLL
NIFTY_500,match,2016-04-01,OUT,Opto Circuits (I) Ltd.,2016-04-01,OPTOCIRCUI
NIFTY_500,match,2016-04-01,OUT,Oswal Chemicals & Fertilizers Ltd.,2016-04-01,BINDALAGRO
NIFTY_500,match,2016-04-01,OUT,Patel Engineering Ltd.,2016-04-01,PATELENG
NIFTY_500,match,2016-04-01,OUT,Peninsula Land Ltd.,2016-04-01,PENINLAND
NIFTY_500,match,2016-04-01,OUT,Pennar Industries Ltd.,2016-04-01,PENIND
NIFTY_500,match,2016-04-01,OUT,Prakash Industries Ltd.,2016-04-01,PRAKASH
NIFTY_500,match,2016-04-01,OUT,Religare Enterprises Ltd.,2016-04-01,RELIGARE
NIFTY_500,match,2016-04-01,OUT,Rico Auto Industries Ltd.,2016-04-01,RICOAUTO
NIFTY_500,match,2016-04-01,OUT,S.E. Investments Ltd.,2016-04-01,SEINV
NIFTY_500,match,2016-04-01,OUT,Shanthi Gears Ltd.,2016-04-01,SHANTIGEAR
NIFTY_500,match,2016-04-01,OUT,Shrenuj & Co. Ltd.,2016-04-01,SHRENUJ
NIFTY_500,match,2016-04-01,OUT,Sona Koyo Steering Systems Ltd.,2016-04-01,SONASTEER
NIFTY_500,match,2016-04-01,OUT,Srikalahasthi Pipes Ltd.,2016-04-01,SRIPIPES
NIFTY_500,match,2016-04-01,OUT,State Bank of Travancore,2016-04-01,SBT
NIFTY_500,match,2016-04-01,OUT,Supreme Infrastructure India Ltd.,2016-04-01,SUPREMEINF
NIFTY_500,match,2016-04-01,OUT,Supreme Petrochem Ltd.,2016-04-01,SUPPETRO
NIFTY_500,match,2016-04-01,OUT,Swaraj Engines Ltd.,2016-04-01,SWARAJENG
NIFTY_500,match,2016-04-01,OUT,Tata Investment Corporation Ltd.,2016-04-01,TATAINVEST
NIFTY_500,match,2016-04-01,OUT,TD Power Systems Ltd.,2016-04-01,TDPOWERSYS
NIFTY_500,match,2016-04-01,OUT,TV Today Network Ltd.,2016-04-01,TVTODAY
NIFTY_500,match,2016-04-01,OUT,Usha Martin Ltd.,2016-04-01,USHAMART
NIFTY_500,match,2016-04-01,OUT,Uttam Galva Steels Ltd.,2016-04-01,UTTAMSTL
NIFTY_500,match,2016-04-01,OUT,Vesuvius India Ltd.,2016-04-01,VESUVIUS
NIFTY_500,match,2016-04-01,OUT,Visagar Polytex Ltd.,2016-04-01,VIVIDHA
NIFTY_500,match,2016-04-01,OUT,Wheels India Ltd.,2016-04-01,WHEELS
NIFTY_500,match,2016-04-01,IN,8K Miles Soft Services Ltd.,2016-04-01,8KMILES
NIFTY_500,match,2016-04-01,IN,Aarti Drugs Ltd.,2016-04-01,AARTIDRUGS
NIFTY_500,match,2016-04-01,IN,Adani Enterprises Ltd.,2016-04-01,ADANIENT
NIFTY_500,match,2016-04-01,IN,Adani Transmission Ltd.,2016-04-01,ADANITRANS
NIFTY_500,match,2016-04-01,IN,Aditya Birla Fashion and Retail Ltd.,2016-04-01,ABFRL
NIFTY_500,match,2016-04-01,IN,Aegis Logistics Ltd.,2016-04-01,AEGISCHEM
NIFTY_500,match,2016-04-01,IN,Ahluwalia Contracts (India) Ltd.,2016-04-01,AHLUCONT
NIFTY_500,match,2016-04-01,IN,Ashiana Housing Ltd.,2016-04-01,ASHIANA
NIFTY_500,match,2016-04-01,IN,Avanti Feeds Ltd.,2016-04-01,AVANTIFEED
NIFTY_500,match,2016-04-01,IN,BGR Energy Systems Ltd,2016-04-01,BGRENERGY
NIFTY_500,match,2016-04-01,IN,Bliss GVS Pharma Ltd.,2016-04-01,BLISSGVS
NIFTY_500,match,2016-04-01,IN,Bombay Rayon Fashions Ltd.,2016-04-01,BRFL
NIFTY_500,match,2016-04-01,IN,Caplin Point Laboratories Ltd.,2016-04-01,CAPLIPOINT
NIFTY_500,match,2016-04-01,IN,CCL Products (I) Ltd.,2016-04-01,CCL
NIFTY_500,match,2016-04-01,IN,Cera Sanitaryware Ltd,2016-04-01,CERA
NIFTY_500,match,2016-04-01,IN,Dalmia Bharat Ltd.,2016-04-01,DALMIABHA
NIFTY_500,match,2016-04-01,IN,Dhanuka Agritech Ltd.,2016-04-01,DHANUKA
NIFTY_500,match,2016-04-01,IN,Dish TV India Ltd.,2016-04-01,DISHTV
NIFTY_500,match,2016-04-01,IN,Global Offshore Services Ltd.,2016-04-01,GLOBOFFS
NIFTY_500,match,2016-04-01,IN,Granules India Ltd.,2016-04-01,GRANULES
NIFTY_500,match,2016-04-01,IN,Greenply Industries Ltd.,2016-04-01,GREENPLY
NIFTY_500,match,2016-04-01,IN,Grindwell Norton Ltd.,2016-04-01,GRINDWELL
NIFTY_500,match,2016-04-01,IN,Gujarat Gas Ltd.,2016-04-01,GUJGASLTD
NIFTY_500,match,2016-04-01,IN,HeidelbergCement India Ltd.,2016-04-01,HEIDELBERG
NIFTY_500,match,2016-04-01,IN,Hindustan Media Vent Ltd.,2016-04-01,HMVL
NIFTY_500,match,2016-04-01,IN,Hitachi Home & Life Solutions (India) Ltd.,2016-04-01,HITACHIHOM
NIFTY_500,match,2016-04-01,IN,HMT Ltd.,2016-04-01,HMT
NIFTY_500,match,2016-04-01,IN,Hotel Leela Venture Ltd.,2016-04-01,HOTELEELA
NIFTY_500,match,2016-04-01,IN,IDFC Ltd.,2016-04-01,IDFC
NIFTY_500,match,2016-04-01,IN,IFB Industries Ltd.,2016-04-01,IFBIND
NIFTY_500,match,2016-04-01,IN,Igarashi Motors India Ltd.,2016-04-01,IGARASHI
NIFTY_500,match,2016-04-01,IN,Indo Count Industries Ltd.,2016-04-01,ICIL
NIFTY_500,match,2016-04-01,IN,Indoco Remedies Ltd.,2016-04-01,INDOCO
NIFTY_500,match,2016-04-01,IN,Intellect Design Arena Ltd.,2016-04-01,INTELLECT
NIFTY_500,match,2016-04-01,IN,International Paper APPM Ltd.,2016-04-01,IPAPPM
NIFTY_500,match,2016-04-01,IN,Jet Airways (India) Ltd.,2016-04-01,JETAIRWAYS
NIFTY_500,match,2016-04-01,IN,Jindal Poly Films Ltd.,2016-04-01,JINDALPOLY
NIFTY_500,match,2016-04-01,IN,JMT Auto Ltd.,2016-04-01,JMTAUTOLTD
NIFTY_500,match,2016-04-01,IN,Kesoram Industries Ltd.,2016-04-01,KESORAMIND
NIFTY_500,match,2016-04-01,IN,Kirloskar Oil Eng Ltd.,2016-04-01,KIRLOSENG
NIFTY_500,match,2016-04-01,IN,Kwality Ltd.,2016-04-01,KWALITY
NIFTY_500,match,2016-04-01,IN,Mahanagar Telephone Nigam Ltd.,2016-04-01,MTNL
NIFTY_500,match,2016-04-01,IN,Mahindra CIE Automotive Ltd.,2016-04-01,MAHINDCIE
NIFTY_500,match,2016-04-01,IN,Manappuram Finance Ltd.,2016-04-01,MANAPPURAM
NIFTY_500,match,2016-04-01,IN,Manpasand Beverages Ltd.,2016-04-01,MANPASAND
NIFTY_500,match,2016-04-01,IN,Minda Corporation Ltd.,2016-04-01,MINDACORP
NIFTY_500,match,2016-04-01,IN,Navkar Corporation Ltd.,2016-04-01,NAVKARCORP
NIFTY_500,match,2016-04-01,IN,PC Jeweller Ltd.,2016-04-01,PCJEWELLER
NIFTY_500,match,2016-04-01,IN,Polaris Consulting & Services Ltd.,2016-04-01,POLARIS
NIFTY_500,match,2016-04-01,IN,Ramco Systems Ltd.,2016-04-01,RAMCOSYS
NIFTY_500,match,2016-04-01,IN,Ramkrishna Forgings Ltd.,2016-04-01,RKFORGE
NIFTY_500,match,2016-04-01,IN,RattanIndia Power Ltd.,2016-04-01,RTNPOWER
NIFTY_500,match,2016-04-01,IN,Relaxo Footwears Ltd.,2016-04-01,RELAXO
NIFTY_500,match,2016-04-01,IN,Sadbhav Infrastructure Project Ltd.,2016-04-01,SADBHIN
NIFTY_500,match,2016-04-01,IN,Sharda Cropchem Ltd.,2016-04-01,SHARDACROP
NIFTY_500,match,2016-04-01,IN,Shilpa Medicare Ltd.,2016-04-01,SHILPAMED
NIFTY_500,match,2016-04-01,IN,SJVN Ltd.,2016-04-01,SJVN
NIFTY_500,match,2016-04-01,IN,SML Isuzu Ltd.,2016-04-01,SMLISUZU
NIFTY_500,match,2016-04-01,IN,Snowman Logistics Ltd.,2016-04-01,SNOWMAN
NIFTY_500,match,2016-04-01,IN,Solar Industries India Ltd.,2016-04-01,SOLARINDS
NIFTY_500,match,2016-04-01,IN,Somany Ceramics Ltd.,2016-04-01,SOMANYCERA
NIFTY_500,match,2016-04-01,IN,State Trading Corporation of India Ltd.,2016-04-01,STCINDIA
NIFTY_500,match,2016-04-01,IN,Styrolution ABS (India) Ltd.,2016-04-01,STYABS
NIFTY_500,match,2016-04-01,IN,Syngene International Ltd.,2016-04-01,SYNGENE
NIFTY_500,match,2016-04-01,IN,Take Solutions Ltd.,2016-04-01,TAKE
NIFTY_500,match,2016-04-01,IN,Tata Motors Ltd DVR,2016-04-01,TATAMTRDVR
NIFTY_500,match,2016-04-01,IN,Tata Teleservices (Maharashtra) Ltd.,2016-04-01,TTML
NIFTY_500,match,2016-04-01,IN,Texmaco Rail & Eng. Ltd.,2016-04-01,TEXRAIL
NIFTY_500,match,2016-04-01,IN,Tide Water Oil (India) Ltd.,2016-04-01,TIDEWATER
NIFTY_500,match,2016-04-01,IN,Timken India Ltd.,2016-04-01,TIMKEN
NIFTY_500,match,2016-04-01,IN,Transport Corporation of India Ltd.,2016-04-01,TCI
NIFTY_500,match,2016-04-01,IN,Triveni Turbine Ltd.,2016-04-01,TRITURBINE
NIFTY_500,match,2016-04-01,IN,TVS Srichakra Ltd.,2016-04-01,TVSSRICHAK
NIFTY_500,match,2016-04-01,IN,V-Guard Industries Ltd.,2016-04-01,VGUARD
NIFTY_500,match,2016-04-01,IN,Wonderla Holidays Ltd.,2016-04-01,WONDERLA
NIFTY_500,match,2016-04-01,IN,Zee Learn Ltd.,2016-04-01,ZEELEARN
NIFTY_500,match,2016-04-29,OUT,Advanta Ltd.,2016-04-29,ADVANTA
NIFTY_500,match,2016-04-29,OUT,Jindal Saw Ltd.,2016-04-29,JINDALSAW
NIFTY_500,match,2016-04-29,OUT,Transport Corporation of India Ltd.,2016-04-29,TCI
NIFTY_500,match,2016-04-29,IN,Gulf Oil Lubricants India Ltd.,2016-04-29,GULFOILLUB
NIFTY_500,match,2016-04-29,IN,S H Kelkar and Company Ltd.,2016-04-29,SHK
NIFTY_500,match,2016-04-29,IN,TV Today Network Ltd.,2016-04-29,TVTODAY
NIFTY_500,match,2016-09-30,OUT,ABG Shipyard Ltd.,2016-09-30,ABGSHIP
NIFTY_500,match,2016-09-30,IN,APL Apollo Tubes Ltd.,2016-09-30,APLAPOLLO
NIFTY_500,match,2016-09-30,OUT,Aarti Drugs Ltd.,2016-09-30,AARTIDRUGS
NIFTY_500,match,2016-09-30,IN,Aditya Birla Nuvo Ltd.,2016-09-30,ABIRLANUVO
NIFTY_500,match,2016-09-30,IN,Alkem Laboratories Ltd.,2016-09-30,ALKEM
NIFTY_500,match,2016-09-30,OUT,Ashiana Housing Ltd.,2016-09-30,ASHIANA
NIFTY_500,match,2016-09-30,IN,Carborundum Universal Ltd.,2016-09-30,CARBORUNIV
NIFTY_500,match,2016-09-30,OUT,Castex Technologies Ltd.,2016-09-30,CASTEXTECH
NIFTY_500,match,2016-09-30,OUT,Clariant Chemicals (India) Ltd.,2016-09-30,CLNINDIA
NIFTY_500,match,2016-09-30,IN,Coffee Day Enterprises Ltd.,2016-09-30,COFFEEDAY
NIFTY_500,match,2016-09-30,IN,Crompton Greaves Ltd.,2016-09-30,CROMPGREAV
NIFTY_500,match,2016-09-30,IN,Dr. Lal Path Labs Ltd.,2016-09-30,LALPATHLAB
NIFTY_500,match,2016-09-30,OUT,Electrosteel Castings Ltd.,2016-09-30,ELECTCAST
NIFTY_500,match,2016-09-30,OUT,Elgi Equipments Ltd.,2016-09-30,ELGIEQUIP
NIFTY_500,match,2016-09-30,IN,Equitas Holdings Ltd.,2016-09-30,EQUITAS
NIFTY_500,match,2016-09-30,OUT,Ess Dee Aluminium Ltd.,2016-09-30,ESSDEE
NIFTY_500,match,2016-09-30,OUT,Financial Technologies (India) Ltd.,2016-09-30,FINANTECH
NIFTY_500,match,2016-09-30,OUT,Global Offshore Services Ltd.,2016-09-30,GLOBOFFS
NIFTY_500,match,2016-09-30,OUT,HMT Ltd.,2016-09-30,HMT
NIFTY_500,match,2016-09-30,OUT,Hotel Leela Venture Ltd.,2016-09-30,HOTELEELA
NIFTY_500,match,2016-09-30,IN,IDFC Bank Ltd.,2016-09-30,IDFCBANK
NIFTY_500,match,2016-09-30,OUT,IFB Industries Ltd.,2016-09-30,IFBIND
NIFTY_500,match,2016-09-30,OUT,INEOS Styrolution India Ltd.,2016-09-30,INEOSSTYRO
NIFTY_500,match,2016-09-30,IN,ITD Cementation India Ltd.,2016-09-30,ITDCEM
NIFTY_500,match,2016-09-30,IN,InterGlobe Aviation Ltd.,2016-09-30,INDIGO
NIFTY_500,match,2016-09-30,IN,KSB Pumps Ltd.,2016-09-30,KSBPUMPS
NIFTY_500,match,2016-09-30,OUT,KSK Energy Ventures Ltd,2016-09-30,KSK
NIFTY_500,match,2016-09-30,OUT,Kirloskar Oil Eng Ltd.,2016-09-30,KIRLOSENG
NIFTY_500,match,2016-09-30,IN,Linde India Ltd.,2016-09-30,LINDEINDIA
NIFTY_500,match,2016-09-30,IN,Max Financial Services Ltd.,2016-09-30,MFSL
NIFTY_500,match,2016-09-30,OUT,Minda Corporation Ltd.,2016-09-30,MINDACORP
NIFTY_500,match,2016-09-30,IN,Narayana Hrudayalaya Ltd.,2016-09-30,NH
NIFTY_500,match,2016-09-30,IN,Navin Fluorine International Ltd.,2016-09-30,NAVINFLUOR
NIFTY_500,match,2016-09-30,IN,Nilkamal Ltd.,2016-09-30,NILKAMAL
NIFTY_500,match,2016-09-30,IN,OCL India Ltd.,2016-09-30,OCL
NIFTY_500,match,2016-09-30,OUT,Parsvnath Developer Ltd.,2016-09-30,PARSVNATH
NIFTY_500,match,2016-09-30,OUT,Ratnamani Metals & Tubes Ltd.,2016-09-30,RATNAMANI
NIFTY_500,match,2016-09-30,IN,Religare Enterprises Ltd.,2016-09-30,RELIGARE
NIFTY_500,match,2016-09-30,OUT,Sadbhav Infrastructure Project Ltd.,2016-09-30,SADBHIN
NIFTY_500,match,2016-09-30,IN,Sequent Scientific Ltd.,2016-09-30,SEQUENT
NIFTY_500,match,2016-09-30,IN,Star Ferro & Cement Ltd.,2016-09-30,SFCL
NIFTY_500,match,2016-09-30,IN,State Bank of Mysore,2016-09-30,MYSOREBANK
NIFTY_500,match,2016-09-30,IN,State Bank of Travancore,2016-09-30,SBT
NIFTY_500,match,2016-09-30,IN,Suprajit Engineering Ltd.,2016-09-30,SUPRAJIT
NIFTY_500,match,2016-09-30,OUT,Tata Teleservices (Maharashtra) Ltd.,2016-09-30,TTML
NIFTY_500,match,2016-09-30,OUT,Tree House Education & Accessories Ltd.,2016-09-30,TREEHOUSE
NIFTY_500,match,2016-09-30,OUT,Tribhovandas Bhimji Zaveri Ltd.,2016-09-30,TBZ
NIFTY_500,match,2016-09-30,OUT,Vaibhav Global Ltd.,2016-09-30,VAIBHAVGBL
NIFTY_500,match,2016-11-15,OUT,Cairn India Ltd.,2016-11-15,CAIRN
NIFTY_500,match,2016-11-15,IN,Crompton Greaves Consumer Electricals Ltd.,2016-11-15,CROMPTON
NIFTY_500,match,2017-01-23,OUT,Dishman Pharmaceuticals & Chemicals Ltd.,2017-01-23,DISHMAN
NIFTY_500,match,2017-01-23,OUT,Max Financial Services Ltd.,2017-01-23,MFSL
NIFTY_500,match,2017-01-23,OUT,OCL India Ltd.,2017-01-23,OCL
NIFTY_500,match,2017-01-23,OUT,Star Ferro & Cement Ltd.,2017-01-23,SFCL
NIFTY_500,match,2017-01-23,IN,Advanced Enzyme Tech Ltd.,2017-01-23,ADVENZYMES
NIFTY_500,match,2017-01-23,IN,Asahi India Glass Ltd.,2017-01-23,ASAHIINDIA
NIFTY_500,match,2017-01-23,IN,RBL Bank Ltd.,2017-01-23,RBLBANK
NIFTY_500,match,2017-01-23,IN,Ujjivan Financial Services Ltd.,2017-01-23,UJJIVAN
NIFTY_500,match,2017-03-16,OUT,State Bank of Bikaner & Jaipur Ltd.,2017-03-16,SBBJ
NIFTY_500,match,2017-03-16,OUT,State Bank of Mysore,2017-03-16,MYSOREBANK
NIFTY_500,match,2017-03-16,OUT,State Bank of Travancore,2017-03-16,SBT
NIFTY_500,match,2017-03-16,IN,Future Retail Ltd.,2017-03-16,FRETAIL
NIFTY_500,match,2017-03-16,IN,Mahanagar Gas Ltd.,2017-03-16,MGL
NIFTY_500,match,2017-03-16,IN,Max India Ltd.,2017-03-16,MAXINDIA
NIFTY_500,match,2017-03-31,OUT,Alok Industries Ltd.,2017-03-31,ALOKTEXT
NIFTY_500,match,2017-03-31,OUT,Bombay Rayon Fashions Ltd.,2017-03-31,BRFL
NIFTY_500,match,2017-03-31,OUT,Brigade Enterprises Ltd.,2017-03-31,BRIGADE
NIFTY_500,match,2017-03-31,OUT,Dynamatic Technologies Ltd.,2017-03-31,DYNAMATECH
NIFTY_500,match,2017-03-31,OUT,Future Lifestyle Fashions Ltd.,2017-03-31,FLFL
NIFTY_500,match,2017-03-31,OUT,Ingersoll Rand (India) Ltd.,2017-03-31,INGERRAND
NIFTY_500,match,2017-03-31,OUT,International Paper APPM Ltd.,2017-03-31,IPAPPM
NIFTY_500,match,2017-03-31,OUT,Jaiprakash Power Ventures Ltd.,2017-03-31,JPPOWER
NIFTY_500,match,2017-03-31,OUT,Jaypee Infratech Ltd.,2017-03-31,JPINFRATEC
NIFTY_500,match,2017-03-31,OUT,JSW Holdings Ltd.,2017-03-31,JSWHL
NIFTY_500,match,2017-03-31,OUT,KSB Pumps Ltd.,2017-03-31,KSBPUMPS
NIFTY_500,match,2017-03-31,OUT,La Opala RG Ltd.,2017-03-31,LAOPALA
NIFTY_500,match,2017-03-31,OUT,Lanco Infratech Ltd.,2017-03-31,LITL
NIFTY_500,match,2017-03-31,OUT,Linde India Ltd.,2017-03-31,LINDEINDIA
NIFTY_500,match,2017-03-31,OUT,Mahindra Lifespace Developers Ltd.,2017-03-31,MAHLIFE
NIFTY_500,match,2017-03-31,OUT,Mayur Uniquoters Ltd.,2017-03-31,MAYURUNIQ
NIFTY_500,match,2017-03-31,OUT,Sequent Scientific Ltd.,2017-03-31,SEQUENT
NIFTY_500,match,2017-03-31,OUT,Shoppers Stop Ltd.,2017-03-31,SHOPERSTOP
NIFTY_500,match,2017-03-31,OUT,Simplex Infrastructures Ltd.,2017-03-31,SIMPLEXINF
NIFTY_500,match,2017-03-31,OUT,Sintex Industries Ltd.,2017-03-31,SINTEX
NIFTY_500,match,2017-03-31,OUT,Siti Networks Ltd.,2017-03-31,SITINET
NIFTY_500,match,2017-03-31,OUT,Suprajit Engineering Ltd.,2017-03-31,SUPRAJIT
NIFTY_500,match,2017-03-31,IN,Dilip Buildcon Ltd.,2017-03-31,DBL
NIFTY_500,match,2017-03-31,IN,Endurance Technologies Ltd.,2017-03-31,ENDURANCE
NIFTY_500,match,2017-03-31,IN,Federal-Mogul Goetze (India) Ltd.,2017-03-31,FMGOETZE
NIFTY_500,match,2017-03-31,IN,GHCL Ltd.,2017-03-31,GHCL
NIFTY_500,match,2017-03-31,IN,Gujarat Alkalies & Chemicals Ltd.,2017-03-31,GUJALKALI
NIFTY_500,match,2017-03-31,IN,Gujarat Narmada Valley Fertilizers and Chemicals Ltd.,2017-03-31,GNFC
NIFTY_500,match,2017-03-31,IN,ICICI Prudential Life Insurance Company Ltd.,2017-03-31,ICICIPRULI
NIFTY_500,match,2017-03-31,IN,KNR Constructions Ltd.,2017-03-31,KNRCON
NIFTY_500,match,2017-03-31,IN,L&T Technology Services Ltd.,2017-03-31,LTTS
NIFTY_500,match,2017-03-31,IN,Larsen & Toubro Infotech Ltd.,2017-03-31,LTI
NIFTY_500,match,2017-03-31,IN,Minda Corporation Ltd.,2017-03-31,MINDACORP
NIFTY_500,match,2017-03-31,IN,Minda Industries Ltd.,2017-03-31,MINDAIND
NIFTY_500,match,2017-03-31,IN,Nava Bharat Ventures Ltd.,2017-03-31,NBVENTURES
NIFTY_500,match,2017-03-31,IN,Navneet Education Ltd.,2017-03-31,NAVNETEDUL
NIFTY_500,match,2017-03-31,IN,Parag Milk Foods Ltd.,2017-03-31,PARAGMILK
NIFTY_500,match,2017-03-31,IN,Quess Corp Ltd.,2017-03-31,QUESS
NIFTY_500,match,2017-03-31,IN,Ratnamani Metals & Tubes Ltd.,2017-03-31,RATNAMANI
NIFTY_500,match,2017-03-31,IN,Shilpi Cable Tech Ltd.,2017-03-31,SHILPI
NIFTY_500,match,2017-03-31,IN,Sterlite Technologies Ltd.,2017-03-31,STRTECH
NIFTY_500,match,2017-03-31,IN,Sudarshan Chemical Industries Ltd.,2017-03-31,SUDARSCHEM
NIFTY_500,match,2017-03-31,IN,Tata Investment Corporation Ltd.,2017-03-31,TATAINVEST
NIFTY_500,match,2017-03-31,IN,Thyrocare Technologies Ltd.,2017-03-31,THYROCARE
NIFTY_500,match,2017-05-26,OUT,Aditya Birla Nuvo Ltd.,2017-05-26,ABIRLANUVO
NIFTY_500,match,2017-05-26,OUT,Grasim Industries Ltd.,2017-05-26,GRASIM
NIFTY_500,match,2017-05-26,OUT,Tube Investments of India Ltd.,2017-05-26,TUBEINVEST
NIFTY_500,match,2017-05-26,IN,Laurus Labs Ltd.,2017-05-26,LAURUSLABS
NIFTY_500,match,2017-05-26,IN,PNB Housing Finance Ltd.,2017-05-26,PNBHOUSING
NIFTY_500,match,2017-05-26,IN,Varun Beverages Ltd.,2017-05-26,VBL
NIFTY_500,match,2017-06-23,OUT,IIFL Holdings Ltd.,2017-06-23,IIFL
NIFTY_500,match,2017-06-23,IN,Sheela Foam Ltd.,2017-06-23,SFL
NIFTY_500,match,2017-09-05,OUT,Reliance Capital Ltd.,2017-09-05,RELCAPITAL
NIFTY_500,match,2017-09-05,IN,Max Financial Services Ltd.,2017-09-05,MFSL
NIFTY_500,match,2017-09-29,OUT,Amtek Auto Ltd.,2017-09-29,AMTEKAUTO
NIFTY_500,match,2017-09-29,OUT,Anant Raj Ltd.,2017-09-29,ANANTRAJ
NIFTY_500,match,2017-09-29,OUT,Asahi India Glass Ltd.,2017-09-29,ASAHIINDIA
NIFTY_500,match,2017-09-29,OUT,FDC Ltd.,2017-09-29,FDC
NIFTY_500,match,2017-09-29,OUT,Federal-Mogul Goetze (India) Ltd.,2017-09-29,FMGOETZE
NIFTY_500,match,2017-09-29,OUT,Grindwell Norton Ltd.,2017-09-29,GRINDWELL
NIFTY_500,match,2017-09-29,OUT,Hindustan Media Vent Ltd.,2017-09-29,HMVL
NIFTY_500,match,2017-09-29,OUT,Honeywell Automation India Ltd.,2017-09-29,HONAUT
NIFTY_500,match,2017-09-29,OUT,JMT Auto Ltd.,2017-09-29,JMTAUTOLTD
NIFTY_500,match,2017-09-29,OUT,KNR Constructions Ltd.,2017-09-29,KNRCON
NIFTY_500,match,2017-09-29,OUT,Nitin Fire Protection Industries Ltd.,2017-09-29,NITINFIRE
NIFTY_500,match,2017-09-29,OUT,Orissa Min Dev Co Ltd.,2017-09-29,ORISSAMINE
NIFTY_500,match,2017-09-29,OUT,Punj Lloyd Ltd.,2017-09-29,PUNJLLOYD
NIFTY_500,match,2017-09-29,OUT,Ratnamani Metals & Tubes Ltd.,2017-09-29,RATNAMANI
NIFTY_500,match,2017-09-29,OUT,Relaxo Footwears Ltd.,2017-09-29,RELAXO
NIFTY_500,match,2017-09-29,OUT,Reliance Industrial Infrastructure Ltd.,2017-09-29,RIIL
NIFTY_500,match,2017-09-29,OUT,Rolta India Ltd.,2017-09-29,ROLTA
NIFTY_500,match,2017-09-29,OUT,Ruchi Soya Industries Ltd.,2017-09-29,RUCHISOYA
NIFTY_500,match,2017-09-29,OUT,State Trading Corporation of India Ltd.,2017-09-29,STCINDIA
NIFTY_500,match,2017-09-29,OUT,Tide Water Oil (India) Ltd.,2017-09-29,TIDEWATER
NIFTY_500,match,2017-09-29,OUT,Triveni Turbine Ltd.,2017-09-29,TRITURBINE
NIFTY_500,match,2017-09-29,OUT,VST Industries Ltd.,2017-09-29,VSTIND
NIFTY_500,match,2017-09-29,OUT,Wonderla Holidays Ltd.,2017-09-29,WONDERLA
NIFTY_500,match,2017-09-29,OUT,Zydus Wellness Ltd.,2017-09-29,ZYDUSWELL
NIFTY_500,match,2017-09-29,IN,Avenue Supermarts Ltd.,2017-09-29,DMART
NIFTY_500,match,2017-09-29,IN,Bombay Rayon Fashions Ltd.,2017-09-29,BRFL
NIFTY_500,match,2017-09-29,IN,Brigade Enterprises Ltd.,2017-09-29,BRIGADE
NIFTY_500,match,2017-09-29,IN,BSE Ltd.,2017-09-29,BSE
NIFTY_500,match,2017-09-29,IN,Future Lifestyle Fashions Ltd.,2017-09-29,FLFL
NIFTY_500,match,2017-09-29,IN,Heritage Foods Ltd.,2017-09-29,HERITGFOOD
NIFTY_500,match,2017-09-29,IN,IFB Industries Ltd.,2017-09-29,IFBIND
NIFTY_500,match,2017-09-29,IN,India Tourism Development Corporation Ltd.,2017-09-29,ITDC
NIFTY_500,match,2017-09-29,IN,Indiabulls Ventures Ltd.,2017-09-29,IBVENTURES
NIFTY_500,match,2017-09-29,IN,Ingersoll Rand (India) Ltd.,2017-09-29,INGERRAND
NIFTY_500,match,2017-09-29,IN,ITI Ltd.,2017-09-29,ITI
NIFTY_500,match,2017-09-29,IN,Jaiprakash Power Ventures Ltd.,2017-09-29,JPPOWER
NIFTY_500,match,2017-09-29,IN,Jindal Saw Ltd.,2017-09-29,JINDALSAW
NIFTY_500,match,2017-09-29,IN,Jindal Stainless (Hisar) Ltd.,2017-09-29,JSLHISAR
NIFTY_500,match,2017-09-29,IN,Jindal Stainless Ltd.,2017-09-29,JSL
NIFTY_500,match,2017-09-29,IN,Linde India Ltd.,2017-09-29,LINDEINDIA
NIFTY_500,match,2017-09-29,IN,National Fertilizers Ltd.,2017-09-29,NFL
NIFTY_500,match,2017-09-29,IN,Rupa & Company Ltd.,2017-09-29,RUPA
NIFTY_500,match,2017-09-29,IN,Shoppers Stop Ltd.,2017-09-29,SHOPERSTOP
NIFTY_500,match,2017-09-29,IN,Suprajit Engineering Ltd.,2017-09-29,SUPRAJIT
NIFTY_500,match,2017-09-29,IN,Supreme Petrochem Ltd.,2017-09-29,SUPPETRO
NIFTY_500,match,2017-09-29,IN,Time Technoplast Ltd.,2017-09-29,TIMETECHNO
NIFTY_500,match,2017-09-29,IN,United Bank of India,2017-09-29,UNITEDBNK
NIFTY_500,match,2017-09-29,IN,Vesuvius India Ltd.,2017-09-29,VESUVIUS
NIFTY_500,match,2017-10-30,OUT,Future Retail Ltd.,2017-10-30,FRETAIL
NIFTY_500,match,2017-10-30,IN,Housing & Urban Development Corporation Ltd.,2017-10-30,HUDCO
NIFTY_500,match,2017-11-13,OUT,Shilpi Cable Tech Ltd.,2017-11-13,SHILPI
NIFTY_500,match,2017-11-13,OUT,Sundaram Finance Ltd.,2017-11-13,SUNDARMFIN
NIFTY_500,match,2017-11-13,IN,AU Small Finance Bank Ltd.,2017-11-13,AUBANK
NIFTY_500,match,2017-11-13,IN,Relaxo Footwears Ltd.,2017-11-13,RELAXO
NIFTY_500,match,2017-11-20,OUT,Gayatri Projects Ltd.,2017-11-20,GAYAPROJ
NIFTY_500,match,2017-11-20,IN,Star Cement Ltd.,2017-11-20,STARCEMENT
NIFTY_500,match,2018-02-05,OUT,CESC Ltd.,2018-02-05,CESC
NIFTY_500,match,2018-02-05,OUT,Fortis Healthcare Ltd.,2018-02-05,FORTIS
NIFTY_500,match,2018-02-05,OUT,Polaris Consulting & Services Ltd.,2018-02-05,POLARIS
NIFTY_500,match,2018-02-05,IN,Cochin Shipyard Ltd.,2018-02-05,COCHINSHIP
NIFTY_500,match,2018-02-05,IN,Hatsun Agro Product Ltd.,2018-02-05,HATSUN
NIFTY_500,match,2018-02-05,IN,Reliance Capital Ltd.,2018-02-05,RELCAPITAL
NIFTY_500,match,2018-02-05,IN,TI Financial Holdings Ltd.,2018-02-05,TIFIN
NIFTY_500,match,2018-03-13,OUT,Videocon Industries Ltd.,2018-03-13,VIDEOIND
NIFTY_500,match,2018-03-13,IN,Eris Lifesciences Ltd.,2018-03-13,ERIS
NIFTY_500,match,2018-04-02,OUT,Adani Enterprises Ltd.,2018-04-02,ADANIENT
NIFTY_500,match,2018-04-02,OUT,Ahluwalia Contracts (India) Ltd.,2018-04-02,AHLUCONT
NIFTY_500,match,2018-04-02,OUT,Apar Industries Ltd.,2018-04-02,APARINDS
NIFTY_500,match,2018-04-02,OUT,AstraZenca Pharma India Ltd.,2018-04-02,ASTRAZEN
NIFTY_500,match,2018-04-02,OUT,Corporation Bank,2018-04-02,CORPBANK
NIFTY_500,match,2018-04-02,OUT,Dalmia Bharat Ltd.,2018-04-02,DALMIABHA
NIFTY_500,match,2018-04-02,OUT,Dhanuka Agritech Ltd.,2018-04-02,DHANUKA
NIFTY_500,match,2018-04-02,OUT,Essel Propack Ltd.,2018-04-02,ESSELPACK
NIFTY_500,match,2018-04-02,OUT,ICRA Ltd.,2018-04-02,ICRA
NIFTY_500,match,2018-04-02,OUT,Igarashi Motors India Ltd.,2018-04-02,IGARASHI
NIFTY_500,match,2018-04-02,OUT,Ingersoll Rand (India) Ltd.,2018-04-02,INGERRAND
NIFTY_500,match,2018-04-02,OUT,Linde India Ltd.,2018-04-02,LINDEINDIA
NIFTY_500,match,2018-04-02,OUT,Monsanto India Ltd.,2018-04-02,MONSANTO
NIFTY_500,match,2018-04-02,OUT,Navneet Education Ltd.,2018-04-02,NAVNETEDUL
NIFTY_500,match,2018-04-02,OUT,Schneider Electric Infrastructure Ltd.,2018-04-02,SCHNEIDER
NIFTY_500,match,2018-04-02,OUT,Sharda Cropchem Ltd.,2018-04-02,SHARDACROP
NIFTY_500,match,2018-04-02,OUT,Shilpa Medicare Ltd.,2018-04-02,SHILPAMED
NIFTY_500,match,2018-04-02,OUT,Snowman Logistics Ltd.,2018-04-02,SNOWMAN
NIFTY_500,match,2018-04-02,OUT,Somany Ceramics Ltd.,2018-04-02,SOMANYCERA
NIFTY_500,match,2018-04-02,OUT,Suprajit Engineering Ltd.,2018-04-02,SUPRAJIT
NIFTY_500,match,2018-04-02,OUT,Supreme Petrochem Ltd.,2018-04-02,SUPPETRO
NIFTY_500,match,2018-04-02,OUT,United Bank of India,2018-04-02,UNITEDBNK
NIFTY_500,match,2018-04-02,OUT,Vesuvius India Ltd.,2018-04-02,VESUVIUS
NIFTY_500,match,2018-04-02,OUT,Zensar Technolgies Ltd.,2018-04-02,ZENSARTECH
NIFTY_500,match,2018-04-02,IN,Aditya Birla Capital Ltd.,2018-04-02,ABCAPITAL
NIFTY_500,match,2018-04-02,IN,Asahi India Glass Ltd.,2018-04-02,ASAHIINDIA
NIFTY_500,match,2018-04-02,IN,Central Depository Services (India) Ltd.,2018-04-02,CDSL
NIFTY_500,match,2018-04-02,IN,Dishman Carbogen Amcis Ltd.,2018-04-02,DCAL
NIFTY_500,match,2018-04-02,IN,Dixon Technologies (India) Ltd.,2018-04-02,DIXON
NIFTY_500,match,2018-04-02,IN,General Insurance Corporation of India,2018-04-02,GICRE
NIFTY_500,match,2018-04-02,IN,Godrej Agrovet Ltd.,2018-04-02,GODREJAGRO
NIFTY_500,match,2018-04-02,IN,Graphite India Ltd.,2018-04-02,GRAPHITE
NIFTY_500,match,2018-04-02,IN,Grasim Industries Ltd.,2018-04-02,GRASIM
NIFTY_500,match,2018-04-02,IN,H.E.G. Ltd.,2018-04-02,HEG
NIFTY_500,match,2018-04-02,IN,Himadri Speciality Chemical Ltd.,2018-04-02,HSCL
NIFTY_500,match,2018-04-02,IN,Honeywell Automation India Ltd.,2018-04-02,HONAUT
NIFTY_500,match,2018-04-02,IN,ICICI Lombard General Insurance Company Ltd.,2018-04-02,ICICIGI
NIFTY_500,match,2018-04-02,IN,IIFL Holdings Ltd.,2018-04-02,IIFL
NIFTY_500,match,2018-04-02,IN,Indian Energy Exchange Ltd.,2018-04-02,IEX
NIFTY_500,match,2018-04-02,IN,KNR Constructions Ltd.,2018-04-02,KNRCON
NIFTY_500,match,2018-04-02,IN,MAS Financial Services Ltd.,2018-04-02,MASFIN
NIFTY_500,match,2018-04-02,IN,NESCO Ltd.,2018-04-02,NESCO
NIFTY_500,match,2018-04-02,IN,Reliance Home Finance Ltd.,2018-04-02,RHFL
NIFTY_500,match,2018-04-02,IN,Sadbhav Infrastructure Project Ltd.,2018-04-02,SADBHIN
NIFTY_500,match,2018-04-02,IN,SBI Life Insurance Company Ltd.,2018-04-02,SBILIFE
NIFTY_500,match,2018-04-02,IN,Shankara Building Products Ltd.,2018-04-02,SHANKARA
NIFTY_500,match,2018-04-02,IN,Sintex Plastics Technology Ltd.,2018-04-02,SPTL
NIFTY_500,match,2018-06-29,OUT,Arvind Ltd.,2018-06-29,ARVIND
NIFTY_500,match,2018-06-29,OUT,Cox & Kings Ltd.,2018-06-29,COX&KINGS
NIFTY_500,match,2018-06-29,OUT,HT Media Ltd.,2018-06-29,HTMEDIA
NIFTY_500,match,2018-06-29,OUT,Tata Communications Ltd.,2018-06-29,TATACOMM
NIFTY_500,match,2018-06-29,IN,Aster DM Healthcare Ltd.,2018-06-29,ASTERDM
NIFTY_500,match,2018-06-29,IN,Future Retail Ltd.,2018-06-29,FRETAIL
NIFTY_500,match,2018-06-29,IN,KIOCL Ltd.,2018-06-29,KIOCL
NIFTY_500,match,2018-06-29,IN,Tube Investments of India Ltd.,2018-06-29,TIINDIA
NIFTY_500,match,2018-08-08,IN,Bharat Dynamics Ltd.,2018-08-08,BDL
NIFTY_500,match,2018-09-28,OUT,Aban Offshore Ltd.,2018-09-28,ABAN
NIFTY_500,match,2018-09-28,OUT,Asahi India Glass Ltd.,2018-09-28,ASAHIINDIA
NIFTY_500,match,2018-09-28,OUT,Bajaj Hindusthan Sugar Ltd.,2018-09-28,BAJAJHIND
NIFTY_500,match,2018-09-28,OUT,Ballarpur Industries Ltd.,2018-09-28,BALLARPUR
NIFTY_500,match,2018-09-28,OUT,BF Utilities Ltd.,2018-09-28,BFUTILITIE
NIFTY_500,match,2018-09-28,OUT,BGR Energy Systems Ltd,2018-09-28,BGRENERGY
NIFTY_500,match,2018-09-28,OUT,Bhushan Steel Ltd.,2018-09-28,BHUSANSTL
NIFTY_500,match,2018-09-28,OUT,Bombay Rayon Fashions Ltd.,2018-09-28,BRFL
NIFTY_500,match,2018-09-28,OUT,D B Realty Ltd.,2018-09-28,DBREALTY
NIFTY_500,match,2018-09-28,OUT,Gati Ltd.,2018-09-28,GATI
NIFTY_500,match,2018-09-28,OUT,Housing Development and Infrastructure Ltd.,2018-09-28,HDIL
NIFTY_500,match,2018-09-28,OUT,JBF Industries Ltd.,2018-09-28,JBFIND
NIFTY_500,match,2018-09-28,OUT,Jindal Poly Films Ltd.,2018-09-28,JINDALPOLY
NIFTY_500,match,2018-09-28,OUT,Kesoram Industries Ltd.,2018-09-28,KESORAMIND
NIFTY_500,match,2018-09-28,OUT,Kitex Garments Ltd.,2018-09-28,KITEX
NIFTY_500,match,2018-09-28,OUT,KPIT Technologies Ltd.,2018-09-28,KPIT
NIFTY_500,match,2018-09-28,OUT,Kwality Ltd.,2018-09-28,KWALITY
NIFTY_500,match,2018-09-28,OUT,Mahanagar Telephone Nigam Ltd.,2018-09-28,MTNL
NIFTY_500,match,2018-09-28,OUT,Marksans Pharma Ltd.,2018-09-28,MARKSANS
NIFTY_500,match,2018-09-28,OUT,Ramco Systems Ltd.,2018-09-28,RAMCOSYS
NIFTY_500,match,2018-09-28,OUT,RattanIndia Power Ltd.,2018-09-28,RTNPOWER
NIFTY_500,match,2018-09-28,OUT,Religare Enterprises Ltd.,2018-09-28,RELIGARE
NIFTY_500,match,2018-09-28,OUT,Sheela Foam Ltd.,2018-09-28,SFL
NIFTY_500,match,2018-09-28,OUT,SML Isuzu Ltd.,2018-09-28,SMLISUZU
NIFTY_500,match,2018-09-28,OUT,Unitech Ltd.,2018-09-28,UNITECH
NIFTY_500,match,2018-09-28,OUT,Zee Learn Ltd.,2018-09-28,ZEELEARN
NIFTY_500,match,2018-09-28,IN,Bandhan Bank Ltd.,2018-09-28,BANDHANBNK
NIFTY_500,match,2018-09-28,IN,Elgi Equipments Ltd.,2018-09-28,ELGIEQUIP
NIFTY_500,match,2018-09-28,IN,Excel Crop Care Ltd.,2018-09-28,EXCELCROP
NIFTY_500,match,2018-09-28,IN,FDC Ltd.,2018-09-28,FDC
NIFTY_500,match,2018-09-28,IN,Galaxy Surfactants Ltd.,2018-09-28,GALAXYSURF
NIFTY_500,match,2018-09-28,IN,Gayatri Projects Ltd.,2018-09-28,GAYAPROJ
NIFTY_500,match,2018-09-28,IN,Grindwell Norton Ltd.,2018-09-28,GRINDWELL
NIFTY_500,match,2018-09-28,IN,HDFC Standard Life Insurance Company Ltd.,2018-09-28,HDFCLIFE
NIFTY_500,match,2018-09-28,IN,Hindustan Aeronautics Ltd.,2018-09-28,HAL
NIFTY_500,match,2018-09-28,IN,ICICI Securities Ltd.,2018-09-28,ISEC
NIFTY_500,match,2018-09-28,IN,Lemon Tree Hotels Ltd.,2018-09-28,LEMONTREE
NIFTY_500,match,2018-09-28,IN,Linde India Ltd.,2018-09-28,LINDEINDIA
NIFTY_500,match,2018-09-28,IN,Lux Industries Ltd.,2018-09-28,LUXIND
NIFTY_500,match,2018-09-28,IN,Mahindra Logistics Ltd.,2018-09-28,MAHLOG
NIFTY_500,match,2018-09-28,IN,Monsanto India Ltd.,2018-09-28,MONSANTO
NIFTY_500,match,2018-09-28,IN,Phillips Carbon Black Ltd.,2018-09-28,PHILIPCARB
NIFTY_500,match,2018-09-28,IN,Reliance Nippon Life Asset Management Ltd.,2018-09-28,RNAM
NIFTY_500,match,2018-09-28,IN,Shilpa Medicare Ltd.,2018-09-28,SHILPAMED
NIFTY_500,match,2018-09-28,IN,Strides Pharma Science Ltd.,2018-09-28,STAR
NIFTY_500,match,2018-09-28,IN,Sundaram Finance Ltd.,2018-09-28,SUNDARMFIN
NIFTY_500,match,2018-09-28,IN,Teamlease Services Ltd.,2018-09-28,TEAMLEASE
NIFTY_500,match,2018-09-28,IN,The New India Assurance Company Ltd.,2018-09-28,NIACL
NIFTY_500,match,2018-09-28,IN,Venky's (India) Ltd.,2018-09-28,VENKEYS
NIFTY_500,match,2018-09-28,IN,V-Mart Retail Ltd.,2018-09-28,VMART
NIFTY_500,match,2018-09-28,IN,Zensar Technolgies Ltd.,2018-09-28,ZENSARTECH
NIFTY_500,match,2018-09-28,IN,Zydus Wellness Ltd.,2018-09-28,ZYDUSWELL
NIFTY_500,match,2018-12-28,OUT,Bharat Financial Inclusion Ltd.,2018-12-28,BHARATFIN
NIFTY_500,match,2018-12-28,OUT,Capital First Ltd.,2018-12-28,CAPF
NIFTY_500,match,2018-12-28,OUT,Century Textile & Industries Ltd.,2018-12-28,CENTURYTEX
NIFTY_500,match,2018-12-28,OUT,HSIL Ltd.,2018-12-28,HSIL
NIFTY_500,match,2018-12-28,OUT,IIFL Holdings Ltd.,2018-12-28,IIFL
NIFTY_500,match,2018-12-28,IN,Adani Green Energy Ltd.,2018-12-28,ADANIGREEN
NIFTY_500,match,2018-12-28,IN,Fortis Healthcare Ltd.,2018-12-28,FORTIS
NIFTY_500,match,2018-12-28,IN,RITES Ltd.,2018-12-28,RITES
NIFTY_500,match,2018-12-28,IN,Sheela Foam Ltd.,2018-12-28,SFL
NIFTY_500,match,2018-12-28,IN,Varroc Engineering Ltd.,2018-12-28,VARROC
NIFTY_500,match,2019-01-28,OUT,Dena Bank,2019-01-28,DENABANK
NIFTY_500,match,2019-01-28,OUT,Vijaya Bank,2019-01-28,VIJAYABANK
NIFTY_500,match,2019-01-28,IN,Corporation Bank,2019-01-28,CORPBANK
NIFTY_500,match,2019-01-28,IN,CreditAccess Grameen Ltd.,2019-01-28,CREDITACC
NIFTY_500,match,2019-03-29,OUT,8K Miles Soft Services Ltd.,2019-03-29,8KMILES
NIFTY_500,match,2019-03-29,OUT,Aarti Industries Ltd.,2019-03-29,AARTIIND
NIFTY_500,match,2019-03-29,OUT,Den Networks Ltd.,2019-03-29,DEN
NIFTY_500,match,2019-03-29,OUT,Dredging Corporation of India Ltd.,2019-03-29,DREDGECORP
NIFTY_500,match,2019-03-29,OUT,Eros Intl Media Ltd.,2019-03-29,EROSMEDIA
NIFTY_500,match,2019-03-29,OUT,Eveready Industries India Ltd.,2019-03-29,EVEREADY
NIFTY_500,match,2019-03-29,OUT,Greenply Industries Ltd.,2019-03-29,GREENPLY
NIFTY_500,match,2019-03-29,OUT,GVK Power & Infrastructures Ltd.,2019-03-29,GVKPIL
NIFTY_500,match,2019-03-29,OUT,HCL Infosystems Ltd.,2019-03-29,HCL-INSYS
NIFTY_500,match,2019-03-29,OUT,Hindustan Construction Co. Ltd.,2019-03-29,HCC
NIFTY_500,match,2019-03-29,OUT,IL&FS Transportation Networks Ltd.,2019-03-29,IL&FSTRANS
NIFTY_500,match,2019-03-29,OUT,Indo Count Industries Ltd.,2019-03-29,ICIL
NIFTY_500,match,2019-03-29,OUT,J.Kumar Infraprojects Ltd.,2019-03-29,JKIL
NIFTY_500,match,2019-03-29,OUT,Jaiprakash Power Ventures Ltd.,2019-03-29,JPPOWER
NIFTY_500,match,2019-03-29,OUT,Johnson Controls - Hitachi Air Conditioning India Ltd.,2019-03-29,JCHAC
NIFTY_500,match,2019-03-29,OUT,Manpasand Beverages Ltd.,2019-03-29,MANPASAND
NIFTY_500,match,2019-03-29,OUT,McLeod Russel India Ltd.,2019-03-29,MCLEODRUSS
NIFTY_500,match,2019-03-29,OUT,Navkar Corporation Ltd.,2019-03-29,NAVKARCORP
NIFTY_500,match,2019-03-29,OUT,PTC India Fin Serv Ltd.,2019-03-29,PFS
NIFTY_500,match,2019-03-29,OUT,Reliance Naval and Engineering Ltd.,2019-03-29,RNAVAL
NIFTY_500,match,2019-03-29,OUT,Sadbhav Infrastructure Project Ltd.,2019-03-29,SADBHIN
NIFTY_500,match,2019-03-29,OUT,Tata Sponge Iron Ltd.,2019-03-29,TATASPONGE
NIFTY_500,match,2019-03-29,OUT,Texmaco Rail & Eng. Ltd.,2019-03-29,TEXRAIL
NIFTY_500,match,2019-03-29,OUT,TVS Srichakra Ltd.,2019-03-29,TVSSRICHAK
NIFTY_500,match,2019-03-29,OUT,Unichem Laboratories Ltd.,2019-03-29,UNICHEMLAB
NIFTY_500,match,2019-03-29,IN,Aavas Financiers Ltd.,2019-03-29,AAVAS
NIFTY_500,match,2019-03-29,IN,AstraZenca Pharma India Ltd.,2019-03-29,ASTRAZEN
NIFTY_500,match,2019-03-29,IN,Bank of Maharashtra.,2019-03-29,MAHABANK
NIFTY_500,match,2019-03-29,IN,CESC Ltd.,2019-03-29,CESC
NIFTY_500,match,2019-03-29,IN,Cox & Kings Ltd.,2019-03-29,COX&KINGS
NIFTY_500,match,2019-03-29,IN,Deepak Nitrite Ltd.,2019-03-29,DEEPAKNTR
NIFTY_500,match,2019-03-29,IN,Essel Propack Ltd.,2019-03-29,ESSELPACK
NIFTY_500,match,2019-03-29,IN,Fine Organic Industries Ltd.,2019-03-29,FINEORG
NIFTY_500,match,2019-03-29,IN,HDFC Asset Management Company Ltd.,2019-03-29,HDFCAMC
NIFTY_500,match,2019-03-29,IN,ICRA Ltd.,2019-03-29,ICRA
NIFTY_500,match,2019-03-29,IN,Indiabulls Integrated Services Ltd.,2019-03-29,IBULISL
NIFTY_500,match,2019-03-29,IN,IndoStar Capital Finance Ltd.,2019-03-29,INDOSTAR
NIFTY_500,match,2019-03-29,IN,IRCON International Ltd.,2019-03-29,IRCON
NIFTY_500,match,2019-03-29,IN,Jamna Auto Industries Ltd.,2019-03-29,JAMNAAUTO
NIFTY_500,match,2019-03-29,IN,JK Paper Ltd.,2019-03-29,JKPAPER
NIFTY_500,match,2019-03-29,IN,KEI Industries Ltd.,2019-03-29,KEI
NIFTY_500,match,2019-03-29,IN,Kirloskar Oil Eng Ltd.,2019-03-29,KIRLOSENG
NIFTY_500,match,2019-03-29,IN,Maharashtra Scooters Ltd.,2019-03-29,MAHSCOOTER
NIFTY_500,match,2019-03-29,IN,Maharashtra Seamless Ltd.,2019-03-29,MAHSEAMLES
NIFTY_500,match,2019-03-29,IN,Orient Electric Ltd.,2019-03-29,ORIENTELEC
NIFTY_500,match,2019-03-29,IN,Sharda Cropchem Ltd.,2019-03-29,SHARDACROP
NIFTY_500,match,2019-03-29,IN,Suprajit Engineering Ltd.,2019-03-29,SUPRAJIT
NIFTY_500,match,2019-03-29,IN,TCNS Clothing Co. Ltd.,2019-03-29,TCNSBRANDS
NIFTY_500,match,2019-03-29,IN,Triveni Turbine Ltd.,2019-03-29,TRITURBINE
NIFTY_500,match,2019-03-29,IN,VST Industries Ltd.,2019-03-29,VSTIND
NIFTY_500,match,2019-04-15,OUT,Excel Crop Care Ltd.,2019-04-15,EXCELCROP
NIFTY_500,match,2019-04-15,IN,Sundaram Clayton Ltd.,2019-04-15,SUNCLAYLTD
NIFTY_500,match,2019-06-28,IN,Chalet Hotels Ltd.,2019-06-28,CHALET
NIFTY_500,match,2019-06-28,IN,Dalmia Bharat Ltd.,2019-06-28,DALBHARAT
NIFTY_500,match,2019-06-28,OUT,Gujarat Fluorochemicals Ltd.,2019-06-28,GUJFLUORO
NIFTY_500,match,2019-06-28,OUT,Monsanto India Ltd.,2019-06-28,MONSANTO
NIFTY_500,match,2019-09-24,OUT,Jet Airways (India) Ltd.,2019-09-24,JETAIRWAYS
NIFTY_500,match,2019-09-24,IN,Vaibhav Global Ltd.,2019-09-24,VAIBHAVGBL
NIFTY_500,match,2019-09-27,OUT,ABB India Ltd.,2019-09-27,ABB
NIFTY_500,match,2019-09-27,IN,Abbott India Ltd.,2019-09-27,ABBOTINDIA
NIFTY_500,match,2019-09-27,IN,Adani Gas Ltd.,2019-09-27,ADANIGAS
NIFTY_500,match,2019-09-27,IN,Amber Enterprises India Ltd.,2019-09-27,AMBER
NIFTY_500,match,2019-09-27,IN,Arvind Fashions Ltd.,2019-09-27,ARVINDFASN
NIFTY_500,match,2019-09-27,IN,Bayer Cropscience Ltd.,2019-09-27,BAYERCROP
NIFTY_500,match,2019-09-27,IN,Birlasoft Ltd.,2019-09-27,BSOFT
NIFTY_500,match,2019-09-27,IN,Capri Global Capital Ltd.,2019-09-27,CGCL
NIFTY_500,match,2019-09-27,OUT,Deepak Fertilisers & Petrochemicals Corp. Ltd.,2019-09-27,DEEPAKFERT
NIFTY_500,match,2019-09-27,IN,Den Networks Ltd.,2019-09-27,DEN
NIFTY_500,match,2019-09-27,IN,Federal-Mogul Goetze (India) Ltd.,2019-09-27,FMGOETZE
NIFTY_500,match,2019-09-27,IN,Garware Technical Fibres Ltd.,2019-09-27,GARFIBRES
NIFTY_500,match,2019-09-27,OUT,Gateway Distriparks Ltd.,2019-09-27,GDL
NIFTY_500,match,2019-09-27,OUT,GlaxoSmithkline Consumer Healthcare Ltd.,2019-09-27,GSKCONS
NIFTY_500,match,2019-09-27,OUT,Gruh Finance Ltd.,2019-09-27,GRUH
NIFTY_500,match,2019-09-27,OUT,Indoco Remedies Ltd.,2019-09-27,INDOCO
NIFTY_500,match,2019-09-27,OUT,Inox Wind Ltd.,2019-09-27,INOXWIND
NIFTY_500,match,2019-09-27,OUT,Jaiprakash Associates Ltd.,2019-09-27,JPASSOCIAT
NIFTY_500,match,2019-09-27,IN,Johnson Controls - Hitachi Air Conditioning India Ltd.,2019-09-27,JCHAC
NIFTY_500,match,2019-09-27,OUT,KIOCL Ltd.,2019-09-27,KIOCL
NIFTY_500,match,2019-09-27,IN,KPIT Technologies Ltd.,2019-09-27,KPITTECH
NIFTY_500,match,2019-09-27,IN,Metropolis Healthcare Ltd.,2019-09-27,METROPOLIS
NIFTY_500,match,2019-09-27,IN,Multi Commodity Exchange of India Ltd.,2019-09-27,MCX
NIFTY_500,match,2019-09-27,IN,Nestle India Ltd.,2019-09-27,NESTLEIND
NIFTY_500,match,2019-09-27,IN,Orient Refractories Ltd.,2019-09-27,ORIENTREF
NIFTY_500,match,2019-09-27,IN,Polycab India Ltd.,2019-09-27,POLYCAB
NIFTY_500,match,2019-09-27,IN,Rail Vikas Nigam Ltd.,2019-09-27,RVNL
NIFTY_500,match,2019-09-27,OUT,Ramkrishna Forgings Ltd.,2019-09-27,RKFORGE
NIFTY_500,match,2019-09-27,IN,Ratnamani Metals & Tubes Ltd.,2019-09-27,RATNAMANI
NIFTY_500,match,2019-09-27,OUT,Reliance Communications Ltd.,2019-09-27,RCOM
NIFTY_500,match,2019-09-27,OUT,Reliance Home Finance Ltd.,2019-09-27,RHFL
NIFTY_500,match,2019-09-27,OUT,Rupa & Company Ltd.,2019-09-27,RUPA
NIFTY_500,match,2019-09-27,OUT,SREI Infrastructure Finance Ltd.,2019-09-27,SREINFRA
NIFTY_500,match,2019-09-27,OUT,Shankara Building Products Ltd.,2019-09-27,SHANKARA
NIFTY_500,match,2019-09-27,OUT,Sharda Cropchem Ltd.,2019-09-27,SHARDACROP
NIFTY_500,match,2019-09-27,OUT,Shipping Corporation of India Ltd.,2019-09-27,SCI
NIFTY_500,match,2019-09-27,OUT,Sintex Plastics Technology Ltd.,2019-09-27,SPTL
NIFTY_500,match,2019-09-27,IN,TCI Express Ltd.,2019-09-27,TCIEXP
NIFTY_500,match,2019-09-27,OUT,Tamil Nadu Newsprint & Papers Ltd.,2019-09-27,TNPL
NIFTY_500,match,2019-09-27,OUT,Tata Coffee Ltd.,2019-09-27,TATACOFFEE
NIFTY_500,match,2019-09-27,IN,Techno Electric & Engineering Company Ltd.,2019-09-27,TECHNOE
NIFTY_500,match,2019-09-27,OUT,Thomas Cook (India) Ltd.,2019-09-27,THOMASCOOK
NIFTY_500,match,2019-09-27,OUT,Triveni Turbine Ltd.,2019-09-27,TRITURBINE
NIFTY_500,match,2019-12-26,IN,Affle (India) Ltd.,2019-12-26,AFFLE
NIFTY_500,match,2019-12-26,OUT,CG Power and Industrial Solutions Ltd.,2019-12-26,CGPOWER
NIFTY_500,match,2019-12-26,OUT,Coffee Day Enterprises Ltd.,2019-12-26,COFFEEDAY
NIFTY_500,match,2019-12-26,OUT,Cox & Kings Ltd.,2019-12-26,COX&KINGS
NIFTY_500,match,2019-12-26,IN,Mishra Dhatu Nigam Ltd.,2019-12-26,MIDHANI
NIFTY_500,match,2019-12-26,IN,Responsive Industries Ltd.,2019-12-26,RESPONIND
NIFTY_500,match,2019-12-27,IN,Aarti Industries Ltd.,2019-12-27,AARTIIND
NIFTY_500,match,2019-12-27,OUT,Allahabad Bank,2019-12-27,ALBK
NIFTY_500,match,2019-12-27,OUT,Andhra Bank,2019-12-27,ANDHRABANK
NIFTY_500,match,2019-12-27,IN,Asahi India Glass Ltd.,2019-12-27,ASAHIINDIA
NIFTY_500,match,2019-12-27,OUT,Corporation Bank,2019-12-27,CORPBANK
NIFTY_500,match,2019-12-27,OUT,Den Networks Ltd.,2019-12-27,DEN
NIFTY_500,match,2019-12-27,OUT,Hathway Cable & Datacom Ltd.,2019-12-27,HATHWAY
NIFTY_500,match,2019-12-27,IN,Indiamart Intermesh Ltd.,2019-12-27,INDIAMART
NIFTY_500,match,2019-12-27,IN,Kennametal India Ltd.,2019-12-27,KENNAMET
NIFTY_500,match,2019-12-27,OUT,Max India Ltd.,2019-12-27,MAXINDIA
NIFTY_500,match,2019-12-27,OUT,Oriental Bank of Commerce,2019-12-27,ORIENTBANK
NIFTY_500,match,2019-12-27,IN,Spandana Sphoorty Financial Ltd.,2019-12-27,SPANDANA
NIFTY_500,match,2019-12-27,IN,Spicejet Ltd.,2019-12-27,SPICEJET
NIFTY_500,match,2019-12-27,OUT,Syndicate Bank,2019-12-27,SYNDIBANK
NIFTY_500,match,2019-12-27,IN,Tasty Bite Eatables Ltd.,2019-12-27,TASTYBITE
NIFTY_500,match,2019-12-27,OUT,Tata Chemicals Ltd.,2019-12-27,TATACHEM
NIFTY_500,match,2019-12-27,IN,Triveni Turbine Ltd.,2019-12-27,TRITURBINE
NIFTY_500,match,2020-01-16,OUT,Suven Life Sciences Ltd.,2020-01-16,SUVEN
NIFTY_500,match,2020-01-16,IN,Tata Steel BSL Ltd.,2020-01-16,TATASTLBSL
NIFTY_500,match,2020-03-19,OUT,Yes Bank Ltd.,2020-03-19,YESBANK
NIFTY_500,match,2020-06-26,IN,Alkyl Amines Chemicals Ltd.,2020-06-26,ALKYLAMINE
NIFTY_500,match,2020-06-26,IN,ABB India Ltd.,2020-06-26,ABB
NIFTY_500,match,2020-06-26,IN,Bharat Rasayan Ltd.,2020-06-26,BHARATRAS
NIFTY_500,match,2020-06-26,OUT,Reliance Infrastructure Ltd.,2020-06-26,RELINFRA
NIFTY_500,match,2020-06-26,IN,Century Textile & Industries Ltd.,2020-06-26,CENTURYTEX
NIFTY_500,match,2020-06-26,OUT,Dewan Housing Finance Corporation Ltd.,2020-06-26,DHFL
NIFTY_500,match,2020-06-26,IN,ESAB India Ltd.,2020-06-26,ESABINDIA
NIFTY_500,match,2020-06-26,OUT,Federal-Mogul Goetze (India) Ltd.,2020-06-26,FMGOETZE
NIFTY_500,match,2020-06-26,IN,Ingersoll Rand (India) Ltd.,2020-06-26,INGERRAND
NIFTY_500,match,2020-06-26,IN,KSB Ltd.,2020-06-26,KSB
NIFTY_500,match,2020-06-26,OUT,Reliance Capital Ltd.,2020-06-26,RELCAPITAL
NIFTY_500,match,2020-06-26,IN,Shipping Corporation of India Ltd.,2020-06-26,SCI
NIFTY_500,match,2020-06-26,IN,Vesuvius India Ltd.,2020-06-26,VESUVIUS
NIFTY_500,match,2020-06-26,IN,Tata Communications Ltd.,2020-06-26,TATACOMM
NIFTY_500,match,2020-06-26,OUT,Lakshmi Vilas Bank Ltd.,2020-06-26,LAKSHVILAS
NIFTY_500,match,2020-06-26,OUT,ITD Cementation India Ltd.,2020-06-26,ITDCEM
NIFTY_500,match,2020-06-26,OUT,Jain Irrigation Systems Ltd.,2020-06-26,JISLJALEQS
NIFTY_500,match,2020-06-26,OUT,Magma Fincorp Ltd.,2020-06-26,MAGMA
NIFTY_500,match,2020-06-26,IN,Indoco Remedies Ltd.,2020-06-26,INDOCO
NIFTY_500,match,2020-06-26,OUT,Network18 Media & Investments Ltd.,2020-06-26,NETWORK18
NIFTY_500,match,2020-06-26,IN,La Opala RG Ltd.,2020-06-26,LAOPALA
NIFTY_500,match,2020-06-26,OUT,Reliance Power Ltd.,2020-06-26,RPOWER
NIFTY_500,match,2020-06-26,OUT,Shilpa Medicare Ltd.,2020-06-26,SHILPAMED
NIFTY_500,match,2020-06-26,IN,Hathway Cable & Datacom Ltd.,2020-06-26,HATHWAY
NIFTY_500,match,2020-06-26,OUT,Va Tech Wabag Ltd.,2020-06-26,WABAG
NIFTY_500,match,2020-06-26,OUT,Responsive Industries Ltd.,2020-06-26,RESPONIND
NIFTY_500,match,2020-06-26,OUT,Kirloskar Oil Eng Ltd.,2020-06-26,KIRLOSENG
NIFTY_500,match,2020-06-26,IN,Dhanuka Agritech Ltd.,2020-06-26,DHANUKA
NIFTY_500,match,2020-06-26,OUT,Indiabulls Integrated Services Ltd.,2020-06-26,IBULISL
NIFTY_500,match,2020-06-26,OUT,Gayatri Projects Ltd.,2020-06-26,GAYAPROJ
NIFTY_500,match,2020-06-26,OUT,Triveni Turbine Ltd.,2020-06-26,TRITURBINE
NIFTY_500,match,2020-06-26,IN,Poly Medicure Ltd.,2020-06-26,POLYMED
NIFTY_500,match,2020-06-26,IN,Schneider Electric Infrastructure Ltd.,2020-06-26,SCHNEIDER
NIFTY_500,match,2020-06-26,OUT,Sundaram Clayton Ltd.,2020-06-26,SUNCLAYLTD
NIFTY_500,match,2020-06-26,OUT,PC Jeweller Ltd.,2020-06-26,PCJEWELLER
NIFTY_500,match,2020-06-26,OUT,Future Lifestyle Fashions Ltd.,2020-06-26,FLFL
NIFTY_500,match,2020-06-26,OUT,S H Kelkar and Company Ltd.,2020-06-26,SHK
NIFTY_500,match,2020-06-26,IN,Sequent Scientific Ltd.,2020-06-26,SEQUENT
NIFTY_500,match,2020-06-26,OUT,Parag Milk Foods Ltd.,2020-06-26,PARAGMILK
NIFTY_500,match,2020-06-26,IN,GMM Pfaudler Ltd.,2020-06-26,GMMPFAUDLR
NIFTY_500,match,2020-06-26,IN,Garden Reach Shipbuilders & Engineers Ltd.,2020-06-26,GRSE
NIFTY_500,match,2020-06-26,OUT,Techno Electric & Engineering Company Ltd.,2020-06-26,TECHNOE
NIFTY_500,match,2020-06-26,OUT,Chalet Hotels Ltd.,2020-06-26,CHALET
NIFTY_500,match,2020-06-26,OUT,Kennametal India Ltd.,2020-06-26,KENNAMET
NIFTY_500,match,2020-06-26,IN,IIFL Wealth Management Ltd.,2020-06-26,IIFLWAM
NIFTY_500,match,2020-06-26,IN,Indian Railway Catering And Tourism Corporation Ltd.,2020-06-26,IRCTC
NIFTY_500,match,2020-06-26,IN,Gujarat Fluorochemicals Ltd.,2020-06-26,FLUOROCHEM
NIFTY_500,match,2020-06-26,IN,CSB Bank Ltd.,2020-06-26,CSBBANK
NIFTY_500,match,2020-06-26,IN,Ujjivan Small Finance Bank Ltd.,2020-06-26,UJJIVANSFB
NIFTY_500,match,2020-06-26,IN,Sumitomo Chemical India Ltd.,2020-06-26,SUMICHEM
NIFTY_500,match,2020-07-31,OUT,Vedanta Ltd.,2020-07-31,VEDL
NIFTY_500,match,2020-07-31,IN,SBI Cards and Payment Services Ltd.,2020-07-31,SBICARD
NIFTY_500,match,2020-09-14,IN,JTEKT India Ltd.,2020-09-14,JTEKTINDIA
NIFTY_500,match,2020-09-14,OUT,Asahi India Glass Ltd.,2020-09-14,ASAHIINDIA
NIFTY_500,match_renamed,2018-08-08,OUT,Techno Elt & Eng Co. Ltd.,2018-08-08,TECHNO
NIFTY_500,match_renamed,2012-04-27,IN,Techno Elt & Eng Co. Ltd.,2012-04-27,TECHNO
NIFTY_500,match_renamed,2014-02-28,IN,Jyothy Laboratories Ltd.,2014-02-28,JYOTHYLAB
NIFTY_500,match_renamed,2011-03-25,OUT,V2 Retail Ltd.,2011-03-25,VISHALRET
NIFTY_500,match_renamed,2020-03-19,IN,Sterling And Wilson Solar Ltd.,2020-03-19,SWSOLAR
NIFTY_500,match_renamed,2016-09-30,OUT,Puravankara Projects Ltd.,2016-09-30,PURVA
NIFTY_500,match_renamed,2018-02-05,OUT,Strides Shasun Ltd.,2018-02-05,STAR
NIFTY_500,match_renamed,2011-12-14,OUT,Alstom T&D India Ltd.,2011-12-14,AREVAT&D
NIFTY_500,match_renamed,2011-10-10,IN,Himachal Fut Com Ltd.,2011-10-10,HFCL
NIFTY_500,match_renamed,2011-02-08,OUT,Himachal Fut Com Ltd.- Old,2011-02-08,HIMACHLFUT
NIFTY_500,match_renamed,2010-09-24,OUT,Dalmia Bharat Sugar and Industries Ltd.,2010-09-24,DALMIACEM
NIFTY_500,match_renamed,2010-04-15,OUT,Kirloskar Industries Ltd.,2010-04-15,KIRLOSOIL
NIFTY_500,only_nse,2010-04-08,IN,JSW Holdings Ltd.,,
NIFTY_500,only_nse,2010-04-15,OUT,Zee Media Corporation Ltd.,,
NIFTY_500,only_nse,2010-09-17,OUT,Future Retail Ltd.,,
NIFTY_500,only_nse,2011-01-20,OUT,Next Mediaworks Ltd.,,
NIFTY_500,only_nse,2011-03-25,IN,Future Retail Ltd.,,
NIFTY_500,only_nse,2011-03-25,IN,Pipavav Defence and Offshore Engineering Company Ltd.,,
NIFTY_500,only_nse,2011-05-18,OUT,Essar Ports Ltd.,,
NIFTY_500,only_nse,2011-11-22,IN,Future Consumer Enterprise Ltd.,,
NIFTY_500,only_nse,2012-04-09,OUT,Zuari Global Ltd.,,
NIFTY_500,only_nse,2012-04-27,OUT,Paper Products Ltd.,,
NIFTY_500,only_nse,2013-04-01,IN,Dr. Datsons Labs Ltd.,,
NIFTY_500,only_nse,2013-06-11,OUT,Future Consumer Enterprise Ltd.,,
NIFTY_500,only_nse,2014-09-19,OUT,Polaris Financial Technology Ltd.,,
NIFTY_500,only_nse,2016-09-30,IN,Infibeam Incorporation Ltd.,,
NIFTY_500,only_nse,2017-09-05,OUT,Reliance Capital Ltd.,,
NIFTY_500,only_nse,2017-09-05,IN,Max Financial Services Ltd.,,
NIFTY_500,only_nse,2018-04-02,IN,Security and Intelligence Services (India) Ltd.,,
NIFTY_500,only_nse,2019-09-27,IN,IIFL Finance Ltd.,,
NIFTY_500,only_nse,2019-12-27,IN,Westlife Development Ltd.,,
NIFTY_500,only_reconstruction,,OUT,Zuari Industries Limited,2012-04-09,ZUARIAGRO
NIFTY_500,only_reconstruction,,OUT,Future Ventures India Limited,2013-06-11,FUTUREVENT
NIFTY_500,only_reconstruction,,IN,Pantaloon Retail (India) Ltd.,2011-03-25,PANTALOONR
NIFTY_500,only_reconstruction,,IN,Pipavav Shipyard Ltd.,2011-03-25,PIPAVAVYD
NIFTY_500,only_reconstruction,,OUT,Zee News Limited,2010-04-15,ZEENEWS
NIFTY_500,only_reconstruction,,OUT,Essar Shipping Ports & Logistics Limited,2011-05-18,ESSARSHIP
NIFTY_500,only_reconstruction,,IN,Infibeam Avenues Ltd.,2016-09-30,INFIBEAM
NIFTY_500,only_reconstruction,,IN,Aanjaneya Lifecare Ltd.,2013-04-01,AANJANEYA
NIFTY_500,only_reconstruction,,OUT,Huhtamaki PPL Ltd.,2012-04-27,PAPERPROD
NIFTY_500,only_reconstruction,,OUT,Pantaloon Retail (India) Ltd.,2010-09-17,PANTALOONR
NIFTY_500,only_reconstruction,,IN,Westlife Foodworld Ltd.,2019-12-27,WESTLIFE
NIFTY_500,only_reconstruction,,IN,IIFL Holdings Ltd.,2019-09-27,IIFL
NIFTY_500,only_reconstruction,,IN,Future Ventures India Limited,2011-11-22,FUTUREVENT
NIFTY_500,only_reconstruction,,OUT,Mid-Day Multimedia Ltd.,2011-01-20,MID-DAY
NIFTY_500,only_reconstruction,,OUT,Polaris Consulting & Services Ltd.,2014-09-19,POLARIS
NIFTY_500,only_reconstruction,,IN,SIS Ltd.,2018-04-02,SIS
NIFTY_500,only_reconstruction,,IN,Jindal SouthWest Hold Ltd.,2010-04-08,JINDALSWHL
